MutationType	variable	value	adjusted_count	type	tumor	region	rloop
total_Indel	DO23508	2	0.281099278080834	rloop_tss	ICGC_Liver	tss	rloop
total_Indel	DO23509	2	0.281099278080834	rloop_tss	ICGC_Liver	tss	rloop
total_Indel	DO23510	1	0.140549639040417	rloop_tss	ICGC_Liver	tss	rloop
total_Indel	DO23512	3	0.421648917121251	rloop_tss	ICGC_Liver	tss	rloop
total_Indel	DO23513	1	0.140549639040417	rloop_tss	ICGC_Liver	tss	rloop
total_Indel	DO23514	0	0	rloop_tss	ICGC_Liver	tss	rloop
total_Indel	DO23515	1	0.140549639040417	rloop_tss	ICGC_Liver	tss	rloop
total_Indel	DO23516	2	0.281099278080834	rloop_tss	ICGC_Liver	tss	rloop
total_Indel	DO23517	0	0	rloop_tss	ICGC_Liver	tss	rloop
total_Indel	DO23518	4	0.562198556161668	rloop_tss	ICGC_Liver	tss	rloop
total_Indel	DO23519	0	0	rloop_tss	ICGC_Liver	tss	rloop
total_Indel	DO23520	1	0.140549639040417	rloop_tss	ICGC_Liver	tss	rloop
total_Indel	DO23521	0	0	rloop_tss	ICGC_Liver	tss	rloop
total_Indel	DO23522	0	0	rloop_tss	ICGC_Liver	tss	rloop
total_Indel	DO23524	0	0	rloop_tss	ICGC_Liver	tss	rloop
total_Indel	DO23525	0	0	rloop_tss	ICGC_Liver	tss	rloop
total_Indel	DO23526	0	0	rloop_tss	ICGC_Liver	tss	rloop
total_Indel	DO23527	1	0.140549639040417	rloop_tss	ICGC_Liver	tss	rloop
total_Indel	DO23528	2	0.281099278080834	rloop_tss	ICGC_Liver	tss	rloop
total_Indel	DO23529	1	0.140549639040417	rloop_tss	ICGC_Liver	tss	rloop
total_Indel	DO23530	1	0.140549639040417	rloop_tss	ICGC_Liver	tss	rloop
total_Indel	DO23532	1	0.140549639040417	rloop_tss	ICGC_Liver	tss	rloop
total_Indel	DO23533	3	0.421648917121251	rloop_tss	ICGC_Liver	tss	rloop
total_Indel	DO23534	0	0	rloop_tss	ICGC_Liver	tss	rloop
total_Indel	DO23535	0	0	rloop_tss	ICGC_Liver	tss	rloop
total_Indel	DO23536	2	0.281099278080834	rloop_tss	ICGC_Liver	tss	rloop
total_Indel	DO23537	0	0	rloop_tss	ICGC_Liver	tss	rloop
total_Indel	DO23538	0	0	rloop_tss	ICGC_Liver	tss	rloop
total_Indel	DO23539	1	0.140549639040417	rloop_tss	ICGC_Liver	tss	rloop
total_Indel	DO23540	1	0.140549639040417	rloop_tss	ICGC_Liver	tss	rloop
total_Indel	DO23541	0	0	rloop_tss	ICGC_Liver	tss	rloop
total_Indel	DO23542	0	0	rloop_tss	ICGC_Liver	tss	rloop
total_Indel	DO23543	12	1.686595668485	rloop_tss	ICGC_Liver	tss	rloop
total_Indel	DO23544	1	0.140549639040417	rloop_tss	ICGC_Liver	tss	rloop
total_Indel	DO23545	1	0.140549639040417	rloop_tss	ICGC_Liver	tss	rloop
total_Indel	DO23546	0	0	rloop_tss	ICGC_Liver	tss	rloop
total_Indel	DO23547	0	0	rloop_tss	ICGC_Liver	tss	rloop
total_Indel	DO23548	0	0	rloop_tss	ICGC_Liver	tss	rloop
total_Indel	DO23549	0	0	rloop_tss	ICGC_Liver	tss	rloop
total_Indel	DO23550	1	0.140549639040417	rloop_tss	ICGC_Liver	tss	rloop
total_Indel	DO23551	1	0.140549639040417	rloop_tss	ICGC_Liver	tss	rloop
total_Indel	DO23552	0	0	rloop_tss	ICGC_Liver	tss	rloop
total_Indel	DO44740	2	0.281099278080834	rloop_tss	ICGC_Liver	tss	rloop
total_Indel	DO44744	3	0.421648917121251	rloop_tss	ICGC_Liver	tss	rloop
total_Indel	DO44806	0	0	rloop_tss	ICGC_Liver	tss	rloop
total_Indel	DO44808	0	0	rloop_tss	ICGC_Liver	tss	rloop
total_Indel	DO44828	0	0	rloop_tss	ICGC_Liver	tss	rloop
total_Indel	DO44832	3	0.421648917121251	rloop_tss	ICGC_Liver	tss	rloop
total_Indel	DO45029	1	0.140549639040417	rloop_tss	ICGC_Liver	tss	rloop
total_Indel	DO45035	0	0	rloop_tss	ICGC_Liver	tss	rloop
total_Indel	DO45037	0	0	rloop_tss	ICGC_Liver	tss	rloop
total_Indel	DO45039	0	0	rloop_tss	ICGC_Liver	tss	rloop
total_Indel	DO45041	23	3.23264169792959	rloop_tss	ICGC_Liver	tss	rloop
total_Indel	DO45043	0	0	rloop_tss	ICGC_Liver	tss	rloop
total_Indel	DO45045	3	0.421648917121251	rloop_tss	ICGC_Liver	tss	rloop
total_Indel	DO45047	0	0	rloop_tss	ICGC_Liver	tss	rloop
total_Indel	DO45049	5	0.702748195202085	rloop_tss	ICGC_Liver	tss	rloop
total_Indel	DO45051	0	0	rloop_tss	ICGC_Liver	tss	rloop
total_Indel	DO45055	0	0	rloop_tss	ICGC_Liver	tss	rloop
total_Indel	DO45057	2	0.281099278080834	rloop_tss	ICGC_Liver	tss	rloop
total_Indel	DO45059	0	0	rloop_tss	ICGC_Liver	tss	rloop
total_Indel	DO45061	0	0	rloop_tss	ICGC_Liver	tss	rloop
total_Indel	DO45064	3	0.421648917121251	rloop_tss	ICGC_Liver	tss	rloop
total_Indel	DO45065	0	0	rloop_tss	ICGC_Liver	tss	rloop
total_Indel	DO45067	0	0	rloop_tss	ICGC_Liver	tss	rloop
total_Indel	DO45069	1	0.140549639040417	rloop_tss	ICGC_Liver	tss	rloop
total_Indel	DO45071	0	0	rloop_tss	ICGC_Liver	tss	rloop
total_Indel	DO45073	0	0	rloop_tss	ICGC_Liver	tss	rloop
total_Indel	DO45075	2	0.281099278080834	rloop_tss	ICGC_Liver	tss	rloop
total_Indel	DO45077	2	0.281099278080834	rloop_tss	ICGC_Liver	tss	rloop
total_Indel	DO45079	1	0.140549639040417	rloop_tss	ICGC_Liver	tss	rloop
total_Indel	DO45081	4	0.562198556161668	rloop_tss	ICGC_Liver	tss	rloop
total_Indel	DO45083	3	0.421648917121251	rloop_tss	ICGC_Liver	tss	rloop
total_Indel	DO45085	1	0.140549639040417	rloop_tss	ICGC_Liver	tss	rloop
total_Indel	DO45087	1	0.140549639040417	rloop_tss	ICGC_Liver	tss	rloop
total_Indel	DO45089	2	0.281099278080834	rloop_tss	ICGC_Liver	tss	rloop
total_Indel	DO45091	0	0	rloop_tss	ICGC_Liver	tss	rloop
total_Indel	DO45092	0	0	rloop_tss	ICGC_Liver	tss	rloop
total_Indel	DO45093	0	0	rloop_tss	ICGC_Liver	tss	rloop
total_Indel	DO45094	1	0.140549639040417	rloop_tss	ICGC_Liver	tss	rloop
total_Indel	DO45095	0	0	rloop_tss	ICGC_Liver	tss	rloop
total_Indel	DO45096	0	0	rloop_tss	ICGC_Liver	tss	rloop
total_Indel	DO45097	1	0.140549639040417	rloop_tss	ICGC_Liver	tss	rloop
total_Indel	DO45099	0	0	rloop_tss	ICGC_Liver	tss	rloop
total_Indel	DO45101	0	0	rloop_tss	ICGC_Liver	tss	rloop
total_Indel	DO45103	0	0	rloop_tss	ICGC_Liver	tss	rloop
total_Indel	DO45105	0	0	rloop_tss	ICGC_Liver	tss	rloop
total_Indel	DO45107	0	0	rloop_tss	ICGC_Liver	tss	rloop
total_Indel	DO45109	0	0	rloop_tss	ICGC_Liver	tss	rloop
total_Indel	DO45111	0	0	rloop_tss	ICGC_Liver	tss	rloop
total_Indel	DO45113	0	0	rloop_tss	ICGC_Liver	tss	rloop
total_Indel	DO45115	0	0	rloop_tss	ICGC_Liver	tss	rloop
total_Indel	DO45117	1	0.140549639040417	rloop_tss	ICGC_Liver	tss	rloop
total_Indel	DO45119	1	0.140549639040417	rloop_tss	ICGC_Liver	tss	rloop
total_Indel	DO45121	0	0	rloop_tss	ICGC_Liver	tss	rloop
total_Indel	DO45123	0	0	rloop_tss	ICGC_Liver	tss	rloop
total_Indel	DO45125	1	0.140549639040417	rloop_tss	ICGC_Liver	tss	rloop
total_Indel	DO45127	3	0.421648917121251	rloop_tss	ICGC_Liver	tss	rloop
total_Indel	DO45129	1	0.140549639040417	rloop_tss	ICGC_Liver	tss	rloop
total_Indel	DO45131	0	0	rloop_tss	ICGC_Liver	tss	rloop
total_Indel	DO45133	2	0.281099278080834	rloop_tss	ICGC_Liver	tss	rloop
total_Indel	DO45135	0	0	rloop_tss	ICGC_Liver	tss	rloop
total_Indel	DO45137	0	0	rloop_tss	ICGC_Liver	tss	rloop
total_Indel	DO45139	2	0.281099278080834	rloop_tss	ICGC_Liver	tss	rloop
total_Indel	DO45141	1	0.140549639040417	rloop_tss	ICGC_Liver	tss	rloop
total_Indel	DO45143	1	0.140549639040417	rloop_tss	ICGC_Liver	tss	rloop
total_Indel	DO45145	0	0	rloop_tss	ICGC_Liver	tss	rloop
total_Indel	DO45147	0	0	rloop_tss	ICGC_Liver	tss	rloop
total_Indel	DO45149	0	0	rloop_tss	ICGC_Liver	tss	rloop
total_Indel	DO45151	2	0.281099278080834	rloop_tss	ICGC_Liver	tss	rloop
total_Indel	DO45153	0	0	rloop_tss	ICGC_Liver	tss	rloop
total_Indel	DO45155	1	0.140549639040417	rloop_tss	ICGC_Liver	tss	rloop
total_Indel	DO45157	0	0	rloop_tss	ICGC_Liver	tss	rloop
total_Indel	DO45159	0	0	rloop_tss	ICGC_Liver	tss	rloop
total_Indel	DO45161	1	0.140549639040417	rloop_tss	ICGC_Liver	tss	rloop
total_Indel	DO45163	3	0.421648917121251	rloop_tss	ICGC_Liver	tss	rloop
total_Indel	DO45165	1	0.140549639040417	rloop_tss	ICGC_Liver	tss	rloop
total_Indel	DO45167	0	0	rloop_tss	ICGC_Liver	tss	rloop
total_Indel	DO45169	1	0.140549639040417	rloop_tss	ICGC_Liver	tss	rloop
total_Indel	DO45171	0	0	rloop_tss	ICGC_Liver	tss	rloop
total_Indel	DO45173	3	0.421648917121251	rloop_tss	ICGC_Liver	tss	rloop
total_Indel	DO45175	2	0.281099278080834	rloop_tss	ICGC_Liver	tss	rloop
total_Indel	DO45177	0	0	rloop_tss	ICGC_Liver	tss	rloop
total_Indel	DO45179	1	0.140549639040417	rloop_tss	ICGC_Liver	tss	rloop
total_Indel	DO45181	2	0.281099278080834	rloop_tss	ICGC_Liver	tss	rloop
total_Indel	DO45183	1	0.140549639040417	rloop_tss	ICGC_Liver	tss	rloop
total_Indel	DO45185	1	0.140549639040417	rloop_tss	ICGC_Liver	tss	rloop
total_Indel	DO45187	0	0	rloop_tss	ICGC_Liver	tss	rloop
total_Indel	DO45189	0	0	rloop_tss	ICGC_Liver	tss	rloop
total_Indel	DO45191	0	0	rloop_tss	ICGC_Liver	tss	rloop
total_Indel	DO45193	2	0.281099278080834	rloop_tss	ICGC_Liver	tss	rloop
total_Indel	DO45197	0	0	rloop_tss	ICGC_Liver	tss	rloop
total_Indel	DO45199	0	0	rloop_tss	ICGC_Liver	tss	rloop
total_Indel	DO45201	2	0.281099278080834	rloop_tss	ICGC_Liver	tss	rloop
total_Indel	DO45203	1	0.140549639040417	rloop_tss	ICGC_Liver	tss	rloop
total_Indel	DO45205	0	0	rloop_tss	ICGC_Liver	tss	rloop
total_Indel	DO45207	3	0.421648917121251	rloop_tss	ICGC_Liver	tss	rloop
total_Indel	DO45209	0	0	rloop_tss	ICGC_Liver	tss	rloop
total_Indel	DO45211	0	0	rloop_tss	ICGC_Liver	tss	rloop
total_Indel	DO45213	0	0	rloop_tss	ICGC_Liver	tss	rloop
total_Indel	DO45215	0	0	rloop_tss	ICGC_Liver	tss	rloop
total_Indel	DO45217	0	0	rloop_tss	ICGC_Liver	tss	rloop
total_Indel	DO45219	0	0	rloop_tss	ICGC_Liver	tss	rloop
total_Indel	DO45221	0	0	rloop_tss	ICGC_Liver	tss	rloop
total_Indel	DO45223	0	0	rloop_tss	ICGC_Liver	tss	rloop
total_Indel	DO45225	2	0.281099278080834	rloop_tss	ICGC_Liver	tss	rloop
total_Indel	DO45227	0	0	rloop_tss	ICGC_Liver	tss	rloop
total_Indel	DO45229	2	0.281099278080834	rloop_tss	ICGC_Liver	tss	rloop
total_Indel	DO45233	0	0	rloop_tss	ICGC_Liver	tss	rloop
total_Indel	DO45235	2	0.281099278080834	rloop_tss	ICGC_Liver	tss	rloop
total_Indel	DO45237	3	0.421648917121251	rloop_tss	ICGC_Liver	tss	rloop
total_Indel	DO45239	0	0	rloop_tss	ICGC_Liver	tss	rloop
total_Indel	DO45241	1	0.140549639040417	rloop_tss	ICGC_Liver	tss	rloop
total_Indel	DO45247	0	0	rloop_tss	ICGC_Liver	tss	rloop
total_Indel	DO45253	3	0.421648917121251	rloop_tss	ICGC_Liver	tss	rloop
total_Indel	DO45255	2	0.281099278080834	rloop_tss	ICGC_Liver	tss	rloop
total_Indel	DO45257	0	0	rloop_tss	ICGC_Liver	tss	rloop
total_Indel	DO45263	0	0	rloop_tss	ICGC_Liver	tss	rloop
total_Indel	DO45265	1	0.140549639040417	rloop_tss	ICGC_Liver	tss	rloop
total_Indel	DO45267	0	0	rloop_tss	ICGC_Liver	tss	rloop
total_Indel	DO45269	1	0.140549639040417	rloop_tss	ICGC_Liver	tss	rloop
total_Indel	DO45273	0	0	rloop_tss	ICGC_Liver	tss	rloop
total_Indel	DO45277	0	0	rloop_tss	ICGC_Liver	tss	rloop
total_Indel	DO45281	0	0	rloop_tss	ICGC_Liver	tss	rloop
total_Indel	DO48672	0	0	rloop_tss	ICGC_Liver	tss	rloop
total_Indel	DO48674	0	0	rloop_tss	ICGC_Liver	tss	rloop
total_Indel	DO48677	2	0.281099278080834	rloop_tss	ICGC_Liver	tss	rloop
total_Indel	DO48679	2	0.281099278080834	rloop_tss	ICGC_Liver	tss	rloop
total_Indel	DO48681	0	0	rloop_tss	ICGC_Liver	tss	rloop
total_Indel	DO48682	34	4.77868772737418	rloop_tss	ICGC_Liver	tss	rloop
total_Indel	DO48684	0	0	rloop_tss	ICGC_Liver	tss	rloop
total_Indel	DO48686	0	0	rloop_tss	ICGC_Liver	tss	rloop
total_Indel	DO48687	0	0	rloop_tss	ICGC_Liver	tss	rloop
total_Indel	DO48689	3	0.421648917121251	rloop_tss	ICGC_Liver	tss	rloop
total_Indel	DO48691	0	0	rloop_tss	ICGC_Liver	tss	rloop
total_Indel	DO48692	0	0	rloop_tss	ICGC_Liver	tss	rloop
total_Indel	DO48693	0	0	rloop_tss	ICGC_Liver	tss	rloop
total_Indel	DO48694	0	0	rloop_tss	ICGC_Liver	tss	rloop
total_Indel	DO48695	1	0.140549639040417	rloop_tss	ICGC_Liver	tss	rloop
total_Indel	DO48697	2	0.281099278080834	rloop_tss	ICGC_Liver	tss	rloop
total_Indel	DO48700	0	0	rloop_tss	ICGC_Liver	tss	rloop
total_Indel	DO48701	0	0	rloop_tss	ICGC_Liver	tss	rloop
total_Indel	DO48703	1	0.140549639040417	rloop_tss	ICGC_Liver	tss	rloop
total_Indel	DO48704	0	0	rloop_tss	ICGC_Liver	tss	rloop
total_Indel	DO48706	0	0	rloop_tss	ICGC_Liver	tss	rloop
total_Indel	DO48709	2	0.281099278080834	rloop_tss	ICGC_Liver	tss	rloop
total_Indel	DO48712	0	0	rloop_tss	ICGC_Liver	tss	rloop
total_Indel	DO48715	0	0	rloop_tss	ICGC_Liver	tss	rloop
total_Indel	DO48716	2	0.281099278080834	rloop_tss	ICGC_Liver	tss	rloop
total_Indel	DO48717	0	0	rloop_tss	ICGC_Liver	tss	rloop
total_Indel	DO48719	10	1.40549639040417	rloop_tss	ICGC_Liver	tss	rloop
total_Indel	DO48720	1	0.140549639040417	rloop_tss	ICGC_Liver	tss	rloop
total_Indel	DO48721	3	0.421648917121251	rloop_tss	ICGC_Liver	tss	rloop
total_Indel	DO48723	0	0	rloop_tss	ICGC_Liver	tss	rloop
total_Indel	DO48725	0	0	rloop_tss	ICGC_Liver	tss	rloop
total_Indel	DO48727	1	0.140549639040417	rloop_tss	ICGC_Liver	tss	rloop
total_Indel	DO48728	0	0	rloop_tss	ICGC_Liver	tss	rloop
total_Indel	DO48730	1	0.140549639040417	rloop_tss	ICGC_Liver	tss	rloop
total_Indel	DO48732	3	0.421648917121251	rloop_tss	ICGC_Liver	tss	rloop
total_Indel	DO48733	0	0	rloop_tss	ICGC_Liver	tss	rloop
total_Indel	DO48736	1	0.140549639040417	rloop_tss	ICGC_Liver	tss	rloop
total_Indel	DO48737	0	0	rloop_tss	ICGC_Liver	tss	rloop
total_Indel	DO48741	1	0.140549639040417	rloop_tss	ICGC_Liver	tss	rloop
total_Indel	DO48742	1	0.140549639040417	rloop_tss	ICGC_Liver	tss	rloop
total_Indel	DO48743	0	0	rloop_tss	ICGC_Liver	tss	rloop
total_Indel	DO48751	2	0.281099278080834	rloop_tss	ICGC_Liver	tss	rloop
total_Indel	DO48753	0	0	rloop_tss	ICGC_Liver	tss	rloop
total_Indel	DO48757	0	0	rloop_tss	ICGC_Liver	tss	rloop
total_Indel	DO48759	0	0	rloop_tss	ICGC_Liver	tss	rloop
total_Indel	DO48760	1	0.140549639040417	rloop_tss	ICGC_Liver	tss	rloop
total_Indel	DO48761	0	0	rloop_tss	ICGC_Liver	tss	rloop
total_Indel	DO50772	2	0.281099278080834	rloop_tss	ICGC_Liver	tss	rloop
total_Indel	DO50774	1	0.140549639040417	rloop_tss	ICGC_Liver	tss	rloop
total_Indel	DO50776	1	0.140549639040417	rloop_tss	ICGC_Liver	tss	rloop
total_Indel	DO50778	0	0	rloop_tss	ICGC_Liver	tss	rloop
total_Indel	DO50780	0	0	rloop_tss	ICGC_Liver	tss	rloop
total_Indel	DO50783	1	0.140549639040417	rloop_tss	ICGC_Liver	tss	rloop
total_Indel	DO50785	0	0	rloop_tss	ICGC_Liver	tss	rloop
total_Indel	DO50787	0	0	rloop_tss	ICGC_Liver	tss	rloop
total_Indel	DO50789	1	0.140549639040417	rloop_tss	ICGC_Liver	tss	rloop
total_Indel	DO50791	0	0	rloop_tss	ICGC_Liver	tss	rloop
total_Indel	DO50793	2	0.281099278080834	rloop_tss	ICGC_Liver	tss	rloop
total_Indel	DO50796	1	0.140549639040417	rloop_tss	ICGC_Liver	tss	rloop
total_Indel	DO50798	6	0.843297834242502	rloop_tss	ICGC_Liver	tss	rloop
total_Indel	DO50799	0	0	rloop_tss	ICGC_Liver	tss	rloop
total_Indel	DO50800	1	0.140549639040417	rloop_tss	ICGC_Liver	tss	rloop
total_Indel	DO50802	0	0	rloop_tss	ICGC_Liver	tss	rloop
total_Indel	DO50803	1	0.140549639040417	rloop_tss	ICGC_Liver	tss	rloop
total_Indel	DO50804	4	0.562198556161668	rloop_tss	ICGC_Liver	tss	rloop
total_Indel	DO50805	2	0.281099278080834	rloop_tss	ICGC_Liver	tss	rloop
total_Indel	DO50806	2	0.281099278080834	rloop_tss	ICGC_Liver	tss	rloop
total_Indel	DO50807	3	0.421648917121251	rloop_tss	ICGC_Liver	tss	rloop
total_Indel	DO50808	0	0	rloop_tss	ICGC_Liver	tss	rloop
total_Indel	DO50809	0	0	rloop_tss	ICGC_Liver	tss	rloop
total_Indel	DO50811	1	0.140549639040417	rloop_tss	ICGC_Liver	tss	rloop
total_Indel	DO50813	2	0.281099278080834	rloop_tss	ICGC_Liver	tss	rloop
total_Indel	DO50814	6	0.843297834242502	rloop_tss	ICGC_Liver	tss	rloop
total_Indel	DO50815	1	0.140549639040417	rloop_tss	ICGC_Liver	tss	rloop
total_Indel	DO50816	0	0	rloop_tss	ICGC_Liver	tss	rloop
total_Indel	DO50817	3	0.421648917121251	rloop_tss	ICGC_Liver	tss	rloop
total_Indel	DO50818	2	0.281099278080834	rloop_tss	ICGC_Liver	tss	rloop
total_Indel	DO50819	0	0	rloop_tss	ICGC_Liver	tss	rloop
total_Indel	DO50820	2	0.281099278080834	rloop_tss	ICGC_Liver	tss	rloop
total_Indel	DO50822	1	0.140549639040417	rloop_tss	ICGC_Liver	tss	rloop
total_Indel	DO50825	4	0.562198556161668	rloop_tss	ICGC_Liver	tss	rloop
total_Indel	DO50827	0	0	rloop_tss	ICGC_Liver	tss	rloop
total_Indel	DO50829	0	0	rloop_tss	ICGC_Liver	tss	rloop
total_Indel	DO50831	1	0.140549639040417	rloop_tss	ICGC_Liver	tss	rloop
total_Indel	DO50832	2	0.281099278080834	rloop_tss	ICGC_Liver	tss	rloop
total_Indel	DO50834	1	0.140549639040417	rloop_tss	ICGC_Liver	tss	rloop
total_Indel	DO50837	0	0	rloop_tss	ICGC_Liver	tss	rloop
total_Indel	DO50839	1	0.140549639040417	rloop_tss	ICGC_Liver	tss	rloop
total_Indel	DO50840	2	0.281099278080834	rloop_tss	ICGC_Liver	tss	rloop
total_Indel	DO50842	3	0.421648917121251	rloop_tss	ICGC_Liver	tss	rloop
total_Indel	DO50844	3	0.421648917121251	rloop_tss	ICGC_Liver	tss	rloop
total_Indel	DO50845	0	0	rloop_tss	ICGC_Liver	tss	rloop
total_Indel	DO50848	0	0	rloop_tss	ICGC_Liver	tss	rloop
total_Indel	DO50850	1	0.140549639040417	rloop_tss	ICGC_Liver	tss	rloop
total_Indel	DO50851	2	0.281099278080834	rloop_tss	ICGC_Liver	tss	rloop
total_Indel	DO50855	1	0.140549639040417	rloop_tss	ICGC_Liver	tss	rloop
total_Indel	DO50857	0	0	rloop_tss	ICGC_Liver	tss	rloop
total_Indel	DO50859	1	0.140549639040417	rloop_tss	ICGC_Liver	tss	rloop
total_long_simple_indel	DO23508	1	0.140549639040417	rloop_tss	ICGC_Liver	tss	rloop
total_long_simple_indel	DO23509	0	0	rloop_tss	ICGC_Liver	tss	rloop
total_long_simple_indel	DO23510	1	0.140549639040417	rloop_tss	ICGC_Liver	tss	rloop
total_long_simple_indel	DO23512	0	0	rloop_tss	ICGC_Liver	tss	rloop
total_long_simple_indel	DO23513	0	0	rloop_tss	ICGC_Liver	tss	rloop
total_long_simple_indel	DO23514	0	0	rloop_tss	ICGC_Liver	tss	rloop
total_long_simple_indel	DO23515	1	0.140549639040417	rloop_tss	ICGC_Liver	tss	rloop
total_long_simple_indel	DO23516	0	0	rloop_tss	ICGC_Liver	tss	rloop
total_long_simple_indel	DO23517	0	0	rloop_tss	ICGC_Liver	tss	rloop
total_long_simple_indel	DO23518	2	0.281099278080834	rloop_tss	ICGC_Liver	tss	rloop
total_long_simple_indel	DO23519	0	0	rloop_tss	ICGC_Liver	tss	rloop
total_long_simple_indel	DO23520	0	0	rloop_tss	ICGC_Liver	tss	rloop
total_long_simple_indel	DO23521	0	0	rloop_tss	ICGC_Liver	tss	rloop
total_long_simple_indel	DO23522	0	0	rloop_tss	ICGC_Liver	tss	rloop
total_long_simple_indel	DO23524	0	0	rloop_tss	ICGC_Liver	tss	rloop
total_long_simple_indel	DO23525	0	0	rloop_tss	ICGC_Liver	tss	rloop
total_long_simple_indel	DO23526	0	0	rloop_tss	ICGC_Liver	tss	rloop
total_long_simple_indel	DO23527	1	0.140549639040417	rloop_tss	ICGC_Liver	tss	rloop
total_long_simple_indel	DO23528	1	0.140549639040417	rloop_tss	ICGC_Liver	tss	rloop
total_long_simple_indel	DO23529	1	0.140549639040417	rloop_tss	ICGC_Liver	tss	rloop
total_long_simple_indel	DO23530	0	0	rloop_tss	ICGC_Liver	tss	rloop
total_long_simple_indel	DO23532	0	0	rloop_tss	ICGC_Liver	tss	rloop
total_long_simple_indel	DO23533	1	0.140549639040417	rloop_tss	ICGC_Liver	tss	rloop
total_long_simple_indel	DO23534	0	0	rloop_tss	ICGC_Liver	tss	rloop
total_long_simple_indel	DO23535	0	0	rloop_tss	ICGC_Liver	tss	rloop
total_long_simple_indel	DO23536	1	0.140549639040417	rloop_tss	ICGC_Liver	tss	rloop
total_long_simple_indel	DO23537	0	0	rloop_tss	ICGC_Liver	tss	rloop
total_long_simple_indel	DO23538	0	0	rloop_tss	ICGC_Liver	tss	rloop
total_long_simple_indel	DO23539	1	0.140549639040417	rloop_tss	ICGC_Liver	tss	rloop
total_long_simple_indel	DO23540	0	0	rloop_tss	ICGC_Liver	tss	rloop
total_long_simple_indel	DO23541	0	0	rloop_tss	ICGC_Liver	tss	rloop
total_long_simple_indel	DO23542	0	0	rloop_tss	ICGC_Liver	tss	rloop
total_long_simple_indel	DO23543	7	0.983847473282919	rloop_tss	ICGC_Liver	tss	rloop
total_long_simple_indel	DO23544	0	0	rloop_tss	ICGC_Liver	tss	rloop
total_long_simple_indel	DO23545	0	0	rloop_tss	ICGC_Liver	tss	rloop
total_long_simple_indel	DO23546	0	0	rloop_tss	ICGC_Liver	tss	rloop
total_long_simple_indel	DO23547	0	0	rloop_tss	ICGC_Liver	tss	rloop
total_long_simple_indel	DO23548	0	0	rloop_tss	ICGC_Liver	tss	rloop
total_long_simple_indel	DO23549	0	0	rloop_tss	ICGC_Liver	tss	rloop
total_long_simple_indel	DO23550	0	0	rloop_tss	ICGC_Liver	tss	rloop
total_long_simple_indel	DO23551	0	0	rloop_tss	ICGC_Liver	tss	rloop
total_long_simple_indel	DO23552	0	0	rloop_tss	ICGC_Liver	tss	rloop
total_long_simple_indel	DO44740	0	0	rloop_tss	ICGC_Liver	tss	rloop
total_long_simple_indel	DO44744	1	0.140549639040417	rloop_tss	ICGC_Liver	tss	rloop
total_long_simple_indel	DO44806	0	0	rloop_tss	ICGC_Liver	tss	rloop
total_long_simple_indel	DO44808	0	0	rloop_tss	ICGC_Liver	tss	rloop
total_long_simple_indel	DO44828	0	0	rloop_tss	ICGC_Liver	tss	rloop
total_long_simple_indel	DO44832	0	0	rloop_tss	ICGC_Liver	tss	rloop
total_long_simple_indel	DO45029	1	0.140549639040417	rloop_tss	ICGC_Liver	tss	rloop
total_long_simple_indel	DO45035	0	0	rloop_tss	ICGC_Liver	tss	rloop
total_long_simple_indel	DO45037	0	0	rloop_tss	ICGC_Liver	tss	rloop
total_long_simple_indel	DO45039	0	0	rloop_tss	ICGC_Liver	tss	rloop
total_long_simple_indel	DO45041	1	0.140549639040417	rloop_tss	ICGC_Liver	tss	rloop
total_long_simple_indel	DO45043	0	0	rloop_tss	ICGC_Liver	tss	rloop
total_long_simple_indel	DO45045	2	0.281099278080834	rloop_tss	ICGC_Liver	tss	rloop
total_long_simple_indel	DO45047	0	0	rloop_tss	ICGC_Liver	tss	rloop
total_long_simple_indel	DO45049	2	0.281099278080834	rloop_tss	ICGC_Liver	tss	rloop
total_long_simple_indel	DO45051	0	0	rloop_tss	ICGC_Liver	tss	rloop
total_long_simple_indel	DO45055	0	0	rloop_tss	ICGC_Liver	tss	rloop
total_long_simple_indel	DO45057	1	0.140549639040417	rloop_tss	ICGC_Liver	tss	rloop
total_long_simple_indel	DO45059	0	0	rloop_tss	ICGC_Liver	tss	rloop
total_long_simple_indel	DO45061	0	0	rloop_tss	ICGC_Liver	tss	rloop
total_long_simple_indel	DO45064	1	0.140549639040417	rloop_tss	ICGC_Liver	tss	rloop
total_long_simple_indel	DO45065	0	0	rloop_tss	ICGC_Liver	tss	rloop
total_long_simple_indel	DO45067	0	0	rloop_tss	ICGC_Liver	tss	rloop
total_long_simple_indel	DO45069	0	0	rloop_tss	ICGC_Liver	tss	rloop
total_long_simple_indel	DO45071	0	0	rloop_tss	ICGC_Liver	tss	rloop
total_long_simple_indel	DO45073	0	0	rloop_tss	ICGC_Liver	tss	rloop
total_long_simple_indel	DO45075	1	0.140549639040417	rloop_tss	ICGC_Liver	tss	rloop
total_long_simple_indel	DO45077	1	0.140549639040417	rloop_tss	ICGC_Liver	tss	rloop
total_long_simple_indel	DO45079	0	0	rloop_tss	ICGC_Liver	tss	rloop
total_long_simple_indel	DO45081	2	0.281099278080834	rloop_tss	ICGC_Liver	tss	rloop
total_long_simple_indel	DO45083	1	0.140549639040417	rloop_tss	ICGC_Liver	tss	rloop
total_long_simple_indel	DO45085	0	0	rloop_tss	ICGC_Liver	tss	rloop
total_long_simple_indel	DO45087	0	0	rloop_tss	ICGC_Liver	tss	rloop
total_long_simple_indel	DO45089	1	0.140549639040417	rloop_tss	ICGC_Liver	tss	rloop
total_long_simple_indel	DO45091	0	0	rloop_tss	ICGC_Liver	tss	rloop
total_long_simple_indel	DO45092	0	0	rloop_tss	ICGC_Liver	tss	rloop
total_long_simple_indel	DO45093	0	0	rloop_tss	ICGC_Liver	tss	rloop
total_long_simple_indel	DO45094	0	0	rloop_tss	ICGC_Liver	tss	rloop
total_long_simple_indel	DO45095	0	0	rloop_tss	ICGC_Liver	tss	rloop
total_long_simple_indel	DO45096	0	0	rloop_tss	ICGC_Liver	tss	rloop
total_long_simple_indel	DO45097	0	0	rloop_tss	ICGC_Liver	tss	rloop
total_long_simple_indel	DO45099	0	0	rloop_tss	ICGC_Liver	tss	rloop
total_long_simple_indel	DO45101	0	0	rloop_tss	ICGC_Liver	tss	rloop
total_long_simple_indel	DO45103	0	0	rloop_tss	ICGC_Liver	tss	rloop
total_long_simple_indel	DO45105	0	0	rloop_tss	ICGC_Liver	tss	rloop
total_long_simple_indel	DO45107	0	0	rloop_tss	ICGC_Liver	tss	rloop
total_long_simple_indel	DO45109	0	0	rloop_tss	ICGC_Liver	tss	rloop
total_long_simple_indel	DO45111	0	0	rloop_tss	ICGC_Liver	tss	rloop
total_long_simple_indel	DO45113	0	0	rloop_tss	ICGC_Liver	tss	rloop
total_long_simple_indel	DO45115	0	0	rloop_tss	ICGC_Liver	tss	rloop
total_long_simple_indel	DO45117	0	0	rloop_tss	ICGC_Liver	tss	rloop
total_long_simple_indel	DO45119	0	0	rloop_tss	ICGC_Liver	tss	rloop
total_long_simple_indel	DO45121	0	0	rloop_tss	ICGC_Liver	tss	rloop
total_long_simple_indel	DO45123	0	0	rloop_tss	ICGC_Liver	tss	rloop
total_long_simple_indel	DO45125	0	0	rloop_tss	ICGC_Liver	tss	rloop
total_long_simple_indel	DO45127	1	0.140549639040417	rloop_tss	ICGC_Liver	tss	rloop
total_long_simple_indel	DO45129	0	0	rloop_tss	ICGC_Liver	tss	rloop
total_long_simple_indel	DO45131	0	0	rloop_tss	ICGC_Liver	tss	rloop
total_long_simple_indel	DO45133	1	0.140549639040417	rloop_tss	ICGC_Liver	tss	rloop
total_long_simple_indel	DO45135	0	0	rloop_tss	ICGC_Liver	tss	rloop
total_long_simple_indel	DO45137	0	0	rloop_tss	ICGC_Liver	tss	rloop
total_long_simple_indel	DO45139	1	0.140549639040417	rloop_tss	ICGC_Liver	tss	rloop
total_long_simple_indel	DO45141	0	0	rloop_tss	ICGC_Liver	tss	rloop
total_long_simple_indel	DO45143	0	0	rloop_tss	ICGC_Liver	tss	rloop
total_long_simple_indel	DO45145	0	0	rloop_tss	ICGC_Liver	tss	rloop
total_long_simple_indel	DO45147	0	0	rloop_tss	ICGC_Liver	tss	rloop
total_long_simple_indel	DO45149	0	0	rloop_tss	ICGC_Liver	tss	rloop
total_long_simple_indel	DO45151	1	0.140549639040417	rloop_tss	ICGC_Liver	tss	rloop
total_long_simple_indel	DO45153	0	0	rloop_tss	ICGC_Liver	tss	rloop
total_long_simple_indel	DO45155	0	0	rloop_tss	ICGC_Liver	tss	rloop
total_long_simple_indel	DO45157	0	0	rloop_tss	ICGC_Liver	tss	rloop
total_long_simple_indel	DO45159	0	0	rloop_tss	ICGC_Liver	tss	rloop
total_long_simple_indel	DO45161	0	0	rloop_tss	ICGC_Liver	tss	rloop
total_long_simple_indel	DO45163	1	0.140549639040417	rloop_tss	ICGC_Liver	tss	rloop
total_long_simple_indel	DO45165	0	0	rloop_tss	ICGC_Liver	tss	rloop
total_long_simple_indel	DO45167	0	0	rloop_tss	ICGC_Liver	tss	rloop
total_long_simple_indel	DO45169	0	0	rloop_tss	ICGC_Liver	tss	rloop
total_long_simple_indel	DO45171	0	0	rloop_tss	ICGC_Liver	tss	rloop
total_long_simple_indel	DO45173	0	0	rloop_tss	ICGC_Liver	tss	rloop
total_long_simple_indel	DO45175	0	0	rloop_tss	ICGC_Liver	tss	rloop
total_long_simple_indel	DO45177	0	0	rloop_tss	ICGC_Liver	tss	rloop
total_long_simple_indel	DO45179	0	0	rloop_tss	ICGC_Liver	tss	rloop
total_long_simple_indel	DO45181	1	0.140549639040417	rloop_tss	ICGC_Liver	tss	rloop
total_long_simple_indel	DO45183	0	0	rloop_tss	ICGC_Liver	tss	rloop
total_long_simple_indel	DO45185	1	0.140549639040417	rloop_tss	ICGC_Liver	tss	rloop
total_long_simple_indel	DO45187	0	0	rloop_tss	ICGC_Liver	tss	rloop
total_long_simple_indel	DO45189	0	0	rloop_tss	ICGC_Liver	tss	rloop
total_long_simple_indel	DO45191	0	0	rloop_tss	ICGC_Liver	tss	rloop
total_long_simple_indel	DO45193	0	0	rloop_tss	ICGC_Liver	tss	rloop
total_long_simple_indel	DO45197	0	0	rloop_tss	ICGC_Liver	tss	rloop
total_long_simple_indel	DO45199	0	0	rloop_tss	ICGC_Liver	tss	rloop
total_long_simple_indel	DO45201	0	0	rloop_tss	ICGC_Liver	tss	rloop
total_long_simple_indel	DO45203	0	0	rloop_tss	ICGC_Liver	tss	rloop
total_long_simple_indel	DO45205	0	0	rloop_tss	ICGC_Liver	tss	rloop
total_long_simple_indel	DO45207	2	0.281099278080834	rloop_tss	ICGC_Liver	tss	rloop
total_long_simple_indel	DO45209	0	0	rloop_tss	ICGC_Liver	tss	rloop
total_long_simple_indel	DO45211	0	0	rloop_tss	ICGC_Liver	tss	rloop
total_long_simple_indel	DO45213	0	0	rloop_tss	ICGC_Liver	tss	rloop
total_long_simple_indel	DO45215	0	0	rloop_tss	ICGC_Liver	tss	rloop
total_long_simple_indel	DO45217	0	0	rloop_tss	ICGC_Liver	tss	rloop
total_long_simple_indel	DO45219	0	0	rloop_tss	ICGC_Liver	tss	rloop
total_long_simple_indel	DO45221	0	0	rloop_tss	ICGC_Liver	tss	rloop
total_long_simple_indel	DO45223	0	0	rloop_tss	ICGC_Liver	tss	rloop
total_long_simple_indel	DO45225	0	0	rloop_tss	ICGC_Liver	tss	rloop
total_long_simple_indel	DO45227	0	0	rloop_tss	ICGC_Liver	tss	rloop
total_long_simple_indel	DO45229	0	0	rloop_tss	ICGC_Liver	tss	rloop
total_long_simple_indel	DO45233	0	0	rloop_tss	ICGC_Liver	tss	rloop
total_long_simple_indel	DO45235	1	0.140549639040417	rloop_tss	ICGC_Liver	tss	rloop
total_long_simple_indel	DO45237	1	0.140549639040417	rloop_tss	ICGC_Liver	tss	rloop
total_long_simple_indel	DO45239	0	0	rloop_tss	ICGC_Liver	tss	rloop
total_long_simple_indel	DO45241	0	0	rloop_tss	ICGC_Liver	tss	rloop
total_long_simple_indel	DO45247	0	0	rloop_tss	ICGC_Liver	tss	rloop
total_long_simple_indel	DO45253	2	0.281099278080834	rloop_tss	ICGC_Liver	tss	rloop
total_long_simple_indel	DO45255	1	0.140549639040417	rloop_tss	ICGC_Liver	tss	rloop
total_long_simple_indel	DO45257	0	0	rloop_tss	ICGC_Liver	tss	rloop
total_long_simple_indel	DO45263	0	0	rloop_tss	ICGC_Liver	tss	rloop
total_long_simple_indel	DO45265	1	0.140549639040417	rloop_tss	ICGC_Liver	tss	rloop
total_long_simple_indel	DO45267	0	0	rloop_tss	ICGC_Liver	tss	rloop
total_long_simple_indel	DO45269	0	0	rloop_tss	ICGC_Liver	tss	rloop
total_long_simple_indel	DO45273	0	0	rloop_tss	ICGC_Liver	tss	rloop
total_long_simple_indel	DO45277	0	0	rloop_tss	ICGC_Liver	tss	rloop
total_long_simple_indel	DO45281	0	0	rloop_tss	ICGC_Liver	tss	rloop
total_long_simple_indel	DO48672	0	0	rloop_tss	ICGC_Liver	tss	rloop
total_long_simple_indel	DO48674	0	0	rloop_tss	ICGC_Liver	tss	rloop
total_long_simple_indel	DO48677	0	0	rloop_tss	ICGC_Liver	tss	rloop
total_long_simple_indel	DO48679	1	0.140549639040417	rloop_tss	ICGC_Liver	tss	rloop
total_long_simple_indel	DO48681	0	0	rloop_tss	ICGC_Liver	tss	rloop
total_long_simple_indel	DO48682	2	0.281099278080834	rloop_tss	ICGC_Liver	tss	rloop
total_long_simple_indel	DO48684	0	0	rloop_tss	ICGC_Liver	tss	rloop
total_long_simple_indel	DO48686	0	0	rloop_tss	ICGC_Liver	tss	rloop
total_long_simple_indel	DO48687	0	0	rloop_tss	ICGC_Liver	tss	rloop
total_long_simple_indel	DO48689	0	0	rloop_tss	ICGC_Liver	tss	rloop
total_long_simple_indel	DO48691	0	0	rloop_tss	ICGC_Liver	tss	rloop
total_long_simple_indel	DO48692	0	0	rloop_tss	ICGC_Liver	tss	rloop
total_long_simple_indel	DO48693	0	0	rloop_tss	ICGC_Liver	tss	rloop
total_long_simple_indel	DO48694	0	0	rloop_tss	ICGC_Liver	tss	rloop
total_long_simple_indel	DO48695	0	0	rloop_tss	ICGC_Liver	tss	rloop
total_long_simple_indel	DO48697	0	0	rloop_tss	ICGC_Liver	tss	rloop
total_long_simple_indel	DO48700	0	0	rloop_tss	ICGC_Liver	tss	rloop
total_long_simple_indel	DO48701	0	0	rloop_tss	ICGC_Liver	tss	rloop
total_long_simple_indel	DO48703	0	0	rloop_tss	ICGC_Liver	tss	rloop
total_long_simple_indel	DO48704	0	0	rloop_tss	ICGC_Liver	tss	rloop
total_long_simple_indel	DO48706	0	0	rloop_tss	ICGC_Liver	tss	rloop
total_long_simple_indel	DO48709	1	0.140549639040417	rloop_tss	ICGC_Liver	tss	rloop
total_long_simple_indel	DO48712	0	0	rloop_tss	ICGC_Liver	tss	rloop
total_long_simple_indel	DO48715	0	0	rloop_tss	ICGC_Liver	tss	rloop
total_long_simple_indel	DO48716	0	0	rloop_tss	ICGC_Liver	tss	rloop
total_long_simple_indel	DO48717	0	0	rloop_tss	ICGC_Liver	tss	rloop
total_long_simple_indel	DO48719	8	1.12439711232334	rloop_tss	ICGC_Liver	tss	rloop
total_long_simple_indel	DO48720	0	0	rloop_tss	ICGC_Liver	tss	rloop
total_long_simple_indel	DO48721	1	0.140549639040417	rloop_tss	ICGC_Liver	tss	rloop
total_long_simple_indel	DO48723	0	0	rloop_tss	ICGC_Liver	tss	rloop
total_long_simple_indel	DO48725	0	0	rloop_tss	ICGC_Liver	tss	rloop
total_long_simple_indel	DO48727	0	0	rloop_tss	ICGC_Liver	tss	rloop
total_long_simple_indel	DO48728	0	0	rloop_tss	ICGC_Liver	tss	rloop
total_long_simple_indel	DO48730	0	0	rloop_tss	ICGC_Liver	tss	rloop
total_long_simple_indel	DO48732	1	0.140549639040417	rloop_tss	ICGC_Liver	tss	rloop
total_long_simple_indel	DO48733	0	0	rloop_tss	ICGC_Liver	tss	rloop
total_long_simple_indel	DO48736	0	0	rloop_tss	ICGC_Liver	tss	rloop
total_long_simple_indel	DO48737	0	0	rloop_tss	ICGC_Liver	tss	rloop
total_long_simple_indel	DO48741	0	0	rloop_tss	ICGC_Liver	tss	rloop
total_long_simple_indel	DO48742	1	0.140549639040417	rloop_tss	ICGC_Liver	tss	rloop
total_long_simple_indel	DO48743	0	0	rloop_tss	ICGC_Liver	tss	rloop
total_long_simple_indel	DO48751	1	0.140549639040417	rloop_tss	ICGC_Liver	tss	rloop
total_long_simple_indel	DO48753	0	0	rloop_tss	ICGC_Liver	tss	rloop
total_long_simple_indel	DO48757	0	0	rloop_tss	ICGC_Liver	tss	rloop
total_long_simple_indel	DO48759	0	0	rloop_tss	ICGC_Liver	tss	rloop
total_long_simple_indel	DO48760	1	0.140549639040417	rloop_tss	ICGC_Liver	tss	rloop
total_long_simple_indel	DO48761	0	0	rloop_tss	ICGC_Liver	tss	rloop
total_long_simple_indel	DO50772	0	0	rloop_tss	ICGC_Liver	tss	rloop
total_long_simple_indel	DO50774	0	0	rloop_tss	ICGC_Liver	tss	rloop
total_long_simple_indel	DO50776	1	0.140549639040417	rloop_tss	ICGC_Liver	tss	rloop
total_long_simple_indel	DO50778	0	0	rloop_tss	ICGC_Liver	tss	rloop
total_long_simple_indel	DO50780	0	0	rloop_tss	ICGC_Liver	tss	rloop
total_long_simple_indel	DO50783	0	0	rloop_tss	ICGC_Liver	tss	rloop
total_long_simple_indel	DO50785	0	0	rloop_tss	ICGC_Liver	tss	rloop
total_long_simple_indel	DO50787	0	0	rloop_tss	ICGC_Liver	tss	rloop
total_long_simple_indel	DO50789	0	0	rloop_tss	ICGC_Liver	tss	rloop
total_long_simple_indel	DO50791	0	0	rloop_tss	ICGC_Liver	tss	rloop
total_long_simple_indel	DO50793	0	0	rloop_tss	ICGC_Liver	tss	rloop
total_long_simple_indel	DO50796	0	0	rloop_tss	ICGC_Liver	tss	rloop
total_long_simple_indel	DO50798	2	0.281099278080834	rloop_tss	ICGC_Liver	tss	rloop
total_long_simple_indel	DO50799	0	0	rloop_tss	ICGC_Liver	tss	rloop
total_long_simple_indel	DO50800	0	0	rloop_tss	ICGC_Liver	tss	rloop
total_long_simple_indel	DO50802	0	0	rloop_tss	ICGC_Liver	tss	rloop
total_long_simple_indel	DO50803	0	0	rloop_tss	ICGC_Liver	tss	rloop
total_long_simple_indel	DO50804	1	0.140549639040417	rloop_tss	ICGC_Liver	tss	rloop
total_long_simple_indel	DO50805	0	0	rloop_tss	ICGC_Liver	tss	rloop
total_long_simple_indel	DO50806	0	0	rloop_tss	ICGC_Liver	tss	rloop
total_long_simple_indel	DO50807	2	0.281099278080834	rloop_tss	ICGC_Liver	tss	rloop
total_long_simple_indel	DO50808	0	0	rloop_tss	ICGC_Liver	tss	rloop
total_long_simple_indel	DO50809	0	0	rloop_tss	ICGC_Liver	tss	rloop
total_long_simple_indel	DO50811	0	0	rloop_tss	ICGC_Liver	tss	rloop
total_long_simple_indel	DO50813	0	0	rloop_tss	ICGC_Liver	tss	rloop
total_long_simple_indel	DO50814	1	0.140549639040417	rloop_tss	ICGC_Liver	tss	rloop
total_long_simple_indel	DO50815	0	0	rloop_tss	ICGC_Liver	tss	rloop
total_long_simple_indel	DO50816	0	0	rloop_tss	ICGC_Liver	tss	rloop
total_long_simple_indel	DO50817	0	0	rloop_tss	ICGC_Liver	tss	rloop
total_long_simple_indel	DO50818	1	0.140549639040417	rloop_tss	ICGC_Liver	tss	rloop
total_long_simple_indel	DO50819	0	0	rloop_tss	ICGC_Liver	tss	rloop
total_long_simple_indel	DO50820	0	0	rloop_tss	ICGC_Liver	tss	rloop
total_long_simple_indel	DO50822	0	0	rloop_tss	ICGC_Liver	tss	rloop
total_long_simple_indel	DO50825	1	0.140549639040417	rloop_tss	ICGC_Liver	tss	rloop
total_long_simple_indel	DO50827	0	0	rloop_tss	ICGC_Liver	tss	rloop
total_long_simple_indel	DO50829	0	0	rloop_tss	ICGC_Liver	tss	rloop
total_long_simple_indel	DO50831	0	0	rloop_tss	ICGC_Liver	tss	rloop
total_long_simple_indel	DO50832	0	0	rloop_tss	ICGC_Liver	tss	rloop
total_long_simple_indel	DO50834	0	0	rloop_tss	ICGC_Liver	tss	rloop
total_long_simple_indel	DO50837	0	0	rloop_tss	ICGC_Liver	tss	rloop
total_long_simple_indel	DO50839	0	0	rloop_tss	ICGC_Liver	tss	rloop
total_long_simple_indel	DO50840	0	0	rloop_tss	ICGC_Liver	tss	rloop
total_long_simple_indel	DO50842	0	0	rloop_tss	ICGC_Liver	tss	rloop
total_long_simple_indel	DO50844	2	0.281099278080834	rloop_tss	ICGC_Liver	tss	rloop
total_long_simple_indel	DO50845	0	0	rloop_tss	ICGC_Liver	tss	rloop
total_long_simple_indel	DO50848	0	0	rloop_tss	ICGC_Liver	tss	rloop
total_long_simple_indel	DO50850	0	0	rloop_tss	ICGC_Liver	tss	rloop
total_long_simple_indel	DO50851	1	0.140549639040417	rloop_tss	ICGC_Liver	tss	rloop
total_long_simple_indel	DO50855	1	0.140549639040417	rloop_tss	ICGC_Liver	tss	rloop
total_long_simple_indel	DO50857	0	0	rloop_tss	ICGC_Liver	tss	rloop
total_long_simple_indel	DO50859	0	0	rloop_tss	ICGC_Liver	tss	rloop
total_long_indel	DO23508	2	0.281099278080834	rloop_tss	ICGC_Liver	tss	rloop
total_long_indel	DO23509	0	0	rloop_tss	ICGC_Liver	tss	rloop
total_long_indel	DO23510	1	0.140549639040417	rloop_tss	ICGC_Liver	tss	rloop
total_long_indel	DO23512	0	0	rloop_tss	ICGC_Liver	tss	rloop
total_long_indel	DO23513	1	0.140549639040417	rloop_tss	ICGC_Liver	tss	rloop
total_long_indel	DO23514	0	0	rloop_tss	ICGC_Liver	tss	rloop
total_long_indel	DO23515	1	0.140549639040417	rloop_tss	ICGC_Liver	tss	rloop
total_long_indel	DO23516	1	0.140549639040417	rloop_tss	ICGC_Liver	tss	rloop
total_long_indel	DO23517	0	0	rloop_tss	ICGC_Liver	tss	rloop
total_long_indel	DO23518	3	0.421648917121251	rloop_tss	ICGC_Liver	tss	rloop
total_long_indel	DO23519	0	0	rloop_tss	ICGC_Liver	tss	rloop
total_long_indel	DO23520	0	0	rloop_tss	ICGC_Liver	tss	rloop
total_long_indel	DO23521	0	0	rloop_tss	ICGC_Liver	tss	rloop
total_long_indel	DO23522	0	0	rloop_tss	ICGC_Liver	tss	rloop
total_long_indel	DO23524	0	0	rloop_tss	ICGC_Liver	tss	rloop
total_long_indel	DO23525	0	0	rloop_tss	ICGC_Liver	tss	rloop
total_long_indel	DO23526	0	0	rloop_tss	ICGC_Liver	tss	rloop
total_long_indel	DO23527	1	0.140549639040417	rloop_tss	ICGC_Liver	tss	rloop
total_long_indel	DO23528	1	0.140549639040417	rloop_tss	ICGC_Liver	tss	rloop
total_long_indel	DO23529	1	0.140549639040417	rloop_tss	ICGC_Liver	tss	rloop
total_long_indel	DO23530	1	0.140549639040417	rloop_tss	ICGC_Liver	tss	rloop
total_long_indel	DO23532	0	0	rloop_tss	ICGC_Liver	tss	rloop
total_long_indel	DO23533	2	0.281099278080834	rloop_tss	ICGC_Liver	tss	rloop
total_long_indel	DO23534	0	0	rloop_tss	ICGC_Liver	tss	rloop
total_long_indel	DO23535	0	0	rloop_tss	ICGC_Liver	tss	rloop
total_long_indel	DO23536	2	0.281099278080834	rloop_tss	ICGC_Liver	tss	rloop
total_long_indel	DO23537	0	0	rloop_tss	ICGC_Liver	tss	rloop
total_long_indel	DO23538	0	0	rloop_tss	ICGC_Liver	tss	rloop
total_long_indel	DO23539	1	0.140549639040417	rloop_tss	ICGC_Liver	tss	rloop
total_long_indel	DO23540	1	0.140549639040417	rloop_tss	ICGC_Liver	tss	rloop
total_long_indel	DO23541	0	0	rloop_tss	ICGC_Liver	tss	rloop
total_long_indel	DO23542	0	0	rloop_tss	ICGC_Liver	tss	rloop
total_long_indel	DO23543	9	1.26494675136375	rloop_tss	ICGC_Liver	tss	rloop
total_long_indel	DO23544	0	0	rloop_tss	ICGC_Liver	tss	rloop
total_long_indel	DO23545	0	0	rloop_tss	ICGC_Liver	tss	rloop
total_long_indel	DO23546	0	0	rloop_tss	ICGC_Liver	tss	rloop
total_long_indel	DO23547	0	0	rloop_tss	ICGC_Liver	tss	rloop
total_long_indel	DO23548	0	0	rloop_tss	ICGC_Liver	tss	rloop
total_long_indel	DO23549	0	0	rloop_tss	ICGC_Liver	tss	rloop
total_long_indel	DO23550	0	0	rloop_tss	ICGC_Liver	tss	rloop
total_long_indel	DO23551	0	0	rloop_tss	ICGC_Liver	tss	rloop
total_long_indel	DO23552	0	0	rloop_tss	ICGC_Liver	tss	rloop
total_long_indel	DO44740	0	0	rloop_tss	ICGC_Liver	tss	rloop
total_long_indel	DO44744	1	0.140549639040417	rloop_tss	ICGC_Liver	tss	rloop
total_long_indel	DO44806	0	0	rloop_tss	ICGC_Liver	tss	rloop
total_long_indel	DO44808	0	0	rloop_tss	ICGC_Liver	tss	rloop
total_long_indel	DO44828	0	0	rloop_tss	ICGC_Liver	tss	rloop
total_long_indel	DO44832	0	0	rloop_tss	ICGC_Liver	tss	rloop
total_long_indel	DO45029	1	0.140549639040417	rloop_tss	ICGC_Liver	tss	rloop
total_long_indel	DO45035	0	0	rloop_tss	ICGC_Liver	tss	rloop
total_long_indel	DO45037	0	0	rloop_tss	ICGC_Liver	tss	rloop
total_long_indel	DO45039	0	0	rloop_tss	ICGC_Liver	tss	rloop
total_long_indel	DO45041	2	0.281099278080834	rloop_tss	ICGC_Liver	tss	rloop
total_long_indel	DO45043	0	0	rloop_tss	ICGC_Liver	tss	rloop
total_long_indel	DO45045	2	0.281099278080834	rloop_tss	ICGC_Liver	tss	rloop
total_long_indel	DO45047	0	0	rloop_tss	ICGC_Liver	tss	rloop
total_long_indel	DO45049	3	0.421648917121251	rloop_tss	ICGC_Liver	tss	rloop
total_long_indel	DO45051	0	0	rloop_tss	ICGC_Liver	tss	rloop
total_long_indel	DO45055	0	0	rloop_tss	ICGC_Liver	tss	rloop
total_long_indel	DO45057	1	0.140549639040417	rloop_tss	ICGC_Liver	tss	rloop
total_long_indel	DO45059	0	0	rloop_tss	ICGC_Liver	tss	rloop
total_long_indel	DO45061	0	0	rloop_tss	ICGC_Liver	tss	rloop
total_long_indel	DO45064	1	0.140549639040417	rloop_tss	ICGC_Liver	tss	rloop
total_long_indel	DO45065	0	0	rloop_tss	ICGC_Liver	tss	rloop
total_long_indel	DO45067	0	0	rloop_tss	ICGC_Liver	tss	rloop
total_long_indel	DO45069	0	0	rloop_tss	ICGC_Liver	tss	rloop
total_long_indel	DO45071	0	0	rloop_tss	ICGC_Liver	tss	rloop
total_long_indel	DO45073	0	0	rloop_tss	ICGC_Liver	tss	rloop
total_long_indel	DO45075	1	0.140549639040417	rloop_tss	ICGC_Liver	tss	rloop
total_long_indel	DO45077	1	0.140549639040417	rloop_tss	ICGC_Liver	tss	rloop
total_long_indel	DO45079	1	0.140549639040417	rloop_tss	ICGC_Liver	tss	rloop
total_long_indel	DO45081	2	0.281099278080834	rloop_tss	ICGC_Liver	tss	rloop
total_long_indel	DO45083	3	0.421648917121251	rloop_tss	ICGC_Liver	tss	rloop
total_long_indel	DO45085	0	0	rloop_tss	ICGC_Liver	tss	rloop
total_long_indel	DO45087	0	0	rloop_tss	ICGC_Liver	tss	rloop
total_long_indel	DO45089	1	0.140549639040417	rloop_tss	ICGC_Liver	tss	rloop
total_long_indel	DO45091	0	0	rloop_tss	ICGC_Liver	tss	rloop
total_long_indel	DO45092	0	0	rloop_tss	ICGC_Liver	tss	rloop
total_long_indel	DO45093	0	0	rloop_tss	ICGC_Liver	tss	rloop
total_long_indel	DO45094	1	0.140549639040417	rloop_tss	ICGC_Liver	tss	rloop
total_long_indel	DO45095	0	0	rloop_tss	ICGC_Liver	tss	rloop
total_long_indel	DO45096	0	0	rloop_tss	ICGC_Liver	tss	rloop
total_long_indel	DO45097	0	0	rloop_tss	ICGC_Liver	tss	rloop
total_long_indel	DO45099	0	0	rloop_tss	ICGC_Liver	tss	rloop
total_long_indel	DO45101	0	0	rloop_tss	ICGC_Liver	tss	rloop
total_long_indel	DO45103	0	0	rloop_tss	ICGC_Liver	tss	rloop
total_long_indel	DO45105	0	0	rloop_tss	ICGC_Liver	tss	rloop
total_long_indel	DO45107	0	0	rloop_tss	ICGC_Liver	tss	rloop
total_long_indel	DO45109	0	0	rloop_tss	ICGC_Liver	tss	rloop
total_long_indel	DO45111	0	0	rloop_tss	ICGC_Liver	tss	rloop
total_long_indel	DO45113	0	0	rloop_tss	ICGC_Liver	tss	rloop
total_long_indel	DO45115	0	0	rloop_tss	ICGC_Liver	tss	rloop
total_long_indel	DO45117	0	0	rloop_tss	ICGC_Liver	tss	rloop
total_long_indel	DO45119	1	0.140549639040417	rloop_tss	ICGC_Liver	tss	rloop
total_long_indel	DO45121	0	0	rloop_tss	ICGC_Liver	tss	rloop
total_long_indel	DO45123	0	0	rloop_tss	ICGC_Liver	tss	rloop
total_long_indel	DO45125	0	0	rloop_tss	ICGC_Liver	tss	rloop
total_long_indel	DO45127	2	0.281099278080834	rloop_tss	ICGC_Liver	tss	rloop
total_long_indel	DO45129	0	0	rloop_tss	ICGC_Liver	tss	rloop
total_long_indel	DO45131	0	0	rloop_tss	ICGC_Liver	tss	rloop
total_long_indel	DO45133	2	0.281099278080834	rloop_tss	ICGC_Liver	tss	rloop
total_long_indel	DO45135	0	0	rloop_tss	ICGC_Liver	tss	rloop
total_long_indel	DO45137	0	0	rloop_tss	ICGC_Liver	tss	rloop
total_long_indel	DO45139	1	0.140549639040417	rloop_tss	ICGC_Liver	tss	rloop
total_long_indel	DO45141	0	0	rloop_tss	ICGC_Liver	tss	rloop
total_long_indel	DO45143	1	0.140549639040417	rloop_tss	ICGC_Liver	tss	rloop
total_long_indel	DO45145	0	0	rloop_tss	ICGC_Liver	tss	rloop
total_long_indel	DO45147	0	0	rloop_tss	ICGC_Liver	tss	rloop
total_long_indel	DO45149	0	0	rloop_tss	ICGC_Liver	tss	rloop
total_long_indel	DO45151	1	0.140549639040417	rloop_tss	ICGC_Liver	tss	rloop
total_long_indel	DO45153	0	0	rloop_tss	ICGC_Liver	tss	rloop
total_long_indel	DO45155	0	0	rloop_tss	ICGC_Liver	tss	rloop
total_long_indel	DO45157	0	0	rloop_tss	ICGC_Liver	tss	rloop
total_long_indel	DO45159	0	0	rloop_tss	ICGC_Liver	tss	rloop
total_long_indel	DO45161	1	0.140549639040417	rloop_tss	ICGC_Liver	tss	rloop
total_long_indel	DO45163	1	0.140549639040417	rloop_tss	ICGC_Liver	tss	rloop
total_long_indel	DO45165	0	0	rloop_tss	ICGC_Liver	tss	rloop
total_long_indel	DO45167	0	0	rloop_tss	ICGC_Liver	tss	rloop
total_long_indel	DO45169	1	0.140549639040417	rloop_tss	ICGC_Liver	tss	rloop
total_long_indel	DO45171	0	0	rloop_tss	ICGC_Liver	tss	rloop
total_long_indel	DO45173	0	0	rloop_tss	ICGC_Liver	tss	rloop
total_long_indel	DO45175	0	0	rloop_tss	ICGC_Liver	tss	rloop
total_long_indel	DO45177	0	0	rloop_tss	ICGC_Liver	tss	rloop
total_long_indel	DO45179	0	0	rloop_tss	ICGC_Liver	tss	rloop
total_long_indel	DO45181	1	0.140549639040417	rloop_tss	ICGC_Liver	tss	rloop
total_long_indel	DO45183	0	0	rloop_tss	ICGC_Liver	tss	rloop
total_long_indel	DO45185	1	0.140549639040417	rloop_tss	ICGC_Liver	tss	rloop
total_long_indel	DO45187	0	0	rloop_tss	ICGC_Liver	tss	rloop
total_long_indel	DO45189	0	0	rloop_tss	ICGC_Liver	tss	rloop
total_long_indel	DO45191	0	0	rloop_tss	ICGC_Liver	tss	rloop
total_long_indel	DO45193	0	0	rloop_tss	ICGC_Liver	tss	rloop
total_long_indel	DO45197	0	0	rloop_tss	ICGC_Liver	tss	rloop
total_long_indel	DO45199	0	0	rloop_tss	ICGC_Liver	tss	rloop
total_long_indel	DO45201	0	0	rloop_tss	ICGC_Liver	tss	rloop
total_long_indel	DO45203	1	0.140549639040417	rloop_tss	ICGC_Liver	tss	rloop
total_long_indel	DO45205	0	0	rloop_tss	ICGC_Liver	tss	rloop
total_long_indel	DO45207	2	0.281099278080834	rloop_tss	ICGC_Liver	tss	rloop
total_long_indel	DO45209	0	0	rloop_tss	ICGC_Liver	tss	rloop
total_long_indel	DO45211	0	0	rloop_tss	ICGC_Liver	tss	rloop
total_long_indel	DO45213	0	0	rloop_tss	ICGC_Liver	tss	rloop
total_long_indel	DO45215	0	0	rloop_tss	ICGC_Liver	tss	rloop
total_long_indel	DO45217	0	0	rloop_tss	ICGC_Liver	tss	rloop
total_long_indel	DO45219	0	0	rloop_tss	ICGC_Liver	tss	rloop
total_long_indel	DO45221	0	0	rloop_tss	ICGC_Liver	tss	rloop
total_long_indel	DO45223	0	0	rloop_tss	ICGC_Liver	tss	rloop
total_long_indel	DO45225	1	0.140549639040417	rloop_tss	ICGC_Liver	tss	rloop
total_long_indel	DO45227	0	0	rloop_tss	ICGC_Liver	tss	rloop
total_long_indel	DO45229	0	0	rloop_tss	ICGC_Liver	tss	rloop
total_long_indel	DO45233	0	0	rloop_tss	ICGC_Liver	tss	rloop
total_long_indel	DO45235	2	0.281099278080834	rloop_tss	ICGC_Liver	tss	rloop
total_long_indel	DO45237	3	0.421648917121251	rloop_tss	ICGC_Liver	tss	rloop
total_long_indel	DO45239	0	0	rloop_tss	ICGC_Liver	tss	rloop
total_long_indel	DO45241	1	0.140549639040417	rloop_tss	ICGC_Liver	tss	rloop
total_long_indel	DO45247	0	0	rloop_tss	ICGC_Liver	tss	rloop
total_long_indel	DO45253	2	0.281099278080834	rloop_tss	ICGC_Liver	tss	rloop
total_long_indel	DO45255	1	0.140549639040417	rloop_tss	ICGC_Liver	tss	rloop
total_long_indel	DO45257	0	0	rloop_tss	ICGC_Liver	tss	rloop
total_long_indel	DO45263	0	0	rloop_tss	ICGC_Liver	tss	rloop
total_long_indel	DO45265	1	0.140549639040417	rloop_tss	ICGC_Liver	tss	rloop
total_long_indel	DO45267	0	0	rloop_tss	ICGC_Liver	tss	rloop
total_long_indel	DO45269	1	0.140549639040417	rloop_tss	ICGC_Liver	tss	rloop
total_long_indel	DO45273	0	0	rloop_tss	ICGC_Liver	tss	rloop
total_long_indel	DO45277	0	0	rloop_tss	ICGC_Liver	tss	rloop
total_long_indel	DO45281	0	0	rloop_tss	ICGC_Liver	tss	rloop
total_long_indel	DO48672	0	0	rloop_tss	ICGC_Liver	tss	rloop
total_long_indel	DO48674	0	0	rloop_tss	ICGC_Liver	tss	rloop
total_long_indel	DO48677	0	0	rloop_tss	ICGC_Liver	tss	rloop
total_long_indel	DO48679	1	0.140549639040417	rloop_tss	ICGC_Liver	tss	rloop
total_long_indel	DO48681	0	0	rloop_tss	ICGC_Liver	tss	rloop
total_long_indel	DO48682	3	0.421648917121251	rloop_tss	ICGC_Liver	tss	rloop
total_long_indel	DO48684	0	0	rloop_tss	ICGC_Liver	tss	rloop
total_long_indel	DO48686	0	0	rloop_tss	ICGC_Liver	tss	rloop
total_long_indel	DO48687	0	0	rloop_tss	ICGC_Liver	tss	rloop
total_long_indel	DO48689	2	0.281099278080834	rloop_tss	ICGC_Liver	tss	rloop
total_long_indel	DO48691	0	0	rloop_tss	ICGC_Liver	tss	rloop
total_long_indel	DO48692	0	0	rloop_tss	ICGC_Liver	tss	rloop
total_long_indel	DO48693	0	0	rloop_tss	ICGC_Liver	tss	rloop
total_long_indel	DO48694	0	0	rloop_tss	ICGC_Liver	tss	rloop
total_long_indel	DO48695	0	0	rloop_tss	ICGC_Liver	tss	rloop
total_long_indel	DO48697	0	0	rloop_tss	ICGC_Liver	tss	rloop
total_long_indel	DO48700	0	0	rloop_tss	ICGC_Liver	tss	rloop
total_long_indel	DO48701	0	0	rloop_tss	ICGC_Liver	tss	rloop
total_long_indel	DO48703	0	0	rloop_tss	ICGC_Liver	tss	rloop
total_long_indel	DO48704	0	0	rloop_tss	ICGC_Liver	tss	rloop
total_long_indel	DO48706	0	0	rloop_tss	ICGC_Liver	tss	rloop
total_long_indel	DO48709	1	0.140549639040417	rloop_tss	ICGC_Liver	tss	rloop
total_long_indel	DO48712	0	0	rloop_tss	ICGC_Liver	tss	rloop
total_long_indel	DO48715	0	0	rloop_tss	ICGC_Liver	tss	rloop
total_long_indel	DO48716	0	0	rloop_tss	ICGC_Liver	tss	rloop
total_long_indel	DO48717	0	0	rloop_tss	ICGC_Liver	tss	rloop
total_long_indel	DO48719	8	1.12439711232334	rloop_tss	ICGC_Liver	tss	rloop
total_long_indel	DO48720	0	0	rloop_tss	ICGC_Liver	tss	rloop
total_long_indel	DO48721	2	0.281099278080834	rloop_tss	ICGC_Liver	tss	rloop
total_long_indel	DO48723	0	0	rloop_tss	ICGC_Liver	tss	rloop
total_long_indel	DO48725	0	0	rloop_tss	ICGC_Liver	tss	rloop
total_long_indel	DO48727	1	0.140549639040417	rloop_tss	ICGC_Liver	tss	rloop
total_long_indel	DO48728	0	0	rloop_tss	ICGC_Liver	tss	rloop
total_long_indel	DO48730	0	0	rloop_tss	ICGC_Liver	tss	rloop
total_long_indel	DO48732	2	0.281099278080834	rloop_tss	ICGC_Liver	tss	rloop
total_long_indel	DO48733	0	0	rloop_tss	ICGC_Liver	tss	rloop
total_long_indel	DO48736	0	0	rloop_tss	ICGC_Liver	tss	rloop
total_long_indel	DO48737	0	0	rloop_tss	ICGC_Liver	tss	rloop
total_long_indel	DO48741	1	0.140549639040417	rloop_tss	ICGC_Liver	tss	rloop
total_long_indel	DO48742	1	0.140549639040417	rloop_tss	ICGC_Liver	tss	rloop
total_long_indel	DO48743	0	0	rloop_tss	ICGC_Liver	tss	rloop
total_long_indel	DO48751	1	0.140549639040417	rloop_tss	ICGC_Liver	tss	rloop
total_long_indel	DO48753	0	0	rloop_tss	ICGC_Liver	tss	rloop
total_long_indel	DO48757	0	0	rloop_tss	ICGC_Liver	tss	rloop
total_long_indel	DO48759	0	0	rloop_tss	ICGC_Liver	tss	rloop
total_long_indel	DO48760	1	0.140549639040417	rloop_tss	ICGC_Liver	tss	rloop
total_long_indel	DO48761	0	0	rloop_tss	ICGC_Liver	tss	rloop
total_long_indel	DO50772	0	0	rloop_tss	ICGC_Liver	tss	rloop
total_long_indel	DO50774	0	0	rloop_tss	ICGC_Liver	tss	rloop
total_long_indel	DO50776	1	0.140549639040417	rloop_tss	ICGC_Liver	tss	rloop
total_long_indel	DO50778	0	0	rloop_tss	ICGC_Liver	tss	rloop
total_long_indel	DO50780	0	0	rloop_tss	ICGC_Liver	tss	rloop
total_long_indel	DO50783	1	0.140549639040417	rloop_tss	ICGC_Liver	tss	rloop
total_long_indel	DO50785	0	0	rloop_tss	ICGC_Liver	tss	rloop
total_long_indel	DO50787	0	0	rloop_tss	ICGC_Liver	tss	rloop
total_long_indel	DO50789	1	0.140549639040417	rloop_tss	ICGC_Liver	tss	rloop
total_long_indel	DO50791	0	0	rloop_tss	ICGC_Liver	tss	rloop
total_long_indel	DO50793	0	0	rloop_tss	ICGC_Liver	tss	rloop
total_long_indel	DO50796	1	0.140549639040417	rloop_tss	ICGC_Liver	tss	rloop
total_long_indel	DO50798	4	0.562198556161668	rloop_tss	ICGC_Liver	tss	rloop
total_long_indel	DO50799	0	0	rloop_tss	ICGC_Liver	tss	rloop
total_long_indel	DO50800	0	0	rloop_tss	ICGC_Liver	tss	rloop
total_long_indel	DO50802	0	0	rloop_tss	ICGC_Liver	tss	rloop
total_long_indel	DO50803	1	0.140549639040417	rloop_tss	ICGC_Liver	tss	rloop
total_long_indel	DO50804	2	0.281099278080834	rloop_tss	ICGC_Liver	tss	rloop
total_long_indel	DO50805	0	0	rloop_tss	ICGC_Liver	tss	rloop
total_long_indel	DO50806	0	0	rloop_tss	ICGC_Liver	tss	rloop
total_long_indel	DO50807	2	0.281099278080834	rloop_tss	ICGC_Liver	tss	rloop
total_long_indel	DO50808	0	0	rloop_tss	ICGC_Liver	tss	rloop
total_long_indel	DO50809	0	0	rloop_tss	ICGC_Liver	tss	rloop
total_long_indel	DO50811	0	0	rloop_tss	ICGC_Liver	tss	rloop
total_long_indel	DO50813	2	0.281099278080834	rloop_tss	ICGC_Liver	tss	rloop
total_long_indel	DO50814	4	0.562198556161668	rloop_tss	ICGC_Liver	tss	rloop
total_long_indel	DO50815	0	0	rloop_tss	ICGC_Liver	tss	rloop
total_long_indel	DO50816	0	0	rloop_tss	ICGC_Liver	tss	rloop
total_long_indel	DO50817	0	0	rloop_tss	ICGC_Liver	tss	rloop
total_long_indel	DO50818	1	0.140549639040417	rloop_tss	ICGC_Liver	tss	rloop
total_long_indel	DO50819	0	0	rloop_tss	ICGC_Liver	tss	rloop
total_long_indel	DO50820	1	0.140549639040417	rloop_tss	ICGC_Liver	tss	rloop
total_long_indel	DO50822	0	0	rloop_tss	ICGC_Liver	tss	rloop
total_long_indel	DO50825	1	0.140549639040417	rloop_tss	ICGC_Liver	tss	rloop
total_long_indel	DO50827	0	0	rloop_tss	ICGC_Liver	tss	rloop
total_long_indel	DO50829	0	0	rloop_tss	ICGC_Liver	tss	rloop
total_long_indel	DO50831	0	0	rloop_tss	ICGC_Liver	tss	rloop
total_long_indel	DO50832	0	0	rloop_tss	ICGC_Liver	tss	rloop
total_long_indel	DO50834	1	0.140549639040417	rloop_tss	ICGC_Liver	tss	rloop
total_long_indel	DO50837	0	0	rloop_tss	ICGC_Liver	tss	rloop
total_long_indel	DO50839	1	0.140549639040417	rloop_tss	ICGC_Liver	tss	rloop
total_long_indel	DO50840	1	0.140549639040417	rloop_tss	ICGC_Liver	tss	rloop
total_long_indel	DO50842	1	0.140549639040417	rloop_tss	ICGC_Liver	tss	rloop
total_long_indel	DO50844	2	0.281099278080834	rloop_tss	ICGC_Liver	tss	rloop
total_long_indel	DO50845	0	0	rloop_tss	ICGC_Liver	tss	rloop
total_long_indel	DO50848	0	0	rloop_tss	ICGC_Liver	tss	rloop
total_long_indel	DO50850	1	0.140549639040417	rloop_tss	ICGC_Liver	tss	rloop
total_long_indel	DO50851	2	0.281099278080834	rloop_tss	ICGC_Liver	tss	rloop
total_long_indel	DO50855	1	0.140549639040417	rloop_tss	ICGC_Liver	tss	rloop
total_long_indel	DO50857	0	0	rloop_tss	ICGC_Liver	tss	rloop
total_long_indel	DO50859	1	0.140549639040417	rloop_tss	ICGC_Liver	tss	rloop
total_Indel	DO23508	5	0.526962955452765	norloop_tss	ICGC_Liver	tss	norloop
total_Indel	DO23509	1	0.105392591090553	norloop_tss	ICGC_Liver	tss	norloop
total_Indel	DO23510	1	0.105392591090553	norloop_tss	ICGC_Liver	tss	norloop
total_Indel	DO23512	1	0.105392591090553	norloop_tss	ICGC_Liver	tss	norloop
total_Indel	DO23513	1	0.105392591090553	norloop_tss	ICGC_Liver	tss	norloop
total_Indel	DO23514	0	0	norloop_tss	ICGC_Liver	tss	norloop
total_Indel	DO23515	1	0.105392591090553	norloop_tss	ICGC_Liver	tss	norloop
total_Indel	DO23516	3	0.316177773271659	norloop_tss	ICGC_Liver	tss	norloop
total_Indel	DO23517	2	0.210785182181106	norloop_tss	ICGC_Liver	tss	norloop
total_Indel	DO23518	2	0.210785182181106	norloop_tss	ICGC_Liver	tss	norloop
total_Indel	DO23519	3	0.316177773271659	norloop_tss	ICGC_Liver	tss	norloop
total_Indel	DO23520	1	0.105392591090553	norloop_tss	ICGC_Liver	tss	norloop
total_Indel	DO23521	0	0	norloop_tss	ICGC_Liver	tss	norloop
total_Indel	DO23522	1	0.105392591090553	norloop_tss	ICGC_Liver	tss	norloop
total_Indel	DO23524	3	0.316177773271659	norloop_tss	ICGC_Liver	tss	norloop
total_Indel	DO23525	1	0.105392591090553	norloop_tss	ICGC_Liver	tss	norloop
total_Indel	DO23526	0	0	norloop_tss	ICGC_Liver	tss	norloop
total_Indel	DO23527	1	0.105392591090553	norloop_tss	ICGC_Liver	tss	norloop
total_Indel	DO23528	1	0.105392591090553	norloop_tss	ICGC_Liver	tss	norloop
total_Indel	DO23529	0	0	norloop_tss	ICGC_Liver	tss	norloop
total_Indel	DO23530	0	0	norloop_tss	ICGC_Liver	tss	norloop
total_Indel	DO23532	2	0.210785182181106	norloop_tss	ICGC_Liver	tss	norloop
total_Indel	DO23533	2	0.210785182181106	norloop_tss	ICGC_Liver	tss	norloop
total_Indel	DO23534	0	0	norloop_tss	ICGC_Liver	tss	norloop
total_Indel	DO23535	1	0.105392591090553	norloop_tss	ICGC_Liver	tss	norloop
total_Indel	DO23536	3	0.316177773271659	norloop_tss	ICGC_Liver	tss	norloop
total_Indel	DO23537	2	0.210785182181106	norloop_tss	ICGC_Liver	tss	norloop
total_Indel	DO23538	1	0.105392591090553	norloop_tss	ICGC_Liver	tss	norloop
total_Indel	DO23539	2	0.210785182181106	norloop_tss	ICGC_Liver	tss	norloop
total_Indel	DO23540	0	0	norloop_tss	ICGC_Liver	tss	norloop
total_Indel	DO23541	2	0.210785182181106	norloop_tss	ICGC_Liver	tss	norloop
total_Indel	DO23542	1	0.105392591090553	norloop_tss	ICGC_Liver	tss	norloop
total_Indel	DO23543	3	0.316177773271659	norloop_tss	ICGC_Liver	tss	norloop
total_Indel	DO23544	1	0.105392591090553	norloop_tss	ICGC_Liver	tss	norloop
total_Indel	DO23545	5	0.526962955452765	norloop_tss	ICGC_Liver	tss	norloop
total_Indel	DO23546	1	0.105392591090553	norloop_tss	ICGC_Liver	tss	norloop
total_Indel	DO23547	0	0	norloop_tss	ICGC_Liver	tss	norloop
total_Indel	DO23548	4	0.421570364362212	norloop_tss	ICGC_Liver	tss	norloop
total_Indel	DO23549	1	0.105392591090553	norloop_tss	ICGC_Liver	tss	norloop
total_Indel	DO23550	1	0.105392591090553	norloop_tss	ICGC_Liver	tss	norloop
total_Indel	DO23551	2	0.210785182181106	norloop_tss	ICGC_Liver	tss	norloop
total_Indel	DO23552	0	0	norloop_tss	ICGC_Liver	tss	norloop
total_Indel	DO44740	5	0.526962955452765	norloop_tss	ICGC_Liver	tss	norloop
total_Indel	DO44744	3	0.316177773271659	norloop_tss	ICGC_Liver	tss	norloop
total_Indel	DO44806	3	0.316177773271659	norloop_tss	ICGC_Liver	tss	norloop
total_Indel	DO44808	1	0.105392591090553	norloop_tss	ICGC_Liver	tss	norloop
total_Indel	DO44828	3	0.316177773271659	norloop_tss	ICGC_Liver	tss	norloop
total_Indel	DO44832	0	0	norloop_tss	ICGC_Liver	tss	norloop
total_Indel	DO45029	1	0.105392591090553	norloop_tss	ICGC_Liver	tss	norloop
total_Indel	DO45035	2	0.210785182181106	norloop_tss	ICGC_Liver	tss	norloop
total_Indel	DO45037	3	0.316177773271659	norloop_tss	ICGC_Liver	tss	norloop
total_Indel	DO45039	2	0.210785182181106	norloop_tss	ICGC_Liver	tss	norloop
total_Indel	DO45041	33	3.47795550598825	norloop_tss	ICGC_Liver	tss	norloop
total_Indel	DO45043	2	0.210785182181106	norloop_tss	ICGC_Liver	tss	norloop
total_Indel	DO45045	0	0	norloop_tss	ICGC_Liver	tss	norloop
total_Indel	DO45047	0	0	norloop_tss	ICGC_Liver	tss	norloop
total_Indel	DO45049	3	0.316177773271659	norloop_tss	ICGC_Liver	tss	norloop
total_Indel	DO45051	4	0.421570364362212	norloop_tss	ICGC_Liver	tss	norloop
total_Indel	DO45055	1	0.105392591090553	norloop_tss	ICGC_Liver	tss	norloop
total_Indel	DO45057	2	0.210785182181106	norloop_tss	ICGC_Liver	tss	norloop
total_Indel	DO45059	0	0	norloop_tss	ICGC_Liver	tss	norloop
total_Indel	DO45061	1	0.105392591090553	norloop_tss	ICGC_Liver	tss	norloop
total_Indel	DO45064	0	0	norloop_tss	ICGC_Liver	tss	norloop
total_Indel	DO45065	4	0.421570364362212	norloop_tss	ICGC_Liver	tss	norloop
total_Indel	DO45067	2	0.210785182181106	norloop_tss	ICGC_Liver	tss	norloop
total_Indel	DO45069	3	0.316177773271659	norloop_tss	ICGC_Liver	tss	norloop
total_Indel	DO45071	3	0.316177773271659	norloop_tss	ICGC_Liver	tss	norloop
total_Indel	DO45073	2	0.210785182181106	norloop_tss	ICGC_Liver	tss	norloop
total_Indel	DO45075	2	0.210785182181106	norloop_tss	ICGC_Liver	tss	norloop
total_Indel	DO45077	5	0.526962955452765	norloop_tss	ICGC_Liver	tss	norloop
total_Indel	DO45079	1	0.105392591090553	norloop_tss	ICGC_Liver	tss	norloop
total_Indel	DO45081	2	0.210785182181106	norloop_tss	ICGC_Liver	tss	norloop
total_Indel	DO45083	7	0.737748137633871	norloop_tss	ICGC_Liver	tss	norloop
total_Indel	DO45085	1	0.105392591090553	norloop_tss	ICGC_Liver	tss	norloop
total_Indel	DO45087	2	0.210785182181106	norloop_tss	ICGC_Liver	tss	norloop
total_Indel	DO45089	3	0.316177773271659	norloop_tss	ICGC_Liver	tss	norloop
total_Indel	DO45091	2	0.210785182181106	norloop_tss	ICGC_Liver	tss	norloop
total_Indel	DO45092	2	0.210785182181106	norloop_tss	ICGC_Liver	tss	norloop
total_Indel	DO45093	1	0.105392591090553	norloop_tss	ICGC_Liver	tss	norloop
total_Indel	DO45094	0	0	norloop_tss	ICGC_Liver	tss	norloop
total_Indel	DO45095	2	0.210785182181106	norloop_tss	ICGC_Liver	tss	norloop
total_Indel	DO45096	2	0.210785182181106	norloop_tss	ICGC_Liver	tss	norloop
total_Indel	DO45097	4	0.421570364362212	norloop_tss	ICGC_Liver	tss	norloop
total_Indel	DO45099	1	0.105392591090553	norloop_tss	ICGC_Liver	tss	norloop
total_Indel	DO45101	0	0	norloop_tss	ICGC_Liver	tss	norloop
total_Indel	DO45103	0	0	norloop_tss	ICGC_Liver	tss	norloop
total_Indel	DO45105	2	0.210785182181106	norloop_tss	ICGC_Liver	tss	norloop
total_Indel	DO45107	0	0	norloop_tss	ICGC_Liver	tss	norloop
total_Indel	DO45109	0	0	norloop_tss	ICGC_Liver	tss	norloop
total_Indel	DO45111	3	0.316177773271659	norloop_tss	ICGC_Liver	tss	norloop
total_Indel	DO45113	0	0	norloop_tss	ICGC_Liver	tss	norloop
total_Indel	DO45115	2	0.210785182181106	norloop_tss	ICGC_Liver	tss	norloop
total_Indel	DO45117	5	0.526962955452765	norloop_tss	ICGC_Liver	tss	norloop
total_Indel	DO45119	2	0.210785182181106	norloop_tss	ICGC_Liver	tss	norloop
total_Indel	DO45121	1	0.105392591090553	norloop_tss	ICGC_Liver	tss	norloop
total_Indel	DO45123	2	0.210785182181106	norloop_tss	ICGC_Liver	tss	norloop
total_Indel	DO45125	0	0	norloop_tss	ICGC_Liver	tss	norloop
total_Indel	DO45127	1	0.105392591090553	norloop_tss	ICGC_Liver	tss	norloop
total_Indel	DO45129	0	0	norloop_tss	ICGC_Liver	tss	norloop
total_Indel	DO45131	1	0.105392591090553	norloop_tss	ICGC_Liver	tss	norloop
total_Indel	DO45133	1	0.105392591090553	norloop_tss	ICGC_Liver	tss	norloop
total_Indel	DO45135	1	0.105392591090553	norloop_tss	ICGC_Liver	tss	norloop
total_Indel	DO45137	2	0.210785182181106	norloop_tss	ICGC_Liver	tss	norloop
total_Indel	DO45139	3	0.316177773271659	norloop_tss	ICGC_Liver	tss	norloop
total_Indel	DO45141	5	0.526962955452765	norloop_tss	ICGC_Liver	tss	norloop
total_Indel	DO45143	2	0.210785182181106	norloop_tss	ICGC_Liver	tss	norloop
total_Indel	DO45145	1	0.105392591090553	norloop_tss	ICGC_Liver	tss	norloop
total_Indel	DO45147	2	0.210785182181106	norloop_tss	ICGC_Liver	tss	norloop
total_Indel	DO45149	0	0	norloop_tss	ICGC_Liver	tss	norloop
total_Indel	DO45151	2	0.210785182181106	norloop_tss	ICGC_Liver	tss	norloop
total_Indel	DO45153	2	0.210785182181106	norloop_tss	ICGC_Liver	tss	norloop
total_Indel	DO45155	0	0	norloop_tss	ICGC_Liver	tss	norloop
total_Indel	DO45157	0	0	norloop_tss	ICGC_Liver	tss	norloop
total_Indel	DO45159	0	0	norloop_tss	ICGC_Liver	tss	norloop
total_Indel	DO45161	2	0.210785182181106	norloop_tss	ICGC_Liver	tss	norloop
total_Indel	DO45163	2	0.210785182181106	norloop_tss	ICGC_Liver	tss	norloop
total_Indel	DO45165	2	0.210785182181106	norloop_tss	ICGC_Liver	tss	norloop
total_Indel	DO45167	0	0	norloop_tss	ICGC_Liver	tss	norloop
total_Indel	DO45169	0	0	norloop_tss	ICGC_Liver	tss	norloop
total_Indel	DO45171	1	0.105392591090553	norloop_tss	ICGC_Liver	tss	norloop
total_Indel	DO45173	2	0.210785182181106	norloop_tss	ICGC_Liver	tss	norloop
total_Indel	DO45175	3	0.316177773271659	norloop_tss	ICGC_Liver	tss	norloop
total_Indel	DO45177	0	0	norloop_tss	ICGC_Liver	tss	norloop
total_Indel	DO45179	0	0	norloop_tss	ICGC_Liver	tss	norloop
total_Indel	DO45181	0	0	norloop_tss	ICGC_Liver	tss	norloop
total_Indel	DO45183	3	0.316177773271659	norloop_tss	ICGC_Liver	tss	norloop
total_Indel	DO45185	1	0.105392591090553	norloop_tss	ICGC_Liver	tss	norloop
total_Indel	DO45187	1	0.105392591090553	norloop_tss	ICGC_Liver	tss	norloop
total_Indel	DO45189	1	0.105392591090553	norloop_tss	ICGC_Liver	tss	norloop
total_Indel	DO45191	3	0.316177773271659	norloop_tss	ICGC_Liver	tss	norloop
total_Indel	DO45193	0	0	norloop_tss	ICGC_Liver	tss	norloop
total_Indel	DO45197	3	0.316177773271659	norloop_tss	ICGC_Liver	tss	norloop
total_Indel	DO45199	3	0.316177773271659	norloop_tss	ICGC_Liver	tss	norloop
total_Indel	DO45201	0	0	norloop_tss	ICGC_Liver	tss	norloop
total_Indel	DO45203	5	0.526962955452765	norloop_tss	ICGC_Liver	tss	norloop
total_Indel	DO45205	2	0.210785182181106	norloop_tss	ICGC_Liver	tss	norloop
total_Indel	DO45207	2	0.210785182181106	norloop_tss	ICGC_Liver	tss	norloop
total_Indel	DO45209	1	0.105392591090553	norloop_tss	ICGC_Liver	tss	norloop
total_Indel	DO45211	0	0	norloop_tss	ICGC_Liver	tss	norloop
total_Indel	DO45213	3	0.316177773271659	norloop_tss	ICGC_Liver	tss	norloop
total_Indel	DO45215	1	0.105392591090553	norloop_tss	ICGC_Liver	tss	norloop
total_Indel	DO45217	1	0.105392591090553	norloop_tss	ICGC_Liver	tss	norloop
total_Indel	DO45219	0	0	norloop_tss	ICGC_Liver	tss	norloop
total_Indel	DO45221	2	0.210785182181106	norloop_tss	ICGC_Liver	tss	norloop
total_Indel	DO45223	0	0	norloop_tss	ICGC_Liver	tss	norloop
total_Indel	DO45225	1	0.105392591090553	norloop_tss	ICGC_Liver	tss	norloop
total_Indel	DO45227	0	0	norloop_tss	ICGC_Liver	tss	norloop
total_Indel	DO45229	3	0.316177773271659	norloop_tss	ICGC_Liver	tss	norloop
total_Indel	DO45233	1	0.105392591090553	norloop_tss	ICGC_Liver	tss	norloop
total_Indel	DO45235	0	0	norloop_tss	ICGC_Liver	tss	norloop
total_Indel	DO45237	3	0.316177773271659	norloop_tss	ICGC_Liver	tss	norloop
total_Indel	DO45239	0	0	norloop_tss	ICGC_Liver	tss	norloop
total_Indel	DO45241	0	0	norloop_tss	ICGC_Liver	tss	norloop
total_Indel	DO45247	0	0	norloop_tss	ICGC_Liver	tss	norloop
total_Indel	DO45253	1	0.105392591090553	norloop_tss	ICGC_Liver	tss	norloop
total_Indel	DO45255	0	0	norloop_tss	ICGC_Liver	tss	norloop
total_Indel	DO45257	0	0	norloop_tss	ICGC_Liver	tss	norloop
total_Indel	DO45263	0	0	norloop_tss	ICGC_Liver	tss	norloop
total_Indel	DO45265	0	0	norloop_tss	ICGC_Liver	tss	norloop
total_Indel	DO45267	1	0.105392591090553	norloop_tss	ICGC_Liver	tss	norloop
total_Indel	DO45269	1	0.105392591090553	norloop_tss	ICGC_Liver	tss	norloop
total_Indel	DO45273	3	0.316177773271659	norloop_tss	ICGC_Liver	tss	norloop
total_Indel	DO45277	4	0.421570364362212	norloop_tss	ICGC_Liver	tss	norloop
total_Indel	DO45281	0	0	norloop_tss	ICGC_Liver	tss	norloop
total_Indel	DO48672	1	0.105392591090553	norloop_tss	ICGC_Liver	tss	norloop
total_Indel	DO48674	0	0	norloop_tss	ICGC_Liver	tss	norloop
total_Indel	DO48677	4	0.421570364362212	norloop_tss	ICGC_Liver	tss	norloop
total_Indel	DO48679	0	0	norloop_tss	ICGC_Liver	tss	norloop
total_Indel	DO48681	2	0.210785182181106	norloop_tss	ICGC_Liver	tss	norloop
total_Indel	DO48682	64	6.74512582979539	norloop_tss	ICGC_Liver	tss	norloop
total_Indel	DO48684	0	0	norloop_tss	ICGC_Liver	tss	norloop
total_Indel	DO48686	3	0.316177773271659	norloop_tss	ICGC_Liver	tss	norloop
total_Indel	DO48687	0	0	norloop_tss	ICGC_Liver	tss	norloop
total_Indel	DO48689	3	0.316177773271659	norloop_tss	ICGC_Liver	tss	norloop
total_Indel	DO48691	0	0	norloop_tss	ICGC_Liver	tss	norloop
total_Indel	DO48692	0	0	norloop_tss	ICGC_Liver	tss	norloop
total_Indel	DO48693	0	0	norloop_tss	ICGC_Liver	tss	norloop
total_Indel	DO48694	0	0	norloop_tss	ICGC_Liver	tss	norloop
total_Indel	DO48695	1	0.105392591090553	norloop_tss	ICGC_Liver	tss	norloop
total_Indel	DO48697	1	0.105392591090553	norloop_tss	ICGC_Liver	tss	norloop
total_Indel	DO48700	2	0.210785182181106	norloop_tss	ICGC_Liver	tss	norloop
total_Indel	DO48701	2	0.210785182181106	norloop_tss	ICGC_Liver	tss	norloop
total_Indel	DO48703	1	0.105392591090553	norloop_tss	ICGC_Liver	tss	norloop
total_Indel	DO48704	1	0.105392591090553	norloop_tss	ICGC_Liver	tss	norloop
total_Indel	DO48706	4	0.421570364362212	norloop_tss	ICGC_Liver	tss	norloop
total_Indel	DO48709	0	0	norloop_tss	ICGC_Liver	tss	norloop
total_Indel	DO48712	1	0.105392591090553	norloop_tss	ICGC_Liver	tss	norloop
total_Indel	DO48715	1	0.105392591090553	norloop_tss	ICGC_Liver	tss	norloop
total_Indel	DO48716	3	0.316177773271659	norloop_tss	ICGC_Liver	tss	norloop
total_Indel	DO48717	0	0	norloop_tss	ICGC_Liver	tss	norloop
total_Indel	DO48719	8	0.843140728724424	norloop_tss	ICGC_Liver	tss	norloop
total_Indel	DO48720	1	0.105392591090553	norloop_tss	ICGC_Liver	tss	norloop
total_Indel	DO48721	3	0.316177773271659	norloop_tss	ICGC_Liver	tss	norloop
total_Indel	DO48723	0	0	norloop_tss	ICGC_Liver	tss	norloop
total_Indel	DO48725	0	0	norloop_tss	ICGC_Liver	tss	norloop
total_Indel	DO48727	0	0	norloop_tss	ICGC_Liver	tss	norloop
total_Indel	DO48728	0	0	norloop_tss	ICGC_Liver	tss	norloop
total_Indel	DO48730	1	0.105392591090553	norloop_tss	ICGC_Liver	tss	norloop
total_Indel	DO48732	4	0.421570364362212	norloop_tss	ICGC_Liver	tss	norloop
total_Indel	DO48733	0	0	norloop_tss	ICGC_Liver	tss	norloop
total_Indel	DO48736	2	0.210785182181106	norloop_tss	ICGC_Liver	tss	norloop
total_Indel	DO48737	1	0.105392591090553	norloop_tss	ICGC_Liver	tss	norloop
total_Indel	DO48741	1	0.105392591090553	norloop_tss	ICGC_Liver	tss	norloop
total_Indel	DO48742	2	0.210785182181106	norloop_tss	ICGC_Liver	tss	norloop
total_Indel	DO48743	2	0.210785182181106	norloop_tss	ICGC_Liver	tss	norloop
total_Indel	DO48747	1	0.105392591090553	norloop_tss	ICGC_Liver	tss	norloop
total_Indel	DO48751	5	0.526962955452765	norloop_tss	ICGC_Liver	tss	norloop
total_Indel	DO48753	2	0.210785182181106	norloop_tss	ICGC_Liver	tss	norloop
total_Indel	DO48757	0	0	norloop_tss	ICGC_Liver	tss	norloop
total_Indel	DO48759	1	0.105392591090553	norloop_tss	ICGC_Liver	tss	norloop
total_Indel	DO48760	1	0.105392591090553	norloop_tss	ICGC_Liver	tss	norloop
total_Indel	DO48761	5	0.526962955452765	norloop_tss	ICGC_Liver	tss	norloop
total_Indel	DO50772	1	0.105392591090553	norloop_tss	ICGC_Liver	tss	norloop
total_Indel	DO50774	1	0.105392591090553	norloop_tss	ICGC_Liver	tss	norloop
total_Indel	DO50776	1	0.105392591090553	norloop_tss	ICGC_Liver	tss	norloop
total_Indel	DO50778	0	0	norloop_tss	ICGC_Liver	tss	norloop
total_Indel	DO50780	3	0.316177773271659	norloop_tss	ICGC_Liver	tss	norloop
total_Indel	DO50783	5	0.526962955452765	norloop_tss	ICGC_Liver	tss	norloop
total_Indel	DO50785	1	0.105392591090553	norloop_tss	ICGC_Liver	tss	norloop
total_Indel	DO50787	1	0.105392591090553	norloop_tss	ICGC_Liver	tss	norloop
total_Indel	DO50789	2	0.210785182181106	norloop_tss	ICGC_Liver	tss	norloop
total_Indel	DO50791	1	0.105392591090553	norloop_tss	ICGC_Liver	tss	norloop
total_Indel	DO50793	5	0.526962955452765	norloop_tss	ICGC_Liver	tss	norloop
total_Indel	DO50796	3	0.316177773271659	norloop_tss	ICGC_Liver	tss	norloop
total_Indel	DO50798	4	0.421570364362212	norloop_tss	ICGC_Liver	tss	norloop
total_Indel	DO50799	4	0.421570364362212	norloop_tss	ICGC_Liver	tss	norloop
total_Indel	DO50800	2	0.210785182181106	norloop_tss	ICGC_Liver	tss	norloop
total_Indel	DO50802	1	0.105392591090553	norloop_tss	ICGC_Liver	tss	norloop
total_Indel	DO50803	1	0.105392591090553	norloop_tss	ICGC_Liver	tss	norloop
total_Indel	DO50804	3	0.316177773271659	norloop_tss	ICGC_Liver	tss	norloop
total_Indel	DO50805	3	0.316177773271659	norloop_tss	ICGC_Liver	tss	norloop
total_Indel	DO50806	3	0.316177773271659	norloop_tss	ICGC_Liver	tss	norloop
total_Indel	DO50807	1	0.105392591090553	norloop_tss	ICGC_Liver	tss	norloop
total_Indel	DO50808	2	0.210785182181106	norloop_tss	ICGC_Liver	tss	norloop
total_Indel	DO50809	1	0.105392591090553	norloop_tss	ICGC_Liver	tss	norloop
total_Indel	DO50811	4	0.421570364362212	norloop_tss	ICGC_Liver	tss	norloop
total_Indel	DO50813	2	0.210785182181106	norloop_tss	ICGC_Liver	tss	norloop
total_Indel	DO50814	5	0.526962955452765	norloop_tss	ICGC_Liver	tss	norloop
total_Indel	DO50815	2	0.210785182181106	norloop_tss	ICGC_Liver	tss	norloop
total_Indel	DO50816	0	0	norloop_tss	ICGC_Liver	tss	norloop
total_Indel	DO50817	5	0.526962955452765	norloop_tss	ICGC_Liver	tss	norloop
total_Indel	DO50818	1	0.105392591090553	norloop_tss	ICGC_Liver	tss	norloop
total_Indel	DO50819	0	0	norloop_tss	ICGC_Liver	tss	norloop
total_Indel	DO50820	1	0.105392591090553	norloop_tss	ICGC_Liver	tss	norloop
total_Indel	DO50822	2	0.210785182181106	norloop_tss	ICGC_Liver	tss	norloop
total_Indel	DO50825	5	0.526962955452765	norloop_tss	ICGC_Liver	tss	norloop
total_Indel	DO50827	0	0	norloop_tss	ICGC_Liver	tss	norloop
total_Indel	DO50829	0	0	norloop_tss	ICGC_Liver	tss	norloop
total_Indel	DO50831	0	0	norloop_tss	ICGC_Liver	tss	norloop
total_Indel	DO50832	1	0.105392591090553	norloop_tss	ICGC_Liver	tss	norloop
total_Indel	DO50834	3	0.316177773271659	norloop_tss	ICGC_Liver	tss	norloop
total_Indel	DO50837	0	0	norloop_tss	ICGC_Liver	tss	norloop
total_Indel	DO50839	4	0.421570364362212	norloop_tss	ICGC_Liver	tss	norloop
total_Indel	DO50840	2	0.210785182181106	norloop_tss	ICGC_Liver	tss	norloop
total_Indel	DO50842	7	0.737748137633871	norloop_tss	ICGC_Liver	tss	norloop
total_Indel	DO50844	2	0.210785182181106	norloop_tss	ICGC_Liver	tss	norloop
total_Indel	DO50845	0	0	norloop_tss	ICGC_Liver	tss	norloop
total_Indel	DO50848	0	0	norloop_tss	ICGC_Liver	tss	norloop
total_Indel	DO50850	0	0	norloop_tss	ICGC_Liver	tss	norloop
total_Indel	DO50851	2	0.210785182181106	norloop_tss	ICGC_Liver	tss	norloop
total_Indel	DO50855	0	0	norloop_tss	ICGC_Liver	tss	norloop
total_Indel	DO50857	1	0.105392591090553	norloop_tss	ICGC_Liver	tss	norloop
total_Indel	DO50859	1	0.105392591090553	norloop_tss	ICGC_Liver	tss	norloop
total_long_simple_indel	DO23508	2	0.210785182181106	norloop_tss	ICGC_Liver	tss	norloop
total_long_simple_indel	DO23509	0	0	norloop_tss	ICGC_Liver	tss	norloop
total_long_simple_indel	DO23510	0	0	norloop_tss	ICGC_Liver	tss	norloop
total_long_simple_indel	DO23512	0	0	norloop_tss	ICGC_Liver	tss	norloop
total_long_simple_indel	DO23513	0	0	norloop_tss	ICGC_Liver	tss	norloop
total_long_simple_indel	DO23514	0	0	norloop_tss	ICGC_Liver	tss	norloop
total_long_simple_indel	DO23515	1	0.105392591090553	norloop_tss	ICGC_Liver	tss	norloop
total_long_simple_indel	DO23516	0	0	norloop_tss	ICGC_Liver	tss	norloop
total_long_simple_indel	DO23517	0	0	norloop_tss	ICGC_Liver	tss	norloop
total_long_simple_indel	DO23518	0	0	norloop_tss	ICGC_Liver	tss	norloop
total_long_simple_indel	DO23519	1	0.105392591090553	norloop_tss	ICGC_Liver	tss	norloop
total_long_simple_indel	DO23520	0	0	norloop_tss	ICGC_Liver	tss	norloop
total_long_simple_indel	DO23521	0	0	norloop_tss	ICGC_Liver	tss	norloop
total_long_simple_indel	DO23522	1	0.105392591090553	norloop_tss	ICGC_Liver	tss	norloop
total_long_simple_indel	DO23524	0	0	norloop_tss	ICGC_Liver	tss	norloop
total_long_simple_indel	DO23525	0	0	norloop_tss	ICGC_Liver	tss	norloop
total_long_simple_indel	DO23526	0	0	norloop_tss	ICGC_Liver	tss	norloop
total_long_simple_indel	DO23527	1	0.105392591090553	norloop_tss	ICGC_Liver	tss	norloop
total_long_simple_indel	DO23528	0	0	norloop_tss	ICGC_Liver	tss	norloop
total_long_simple_indel	DO23529	0	0	norloop_tss	ICGC_Liver	tss	norloop
total_long_simple_indel	DO23530	0	0	norloop_tss	ICGC_Liver	tss	norloop
total_long_simple_indel	DO23532	1	0.105392591090553	norloop_tss	ICGC_Liver	tss	norloop
total_long_simple_indel	DO23533	1	0.105392591090553	norloop_tss	ICGC_Liver	tss	norloop
total_long_simple_indel	DO23534	0	0	norloop_tss	ICGC_Liver	tss	norloop
total_long_simple_indel	DO23535	0	0	norloop_tss	ICGC_Liver	tss	norloop
total_long_simple_indel	DO23536	0	0	norloop_tss	ICGC_Liver	tss	norloop
total_long_simple_indel	DO23537	2	0.210785182181106	norloop_tss	ICGC_Liver	tss	norloop
total_long_simple_indel	DO23538	0	0	norloop_tss	ICGC_Liver	tss	norloop
total_long_simple_indel	DO23539	0	0	norloop_tss	ICGC_Liver	tss	norloop
total_long_simple_indel	DO23540	0	0	norloop_tss	ICGC_Liver	tss	norloop
total_long_simple_indel	DO23541	0	0	norloop_tss	ICGC_Liver	tss	norloop
total_long_simple_indel	DO23542	1	0.105392591090553	norloop_tss	ICGC_Liver	tss	norloop
total_long_simple_indel	DO23543	0	0	norloop_tss	ICGC_Liver	tss	norloop
total_long_simple_indel	DO23544	0	0	norloop_tss	ICGC_Liver	tss	norloop
total_long_simple_indel	DO23545	0	0	norloop_tss	ICGC_Liver	tss	norloop
total_long_simple_indel	DO23546	1	0.105392591090553	norloop_tss	ICGC_Liver	tss	norloop
total_long_simple_indel	DO23547	0	0	norloop_tss	ICGC_Liver	tss	norloop
total_long_simple_indel	DO23548	1	0.105392591090553	norloop_tss	ICGC_Liver	tss	norloop
total_long_simple_indel	DO23549	0	0	norloop_tss	ICGC_Liver	tss	norloop
total_long_simple_indel	DO23550	0	0	norloop_tss	ICGC_Liver	tss	norloop
total_long_simple_indel	DO23551	1	0.105392591090553	norloop_tss	ICGC_Liver	tss	norloop
total_long_simple_indel	DO23552	0	0	norloop_tss	ICGC_Liver	tss	norloop
total_long_simple_indel	DO44740	0	0	norloop_tss	ICGC_Liver	tss	norloop
total_long_simple_indel	DO44744	2	0.210785182181106	norloop_tss	ICGC_Liver	tss	norloop
total_long_simple_indel	DO44806	1	0.105392591090553	norloop_tss	ICGC_Liver	tss	norloop
total_long_simple_indel	DO44808	0	0	norloop_tss	ICGC_Liver	tss	norloop
total_long_simple_indel	DO44828	1	0.105392591090553	norloop_tss	ICGC_Liver	tss	norloop
total_long_simple_indel	DO44832	0	0	norloop_tss	ICGC_Liver	tss	norloop
total_long_simple_indel	DO45029	0	0	norloop_tss	ICGC_Liver	tss	norloop
total_long_simple_indel	DO45035	2	0.210785182181106	norloop_tss	ICGC_Liver	tss	norloop
total_long_simple_indel	DO45037	0	0	norloop_tss	ICGC_Liver	tss	norloop
total_long_simple_indel	DO45039	0	0	norloop_tss	ICGC_Liver	tss	norloop
total_long_simple_indel	DO45041	2	0.210785182181106	norloop_tss	ICGC_Liver	tss	norloop
total_long_simple_indel	DO45043	0	0	norloop_tss	ICGC_Liver	tss	norloop
total_long_simple_indel	DO45045	0	0	norloop_tss	ICGC_Liver	tss	norloop
total_long_simple_indel	DO45047	0	0	norloop_tss	ICGC_Liver	tss	norloop
total_long_simple_indel	DO45049	2	0.210785182181106	norloop_tss	ICGC_Liver	tss	norloop
total_long_simple_indel	DO45051	0	0	norloop_tss	ICGC_Liver	tss	norloop
total_long_simple_indel	DO45055	1	0.105392591090553	norloop_tss	ICGC_Liver	tss	norloop
total_long_simple_indel	DO45057	1	0.105392591090553	norloop_tss	ICGC_Liver	tss	norloop
total_long_simple_indel	DO45059	0	0	norloop_tss	ICGC_Liver	tss	norloop
total_long_simple_indel	DO45061	1	0.105392591090553	norloop_tss	ICGC_Liver	tss	norloop
total_long_simple_indel	DO45064	0	0	norloop_tss	ICGC_Liver	tss	norloop
total_long_simple_indel	DO45065	0	0	norloop_tss	ICGC_Liver	tss	norloop
total_long_simple_indel	DO45067	0	0	norloop_tss	ICGC_Liver	tss	norloop
total_long_simple_indel	DO45069	0	0	norloop_tss	ICGC_Liver	tss	norloop
total_long_simple_indel	DO45071	0	0	norloop_tss	ICGC_Liver	tss	norloop
total_long_simple_indel	DO45073	0	0	norloop_tss	ICGC_Liver	tss	norloop
total_long_simple_indel	DO45075	1	0.105392591090553	norloop_tss	ICGC_Liver	tss	norloop
total_long_simple_indel	DO45077	2	0.210785182181106	norloop_tss	ICGC_Liver	tss	norloop
total_long_simple_indel	DO45079	0	0	norloop_tss	ICGC_Liver	tss	norloop
total_long_simple_indel	DO45081	0	0	norloop_tss	ICGC_Liver	tss	norloop
total_long_simple_indel	DO45083	1	0.105392591090553	norloop_tss	ICGC_Liver	tss	norloop
total_long_simple_indel	DO45085	1	0.105392591090553	norloop_tss	ICGC_Liver	tss	norloop
total_long_simple_indel	DO45087	0	0	norloop_tss	ICGC_Liver	tss	norloop
total_long_simple_indel	DO45089	2	0.210785182181106	norloop_tss	ICGC_Liver	tss	norloop
total_long_simple_indel	DO45091	0	0	norloop_tss	ICGC_Liver	tss	norloop
total_long_simple_indel	DO45092	0	0	norloop_tss	ICGC_Liver	tss	norloop
total_long_simple_indel	DO45093	0	0	norloop_tss	ICGC_Liver	tss	norloop
total_long_simple_indel	DO45094	0	0	norloop_tss	ICGC_Liver	tss	norloop
total_long_simple_indel	DO45095	0	0	norloop_tss	ICGC_Liver	tss	norloop
total_long_simple_indel	DO45096	0	0	norloop_tss	ICGC_Liver	tss	norloop
total_long_simple_indel	DO45097	1	0.105392591090553	norloop_tss	ICGC_Liver	tss	norloop
total_long_simple_indel	DO45099	0	0	norloop_tss	ICGC_Liver	tss	norloop
total_long_simple_indel	DO45101	0	0	norloop_tss	ICGC_Liver	tss	norloop
total_long_simple_indel	DO45103	0	0	norloop_tss	ICGC_Liver	tss	norloop
total_long_simple_indel	DO45105	0	0	norloop_tss	ICGC_Liver	tss	norloop
total_long_simple_indel	DO45107	0	0	norloop_tss	ICGC_Liver	tss	norloop
total_long_simple_indel	DO45109	0	0	norloop_tss	ICGC_Liver	tss	norloop
total_long_simple_indel	DO45111	0	0	norloop_tss	ICGC_Liver	tss	norloop
total_long_simple_indel	DO45113	0	0	norloop_tss	ICGC_Liver	tss	norloop
total_long_simple_indel	DO45115	0	0	norloop_tss	ICGC_Liver	tss	norloop
total_long_simple_indel	DO45117	2	0.210785182181106	norloop_tss	ICGC_Liver	tss	norloop
total_long_simple_indel	DO45119	0	0	norloop_tss	ICGC_Liver	tss	norloop
total_long_simple_indel	DO45121	0	0	norloop_tss	ICGC_Liver	tss	norloop
total_long_simple_indel	DO45123	0	0	norloop_tss	ICGC_Liver	tss	norloop
total_long_simple_indel	DO45125	0	0	norloop_tss	ICGC_Liver	tss	norloop
total_long_simple_indel	DO45127	0	0	norloop_tss	ICGC_Liver	tss	norloop
total_long_simple_indel	DO45129	0	0	norloop_tss	ICGC_Liver	tss	norloop
total_long_simple_indel	DO45131	1	0.105392591090553	norloop_tss	ICGC_Liver	tss	norloop
total_long_simple_indel	DO45133	0	0	norloop_tss	ICGC_Liver	tss	norloop
total_long_simple_indel	DO45135	1	0.105392591090553	norloop_tss	ICGC_Liver	tss	norloop
total_long_simple_indel	DO45137	1	0.105392591090553	norloop_tss	ICGC_Liver	tss	norloop
total_long_simple_indel	DO45139	1	0.105392591090553	norloop_tss	ICGC_Liver	tss	norloop
total_long_simple_indel	DO45141	1	0.105392591090553	norloop_tss	ICGC_Liver	tss	norloop
total_long_simple_indel	DO45143	1	0.105392591090553	norloop_tss	ICGC_Liver	tss	norloop
total_long_simple_indel	DO45145	0	0	norloop_tss	ICGC_Liver	tss	norloop
total_long_simple_indel	DO45147	0	0	norloop_tss	ICGC_Liver	tss	norloop
total_long_simple_indel	DO45149	0	0	norloop_tss	ICGC_Liver	tss	norloop
total_long_simple_indel	DO45151	0	0	norloop_tss	ICGC_Liver	tss	norloop
total_long_simple_indel	DO45153	0	0	norloop_tss	ICGC_Liver	tss	norloop
total_long_simple_indel	DO45155	0	0	norloop_tss	ICGC_Liver	tss	norloop
total_long_simple_indel	DO45157	0	0	norloop_tss	ICGC_Liver	tss	norloop
total_long_simple_indel	DO45159	0	0	norloop_tss	ICGC_Liver	tss	norloop
total_long_simple_indel	DO45161	0	0	norloop_tss	ICGC_Liver	tss	norloop
total_long_simple_indel	DO45163	0	0	norloop_tss	ICGC_Liver	tss	norloop
total_long_simple_indel	DO45165	0	0	norloop_tss	ICGC_Liver	tss	norloop
total_long_simple_indel	DO45167	0	0	norloop_tss	ICGC_Liver	tss	norloop
total_long_simple_indel	DO45169	0	0	norloop_tss	ICGC_Liver	tss	norloop
total_long_simple_indel	DO45171	0	0	norloop_tss	ICGC_Liver	tss	norloop
total_long_simple_indel	DO45173	0	0	norloop_tss	ICGC_Liver	tss	norloop
total_long_simple_indel	DO45175	1	0.105392591090553	norloop_tss	ICGC_Liver	tss	norloop
total_long_simple_indel	DO45177	0	0	norloop_tss	ICGC_Liver	tss	norloop
total_long_simple_indel	DO45179	0	0	norloop_tss	ICGC_Liver	tss	norloop
total_long_simple_indel	DO45181	0	0	norloop_tss	ICGC_Liver	tss	norloop
total_long_simple_indel	DO45183	0	0	norloop_tss	ICGC_Liver	tss	norloop
total_long_simple_indel	DO45185	1	0.105392591090553	norloop_tss	ICGC_Liver	tss	norloop
total_long_simple_indel	DO45187	0	0	norloop_tss	ICGC_Liver	tss	norloop
total_long_simple_indel	DO45189	0	0	norloop_tss	ICGC_Liver	tss	norloop
total_long_simple_indel	DO45191	1	0.105392591090553	norloop_tss	ICGC_Liver	tss	norloop
total_long_simple_indel	DO45193	0	0	norloop_tss	ICGC_Liver	tss	norloop
total_long_simple_indel	DO45197	1	0.105392591090553	norloop_tss	ICGC_Liver	tss	norloop
total_long_simple_indel	DO45199	2	0.210785182181106	norloop_tss	ICGC_Liver	tss	norloop
total_long_simple_indel	DO45201	0	0	norloop_tss	ICGC_Liver	tss	norloop
total_long_simple_indel	DO45203	1	0.105392591090553	norloop_tss	ICGC_Liver	tss	norloop
total_long_simple_indel	DO45205	2	0.210785182181106	norloop_tss	ICGC_Liver	tss	norloop
total_long_simple_indel	DO45207	0	0	norloop_tss	ICGC_Liver	tss	norloop
total_long_simple_indel	DO45209	0	0	norloop_tss	ICGC_Liver	tss	norloop
total_long_simple_indel	DO45211	0	0	norloop_tss	ICGC_Liver	tss	norloop
total_long_simple_indel	DO45213	0	0	norloop_tss	ICGC_Liver	tss	norloop
total_long_simple_indel	DO45215	0	0	norloop_tss	ICGC_Liver	tss	norloop
total_long_simple_indel	DO45217	0	0	norloop_tss	ICGC_Liver	tss	norloop
total_long_simple_indel	DO45219	0	0	norloop_tss	ICGC_Liver	tss	norloop
total_long_simple_indel	DO45221	1	0.105392591090553	norloop_tss	ICGC_Liver	tss	norloop
total_long_simple_indel	DO45223	0	0	norloop_tss	ICGC_Liver	tss	norloop
total_long_simple_indel	DO45225	0	0	norloop_tss	ICGC_Liver	tss	norloop
total_long_simple_indel	DO45227	0	0	norloop_tss	ICGC_Liver	tss	norloop
total_long_simple_indel	DO45229	1	0.105392591090553	norloop_tss	ICGC_Liver	tss	norloop
total_long_simple_indel	DO45233	0	0	norloop_tss	ICGC_Liver	tss	norloop
total_long_simple_indel	DO45235	0	0	norloop_tss	ICGC_Liver	tss	norloop
total_long_simple_indel	DO45237	0	0	norloop_tss	ICGC_Liver	tss	norloop
total_long_simple_indel	DO45239	0	0	norloop_tss	ICGC_Liver	tss	norloop
total_long_simple_indel	DO45241	0	0	norloop_tss	ICGC_Liver	tss	norloop
total_long_simple_indel	DO45247	0	0	norloop_tss	ICGC_Liver	tss	norloop
total_long_simple_indel	DO45253	0	0	norloop_tss	ICGC_Liver	tss	norloop
total_long_simple_indel	DO45255	0	0	norloop_tss	ICGC_Liver	tss	norloop
total_long_simple_indel	DO45257	0	0	norloop_tss	ICGC_Liver	tss	norloop
total_long_simple_indel	DO45263	0	0	norloop_tss	ICGC_Liver	tss	norloop
total_long_simple_indel	DO45265	0	0	norloop_tss	ICGC_Liver	tss	norloop
total_long_simple_indel	DO45267	0	0	norloop_tss	ICGC_Liver	tss	norloop
total_long_simple_indel	DO45269	1	0.105392591090553	norloop_tss	ICGC_Liver	tss	norloop
total_long_simple_indel	DO45273	0	0	norloop_tss	ICGC_Liver	tss	norloop
total_long_simple_indel	DO45277	1	0.105392591090553	norloop_tss	ICGC_Liver	tss	norloop
total_long_simple_indel	DO45281	0	0	norloop_tss	ICGC_Liver	tss	norloop
total_long_simple_indel	DO48672	0	0	norloop_tss	ICGC_Liver	tss	norloop
total_long_simple_indel	DO48674	0	0	norloop_tss	ICGC_Liver	tss	norloop
total_long_simple_indel	DO48677	2	0.210785182181106	norloop_tss	ICGC_Liver	tss	norloop
total_long_simple_indel	DO48679	0	0	norloop_tss	ICGC_Liver	tss	norloop
total_long_simple_indel	DO48681	1	0.105392591090553	norloop_tss	ICGC_Liver	tss	norloop
total_long_simple_indel	DO48682	7	0.737748137633871	norloop_tss	ICGC_Liver	tss	norloop
total_long_simple_indel	DO48684	0	0	norloop_tss	ICGC_Liver	tss	norloop
total_long_simple_indel	DO48686	1	0.105392591090553	norloop_tss	ICGC_Liver	tss	norloop
total_long_simple_indel	DO48687	0	0	norloop_tss	ICGC_Liver	tss	norloop
total_long_simple_indel	DO48689	1	0.105392591090553	norloop_tss	ICGC_Liver	tss	norloop
total_long_simple_indel	DO48691	0	0	norloop_tss	ICGC_Liver	tss	norloop
total_long_simple_indel	DO48692	0	0	norloop_tss	ICGC_Liver	tss	norloop
total_long_simple_indel	DO48693	0	0	norloop_tss	ICGC_Liver	tss	norloop
total_long_simple_indel	DO48694	0	0	norloop_tss	ICGC_Liver	tss	norloop
total_long_simple_indel	DO48695	0	0	norloop_tss	ICGC_Liver	tss	norloop
total_long_simple_indel	DO48697	0	0	norloop_tss	ICGC_Liver	tss	norloop
total_long_simple_indel	DO48700	0	0	norloop_tss	ICGC_Liver	tss	norloop
total_long_simple_indel	DO48701	0	0	norloop_tss	ICGC_Liver	tss	norloop
total_long_simple_indel	DO48703	0	0	norloop_tss	ICGC_Liver	tss	norloop
total_long_simple_indel	DO48704	1	0.105392591090553	norloop_tss	ICGC_Liver	tss	norloop
total_long_simple_indel	DO48706	0	0	norloop_tss	ICGC_Liver	tss	norloop
total_long_simple_indel	DO48709	0	0	norloop_tss	ICGC_Liver	tss	norloop
total_long_simple_indel	DO48712	0	0	norloop_tss	ICGC_Liver	tss	norloop
total_long_simple_indel	DO48715	0	0	norloop_tss	ICGC_Liver	tss	norloop
total_long_simple_indel	DO48716	1	0.105392591090553	norloop_tss	ICGC_Liver	tss	norloop
total_long_simple_indel	DO48717	0	0	norloop_tss	ICGC_Liver	tss	norloop
total_long_simple_indel	DO48719	1	0.105392591090553	norloop_tss	ICGC_Liver	tss	norloop
total_long_simple_indel	DO48720	0	0	norloop_tss	ICGC_Liver	tss	norloop
total_long_simple_indel	DO48721	1	0.105392591090553	norloop_tss	ICGC_Liver	tss	norloop
total_long_simple_indel	DO48723	0	0	norloop_tss	ICGC_Liver	tss	norloop
total_long_simple_indel	DO48725	0	0	norloop_tss	ICGC_Liver	tss	norloop
total_long_simple_indel	DO48727	0	0	norloop_tss	ICGC_Liver	tss	norloop
total_long_simple_indel	DO48728	0	0	norloop_tss	ICGC_Liver	tss	norloop
total_long_simple_indel	DO48730	0	0	norloop_tss	ICGC_Liver	tss	norloop
total_long_simple_indel	DO48732	1	0.105392591090553	norloop_tss	ICGC_Liver	tss	norloop
total_long_simple_indel	DO48733	0	0	norloop_tss	ICGC_Liver	tss	norloop
total_long_simple_indel	DO48736	0	0	norloop_tss	ICGC_Liver	tss	norloop
total_long_simple_indel	DO48737	0	0	norloop_tss	ICGC_Liver	tss	norloop
total_long_simple_indel	DO48741	1	0.105392591090553	norloop_tss	ICGC_Liver	tss	norloop
total_long_simple_indel	DO48742	1	0.105392591090553	norloop_tss	ICGC_Liver	tss	norloop
total_long_simple_indel	DO48743	0	0	norloop_tss	ICGC_Liver	tss	norloop
total_long_simple_indel	DO48747	0	0	norloop_tss	ICGC_Liver	tss	norloop
total_long_simple_indel	DO48751	2	0.210785182181106	norloop_tss	ICGC_Liver	tss	norloop
total_long_simple_indel	DO48753	1	0.105392591090553	norloop_tss	ICGC_Liver	tss	norloop
total_long_simple_indel	DO48757	0	0	norloop_tss	ICGC_Liver	tss	norloop
total_long_simple_indel	DO48759	1	0.105392591090553	norloop_tss	ICGC_Liver	tss	norloop
total_long_simple_indel	DO48760	0	0	norloop_tss	ICGC_Liver	tss	norloop
total_long_simple_indel	DO48761	0	0	norloop_tss	ICGC_Liver	tss	norloop
total_long_simple_indel	DO50772	1	0.105392591090553	norloop_tss	ICGC_Liver	tss	norloop
total_long_simple_indel	DO50774	0	0	norloop_tss	ICGC_Liver	tss	norloop
total_long_simple_indel	DO50776	0	0	norloop_tss	ICGC_Liver	tss	norloop
total_long_simple_indel	DO50778	0	0	norloop_tss	ICGC_Liver	tss	norloop
total_long_simple_indel	DO50780	3	0.316177773271659	norloop_tss	ICGC_Liver	tss	norloop
total_long_simple_indel	DO50783	1	0.105392591090553	norloop_tss	ICGC_Liver	tss	norloop
total_long_simple_indel	DO50785	0	0	norloop_tss	ICGC_Liver	tss	norloop
total_long_simple_indel	DO50787	0	0	norloop_tss	ICGC_Liver	tss	norloop
total_long_simple_indel	DO50789	0	0	norloop_tss	ICGC_Liver	tss	norloop
total_long_simple_indel	DO50791	0	0	norloop_tss	ICGC_Liver	tss	norloop
total_long_simple_indel	DO50793	1	0.105392591090553	norloop_tss	ICGC_Liver	tss	norloop
total_long_simple_indel	DO50796	1	0.105392591090553	norloop_tss	ICGC_Liver	tss	norloop
total_long_simple_indel	DO50798	0	0	norloop_tss	ICGC_Liver	tss	norloop
total_long_simple_indel	DO50799	0	0	norloop_tss	ICGC_Liver	tss	norloop
total_long_simple_indel	DO50800	0	0	norloop_tss	ICGC_Liver	tss	norloop
total_long_simple_indel	DO50802	0	0	norloop_tss	ICGC_Liver	tss	norloop
total_long_simple_indel	DO50803	0	0	norloop_tss	ICGC_Liver	tss	norloop
total_long_simple_indel	DO50804	1	0.105392591090553	norloop_tss	ICGC_Liver	tss	norloop
total_long_simple_indel	DO50805	1	0.105392591090553	norloop_tss	ICGC_Liver	tss	norloop
total_long_simple_indel	DO50806	1	0.105392591090553	norloop_tss	ICGC_Liver	tss	norloop
total_long_simple_indel	DO50807	0	0	norloop_tss	ICGC_Liver	tss	norloop
total_long_simple_indel	DO50808	1	0.105392591090553	norloop_tss	ICGC_Liver	tss	norloop
total_long_simple_indel	DO50809	0	0	norloop_tss	ICGC_Liver	tss	norloop
total_long_simple_indel	DO50811	1	0.105392591090553	norloop_tss	ICGC_Liver	tss	norloop
total_long_simple_indel	DO50813	0	0	norloop_tss	ICGC_Liver	tss	norloop
total_long_simple_indel	DO50814	1	0.105392591090553	norloop_tss	ICGC_Liver	tss	norloop
total_long_simple_indel	DO50815	1	0.105392591090553	norloop_tss	ICGC_Liver	tss	norloop
total_long_simple_indel	DO50816	0	0	norloop_tss	ICGC_Liver	tss	norloop
total_long_simple_indel	DO50817	2	0.210785182181106	norloop_tss	ICGC_Liver	tss	norloop
total_long_simple_indel	DO50818	0	0	norloop_tss	ICGC_Liver	tss	norloop
total_long_simple_indel	DO50819	0	0	norloop_tss	ICGC_Liver	tss	norloop
total_long_simple_indel	DO50820	0	0	norloop_tss	ICGC_Liver	tss	norloop
total_long_simple_indel	DO50822	1	0.105392591090553	norloop_tss	ICGC_Liver	tss	norloop
total_long_simple_indel	DO50825	2	0.210785182181106	norloop_tss	ICGC_Liver	tss	norloop
total_long_simple_indel	DO50827	0	0	norloop_tss	ICGC_Liver	tss	norloop
total_long_simple_indel	DO50829	0	0	norloop_tss	ICGC_Liver	tss	norloop
total_long_simple_indel	DO50831	0	0	norloop_tss	ICGC_Liver	tss	norloop
total_long_simple_indel	DO50832	0	0	norloop_tss	ICGC_Liver	tss	norloop
total_long_simple_indel	DO50834	1	0.105392591090553	norloop_tss	ICGC_Liver	tss	norloop
total_long_simple_indel	DO50837	0	0	norloop_tss	ICGC_Liver	tss	norloop
total_long_simple_indel	DO50839	1	0.105392591090553	norloop_tss	ICGC_Liver	tss	norloop
total_long_simple_indel	DO50840	0	0	norloop_tss	ICGC_Liver	tss	norloop
total_long_simple_indel	DO50842	0	0	norloop_tss	ICGC_Liver	tss	norloop
total_long_simple_indel	DO50844	0	0	norloop_tss	ICGC_Liver	tss	norloop
total_long_simple_indel	DO50845	0	0	norloop_tss	ICGC_Liver	tss	norloop
total_long_simple_indel	DO50848	0	0	norloop_tss	ICGC_Liver	tss	norloop
total_long_simple_indel	DO50850	0	0	norloop_tss	ICGC_Liver	tss	norloop
total_long_simple_indel	DO50851	2	0.210785182181106	norloop_tss	ICGC_Liver	tss	norloop
total_long_simple_indel	DO50855	0	0	norloop_tss	ICGC_Liver	tss	norloop
total_long_simple_indel	DO50857	0	0	norloop_tss	ICGC_Liver	tss	norloop
total_long_simple_indel	DO50859	0	0	norloop_tss	ICGC_Liver	tss	norloop
total_long_indel	DO23508	2	0.210785182181106	norloop_tss	ICGC_Liver	tss	norloop
total_long_indel	DO23509	0	0	norloop_tss	ICGC_Liver	tss	norloop
total_long_indel	DO23510	1	0.105392591090553	norloop_tss	ICGC_Liver	tss	norloop
total_long_indel	DO23512	0	0	norloop_tss	ICGC_Liver	tss	norloop
total_long_indel	DO23513	0	0	norloop_tss	ICGC_Liver	tss	norloop
total_long_indel	DO23514	0	0	norloop_tss	ICGC_Liver	tss	norloop
total_long_indel	DO23515	1	0.105392591090553	norloop_tss	ICGC_Liver	tss	norloop
total_long_indel	DO23516	0	0	norloop_tss	ICGC_Liver	tss	norloop
total_long_indel	DO23517	0	0	norloop_tss	ICGC_Liver	tss	norloop
total_long_indel	DO23518	0	0	norloop_tss	ICGC_Liver	tss	norloop
total_long_indel	DO23519	1	0.105392591090553	norloop_tss	ICGC_Liver	tss	norloop
total_long_indel	DO23520	0	0	norloop_tss	ICGC_Liver	tss	norloop
total_long_indel	DO23521	0	0	norloop_tss	ICGC_Liver	tss	norloop
total_long_indel	DO23522	1	0.105392591090553	norloop_tss	ICGC_Liver	tss	norloop
total_long_indel	DO23524	0	0	norloop_tss	ICGC_Liver	tss	norloop
total_long_indel	DO23525	1	0.105392591090553	norloop_tss	ICGC_Liver	tss	norloop
total_long_indel	DO23526	0	0	norloop_tss	ICGC_Liver	tss	norloop
total_long_indel	DO23527	1	0.105392591090553	norloop_tss	ICGC_Liver	tss	norloop
total_long_indel	DO23528	0	0	norloop_tss	ICGC_Liver	tss	norloop
total_long_indel	DO23529	0	0	norloop_tss	ICGC_Liver	tss	norloop
total_long_indel	DO23530	0	0	norloop_tss	ICGC_Liver	tss	norloop
total_long_indel	DO23532	1	0.105392591090553	norloop_tss	ICGC_Liver	tss	norloop
total_long_indel	DO23533	1	0.105392591090553	norloop_tss	ICGC_Liver	tss	norloop
total_long_indel	DO23534	0	0	norloop_tss	ICGC_Liver	tss	norloop
total_long_indel	DO23535	0	0	norloop_tss	ICGC_Liver	tss	norloop
total_long_indel	DO23536	0	0	norloop_tss	ICGC_Liver	tss	norloop
total_long_indel	DO23537	2	0.210785182181106	norloop_tss	ICGC_Liver	tss	norloop
total_long_indel	DO23538	0	0	norloop_tss	ICGC_Liver	tss	norloop
total_long_indel	DO23539	1	0.105392591090553	norloop_tss	ICGC_Liver	tss	norloop
total_long_indel	DO23540	0	0	norloop_tss	ICGC_Liver	tss	norloop
total_long_indel	DO23541	0	0	norloop_tss	ICGC_Liver	tss	norloop
total_long_indel	DO23542	1	0.105392591090553	norloop_tss	ICGC_Liver	tss	norloop
total_long_indel	DO23543	0	0	norloop_tss	ICGC_Liver	tss	norloop
total_long_indel	DO23544	0	0	norloop_tss	ICGC_Liver	tss	norloop
total_long_indel	DO23545	1	0.105392591090553	norloop_tss	ICGC_Liver	tss	norloop
total_long_indel	DO23546	1	0.105392591090553	norloop_tss	ICGC_Liver	tss	norloop
total_long_indel	DO23547	0	0	norloop_tss	ICGC_Liver	tss	norloop
total_long_indel	DO23548	1	0.105392591090553	norloop_tss	ICGC_Liver	tss	norloop
total_long_indel	DO23549	0	0	norloop_tss	ICGC_Liver	tss	norloop
total_long_indel	DO23550	0	0	norloop_tss	ICGC_Liver	tss	norloop
total_long_indel	DO23551	1	0.105392591090553	norloop_tss	ICGC_Liver	tss	norloop
total_long_indel	DO23552	0	0	norloop_tss	ICGC_Liver	tss	norloop
total_long_indel	DO44740	0	0	norloop_tss	ICGC_Liver	tss	norloop
total_long_indel	DO44744	2	0.210785182181106	norloop_tss	ICGC_Liver	tss	norloop
total_long_indel	DO44806	1	0.105392591090553	norloop_tss	ICGC_Liver	tss	norloop
total_long_indel	DO44808	0	0	norloop_tss	ICGC_Liver	tss	norloop
total_long_indel	DO44828	3	0.316177773271659	norloop_tss	ICGC_Liver	tss	norloop
total_long_indel	DO44832	0	0	norloop_tss	ICGC_Liver	tss	norloop
total_long_indel	DO45029	1	0.105392591090553	norloop_tss	ICGC_Liver	tss	norloop
total_long_indel	DO45035	2	0.210785182181106	norloop_tss	ICGC_Liver	tss	norloop
total_long_indel	DO45037	1	0.105392591090553	norloop_tss	ICGC_Liver	tss	norloop
total_long_indel	DO45039	0	0	norloop_tss	ICGC_Liver	tss	norloop
total_long_indel	DO45041	2	0.210785182181106	norloop_tss	ICGC_Liver	tss	norloop
total_long_indel	DO45043	0	0	norloop_tss	ICGC_Liver	tss	norloop
total_long_indel	DO45045	0	0	norloop_tss	ICGC_Liver	tss	norloop
total_long_indel	DO45047	0	0	norloop_tss	ICGC_Liver	tss	norloop
total_long_indel	DO45049	2	0.210785182181106	norloop_tss	ICGC_Liver	tss	norloop
total_long_indel	DO45051	0	0	norloop_tss	ICGC_Liver	tss	norloop
total_long_indel	DO45055	1	0.105392591090553	norloop_tss	ICGC_Liver	tss	norloop
total_long_indel	DO45057	1	0.105392591090553	norloop_tss	ICGC_Liver	tss	norloop
total_long_indel	DO45059	0	0	norloop_tss	ICGC_Liver	tss	norloop
total_long_indel	DO45061	1	0.105392591090553	norloop_tss	ICGC_Liver	tss	norloop
total_long_indel	DO45064	0	0	norloop_tss	ICGC_Liver	tss	norloop
total_long_indel	DO45065	0	0	norloop_tss	ICGC_Liver	tss	norloop
total_long_indel	DO45067	1	0.105392591090553	norloop_tss	ICGC_Liver	tss	norloop
total_long_indel	DO45069	1	0.105392591090553	norloop_tss	ICGC_Liver	tss	norloop
total_long_indel	DO45071	0	0	norloop_tss	ICGC_Liver	tss	norloop
total_long_indel	DO45073	0	0	norloop_tss	ICGC_Liver	tss	norloop
total_long_indel	DO45075	1	0.105392591090553	norloop_tss	ICGC_Liver	tss	norloop
total_long_indel	DO45077	2	0.210785182181106	norloop_tss	ICGC_Liver	tss	norloop
total_long_indel	DO45079	1	0.105392591090553	norloop_tss	ICGC_Liver	tss	norloop
total_long_indel	DO45081	1	0.105392591090553	norloop_tss	ICGC_Liver	tss	norloop
total_long_indel	DO45083	4	0.421570364362212	norloop_tss	ICGC_Liver	tss	norloop
total_long_indel	DO45085	1	0.105392591090553	norloop_tss	ICGC_Liver	tss	norloop
total_long_indel	DO45087	0	0	norloop_tss	ICGC_Liver	tss	norloop
total_long_indel	DO45089	2	0.210785182181106	norloop_tss	ICGC_Liver	tss	norloop
total_long_indel	DO45091	1	0.105392591090553	norloop_tss	ICGC_Liver	tss	norloop
total_long_indel	DO45092	0	0	norloop_tss	ICGC_Liver	tss	norloop
total_long_indel	DO45093	0	0	norloop_tss	ICGC_Liver	tss	norloop
total_long_indel	DO45094	0	0	norloop_tss	ICGC_Liver	tss	norloop
total_long_indel	DO45095	0	0	norloop_tss	ICGC_Liver	tss	norloop
total_long_indel	DO45096	0	0	norloop_tss	ICGC_Liver	tss	norloop
total_long_indel	DO45097	1	0.105392591090553	norloop_tss	ICGC_Liver	tss	norloop
total_long_indel	DO45099	0	0	norloop_tss	ICGC_Liver	tss	norloop
total_long_indel	DO45101	0	0	norloop_tss	ICGC_Liver	tss	norloop
total_long_indel	DO45103	0	0	norloop_tss	ICGC_Liver	tss	norloop
total_long_indel	DO45105	0	0	norloop_tss	ICGC_Liver	tss	norloop
total_long_indel	DO45107	0	0	norloop_tss	ICGC_Liver	tss	norloop
total_long_indel	DO45109	0	0	norloop_tss	ICGC_Liver	tss	norloop
total_long_indel	DO45111	0	0	norloop_tss	ICGC_Liver	tss	norloop
total_long_indel	DO45113	0	0	norloop_tss	ICGC_Liver	tss	norloop
total_long_indel	DO45115	0	0	norloop_tss	ICGC_Liver	tss	norloop
total_long_indel	DO45117	2	0.210785182181106	norloop_tss	ICGC_Liver	tss	norloop
total_long_indel	DO45119	0	0	norloop_tss	ICGC_Liver	tss	norloop
total_long_indel	DO45121	1	0.105392591090553	norloop_tss	ICGC_Liver	tss	norloop
total_long_indel	DO45123	0	0	norloop_tss	ICGC_Liver	tss	norloop
total_long_indel	DO45125	0	0	norloop_tss	ICGC_Liver	tss	norloop
total_long_indel	DO45127	0	0	norloop_tss	ICGC_Liver	tss	norloop
total_long_indel	DO45129	0	0	norloop_tss	ICGC_Liver	tss	norloop
total_long_indel	DO45131	1	0.105392591090553	norloop_tss	ICGC_Liver	tss	norloop
total_long_indel	DO45133	0	0	norloop_tss	ICGC_Liver	tss	norloop
total_long_indel	DO45135	1	0.105392591090553	norloop_tss	ICGC_Liver	tss	norloop
total_long_indel	DO45137	1	0.105392591090553	norloop_tss	ICGC_Liver	tss	norloop
total_long_indel	DO45139	2	0.210785182181106	norloop_tss	ICGC_Liver	tss	norloop
total_long_indel	DO45141	2	0.210785182181106	norloop_tss	ICGC_Liver	tss	norloop
total_long_indel	DO45143	1	0.105392591090553	norloop_tss	ICGC_Liver	tss	norloop
total_long_indel	DO45145	0	0	norloop_tss	ICGC_Liver	tss	norloop
total_long_indel	DO45147	0	0	norloop_tss	ICGC_Liver	tss	norloop
total_long_indel	DO45149	0	0	norloop_tss	ICGC_Liver	tss	norloop
total_long_indel	DO45151	0	0	norloop_tss	ICGC_Liver	tss	norloop
total_long_indel	DO45153	1	0.105392591090553	norloop_tss	ICGC_Liver	tss	norloop
total_long_indel	DO45155	0	0	norloop_tss	ICGC_Liver	tss	norloop
total_long_indel	DO45157	0	0	norloop_tss	ICGC_Liver	tss	norloop
total_long_indel	DO45159	0	0	norloop_tss	ICGC_Liver	tss	norloop
total_long_indel	DO45161	1	0.105392591090553	norloop_tss	ICGC_Liver	tss	norloop
total_long_indel	DO45163	1	0.105392591090553	norloop_tss	ICGC_Liver	tss	norloop
total_long_indel	DO45165	1	0.105392591090553	norloop_tss	ICGC_Liver	tss	norloop
total_long_indel	DO45167	0	0	norloop_tss	ICGC_Liver	tss	norloop
total_long_indel	DO45169	0	0	norloop_tss	ICGC_Liver	tss	norloop
total_long_indel	DO45171	1	0.105392591090553	norloop_tss	ICGC_Liver	tss	norloop
total_long_indel	DO45173	0	0	norloop_tss	ICGC_Liver	tss	norloop
total_long_indel	DO45175	2	0.210785182181106	norloop_tss	ICGC_Liver	tss	norloop
total_long_indel	DO45177	0	0	norloop_tss	ICGC_Liver	tss	norloop
total_long_indel	DO45179	0	0	norloop_tss	ICGC_Liver	tss	norloop
total_long_indel	DO45181	0	0	norloop_tss	ICGC_Liver	tss	norloop
total_long_indel	DO45183	1	0.105392591090553	norloop_tss	ICGC_Liver	tss	norloop
total_long_indel	DO45185	1	0.105392591090553	norloop_tss	ICGC_Liver	tss	norloop
total_long_indel	DO45187	0	0	norloop_tss	ICGC_Liver	tss	norloop
total_long_indel	DO45189	0	0	norloop_tss	ICGC_Liver	tss	norloop
total_long_indel	DO45191	2	0.210785182181106	norloop_tss	ICGC_Liver	tss	norloop
total_long_indel	DO45193	0	0	norloop_tss	ICGC_Liver	tss	norloop
total_long_indel	DO45197	1	0.105392591090553	norloop_tss	ICGC_Liver	tss	norloop
total_long_indel	DO45199	2	0.210785182181106	norloop_tss	ICGC_Liver	tss	norloop
total_long_indel	DO45201	0	0	norloop_tss	ICGC_Liver	tss	norloop
total_long_indel	DO45203	2	0.210785182181106	norloop_tss	ICGC_Liver	tss	norloop
total_long_indel	DO45205	2	0.210785182181106	norloop_tss	ICGC_Liver	tss	norloop
total_long_indel	DO45207	0	0	norloop_tss	ICGC_Liver	tss	norloop
total_long_indel	DO45209	0	0	norloop_tss	ICGC_Liver	tss	norloop
total_long_indel	DO45211	0	0	norloop_tss	ICGC_Liver	tss	norloop
total_long_indel	DO45213	1	0.105392591090553	norloop_tss	ICGC_Liver	tss	norloop
total_long_indel	DO45215	0	0	norloop_tss	ICGC_Liver	tss	norloop
total_long_indel	DO45217	0	0	norloop_tss	ICGC_Liver	tss	norloop
total_long_indel	DO45219	0	0	norloop_tss	ICGC_Liver	tss	norloop
total_long_indel	DO45221	1	0.105392591090553	norloop_tss	ICGC_Liver	tss	norloop
total_long_indel	DO45223	0	0	norloop_tss	ICGC_Liver	tss	norloop
total_long_indel	DO45225	1	0.105392591090553	norloop_tss	ICGC_Liver	tss	norloop
total_long_indel	DO45227	0	0	norloop_tss	ICGC_Liver	tss	norloop
total_long_indel	DO45229	1	0.105392591090553	norloop_tss	ICGC_Liver	tss	norloop
total_long_indel	DO45233	0	0	norloop_tss	ICGC_Liver	tss	norloop
total_long_indel	DO45235	0	0	norloop_tss	ICGC_Liver	tss	norloop
total_long_indel	DO45237	1	0.105392591090553	norloop_tss	ICGC_Liver	tss	norloop
total_long_indel	DO45239	0	0	norloop_tss	ICGC_Liver	tss	norloop
total_long_indel	DO45241	0	0	norloop_tss	ICGC_Liver	tss	norloop
total_long_indel	DO45247	0	0	norloop_tss	ICGC_Liver	tss	norloop
total_long_indel	DO45253	1	0.105392591090553	norloop_tss	ICGC_Liver	tss	norloop
total_long_indel	DO45255	0	0	norloop_tss	ICGC_Liver	tss	norloop
total_long_indel	DO45257	0	0	norloop_tss	ICGC_Liver	tss	norloop
total_long_indel	DO45263	0	0	norloop_tss	ICGC_Liver	tss	norloop
total_long_indel	DO45265	0	0	norloop_tss	ICGC_Liver	tss	norloop
total_long_indel	DO45267	0	0	norloop_tss	ICGC_Liver	tss	norloop
total_long_indel	DO45269	1	0.105392591090553	norloop_tss	ICGC_Liver	tss	norloop
total_long_indel	DO45273	0	0	norloop_tss	ICGC_Liver	tss	norloop
total_long_indel	DO45277	2	0.210785182181106	norloop_tss	ICGC_Liver	tss	norloop
total_long_indel	DO45281	0	0	norloop_tss	ICGC_Liver	tss	norloop
total_long_indel	DO48672	0	0	norloop_tss	ICGC_Liver	tss	norloop
total_long_indel	DO48674	0	0	norloop_tss	ICGC_Liver	tss	norloop
total_long_indel	DO48677	2	0.210785182181106	norloop_tss	ICGC_Liver	tss	norloop
total_long_indel	DO48679	0	0	norloop_tss	ICGC_Liver	tss	norloop
total_long_indel	DO48681	1	0.105392591090553	norloop_tss	ICGC_Liver	tss	norloop
total_long_indel	DO48682	10	1.05392591090553	norloop_tss	ICGC_Liver	tss	norloop
total_long_indel	DO48684	0	0	norloop_tss	ICGC_Liver	tss	norloop
total_long_indel	DO48686	1	0.105392591090553	norloop_tss	ICGC_Liver	tss	norloop
total_long_indel	DO48687	0	0	norloop_tss	ICGC_Liver	tss	norloop
total_long_indel	DO48689	2	0.210785182181106	norloop_tss	ICGC_Liver	tss	norloop
total_long_indel	DO48691	0	0	norloop_tss	ICGC_Liver	tss	norloop
total_long_indel	DO48692	0	0	norloop_tss	ICGC_Liver	tss	norloop
total_long_indel	DO48693	0	0	norloop_tss	ICGC_Liver	tss	norloop
total_long_indel	DO48694	0	0	norloop_tss	ICGC_Liver	tss	norloop
total_long_indel	DO48695	0	0	norloop_tss	ICGC_Liver	tss	norloop
total_long_indel	DO48697	0	0	norloop_tss	ICGC_Liver	tss	norloop
total_long_indel	DO48700	0	0	norloop_tss	ICGC_Liver	tss	norloop
total_long_indel	DO48701	1	0.105392591090553	norloop_tss	ICGC_Liver	tss	norloop
total_long_indel	DO48703	0	0	norloop_tss	ICGC_Liver	tss	norloop
total_long_indel	DO48704	1	0.105392591090553	norloop_tss	ICGC_Liver	tss	norloop
total_long_indel	DO48706	0	0	norloop_tss	ICGC_Liver	tss	norloop
total_long_indel	DO48709	0	0	norloop_tss	ICGC_Liver	tss	norloop
total_long_indel	DO48712	0	0	norloop_tss	ICGC_Liver	tss	norloop
total_long_indel	DO48715	0	0	norloop_tss	ICGC_Liver	tss	norloop
total_long_indel	DO48716	1	0.105392591090553	norloop_tss	ICGC_Liver	tss	norloop
total_long_indel	DO48717	0	0	norloop_tss	ICGC_Liver	tss	norloop
total_long_indel	DO48719	4	0.421570364362212	norloop_tss	ICGC_Liver	tss	norloop
total_long_indel	DO48720	0	0	norloop_tss	ICGC_Liver	tss	norloop
total_long_indel	DO48721	2	0.210785182181106	norloop_tss	ICGC_Liver	tss	norloop
total_long_indel	DO48723	0	0	norloop_tss	ICGC_Liver	tss	norloop
total_long_indel	DO48725	0	0	norloop_tss	ICGC_Liver	tss	norloop
total_long_indel	DO48727	0	0	norloop_tss	ICGC_Liver	tss	norloop
total_long_indel	DO48728	0	0	norloop_tss	ICGC_Liver	tss	norloop
total_long_indel	DO48730	1	0.105392591090553	norloop_tss	ICGC_Liver	tss	norloop
total_long_indel	DO48732	3	0.316177773271659	norloop_tss	ICGC_Liver	tss	norloop
total_long_indel	DO48733	0	0	norloop_tss	ICGC_Liver	tss	norloop
total_long_indel	DO48736	0	0	norloop_tss	ICGC_Liver	tss	norloop
total_long_indel	DO48737	0	0	norloop_tss	ICGC_Liver	tss	norloop
total_long_indel	DO48741	1	0.105392591090553	norloop_tss	ICGC_Liver	tss	norloop
total_long_indel	DO48742	1	0.105392591090553	norloop_tss	ICGC_Liver	tss	norloop
total_long_indel	DO48743	0	0	norloop_tss	ICGC_Liver	tss	norloop
total_long_indel	DO48747	0	0	norloop_tss	ICGC_Liver	tss	norloop
total_long_indel	DO48751	4	0.421570364362212	norloop_tss	ICGC_Liver	tss	norloop
total_long_indel	DO48753	1	0.105392591090553	norloop_tss	ICGC_Liver	tss	norloop
total_long_indel	DO48757	0	0	norloop_tss	ICGC_Liver	tss	norloop
total_long_indel	DO48759	1	0.105392591090553	norloop_tss	ICGC_Liver	tss	norloop
total_long_indel	DO48760	0	0	norloop_tss	ICGC_Liver	tss	norloop
total_long_indel	DO48761	0	0	norloop_tss	ICGC_Liver	tss	norloop
total_long_indel	DO50772	1	0.105392591090553	norloop_tss	ICGC_Liver	tss	norloop
total_long_indel	DO50774	1	0.105392591090553	norloop_tss	ICGC_Liver	tss	norloop
total_long_indel	DO50776	1	0.105392591090553	norloop_tss	ICGC_Liver	tss	norloop
total_long_indel	DO50778	0	0	norloop_tss	ICGC_Liver	tss	norloop
total_long_indel	DO50780	3	0.316177773271659	norloop_tss	ICGC_Liver	tss	norloop
total_long_indel	DO50783	1	0.105392591090553	norloop_tss	ICGC_Liver	tss	norloop
total_long_indel	DO50785	0	0	norloop_tss	ICGC_Liver	tss	norloop
total_long_indel	DO50787	0	0	norloop_tss	ICGC_Liver	tss	norloop
total_long_indel	DO50789	0	0	norloop_tss	ICGC_Liver	tss	norloop
total_long_indel	DO50791	0	0	norloop_tss	ICGC_Liver	tss	norloop
total_long_indel	DO50793	1	0.105392591090553	norloop_tss	ICGC_Liver	tss	norloop
total_long_indel	DO50796	2	0.210785182181106	norloop_tss	ICGC_Liver	tss	norloop
total_long_indel	DO50798	0	0	norloop_tss	ICGC_Liver	tss	norloop
total_long_indel	DO50799	1	0.105392591090553	norloop_tss	ICGC_Liver	tss	norloop
total_long_indel	DO50800	1	0.105392591090553	norloop_tss	ICGC_Liver	tss	norloop
total_long_indel	DO50802	0	0	norloop_tss	ICGC_Liver	tss	norloop
total_long_indel	DO50803	1	0.105392591090553	norloop_tss	ICGC_Liver	tss	norloop
total_long_indel	DO50804	1	0.105392591090553	norloop_tss	ICGC_Liver	tss	norloop
total_long_indel	DO50805	1	0.105392591090553	norloop_tss	ICGC_Liver	tss	norloop
total_long_indel	DO50806	1	0.105392591090553	norloop_tss	ICGC_Liver	tss	norloop
total_long_indel	DO50807	0	0	norloop_tss	ICGC_Liver	tss	norloop
total_long_indel	DO50808	1	0.105392591090553	norloop_tss	ICGC_Liver	tss	norloop
total_long_indel	DO50809	0	0	norloop_tss	ICGC_Liver	tss	norloop
total_long_indel	DO50811	3	0.316177773271659	norloop_tss	ICGC_Liver	tss	norloop
total_long_indel	DO50813	1	0.105392591090553	norloop_tss	ICGC_Liver	tss	norloop
total_long_indel	DO50814	1	0.105392591090553	norloop_tss	ICGC_Liver	tss	norloop
total_long_indel	DO50815	1	0.105392591090553	norloop_tss	ICGC_Liver	tss	norloop
total_long_indel	DO50816	0	0	norloop_tss	ICGC_Liver	tss	norloop
total_long_indel	DO50817	3	0.316177773271659	norloop_tss	ICGC_Liver	tss	norloop
total_long_indel	DO50818	0	0	norloop_tss	ICGC_Liver	tss	norloop
total_long_indel	DO50819	0	0	norloop_tss	ICGC_Liver	tss	norloop
total_long_indel	DO50820	1	0.105392591090553	norloop_tss	ICGC_Liver	tss	norloop
total_long_indel	DO50822	1	0.105392591090553	norloop_tss	ICGC_Liver	tss	norloop
total_long_indel	DO50825	2	0.210785182181106	norloop_tss	ICGC_Liver	tss	norloop
total_long_indel	DO50827	0	0	norloop_tss	ICGC_Liver	tss	norloop
total_long_indel	DO50829	0	0	norloop_tss	ICGC_Liver	tss	norloop
total_long_indel	DO50831	0	0	norloop_tss	ICGC_Liver	tss	norloop
total_long_indel	DO50832	1	0.105392591090553	norloop_tss	ICGC_Liver	tss	norloop
total_long_indel	DO50834	2	0.210785182181106	norloop_tss	ICGC_Liver	tss	norloop
total_long_indel	DO50837	0	0	norloop_tss	ICGC_Liver	tss	norloop
total_long_indel	DO50839	1	0.105392591090553	norloop_tss	ICGC_Liver	tss	norloop
total_long_indel	DO50840	1	0.105392591090553	norloop_tss	ICGC_Liver	tss	norloop
total_long_indel	DO50842	0	0	norloop_tss	ICGC_Liver	tss	norloop
total_long_indel	DO50844	2	0.210785182181106	norloop_tss	ICGC_Liver	tss	norloop
total_long_indel	DO50845	0	0	norloop_tss	ICGC_Liver	tss	norloop
total_long_indel	DO50848	0	0	norloop_tss	ICGC_Liver	tss	norloop
total_long_indel	DO50850	0	0	norloop_tss	ICGC_Liver	tss	norloop
total_long_indel	DO50851	2	0.210785182181106	norloop_tss	ICGC_Liver	tss	norloop
total_long_indel	DO50855	0	0	norloop_tss	ICGC_Liver	tss	norloop
total_long_indel	DO50857	1	0.105392591090553	norloop_tss	ICGC_Liver	tss	norloop
total_long_indel	DO50859	0	0	norloop_tss	ICGC_Liver	tss	norloop
total_Indel	DO23508	3	0.342000928874523	rloop_tts	ICGC_Liver	tts	rloop
total_Indel	DO23509	0	0	rloop_tts	ICGC_Liver	tts	rloop
total_Indel	DO23510	1	0.114000309624841	rloop_tts	ICGC_Liver	tts	rloop
total_Indel	DO23512	0	0	rloop_tts	ICGC_Liver	tts	rloop
total_Indel	DO23513	2	0.228000619249682	rloop_tts	ICGC_Liver	tts	rloop
total_Indel	DO23514	1	0.114000309624841	rloop_tts	ICGC_Liver	tts	rloop
total_Indel	DO23515	1	0.114000309624841	rloop_tts	ICGC_Liver	tts	rloop
total_Indel	DO23516	3	0.342000928874523	rloop_tts	ICGC_Liver	tts	rloop
total_Indel	DO23517	0	0	rloop_tts	ICGC_Liver	tts	rloop
total_Indel	DO23518	5	0.570001548124205	rloop_tts	ICGC_Liver	tts	rloop
total_Indel	DO23519	0	0	rloop_tts	ICGC_Liver	tts	rloop
total_Indel	DO23520	2	0.228000619249682	rloop_tts	ICGC_Liver	tts	rloop
total_Indel	DO23521	2	0.228000619249682	rloop_tts	ICGC_Liver	tts	rloop
total_Indel	DO23522	1	0.114000309624841	rloop_tts	ICGC_Liver	tts	rloop
total_Indel	DO23524	0	0	rloop_tts	ICGC_Liver	tts	rloop
total_Indel	DO23525	2	0.228000619249682	rloop_tts	ICGC_Liver	tts	rloop
total_Indel	DO23526	0	0	rloop_tts	ICGC_Liver	tts	rloop
total_Indel	DO23527	1	0.114000309624841	rloop_tts	ICGC_Liver	tts	rloop
total_Indel	DO23528	0	0	rloop_tts	ICGC_Liver	tts	rloop
total_Indel	DO23529	1	0.114000309624841	rloop_tts	ICGC_Liver	tts	rloop
total_Indel	DO23532	1	0.114000309624841	rloop_tts	ICGC_Liver	tts	rloop
total_Indel	DO23533	1	0.114000309624841	rloop_tts	ICGC_Liver	tts	rloop
total_Indel	DO23534	0	0	rloop_tts	ICGC_Liver	tts	rloop
total_Indel	DO23535	0	0	rloop_tts	ICGC_Liver	tts	rloop
total_Indel	DO23536	0	0	rloop_tts	ICGC_Liver	tts	rloop
total_Indel	DO23537	0	0	rloop_tts	ICGC_Liver	tts	rloop
total_Indel	DO23538	0	0	rloop_tts	ICGC_Liver	tts	rloop
total_Indel	DO23539	2	0.228000619249682	rloop_tts	ICGC_Liver	tts	rloop
total_Indel	DO23540	5	0.570001548124205	rloop_tts	ICGC_Liver	tts	rloop
total_Indel	DO23541	1	0.114000309624841	rloop_tts	ICGC_Liver	tts	rloop
total_Indel	DO23542	0	0	rloop_tts	ICGC_Liver	tts	rloop
total_Indel	DO23543	4	0.456001238499364	rloop_tts	ICGC_Liver	tts	rloop
total_Indel	DO23544	1	0.114000309624841	rloop_tts	ICGC_Liver	tts	rloop
total_Indel	DO23545	1	0.114000309624841	rloop_tts	ICGC_Liver	tts	rloop
total_Indel	DO23546	0	0	rloop_tts	ICGC_Liver	tts	rloop
total_Indel	DO23547	0	0	rloop_tts	ICGC_Liver	tts	rloop
total_Indel	DO23548	0	0	rloop_tts	ICGC_Liver	tts	rloop
total_Indel	DO23549	0	0	rloop_tts	ICGC_Liver	tts	rloop
total_Indel	DO23550	1	0.114000309624841	rloop_tts	ICGC_Liver	tts	rloop
total_Indel	DO23551	2	0.228000619249682	rloop_tts	ICGC_Liver	tts	rloop
total_Indel	DO23552	1	0.114000309624841	rloop_tts	ICGC_Liver	tts	rloop
total_Indel	DO44740	4	0.456001238499364	rloop_tts	ICGC_Liver	tts	rloop
total_Indel	DO44744	6	0.684001857749046	rloop_tts	ICGC_Liver	tts	rloop
total_Indel	DO44806	3	0.342000928874523	rloop_tts	ICGC_Liver	tts	rloop
total_Indel	DO44808	1	0.114000309624841	rloop_tts	ICGC_Liver	tts	rloop
total_Indel	DO44828	1	0.114000309624841	rloop_tts	ICGC_Liver	tts	rloop
total_Indel	DO44832	6	0.684001857749046	rloop_tts	ICGC_Liver	tts	rloop
total_Indel	DO45029	2	0.228000619249682	rloop_tts	ICGC_Liver	tts	rloop
total_Indel	DO45035	1	0.114000309624841	rloop_tts	ICGC_Liver	tts	rloop
total_Indel	DO45037	0	0	rloop_tts	ICGC_Liver	tts	rloop
total_Indel	DO45039	2	0.228000619249682	rloop_tts	ICGC_Liver	tts	rloop
total_Indel	DO45041	33	3.76201021761975	rloop_tts	ICGC_Liver	tts	rloop
total_Indel	DO45043	2	0.228000619249682	rloop_tts	ICGC_Liver	tts	rloop
total_Indel	DO45045	6	0.684001857749046	rloop_tts	ICGC_Liver	tts	rloop
total_Indel	DO45047	0	0	rloop_tts	ICGC_Liver	tts	rloop
total_Indel	DO45049	12	1.36800371549809	rloop_tts	ICGC_Liver	tts	rloop
total_Indel	DO45051	0	0	rloop_tts	ICGC_Liver	tts	rloop
total_Indel	DO45055	4	0.456001238499364	rloop_tts	ICGC_Liver	tts	rloop
total_Indel	DO45057	2	0.228000619249682	rloop_tts	ICGC_Liver	tts	rloop
total_Indel	DO45059	0	0	rloop_tts	ICGC_Liver	tts	rloop
total_Indel	DO45061	1	0.114000309624841	rloop_tts	ICGC_Liver	tts	rloop
total_Indel	DO45064	4	0.456001238499364	rloop_tts	ICGC_Liver	tts	rloop
total_Indel	DO45065	0	0	rloop_tts	ICGC_Liver	tts	rloop
total_Indel	DO45067	2	0.228000619249682	rloop_tts	ICGC_Liver	tts	rloop
total_Indel	DO45069	3	0.342000928874523	rloop_tts	ICGC_Liver	tts	rloop
total_Indel	DO45071	4	0.456001238499364	rloop_tts	ICGC_Liver	tts	rloop
total_Indel	DO45073	1	0.114000309624841	rloop_tts	ICGC_Liver	tts	rloop
total_Indel	DO45075	6	0.684001857749046	rloop_tts	ICGC_Liver	tts	rloop
total_Indel	DO45077	4	0.456001238499364	rloop_tts	ICGC_Liver	tts	rloop
total_Indel	DO45079	1	0.114000309624841	rloop_tts	ICGC_Liver	tts	rloop
total_Indel	DO45081	5	0.570001548124205	rloop_tts	ICGC_Liver	tts	rloop
total_Indel	DO45083	2	0.228000619249682	rloop_tts	ICGC_Liver	tts	rloop
total_Indel	DO45085	6	0.684001857749046	rloop_tts	ICGC_Liver	tts	rloop
total_Indel	DO45087	2	0.228000619249682	rloop_tts	ICGC_Liver	tts	rloop
total_Indel	DO45089	1	0.114000309624841	rloop_tts	ICGC_Liver	tts	rloop
total_Indel	DO45091	2	0.228000619249682	rloop_tts	ICGC_Liver	tts	rloop
total_Indel	DO45092	2	0.228000619249682	rloop_tts	ICGC_Liver	tts	rloop
total_Indel	DO45093	1	0.114000309624841	rloop_tts	ICGC_Liver	tts	rloop
total_Indel	DO45094	5	0.570001548124205	rloop_tts	ICGC_Liver	tts	rloop
total_Indel	DO45095	2	0.228000619249682	rloop_tts	ICGC_Liver	tts	rloop
total_Indel	DO45096	2	0.228000619249682	rloop_tts	ICGC_Liver	tts	rloop
total_Indel	DO45097	2	0.228000619249682	rloop_tts	ICGC_Liver	tts	rloop
total_Indel	DO45099	1	0.114000309624841	rloop_tts	ICGC_Liver	tts	rloop
total_Indel	DO45101	2	0.228000619249682	rloop_tts	ICGC_Liver	tts	rloop
total_Indel	DO45103	0	0	rloop_tts	ICGC_Liver	tts	rloop
total_Indel	DO45105	2	0.228000619249682	rloop_tts	ICGC_Liver	tts	rloop
total_Indel	DO45107	1	0.114000309624841	rloop_tts	ICGC_Liver	tts	rloop
total_Indel	DO45109	0	0	rloop_tts	ICGC_Liver	tts	rloop
total_Indel	DO45111	0	0	rloop_tts	ICGC_Liver	tts	rloop
total_Indel	DO45113	1	0.114000309624841	rloop_tts	ICGC_Liver	tts	rloop
total_Indel	DO45115	1	0.114000309624841	rloop_tts	ICGC_Liver	tts	rloop
total_Indel	DO45117	5	0.570001548124205	rloop_tts	ICGC_Liver	tts	rloop
total_Indel	DO45119	7	0.798002167373887	rloop_tts	ICGC_Liver	tts	rloop
total_Indel	DO45121	1	0.114000309624841	rloop_tts	ICGC_Liver	tts	rloop
total_Indel	DO45123	0	0	rloop_tts	ICGC_Liver	tts	rloop
total_Indel	DO45125	3	0.342000928874523	rloop_tts	ICGC_Liver	tts	rloop
total_Indel	DO45127	2	0.228000619249682	rloop_tts	ICGC_Liver	tts	rloop
total_Indel	DO45129	1	0.114000309624841	rloop_tts	ICGC_Liver	tts	rloop
total_Indel	DO45131	1	0.114000309624841	rloop_tts	ICGC_Liver	tts	rloop
total_Indel	DO45133	2	0.228000619249682	rloop_tts	ICGC_Liver	tts	rloop
total_Indel	DO45135	1	0.114000309624841	rloop_tts	ICGC_Liver	tts	rloop
total_Indel	DO45137	0	0	rloop_tts	ICGC_Liver	tts	rloop
total_Indel	DO45139	1	0.114000309624841	rloop_tts	ICGC_Liver	tts	rloop
total_Indel	DO45141	4	0.456001238499364	rloop_tts	ICGC_Liver	tts	rloop
total_Indel	DO45143	0	0	rloop_tts	ICGC_Liver	tts	rloop
total_Indel	DO45145	2	0.228000619249682	rloop_tts	ICGC_Liver	tts	rloop
total_Indel	DO45147	3	0.342000928874523	rloop_tts	ICGC_Liver	tts	rloop
total_Indel	DO45149	0	0	rloop_tts	ICGC_Liver	tts	rloop
total_Indel	DO45151	2	0.228000619249682	rloop_tts	ICGC_Liver	tts	rloop
total_Indel	DO45153	0	0	rloop_tts	ICGC_Liver	tts	rloop
total_Indel	DO45155	0	0	rloop_tts	ICGC_Liver	tts	rloop
total_Indel	DO45157	1	0.114000309624841	rloop_tts	ICGC_Liver	tts	rloop
total_Indel	DO45159	0	0	rloop_tts	ICGC_Liver	tts	rloop
total_Indel	DO45161	1	0.114000309624841	rloop_tts	ICGC_Liver	tts	rloop
total_Indel	DO45163	4	0.456001238499364	rloop_tts	ICGC_Liver	tts	rloop
total_Indel	DO45165	2	0.228000619249682	rloop_tts	ICGC_Liver	tts	rloop
total_Indel	DO45167	0	0	rloop_tts	ICGC_Liver	tts	rloop
total_Indel	DO45169	1	0.114000309624841	rloop_tts	ICGC_Liver	tts	rloop
total_Indel	DO45171	0	0	rloop_tts	ICGC_Liver	tts	rloop
total_Indel	DO45173	5	0.570001548124205	rloop_tts	ICGC_Liver	tts	rloop
total_Indel	DO45175	2	0.228000619249682	rloop_tts	ICGC_Liver	tts	rloop
total_Indel	DO45177	0	0	rloop_tts	ICGC_Liver	tts	rloop
total_Indel	DO45179	1	0.114000309624841	rloop_tts	ICGC_Liver	tts	rloop
total_Indel	DO45181	2	0.228000619249682	rloop_tts	ICGC_Liver	tts	rloop
total_Indel	DO45183	0	0	rloop_tts	ICGC_Liver	tts	rloop
total_Indel	DO45185	2	0.228000619249682	rloop_tts	ICGC_Liver	tts	rloop
total_Indel	DO45187	1	0.114000309624841	rloop_tts	ICGC_Liver	tts	rloop
total_Indel	DO45189	1	0.114000309624841	rloop_tts	ICGC_Liver	tts	rloop
total_Indel	DO45191	0	0	rloop_tts	ICGC_Liver	tts	rloop
total_Indel	DO45193	2	0.228000619249682	rloop_tts	ICGC_Liver	tts	rloop
total_Indel	DO45197	0	0	rloop_tts	ICGC_Liver	tts	rloop
total_Indel	DO45199	0	0	rloop_tts	ICGC_Liver	tts	rloop
total_Indel	DO45201	1	0.114000309624841	rloop_tts	ICGC_Liver	tts	rloop
total_Indel	DO45203	2	0.228000619249682	rloop_tts	ICGC_Liver	tts	rloop
total_Indel	DO45205	0	0	rloop_tts	ICGC_Liver	tts	rloop
total_Indel	DO45207	3	0.342000928874523	rloop_tts	ICGC_Liver	tts	rloop
total_Indel	DO45209	0	0	rloop_tts	ICGC_Liver	tts	rloop
total_Indel	DO45211	1	0.114000309624841	rloop_tts	ICGC_Liver	tts	rloop
total_Indel	DO45213	3	0.342000928874523	rloop_tts	ICGC_Liver	tts	rloop
total_Indel	DO45215	0	0	rloop_tts	ICGC_Liver	tts	rloop
total_Indel	DO45217	0	0	rloop_tts	ICGC_Liver	tts	rloop
total_Indel	DO45219	2	0.228000619249682	rloop_tts	ICGC_Liver	tts	rloop
total_Indel	DO45221	1	0.114000309624841	rloop_tts	ICGC_Liver	tts	rloop
total_Indel	DO45223	0	0	rloop_tts	ICGC_Liver	tts	rloop
total_Indel	DO45225	0	0	rloop_tts	ICGC_Liver	tts	rloop
total_Indel	DO45227	0	0	rloop_tts	ICGC_Liver	tts	rloop
total_Indel	DO45229	1	0.114000309624841	rloop_tts	ICGC_Liver	tts	rloop
total_Indel	DO45233	0	0	rloop_tts	ICGC_Liver	tts	rloop
total_Indel	DO45235	1	0.114000309624841	rloop_tts	ICGC_Liver	tts	rloop
total_Indel	DO45237	10	1.14000309624841	rloop_tts	ICGC_Liver	tts	rloop
total_Indel	DO45239	0	0	rloop_tts	ICGC_Liver	tts	rloop
total_Indel	DO45241	0	0	rloop_tts	ICGC_Liver	tts	rloop
total_Indel	DO45247	1	0.114000309624841	rloop_tts	ICGC_Liver	tts	rloop
total_Indel	DO45253	0	0	rloop_tts	ICGC_Liver	tts	rloop
total_Indel	DO45255	5	0.570001548124205	rloop_tts	ICGC_Liver	tts	rloop
total_Indel	DO45257	2	0.228000619249682	rloop_tts	ICGC_Liver	tts	rloop
total_Indel	DO45263	1	0.114000309624841	rloop_tts	ICGC_Liver	tts	rloop
total_Indel	DO45265	3	0.342000928874523	rloop_tts	ICGC_Liver	tts	rloop
total_Indel	DO45267	2	0.228000619249682	rloop_tts	ICGC_Liver	tts	rloop
total_Indel	DO45269	0	0	rloop_tts	ICGC_Liver	tts	rloop
total_Indel	DO45273	2	0.228000619249682	rloop_tts	ICGC_Liver	tts	rloop
total_Indel	DO45277	3	0.342000928874523	rloop_tts	ICGC_Liver	tts	rloop
total_Indel	DO45281	0	0	rloop_tts	ICGC_Liver	tts	rloop
total_Indel	DO48672	0	0	rloop_tts	ICGC_Liver	tts	rloop
total_Indel	DO48674	1	0.114000309624841	rloop_tts	ICGC_Liver	tts	rloop
total_Indel	DO48677	3	0.342000928874523	rloop_tts	ICGC_Liver	tts	rloop
total_Indel	DO48679	3	0.342000928874523	rloop_tts	ICGC_Liver	tts	rloop
total_Indel	DO48681	0	0	rloop_tts	ICGC_Liver	tts	rloop
total_Indel	DO48682	47	5.35801455236752	rloop_tts	ICGC_Liver	tts	rloop
total_Indel	DO48684	1	0.114000309624841	rloop_tts	ICGC_Liver	tts	rloop
total_Indel	DO48686	0	0	rloop_tts	ICGC_Liver	tts	rloop
total_Indel	DO48687	1	0.114000309624841	rloop_tts	ICGC_Liver	tts	rloop
total_Indel	DO48689	1	0.114000309624841	rloop_tts	ICGC_Liver	tts	rloop
total_Indel	DO48691	0	0	rloop_tts	ICGC_Liver	tts	rloop
total_Indel	DO48692	0	0	rloop_tts	ICGC_Liver	tts	rloop
total_Indel	DO48693	0	0	rloop_tts	ICGC_Liver	tts	rloop
total_Indel	DO48694	0	0	rloop_tts	ICGC_Liver	tts	rloop
total_Indel	DO48695	2	0.228000619249682	rloop_tts	ICGC_Liver	tts	rloop
total_Indel	DO48697	0	0	rloop_tts	ICGC_Liver	tts	rloop
total_Indel	DO48700	0	0	rloop_tts	ICGC_Liver	tts	rloop
total_Indel	DO48701	2	0.228000619249682	rloop_tts	ICGC_Liver	tts	rloop
total_Indel	DO48703	0	0	rloop_tts	ICGC_Liver	tts	rloop
total_Indel	DO48704	0	0	rloop_tts	ICGC_Liver	tts	rloop
total_Indel	DO48706	3	0.342000928874523	rloop_tts	ICGC_Liver	tts	rloop
total_Indel	DO48709	1	0.114000309624841	rloop_tts	ICGC_Liver	tts	rloop
total_Indel	DO48712	1	0.114000309624841	rloop_tts	ICGC_Liver	tts	rloop
total_Indel	DO48715	0	0	rloop_tts	ICGC_Liver	tts	rloop
total_Indel	DO48716	0	0	rloop_tts	ICGC_Liver	tts	rloop
total_Indel	DO48719	7	0.798002167373887	rloop_tts	ICGC_Liver	tts	rloop
total_Indel	DO48720	0	0	rloop_tts	ICGC_Liver	tts	rloop
total_Indel	DO48721	3	0.342000928874523	rloop_tts	ICGC_Liver	tts	rloop
total_Indel	DO48723	1	0.114000309624841	rloop_tts	ICGC_Liver	tts	rloop
total_Indel	DO48725	0	0	rloop_tts	ICGC_Liver	tts	rloop
total_Indel	DO48727	1	0.114000309624841	rloop_tts	ICGC_Liver	tts	rloop
total_Indel	DO48728	0	0	rloop_tts	ICGC_Liver	tts	rloop
total_Indel	DO48730	1	0.114000309624841	rloop_tts	ICGC_Liver	tts	rloop
total_Indel	DO48732	4	0.456001238499364	rloop_tts	ICGC_Liver	tts	rloop
total_Indel	DO48733	2	0.228000619249682	rloop_tts	ICGC_Liver	tts	rloop
total_Indel	DO48736	0	0	rloop_tts	ICGC_Liver	tts	rloop
total_Indel	DO48737	2	0.228000619249682	rloop_tts	ICGC_Liver	tts	rloop
total_Indel	DO48741	0	0	rloop_tts	ICGC_Liver	tts	rloop
total_Indel	DO48742	5	0.570001548124205	rloop_tts	ICGC_Liver	tts	rloop
total_Indel	DO48743	0	0	rloop_tts	ICGC_Liver	tts	rloop
total_Indel	DO48747	0	0	rloop_tts	ICGC_Liver	tts	rloop
total_Indel	DO48751	3	0.342000928874523	rloop_tts	ICGC_Liver	tts	rloop
total_Indel	DO48753	3	0.342000928874523	rloop_tts	ICGC_Liver	tts	rloop
total_Indel	DO48757	1	0.114000309624841	rloop_tts	ICGC_Liver	tts	rloop
total_Indel	DO48759	2	0.228000619249682	rloop_tts	ICGC_Liver	tts	rloop
total_Indel	DO48760	2	0.228000619249682	rloop_tts	ICGC_Liver	tts	rloop
total_Indel	DO48761	2	0.228000619249682	rloop_tts	ICGC_Liver	tts	rloop
total_Indel	DO50772	0	0	rloop_tts	ICGC_Liver	tts	rloop
total_Indel	DO50774	2	0.228000619249682	rloop_tts	ICGC_Liver	tts	rloop
total_Indel	DO50776	3	0.342000928874523	rloop_tts	ICGC_Liver	tts	rloop
total_Indel	DO50778	0	0	rloop_tts	ICGC_Liver	tts	rloop
total_Indel	DO50780	3	0.342000928874523	rloop_tts	ICGC_Liver	tts	rloop
total_Indel	DO50783	0	0	rloop_tts	ICGC_Liver	tts	rloop
total_Indel	DO50785	0	0	rloop_tts	ICGC_Liver	tts	rloop
total_Indel	DO50787	0	0	rloop_tts	ICGC_Liver	tts	rloop
total_Indel	DO50789	1	0.114000309624841	rloop_tts	ICGC_Liver	tts	rloop
total_Indel	DO50791	1	0.114000309624841	rloop_tts	ICGC_Liver	tts	rloop
total_Indel	DO50793	1	0.114000309624841	rloop_tts	ICGC_Liver	tts	rloop
total_Indel	DO50796	5	0.570001548124205	rloop_tts	ICGC_Liver	tts	rloop
total_Indel	DO50798	6	0.684001857749046	rloop_tts	ICGC_Liver	tts	rloop
total_Indel	DO50799	2	0.228000619249682	rloop_tts	ICGC_Liver	tts	rloop
total_Indel	DO50800	0	0	rloop_tts	ICGC_Liver	tts	rloop
total_Indel	DO50802	1	0.114000309624841	rloop_tts	ICGC_Liver	tts	rloop
total_Indel	DO50803	1	0.114000309624841	rloop_tts	ICGC_Liver	tts	rloop
total_Indel	DO50804	4	0.456001238499364	rloop_tts	ICGC_Liver	tts	rloop
total_Indel	DO50805	1	0.114000309624841	rloop_tts	ICGC_Liver	tts	rloop
total_Indel	DO50806	2	0.228000619249682	rloop_tts	ICGC_Liver	tts	rloop
total_Indel	DO50807	0	0	rloop_tts	ICGC_Liver	tts	rloop
total_Indel	DO50808	1	0.114000309624841	rloop_tts	ICGC_Liver	tts	rloop
total_Indel	DO50809	3	0.342000928874523	rloop_tts	ICGC_Liver	tts	rloop
total_Indel	DO50811	1	0.114000309624841	rloop_tts	ICGC_Liver	tts	rloop
total_Indel	DO50813	2	0.228000619249682	rloop_tts	ICGC_Liver	tts	rloop
total_Indel	DO50814	5	0.570001548124205	rloop_tts	ICGC_Liver	tts	rloop
total_Indel	DO50815	2	0.228000619249682	rloop_tts	ICGC_Liver	tts	rloop
total_Indel	DO50816	0	0	rloop_tts	ICGC_Liver	tts	rloop
total_Indel	DO50817	0	0	rloop_tts	ICGC_Liver	tts	rloop
total_Indel	DO50818	4	0.456001238499364	rloop_tts	ICGC_Liver	tts	rloop
total_Indel	DO50819	0	0	rloop_tts	ICGC_Liver	tts	rloop
total_Indel	DO50820	0	0	rloop_tts	ICGC_Liver	tts	rloop
total_Indel	DO50822	2	0.228000619249682	rloop_tts	ICGC_Liver	tts	rloop
total_Indel	DO50825	3	0.342000928874523	rloop_tts	ICGC_Liver	tts	rloop
total_Indel	DO50827	0	0	rloop_tts	ICGC_Liver	tts	rloop
total_Indel	DO50829	2	0.228000619249682	rloop_tts	ICGC_Liver	tts	rloop
total_Indel	DO50831	1	0.114000309624841	rloop_tts	ICGC_Liver	tts	rloop
total_Indel	DO50832	1	0.114000309624841	rloop_tts	ICGC_Liver	tts	rloop
total_Indel	DO50834	3	0.342000928874523	rloop_tts	ICGC_Liver	tts	rloop
total_Indel	DO50837	0	0	rloop_tts	ICGC_Liver	tts	rloop
total_Indel	DO50839	0	0	rloop_tts	ICGC_Liver	tts	rloop
total_Indel	DO50840	3	0.342000928874523	rloop_tts	ICGC_Liver	tts	rloop
total_Indel	DO50842	4	0.456001238499364	rloop_tts	ICGC_Liver	tts	rloop
total_Indel	DO50844	2	0.228000619249682	rloop_tts	ICGC_Liver	tts	rloop
total_Indel	DO50845	0	0	rloop_tts	ICGC_Liver	tts	rloop
total_Indel	DO50848	0	0	rloop_tts	ICGC_Liver	tts	rloop
total_Indel	DO50850	3	0.342000928874523	rloop_tts	ICGC_Liver	tts	rloop
total_Indel	DO50851	3	0.342000928874523	rloop_tts	ICGC_Liver	tts	rloop
total_Indel	DO50855	0	0	rloop_tts	ICGC_Liver	tts	rloop
total_Indel	DO50857	2	0.228000619249682	rloop_tts	ICGC_Liver	tts	rloop
total_Indel	DO50859	2	0.228000619249682	rloop_tts	ICGC_Liver	tts	rloop
total_long_simple_indel	DO23508	0	0	rloop_tts	ICGC_Liver	tts	rloop
total_long_simple_indel	DO23509	0	0	rloop_tts	ICGC_Liver	tts	rloop
total_long_simple_indel	DO23510	0	0	rloop_tts	ICGC_Liver	tts	rloop
total_long_simple_indel	DO23512	0	0	rloop_tts	ICGC_Liver	tts	rloop
total_long_simple_indel	DO23513	0	0	rloop_tts	ICGC_Liver	tts	rloop
total_long_simple_indel	DO23514	1	0.114000309624841	rloop_tts	ICGC_Liver	tts	rloop
total_long_simple_indel	DO23515	1	0.114000309624841	rloop_tts	ICGC_Liver	tts	rloop
total_long_simple_indel	DO23516	0	0	rloop_tts	ICGC_Liver	tts	rloop
total_long_simple_indel	DO23517	0	0	rloop_tts	ICGC_Liver	tts	rloop
total_long_simple_indel	DO23518	3	0.342000928874523	rloop_tts	ICGC_Liver	tts	rloop
total_long_simple_indel	DO23519	0	0	rloop_tts	ICGC_Liver	tts	rloop
total_long_simple_indel	DO23520	0	0	rloop_tts	ICGC_Liver	tts	rloop
total_long_simple_indel	DO23521	1	0.114000309624841	rloop_tts	ICGC_Liver	tts	rloop
total_long_simple_indel	DO23522	1	0.114000309624841	rloop_tts	ICGC_Liver	tts	rloop
total_long_simple_indel	DO23524	0	0	rloop_tts	ICGC_Liver	tts	rloop
total_long_simple_indel	DO23525	1	0.114000309624841	rloop_tts	ICGC_Liver	tts	rloop
total_long_simple_indel	DO23526	0	0	rloop_tts	ICGC_Liver	tts	rloop
total_long_simple_indel	DO23527	0	0	rloop_tts	ICGC_Liver	tts	rloop
total_long_simple_indel	DO23528	0	0	rloop_tts	ICGC_Liver	tts	rloop
total_long_simple_indel	DO23529	1	0.114000309624841	rloop_tts	ICGC_Liver	tts	rloop
total_long_simple_indel	DO23532	0	0	rloop_tts	ICGC_Liver	tts	rloop
total_long_simple_indel	DO23533	0	0	rloop_tts	ICGC_Liver	tts	rloop
total_long_simple_indel	DO23534	0	0	rloop_tts	ICGC_Liver	tts	rloop
total_long_simple_indel	DO23535	0	0	rloop_tts	ICGC_Liver	tts	rloop
total_long_simple_indel	DO23536	0	0	rloop_tts	ICGC_Liver	tts	rloop
total_long_simple_indel	DO23537	0	0	rloop_tts	ICGC_Liver	tts	rloop
total_long_simple_indel	DO23538	0	0	rloop_tts	ICGC_Liver	tts	rloop
total_long_simple_indel	DO23539	1	0.114000309624841	rloop_tts	ICGC_Liver	tts	rloop
total_long_simple_indel	DO23540	2	0.228000619249682	rloop_tts	ICGC_Liver	tts	rloop
total_long_simple_indel	DO23541	0	0	rloop_tts	ICGC_Liver	tts	rloop
total_long_simple_indel	DO23542	0	0	rloop_tts	ICGC_Liver	tts	rloop
total_long_simple_indel	DO23543	3	0.342000928874523	rloop_tts	ICGC_Liver	tts	rloop
total_long_simple_indel	DO23544	0	0	rloop_tts	ICGC_Liver	tts	rloop
total_long_simple_indel	DO23545	0	0	rloop_tts	ICGC_Liver	tts	rloop
total_long_simple_indel	DO23546	0	0	rloop_tts	ICGC_Liver	tts	rloop
total_long_simple_indel	DO23547	0	0	rloop_tts	ICGC_Liver	tts	rloop
total_long_simple_indel	DO23548	0	0	rloop_tts	ICGC_Liver	tts	rloop
total_long_simple_indel	DO23549	0	0	rloop_tts	ICGC_Liver	tts	rloop
total_long_simple_indel	DO23550	0	0	rloop_tts	ICGC_Liver	tts	rloop
total_long_simple_indel	DO23551	0	0	rloop_tts	ICGC_Liver	tts	rloop
total_long_simple_indel	DO23552	0	0	rloop_tts	ICGC_Liver	tts	rloop
total_long_simple_indel	DO44740	1	0.114000309624841	rloop_tts	ICGC_Liver	tts	rloop
total_long_simple_indel	DO44744	5	0.570001548124205	rloop_tts	ICGC_Liver	tts	rloop
total_long_simple_indel	DO44806	2	0.228000619249682	rloop_tts	ICGC_Liver	tts	rloop
total_long_simple_indel	DO44808	1	0.114000309624841	rloop_tts	ICGC_Liver	tts	rloop
total_long_simple_indel	DO44828	0	0	rloop_tts	ICGC_Liver	tts	rloop
total_long_simple_indel	DO44832	1	0.114000309624841	rloop_tts	ICGC_Liver	tts	rloop
total_long_simple_indel	DO45029	0	0	rloop_tts	ICGC_Liver	tts	rloop
total_long_simple_indel	DO45035	1	0.114000309624841	rloop_tts	ICGC_Liver	tts	rloop
total_long_simple_indel	DO45037	0	0	rloop_tts	ICGC_Liver	tts	rloop
total_long_simple_indel	DO45039	0	0	rloop_tts	ICGC_Liver	tts	rloop
total_long_simple_indel	DO45041	2	0.228000619249682	rloop_tts	ICGC_Liver	tts	rloop
total_long_simple_indel	DO45043	0	0	rloop_tts	ICGC_Liver	tts	rloop
total_long_simple_indel	DO45045	2	0.228000619249682	rloop_tts	ICGC_Liver	tts	rloop
total_long_simple_indel	DO45047	0	0	rloop_tts	ICGC_Liver	tts	rloop
total_long_simple_indel	DO45049	7	0.798002167373887	rloop_tts	ICGC_Liver	tts	rloop
total_long_simple_indel	DO45051	0	0	rloop_tts	ICGC_Liver	tts	rloop
total_long_simple_indel	DO45055	2	0.228000619249682	rloop_tts	ICGC_Liver	tts	rloop
total_long_simple_indel	DO45057	0	0	rloop_tts	ICGC_Liver	tts	rloop
total_long_simple_indel	DO45059	0	0	rloop_tts	ICGC_Liver	tts	rloop
total_long_simple_indel	DO45061	0	0	rloop_tts	ICGC_Liver	tts	rloop
total_long_simple_indel	DO45064	2	0.228000619249682	rloop_tts	ICGC_Liver	tts	rloop
total_long_simple_indel	DO45065	0	0	rloop_tts	ICGC_Liver	tts	rloop
total_long_simple_indel	DO45067	0	0	rloop_tts	ICGC_Liver	tts	rloop
total_long_simple_indel	DO45069	1	0.114000309624841	rloop_tts	ICGC_Liver	tts	rloop
total_long_simple_indel	DO45071	1	0.114000309624841	rloop_tts	ICGC_Liver	tts	rloop
total_long_simple_indel	DO45073	0	0	rloop_tts	ICGC_Liver	tts	rloop
total_long_simple_indel	DO45075	2	0.228000619249682	rloop_tts	ICGC_Liver	tts	rloop
total_long_simple_indel	DO45077	3	0.342000928874523	rloop_tts	ICGC_Liver	tts	rloop
total_long_simple_indel	DO45079	1	0.114000309624841	rloop_tts	ICGC_Liver	tts	rloop
total_long_simple_indel	DO45081	3	0.342000928874523	rloop_tts	ICGC_Liver	tts	rloop
total_long_simple_indel	DO45083	0	0	rloop_tts	ICGC_Liver	tts	rloop
total_long_simple_indel	DO45085	2	0.228000619249682	rloop_tts	ICGC_Liver	tts	rloop
total_long_simple_indel	DO45087	0	0	rloop_tts	ICGC_Liver	tts	rloop
total_long_simple_indel	DO45089	0	0	rloop_tts	ICGC_Liver	tts	rloop
total_long_simple_indel	DO45091	0	0	rloop_tts	ICGC_Liver	tts	rloop
total_long_simple_indel	DO45092	1	0.114000309624841	rloop_tts	ICGC_Liver	tts	rloop
total_long_simple_indel	DO45093	0	0	rloop_tts	ICGC_Liver	tts	rloop
total_long_simple_indel	DO45094	3	0.342000928874523	rloop_tts	ICGC_Liver	tts	rloop
total_long_simple_indel	DO45095	0	0	rloop_tts	ICGC_Liver	tts	rloop
total_long_simple_indel	DO45096	0	0	rloop_tts	ICGC_Liver	tts	rloop
total_long_simple_indel	DO45097	1	0.114000309624841	rloop_tts	ICGC_Liver	tts	rloop
total_long_simple_indel	DO45099	0	0	rloop_tts	ICGC_Liver	tts	rloop
total_long_simple_indel	DO45101	0	0	rloop_tts	ICGC_Liver	tts	rloop
total_long_simple_indel	DO45103	0	0	rloop_tts	ICGC_Liver	tts	rloop
total_long_simple_indel	DO45105	0	0	rloop_tts	ICGC_Liver	tts	rloop
total_long_simple_indel	DO45107	0	0	rloop_tts	ICGC_Liver	tts	rloop
total_long_simple_indel	DO45109	0	0	rloop_tts	ICGC_Liver	tts	rloop
total_long_simple_indel	DO45111	0	0	rloop_tts	ICGC_Liver	tts	rloop
total_long_simple_indel	DO45113	0	0	rloop_tts	ICGC_Liver	tts	rloop
total_long_simple_indel	DO45115	1	0.114000309624841	rloop_tts	ICGC_Liver	tts	rloop
total_long_simple_indel	DO45117	4	0.456001238499364	rloop_tts	ICGC_Liver	tts	rloop
total_long_simple_indel	DO45119	4	0.456001238499364	rloop_tts	ICGC_Liver	tts	rloop
total_long_simple_indel	DO45121	1	0.114000309624841	rloop_tts	ICGC_Liver	tts	rloop
total_long_simple_indel	DO45123	0	0	rloop_tts	ICGC_Liver	tts	rloop
total_long_simple_indel	DO45125	2	0.228000619249682	rloop_tts	ICGC_Liver	tts	rloop
total_long_simple_indel	DO45127	0	0	rloop_tts	ICGC_Liver	tts	rloop
total_long_simple_indel	DO45129	0	0	rloop_tts	ICGC_Liver	tts	rloop
total_long_simple_indel	DO45131	0	0	rloop_tts	ICGC_Liver	tts	rloop
total_long_simple_indel	DO45133	0	0	rloop_tts	ICGC_Liver	tts	rloop
total_long_simple_indel	DO45135	0	0	rloop_tts	ICGC_Liver	tts	rloop
total_long_simple_indel	DO45137	0	0	rloop_tts	ICGC_Liver	tts	rloop
total_long_simple_indel	DO45139	0	0	rloop_tts	ICGC_Liver	tts	rloop
total_long_simple_indel	DO45141	2	0.228000619249682	rloop_tts	ICGC_Liver	tts	rloop
total_long_simple_indel	DO45143	0	0	rloop_tts	ICGC_Liver	tts	rloop
total_long_simple_indel	DO45145	0	0	rloop_tts	ICGC_Liver	tts	rloop
total_long_simple_indel	DO45147	2	0.228000619249682	rloop_tts	ICGC_Liver	tts	rloop
total_long_simple_indel	DO45149	0	0	rloop_tts	ICGC_Liver	tts	rloop
total_long_simple_indel	DO45151	1	0.114000309624841	rloop_tts	ICGC_Liver	tts	rloop
total_long_simple_indel	DO45153	0	0	rloop_tts	ICGC_Liver	tts	rloop
total_long_simple_indel	DO45155	0	0	rloop_tts	ICGC_Liver	tts	rloop
total_long_simple_indel	DO45157	1	0.114000309624841	rloop_tts	ICGC_Liver	tts	rloop
total_long_simple_indel	DO45159	0	0	rloop_tts	ICGC_Liver	tts	rloop
total_long_simple_indel	DO45161	0	0	rloop_tts	ICGC_Liver	tts	rloop
total_long_simple_indel	DO45163	3	0.342000928874523	rloop_tts	ICGC_Liver	tts	rloop
total_long_simple_indel	DO45165	0	0	rloop_tts	ICGC_Liver	tts	rloop
total_long_simple_indel	DO45167	0	0	rloop_tts	ICGC_Liver	tts	rloop
total_long_simple_indel	DO45169	0	0	rloop_tts	ICGC_Liver	tts	rloop
total_long_simple_indel	DO45171	0	0	rloop_tts	ICGC_Liver	tts	rloop
total_long_simple_indel	DO45173	0	0	rloop_tts	ICGC_Liver	tts	rloop
total_long_simple_indel	DO45175	2	0.228000619249682	rloop_tts	ICGC_Liver	tts	rloop
total_long_simple_indel	DO45177	0	0	rloop_tts	ICGC_Liver	tts	rloop
total_long_simple_indel	DO45179	0	0	rloop_tts	ICGC_Liver	tts	rloop
total_long_simple_indel	DO45181	0	0	rloop_tts	ICGC_Liver	tts	rloop
total_long_simple_indel	DO45183	0	0	rloop_tts	ICGC_Liver	tts	rloop
total_long_simple_indel	DO45185	1	0.114000309624841	rloop_tts	ICGC_Liver	tts	rloop
total_long_simple_indel	DO45187	1	0.114000309624841	rloop_tts	ICGC_Liver	tts	rloop
total_long_simple_indel	DO45189	0	0	rloop_tts	ICGC_Liver	tts	rloop
total_long_simple_indel	DO45191	0	0	rloop_tts	ICGC_Liver	tts	rloop
total_long_simple_indel	DO45193	1	0.114000309624841	rloop_tts	ICGC_Liver	tts	rloop
total_long_simple_indel	DO45197	0	0	rloop_tts	ICGC_Liver	tts	rloop
total_long_simple_indel	DO45199	0	0	rloop_tts	ICGC_Liver	tts	rloop
total_long_simple_indel	DO45201	1	0.114000309624841	rloop_tts	ICGC_Liver	tts	rloop
total_long_simple_indel	DO45203	0	0	rloop_tts	ICGC_Liver	tts	rloop
total_long_simple_indel	DO45205	0	0	rloop_tts	ICGC_Liver	tts	rloop
total_long_simple_indel	DO45207	1	0.114000309624841	rloop_tts	ICGC_Liver	tts	rloop
total_long_simple_indel	DO45209	0	0	rloop_tts	ICGC_Liver	tts	rloop
total_long_simple_indel	DO45211	0	0	rloop_tts	ICGC_Liver	tts	rloop
total_long_simple_indel	DO45213	0	0	rloop_tts	ICGC_Liver	tts	rloop
total_long_simple_indel	DO45215	0	0	rloop_tts	ICGC_Liver	tts	rloop
total_long_simple_indel	DO45217	0	0	rloop_tts	ICGC_Liver	tts	rloop
total_long_simple_indel	DO45219	2	0.228000619249682	rloop_tts	ICGC_Liver	tts	rloop
total_long_simple_indel	DO45221	1	0.114000309624841	rloop_tts	ICGC_Liver	tts	rloop
total_long_simple_indel	DO45223	0	0	rloop_tts	ICGC_Liver	tts	rloop
total_long_simple_indel	DO45225	0	0	rloop_tts	ICGC_Liver	tts	rloop
total_long_simple_indel	DO45227	0	0	rloop_tts	ICGC_Liver	tts	rloop
total_long_simple_indel	DO45229	1	0.114000309624841	rloop_tts	ICGC_Liver	tts	rloop
total_long_simple_indel	DO45233	0	0	rloop_tts	ICGC_Liver	tts	rloop
total_long_simple_indel	DO45235	0	0	rloop_tts	ICGC_Liver	tts	rloop
total_long_simple_indel	DO45237	3	0.342000928874523	rloop_tts	ICGC_Liver	tts	rloop
total_long_simple_indel	DO45239	0	0	rloop_tts	ICGC_Liver	tts	rloop
total_long_simple_indel	DO45241	0	0	rloop_tts	ICGC_Liver	tts	rloop
total_long_simple_indel	DO45247	0	0	rloop_tts	ICGC_Liver	tts	rloop
total_long_simple_indel	DO45253	0	0	rloop_tts	ICGC_Liver	tts	rloop
total_long_simple_indel	DO45255	2	0.228000619249682	rloop_tts	ICGC_Liver	tts	rloop
total_long_simple_indel	DO45257	1	0.114000309624841	rloop_tts	ICGC_Liver	tts	rloop
total_long_simple_indel	DO45263	0	0	rloop_tts	ICGC_Liver	tts	rloop
total_long_simple_indel	DO45265	2	0.228000619249682	rloop_tts	ICGC_Liver	tts	rloop
total_long_simple_indel	DO45267	1	0.114000309624841	rloop_tts	ICGC_Liver	tts	rloop
total_long_simple_indel	DO45269	0	0	rloop_tts	ICGC_Liver	tts	rloop
total_long_simple_indel	DO45273	1	0.114000309624841	rloop_tts	ICGC_Liver	tts	rloop
total_long_simple_indel	DO45277	2	0.228000619249682	rloop_tts	ICGC_Liver	tts	rloop
total_long_simple_indel	DO45281	0	0	rloop_tts	ICGC_Liver	tts	rloop
total_long_simple_indel	DO48672	0	0	rloop_tts	ICGC_Liver	tts	rloop
total_long_simple_indel	DO48674	1	0.114000309624841	rloop_tts	ICGC_Liver	tts	rloop
total_long_simple_indel	DO48677	0	0	rloop_tts	ICGC_Liver	tts	rloop
total_long_simple_indel	DO48679	3	0.342000928874523	rloop_tts	ICGC_Liver	tts	rloop
total_long_simple_indel	DO48681	0	0	rloop_tts	ICGC_Liver	tts	rloop
total_long_simple_indel	DO48682	2	0.228000619249682	rloop_tts	ICGC_Liver	tts	rloop
total_long_simple_indel	DO48684	0	0	rloop_tts	ICGC_Liver	tts	rloop
total_long_simple_indel	DO48686	0	0	rloop_tts	ICGC_Liver	tts	rloop
total_long_simple_indel	DO48687	0	0	rloop_tts	ICGC_Liver	tts	rloop
total_long_simple_indel	DO48689	0	0	rloop_tts	ICGC_Liver	tts	rloop
total_long_simple_indel	DO48691	0	0	rloop_tts	ICGC_Liver	tts	rloop
total_long_simple_indel	DO48692	0	0	rloop_tts	ICGC_Liver	tts	rloop
total_long_simple_indel	DO48693	0	0	rloop_tts	ICGC_Liver	tts	rloop
total_long_simple_indel	DO48694	0	0	rloop_tts	ICGC_Liver	tts	rloop
total_long_simple_indel	DO48695	1	0.114000309624841	rloop_tts	ICGC_Liver	tts	rloop
total_long_simple_indel	DO48697	0	0	rloop_tts	ICGC_Liver	tts	rloop
total_long_simple_indel	DO48700	0	0	rloop_tts	ICGC_Liver	tts	rloop
total_long_simple_indel	DO48701	1	0.114000309624841	rloop_tts	ICGC_Liver	tts	rloop
total_long_simple_indel	DO48703	0	0	rloop_tts	ICGC_Liver	tts	rloop
total_long_simple_indel	DO48704	0	0	rloop_tts	ICGC_Liver	tts	rloop
total_long_simple_indel	DO48706	2	0.228000619249682	rloop_tts	ICGC_Liver	tts	rloop
total_long_simple_indel	DO48709	1	0.114000309624841	rloop_tts	ICGC_Liver	tts	rloop
total_long_simple_indel	DO48712	0	0	rloop_tts	ICGC_Liver	tts	rloop
total_long_simple_indel	DO48715	0	0	rloop_tts	ICGC_Liver	tts	rloop
total_long_simple_indel	DO48716	0	0	rloop_tts	ICGC_Liver	tts	rloop
total_long_simple_indel	DO48719	4	0.456001238499364	rloop_tts	ICGC_Liver	tts	rloop
total_long_simple_indel	DO48720	0	0	rloop_tts	ICGC_Liver	tts	rloop
total_long_simple_indel	DO48721	1	0.114000309624841	rloop_tts	ICGC_Liver	tts	rloop
total_long_simple_indel	DO48723	1	0.114000309624841	rloop_tts	ICGC_Liver	tts	rloop
total_long_simple_indel	DO48725	0	0	rloop_tts	ICGC_Liver	tts	rloop
total_long_simple_indel	DO48727	0	0	rloop_tts	ICGC_Liver	tts	rloop
total_long_simple_indel	DO48728	0	0	rloop_tts	ICGC_Liver	tts	rloop
total_long_simple_indel	DO48730	0	0	rloop_tts	ICGC_Liver	tts	rloop
total_long_simple_indel	DO48732	2	0.228000619249682	rloop_tts	ICGC_Liver	tts	rloop
total_long_simple_indel	DO48733	1	0.114000309624841	rloop_tts	ICGC_Liver	tts	rloop
total_long_simple_indel	DO48736	0	0	rloop_tts	ICGC_Liver	tts	rloop
total_long_simple_indel	DO48737	1	0.114000309624841	rloop_tts	ICGC_Liver	tts	rloop
total_long_simple_indel	DO48741	0	0	rloop_tts	ICGC_Liver	tts	rloop
total_long_simple_indel	DO48742	2	0.228000619249682	rloop_tts	ICGC_Liver	tts	rloop
total_long_simple_indel	DO48743	0	0	rloop_tts	ICGC_Liver	tts	rloop
total_long_simple_indel	DO48747	0	0	rloop_tts	ICGC_Liver	tts	rloop
total_long_simple_indel	DO48751	2	0.228000619249682	rloop_tts	ICGC_Liver	tts	rloop
total_long_simple_indel	DO48753	0	0	rloop_tts	ICGC_Liver	tts	rloop
total_long_simple_indel	DO48757	0	0	rloop_tts	ICGC_Liver	tts	rloop
total_long_simple_indel	DO48759	1	0.114000309624841	rloop_tts	ICGC_Liver	tts	rloop
total_long_simple_indel	DO48760	2	0.228000619249682	rloop_tts	ICGC_Liver	tts	rloop
total_long_simple_indel	DO48761	0	0	rloop_tts	ICGC_Liver	tts	rloop
total_long_simple_indel	DO50772	0	0	rloop_tts	ICGC_Liver	tts	rloop
total_long_simple_indel	DO50774	0	0	rloop_tts	ICGC_Liver	tts	rloop
total_long_simple_indel	DO50776	0	0	rloop_tts	ICGC_Liver	tts	rloop
total_long_simple_indel	DO50778	0	0	rloop_tts	ICGC_Liver	tts	rloop
total_long_simple_indel	DO50780	1	0.114000309624841	rloop_tts	ICGC_Liver	tts	rloop
total_long_simple_indel	DO50783	0	0	rloop_tts	ICGC_Liver	tts	rloop
total_long_simple_indel	DO50785	0	0	rloop_tts	ICGC_Liver	tts	rloop
total_long_simple_indel	DO50787	0	0	rloop_tts	ICGC_Liver	tts	rloop
total_long_simple_indel	DO50789	0	0	rloop_tts	ICGC_Liver	tts	rloop
total_long_simple_indel	DO50791	0	0	rloop_tts	ICGC_Liver	tts	rloop
total_long_simple_indel	DO50793	0	0	rloop_tts	ICGC_Liver	tts	rloop
total_long_simple_indel	DO50796	1	0.114000309624841	rloop_tts	ICGC_Liver	tts	rloop
total_long_simple_indel	DO50798	1	0.114000309624841	rloop_tts	ICGC_Liver	tts	rloop
total_long_simple_indel	DO50799	1	0.114000309624841	rloop_tts	ICGC_Liver	tts	rloop
total_long_simple_indel	DO50800	0	0	rloop_tts	ICGC_Liver	tts	rloop
total_long_simple_indel	DO50802	0	0	rloop_tts	ICGC_Liver	tts	rloop
total_long_simple_indel	DO50803	0	0	rloop_tts	ICGC_Liver	tts	rloop
total_long_simple_indel	DO50804	1	0.114000309624841	rloop_tts	ICGC_Liver	tts	rloop
total_long_simple_indel	DO50805	0	0	rloop_tts	ICGC_Liver	tts	rloop
total_long_simple_indel	DO50806	0	0	rloop_tts	ICGC_Liver	tts	rloop
total_long_simple_indel	DO50807	0	0	rloop_tts	ICGC_Liver	tts	rloop
total_long_simple_indel	DO50808	0	0	rloop_tts	ICGC_Liver	tts	rloop
total_long_simple_indel	DO50809	1	0.114000309624841	rloop_tts	ICGC_Liver	tts	rloop
total_long_simple_indel	DO50811	1	0.114000309624841	rloop_tts	ICGC_Liver	tts	rloop
total_long_simple_indel	DO50813	0	0	rloop_tts	ICGC_Liver	tts	rloop
total_long_simple_indel	DO50814	0	0	rloop_tts	ICGC_Liver	tts	rloop
total_long_simple_indel	DO50815	1	0.114000309624841	rloop_tts	ICGC_Liver	tts	rloop
total_long_simple_indel	DO50816	0	0	rloop_tts	ICGC_Liver	tts	rloop
total_long_simple_indel	DO50817	0	0	rloop_tts	ICGC_Liver	tts	rloop
total_long_simple_indel	DO50818	0	0	rloop_tts	ICGC_Liver	tts	rloop
total_long_simple_indel	DO50819	0	0	rloop_tts	ICGC_Liver	tts	rloop
total_long_simple_indel	DO50820	0	0	rloop_tts	ICGC_Liver	tts	rloop
total_long_simple_indel	DO50822	0	0	rloop_tts	ICGC_Liver	tts	rloop
total_long_simple_indel	DO50825	2	0.228000619249682	rloop_tts	ICGC_Liver	tts	rloop
total_long_simple_indel	DO50827	0	0	rloop_tts	ICGC_Liver	tts	rloop
total_long_simple_indel	DO50829	0	0	rloop_tts	ICGC_Liver	tts	rloop
total_long_simple_indel	DO50831	0	0	rloop_tts	ICGC_Liver	tts	rloop
total_long_simple_indel	DO50832	0	0	rloop_tts	ICGC_Liver	tts	rloop
total_long_simple_indel	DO50834	2	0.228000619249682	rloop_tts	ICGC_Liver	tts	rloop
total_long_simple_indel	DO50837	0	0	rloop_tts	ICGC_Liver	tts	rloop
total_long_simple_indel	DO50839	0	0	rloop_tts	ICGC_Liver	tts	rloop
total_long_simple_indel	DO50840	1	0.114000309624841	rloop_tts	ICGC_Liver	tts	rloop
total_long_simple_indel	DO50842	1	0.114000309624841	rloop_tts	ICGC_Liver	tts	rloop
total_long_simple_indel	DO50844	0	0	rloop_tts	ICGC_Liver	tts	rloop
total_long_simple_indel	DO50845	0	0	rloop_tts	ICGC_Liver	tts	rloop
total_long_simple_indel	DO50848	0	0	rloop_tts	ICGC_Liver	tts	rloop
total_long_simple_indel	DO50850	1	0.114000309624841	rloop_tts	ICGC_Liver	tts	rloop
total_long_simple_indel	DO50851	0	0	rloop_tts	ICGC_Liver	tts	rloop
total_long_simple_indel	DO50855	0	0	rloop_tts	ICGC_Liver	tts	rloop
total_long_simple_indel	DO50857	1	0.114000309624841	rloop_tts	ICGC_Liver	tts	rloop
total_long_simple_indel	DO50859	0	0	rloop_tts	ICGC_Liver	tts	rloop
total_long_indel	DO23508	2	0.228000619249682	rloop_tts	ICGC_Liver	tts	rloop
total_long_indel	DO23509	0	0	rloop_tts	ICGC_Liver	tts	rloop
total_long_indel	DO23510	1	0.114000309624841	rloop_tts	ICGC_Liver	tts	rloop
total_long_indel	DO23512	0	0	rloop_tts	ICGC_Liver	tts	rloop
total_long_indel	DO23513	0	0	rloop_tts	ICGC_Liver	tts	rloop
total_long_indel	DO23514	1	0.114000309624841	rloop_tts	ICGC_Liver	tts	rloop
total_long_indel	DO23515	1	0.114000309624841	rloop_tts	ICGC_Liver	tts	rloop
total_long_indel	DO23516	2	0.228000619249682	rloop_tts	ICGC_Liver	tts	rloop
total_long_indel	DO23517	0	0	rloop_tts	ICGC_Liver	tts	rloop
total_long_indel	DO23518	4	0.456001238499364	rloop_tts	ICGC_Liver	tts	rloop
total_long_indel	DO23519	0	0	rloop_tts	ICGC_Liver	tts	rloop
total_long_indel	DO23520	1	0.114000309624841	rloop_tts	ICGC_Liver	tts	rloop
total_long_indel	DO23521	1	0.114000309624841	rloop_tts	ICGC_Liver	tts	rloop
total_long_indel	DO23522	1	0.114000309624841	rloop_tts	ICGC_Liver	tts	rloop
total_long_indel	DO23524	0	0	rloop_tts	ICGC_Liver	tts	rloop
total_long_indel	DO23525	2	0.228000619249682	rloop_tts	ICGC_Liver	tts	rloop
total_long_indel	DO23526	0	0	rloop_tts	ICGC_Liver	tts	rloop
total_long_indel	DO23527	0	0	rloop_tts	ICGC_Liver	tts	rloop
total_long_indel	DO23528	0	0	rloop_tts	ICGC_Liver	tts	rloop
total_long_indel	DO23529	1	0.114000309624841	rloop_tts	ICGC_Liver	tts	rloop
total_long_indel	DO23532	0	0	rloop_tts	ICGC_Liver	tts	rloop
total_long_indel	DO23533	1	0.114000309624841	rloop_tts	ICGC_Liver	tts	rloop
total_long_indel	DO23534	0	0	rloop_tts	ICGC_Liver	tts	rloop
total_long_indel	DO23535	0	0	rloop_tts	ICGC_Liver	tts	rloop
total_long_indel	DO23536	0	0	rloop_tts	ICGC_Liver	tts	rloop
total_long_indel	DO23537	0	0	rloop_tts	ICGC_Liver	tts	rloop
total_long_indel	DO23538	0	0	rloop_tts	ICGC_Liver	tts	rloop
total_long_indel	DO23539	1	0.114000309624841	rloop_tts	ICGC_Liver	tts	rloop
total_long_indel	DO23540	3	0.342000928874523	rloop_tts	ICGC_Liver	tts	rloop
total_long_indel	DO23541	1	0.114000309624841	rloop_tts	ICGC_Liver	tts	rloop
total_long_indel	DO23542	0	0	rloop_tts	ICGC_Liver	tts	rloop
total_long_indel	DO23543	3	0.342000928874523	rloop_tts	ICGC_Liver	tts	rloop
total_long_indel	DO23544	0	0	rloop_tts	ICGC_Liver	tts	rloop
total_long_indel	DO23545	0	0	rloop_tts	ICGC_Liver	tts	rloop
total_long_indel	DO23546	0	0	rloop_tts	ICGC_Liver	tts	rloop
total_long_indel	DO23547	0	0	rloop_tts	ICGC_Liver	tts	rloop
total_long_indel	DO23548	0	0	rloop_tts	ICGC_Liver	tts	rloop
total_long_indel	DO23549	0	0	rloop_tts	ICGC_Liver	tts	rloop
total_long_indel	DO23550	0	0	rloop_tts	ICGC_Liver	tts	rloop
total_long_indel	DO23551	0	0	rloop_tts	ICGC_Liver	tts	rloop
total_long_indel	DO23552	1	0.114000309624841	rloop_tts	ICGC_Liver	tts	rloop
total_long_indel	DO44740	1	0.114000309624841	rloop_tts	ICGC_Liver	tts	rloop
total_long_indel	DO44744	5	0.570001548124205	rloop_tts	ICGC_Liver	tts	rloop
total_long_indel	DO44806	2	0.228000619249682	rloop_tts	ICGC_Liver	tts	rloop
total_long_indel	DO44808	1	0.114000309624841	rloop_tts	ICGC_Liver	tts	rloop
total_long_indel	DO44828	1	0.114000309624841	rloop_tts	ICGC_Liver	tts	rloop
total_long_indel	DO44832	3	0.342000928874523	rloop_tts	ICGC_Liver	tts	rloop
total_long_indel	DO45029	2	0.228000619249682	rloop_tts	ICGC_Liver	tts	rloop
total_long_indel	DO45035	1	0.114000309624841	rloop_tts	ICGC_Liver	tts	rloop
total_long_indel	DO45037	0	0	rloop_tts	ICGC_Liver	tts	rloop
total_long_indel	DO45039	1	0.114000309624841	rloop_tts	ICGC_Liver	tts	rloop
total_long_indel	DO45041	5	0.570001548124205	rloop_tts	ICGC_Liver	tts	rloop
total_long_indel	DO45043	0	0	rloop_tts	ICGC_Liver	tts	rloop
total_long_indel	DO45045	4	0.456001238499364	rloop_tts	ICGC_Liver	tts	rloop
total_long_indel	DO45047	0	0	rloop_tts	ICGC_Liver	tts	rloop
total_long_indel	DO45049	10	1.14000309624841	rloop_tts	ICGC_Liver	tts	rloop
total_long_indel	DO45051	0	0	rloop_tts	ICGC_Liver	tts	rloop
total_long_indel	DO45055	2	0.228000619249682	rloop_tts	ICGC_Liver	tts	rloop
total_long_indel	DO45057	1	0.114000309624841	rloop_tts	ICGC_Liver	tts	rloop
total_long_indel	DO45059	0	0	rloop_tts	ICGC_Liver	tts	rloop
total_long_indel	DO45061	0	0	rloop_tts	ICGC_Liver	tts	rloop
total_long_indel	DO45064	2	0.228000619249682	rloop_tts	ICGC_Liver	tts	rloop
total_long_indel	DO45065	0	0	rloop_tts	ICGC_Liver	tts	rloop
total_long_indel	DO45067	1	0.114000309624841	rloop_tts	ICGC_Liver	tts	rloop
total_long_indel	DO45069	1	0.114000309624841	rloop_tts	ICGC_Liver	tts	rloop
total_long_indel	DO45071	3	0.342000928874523	rloop_tts	ICGC_Liver	tts	rloop
total_long_indel	DO45073	1	0.114000309624841	rloop_tts	ICGC_Liver	tts	rloop
total_long_indel	DO45075	3	0.342000928874523	rloop_tts	ICGC_Liver	tts	rloop
total_long_indel	DO45077	3	0.342000928874523	rloop_tts	ICGC_Liver	tts	rloop
total_long_indel	DO45079	1	0.114000309624841	rloop_tts	ICGC_Liver	tts	rloop
total_long_indel	DO45081	4	0.456001238499364	rloop_tts	ICGC_Liver	tts	rloop
total_long_indel	DO45083	1	0.114000309624841	rloop_tts	ICGC_Liver	tts	rloop
total_long_indel	DO45085	4	0.456001238499364	rloop_tts	ICGC_Liver	tts	rloop
total_long_indel	DO45087	1	0.114000309624841	rloop_tts	ICGC_Liver	tts	rloop
total_long_indel	DO45089	1	0.114000309624841	rloop_tts	ICGC_Liver	tts	rloop
total_long_indel	DO45091	0	0	rloop_tts	ICGC_Liver	tts	rloop
total_long_indel	DO45092	1	0.114000309624841	rloop_tts	ICGC_Liver	tts	rloop
total_long_indel	DO45093	1	0.114000309624841	rloop_tts	ICGC_Liver	tts	rloop
total_long_indel	DO45094	3	0.342000928874523	rloop_tts	ICGC_Liver	tts	rloop
total_long_indel	DO45095	1	0.114000309624841	rloop_tts	ICGC_Liver	tts	rloop
total_long_indel	DO45096	0	0	rloop_tts	ICGC_Liver	tts	rloop
total_long_indel	DO45097	2	0.228000619249682	rloop_tts	ICGC_Liver	tts	rloop
total_long_indel	DO45099	0	0	rloop_tts	ICGC_Liver	tts	rloop
total_long_indel	DO45101	0	0	rloop_tts	ICGC_Liver	tts	rloop
total_long_indel	DO45103	0	0	rloop_tts	ICGC_Liver	tts	rloop
total_long_indel	DO45105	0	0	rloop_tts	ICGC_Liver	tts	rloop
total_long_indel	DO45107	0	0	rloop_tts	ICGC_Liver	tts	rloop
total_long_indel	DO45109	0	0	rloop_tts	ICGC_Liver	tts	rloop
total_long_indel	DO45111	0	0	rloop_tts	ICGC_Liver	tts	rloop
total_long_indel	DO45113	1	0.114000309624841	rloop_tts	ICGC_Liver	tts	rloop
total_long_indel	DO45115	1	0.114000309624841	rloop_tts	ICGC_Liver	tts	rloop
total_long_indel	DO45117	4	0.456001238499364	rloop_tts	ICGC_Liver	tts	rloop
total_long_indel	DO45119	7	0.798002167373887	rloop_tts	ICGC_Liver	tts	rloop
total_long_indel	DO45121	1	0.114000309624841	rloop_tts	ICGC_Liver	tts	rloop
total_long_indel	DO45123	0	0	rloop_tts	ICGC_Liver	tts	rloop
total_long_indel	DO45125	2	0.228000619249682	rloop_tts	ICGC_Liver	tts	rloop
total_long_indel	DO45127	1	0.114000309624841	rloop_tts	ICGC_Liver	tts	rloop
total_long_indel	DO45129	0	0	rloop_tts	ICGC_Liver	tts	rloop
total_long_indel	DO45131	0	0	rloop_tts	ICGC_Liver	tts	rloop
total_long_indel	DO45133	2	0.228000619249682	rloop_tts	ICGC_Liver	tts	rloop
total_long_indel	DO45135	0	0	rloop_tts	ICGC_Liver	tts	rloop
total_long_indel	DO45137	0	0	rloop_tts	ICGC_Liver	tts	rloop
total_long_indel	DO45139	0	0	rloop_tts	ICGC_Liver	tts	rloop
total_long_indel	DO45141	3	0.342000928874523	rloop_tts	ICGC_Liver	tts	rloop
total_long_indel	DO45143	0	0	rloop_tts	ICGC_Liver	tts	rloop
total_long_indel	DO45145	2	0.228000619249682	rloop_tts	ICGC_Liver	tts	rloop
total_long_indel	DO45147	2	0.228000619249682	rloop_tts	ICGC_Liver	tts	rloop
total_long_indel	DO45149	0	0	rloop_tts	ICGC_Liver	tts	rloop
total_long_indel	DO45151	1	0.114000309624841	rloop_tts	ICGC_Liver	tts	rloop
total_long_indel	DO45153	0	0	rloop_tts	ICGC_Liver	tts	rloop
total_long_indel	DO45155	0	0	rloop_tts	ICGC_Liver	tts	rloop
total_long_indel	DO45157	1	0.114000309624841	rloop_tts	ICGC_Liver	tts	rloop
total_long_indel	DO45159	0	0	rloop_tts	ICGC_Liver	tts	rloop
total_long_indel	DO45161	1	0.114000309624841	rloop_tts	ICGC_Liver	tts	rloop
total_long_indel	DO45163	4	0.456001238499364	rloop_tts	ICGC_Liver	tts	rloop
total_long_indel	DO45165	1	0.114000309624841	rloop_tts	ICGC_Liver	tts	rloop
total_long_indel	DO45167	0	0	rloop_tts	ICGC_Liver	tts	rloop
total_long_indel	DO45169	0	0	rloop_tts	ICGC_Liver	tts	rloop
total_long_indel	DO45171	0	0	rloop_tts	ICGC_Liver	tts	rloop
total_long_indel	DO45173	4	0.456001238499364	rloop_tts	ICGC_Liver	tts	rloop
total_long_indel	DO45175	2	0.228000619249682	rloop_tts	ICGC_Liver	tts	rloop
total_long_indel	DO45177	0	0	rloop_tts	ICGC_Liver	tts	rloop
total_long_indel	DO45179	0	0	rloop_tts	ICGC_Liver	tts	rloop
total_long_indel	DO45181	0	0	rloop_tts	ICGC_Liver	tts	rloop
total_long_indel	DO45183	0	0	rloop_tts	ICGC_Liver	tts	rloop
total_long_indel	DO45185	1	0.114000309624841	rloop_tts	ICGC_Liver	tts	rloop
total_long_indel	DO45187	1	0.114000309624841	rloop_tts	ICGC_Liver	tts	rloop
total_long_indel	DO45189	1	0.114000309624841	rloop_tts	ICGC_Liver	tts	rloop
total_long_indel	DO45191	0	0	rloop_tts	ICGC_Liver	tts	rloop
total_long_indel	DO45193	1	0.114000309624841	rloop_tts	ICGC_Liver	tts	rloop
total_long_indel	DO45197	0	0	rloop_tts	ICGC_Liver	tts	rloop
total_long_indel	DO45199	0	0	rloop_tts	ICGC_Liver	tts	rloop
total_long_indel	DO45201	1	0.114000309624841	rloop_tts	ICGC_Liver	tts	rloop
total_long_indel	DO45203	1	0.114000309624841	rloop_tts	ICGC_Liver	tts	rloop
total_long_indel	DO45205	0	0	rloop_tts	ICGC_Liver	tts	rloop
total_long_indel	DO45207	1	0.114000309624841	rloop_tts	ICGC_Liver	tts	rloop
total_long_indel	DO45209	0	0	rloop_tts	ICGC_Liver	tts	rloop
total_long_indel	DO45211	0	0	rloop_tts	ICGC_Liver	tts	rloop
total_long_indel	DO45213	0	0	rloop_tts	ICGC_Liver	tts	rloop
total_long_indel	DO45215	0	0	rloop_tts	ICGC_Liver	tts	rloop
total_long_indel	DO45217	0	0	rloop_tts	ICGC_Liver	tts	rloop
total_long_indel	DO45219	2	0.228000619249682	rloop_tts	ICGC_Liver	tts	rloop
total_long_indel	DO45221	1	0.114000309624841	rloop_tts	ICGC_Liver	tts	rloop
total_long_indel	DO45223	0	0	rloop_tts	ICGC_Liver	tts	rloop
total_long_indel	DO45225	0	0	rloop_tts	ICGC_Liver	tts	rloop
total_long_indel	DO45227	0	0	rloop_tts	ICGC_Liver	tts	rloop
total_long_indel	DO45229	1	0.114000309624841	rloop_tts	ICGC_Liver	tts	rloop
total_long_indel	DO45233	0	0	rloop_tts	ICGC_Liver	tts	rloop
total_long_indel	DO45235	1	0.114000309624841	rloop_tts	ICGC_Liver	tts	rloop
total_long_indel	DO45237	7	0.798002167373887	rloop_tts	ICGC_Liver	tts	rloop
total_long_indel	DO45239	0	0	rloop_tts	ICGC_Liver	tts	rloop
total_long_indel	DO45241	0	0	rloop_tts	ICGC_Liver	tts	rloop
total_long_indel	DO45247	0	0	rloop_tts	ICGC_Liver	tts	rloop
total_long_indel	DO45253	0	0	rloop_tts	ICGC_Liver	tts	rloop
total_long_indel	DO45255	4	0.456001238499364	rloop_tts	ICGC_Liver	tts	rloop
total_long_indel	DO45257	1	0.114000309624841	rloop_tts	ICGC_Liver	tts	rloop
total_long_indel	DO45263	0	0	rloop_tts	ICGC_Liver	tts	rloop
total_long_indel	DO45265	3	0.342000928874523	rloop_tts	ICGC_Liver	tts	rloop
total_long_indel	DO45267	1	0.114000309624841	rloop_tts	ICGC_Liver	tts	rloop
total_long_indel	DO45269	0	0	rloop_tts	ICGC_Liver	tts	rloop
total_long_indel	DO45273	1	0.114000309624841	rloop_tts	ICGC_Liver	tts	rloop
total_long_indel	DO45277	2	0.228000619249682	rloop_tts	ICGC_Liver	tts	rloop
total_long_indel	DO45281	0	0	rloop_tts	ICGC_Liver	tts	rloop
total_long_indel	DO48672	0	0	rloop_tts	ICGC_Liver	tts	rloop
total_long_indel	DO48674	1	0.114000309624841	rloop_tts	ICGC_Liver	tts	rloop
total_long_indel	DO48677	0	0	rloop_tts	ICGC_Liver	tts	rloop
total_long_indel	DO48679	3	0.342000928874523	rloop_tts	ICGC_Liver	tts	rloop
total_long_indel	DO48681	0	0	rloop_tts	ICGC_Liver	tts	rloop
total_long_indel	DO48682	3	0.342000928874523	rloop_tts	ICGC_Liver	tts	rloop
total_long_indel	DO48684	1	0.114000309624841	rloop_tts	ICGC_Liver	tts	rloop
total_long_indel	DO48686	0	0	rloop_tts	ICGC_Liver	tts	rloop
total_long_indel	DO48687	1	0.114000309624841	rloop_tts	ICGC_Liver	tts	rloop
total_long_indel	DO48689	1	0.114000309624841	rloop_tts	ICGC_Liver	tts	rloop
total_long_indel	DO48691	0	0	rloop_tts	ICGC_Liver	tts	rloop
total_long_indel	DO48692	0	0	rloop_tts	ICGC_Liver	tts	rloop
total_long_indel	DO48693	0	0	rloop_tts	ICGC_Liver	tts	rloop
total_long_indel	DO48694	0	0	rloop_tts	ICGC_Liver	tts	rloop
total_long_indel	DO48695	1	0.114000309624841	rloop_tts	ICGC_Liver	tts	rloop
total_long_indel	DO48697	0	0	rloop_tts	ICGC_Liver	tts	rloop
total_long_indel	DO48700	0	0	rloop_tts	ICGC_Liver	tts	rloop
total_long_indel	DO48701	2	0.228000619249682	rloop_tts	ICGC_Liver	tts	rloop
total_long_indel	DO48703	0	0	rloop_tts	ICGC_Liver	tts	rloop
total_long_indel	DO48704	0	0	rloop_tts	ICGC_Liver	tts	rloop
total_long_indel	DO48706	2	0.228000619249682	rloop_tts	ICGC_Liver	tts	rloop
total_long_indel	DO48709	1	0.114000309624841	rloop_tts	ICGC_Liver	tts	rloop
total_long_indel	DO48712	0	0	rloop_tts	ICGC_Liver	tts	rloop
total_long_indel	DO48715	0	0	rloop_tts	ICGC_Liver	tts	rloop
total_long_indel	DO48716	0	0	rloop_tts	ICGC_Liver	tts	rloop
total_long_indel	DO48719	4	0.456001238499364	rloop_tts	ICGC_Liver	tts	rloop
total_long_indel	DO48720	0	0	rloop_tts	ICGC_Liver	tts	rloop
total_long_indel	DO48721	2	0.228000619249682	rloop_tts	ICGC_Liver	tts	rloop
total_long_indel	DO48723	1	0.114000309624841	rloop_tts	ICGC_Liver	tts	rloop
total_long_indel	DO48725	0	0	rloop_tts	ICGC_Liver	tts	rloop
total_long_indel	DO48727	1	0.114000309624841	rloop_tts	ICGC_Liver	tts	rloop
total_long_indel	DO48728	0	0	rloop_tts	ICGC_Liver	tts	rloop
total_long_indel	DO48730	0	0	rloop_tts	ICGC_Liver	tts	rloop
total_long_indel	DO48732	2	0.228000619249682	rloop_tts	ICGC_Liver	tts	rloop
total_long_indel	DO48733	1	0.114000309624841	rloop_tts	ICGC_Liver	tts	rloop
total_long_indel	DO48736	0	0	rloop_tts	ICGC_Liver	tts	rloop
total_long_indel	DO48737	2	0.228000619249682	rloop_tts	ICGC_Liver	tts	rloop
total_long_indel	DO48741	0	0	rloop_tts	ICGC_Liver	tts	rloop
total_long_indel	DO48742	2	0.228000619249682	rloop_tts	ICGC_Liver	tts	rloop
total_long_indel	DO48743	0	0	rloop_tts	ICGC_Liver	tts	rloop
total_long_indel	DO48747	0	0	rloop_tts	ICGC_Liver	tts	rloop
total_long_indel	DO48751	2	0.228000619249682	rloop_tts	ICGC_Liver	tts	rloop
total_long_indel	DO48753	1	0.114000309624841	rloop_tts	ICGC_Liver	tts	rloop
total_long_indel	DO48757	0	0	rloop_tts	ICGC_Liver	tts	rloop
total_long_indel	DO48759	1	0.114000309624841	rloop_tts	ICGC_Liver	tts	rloop
total_long_indel	DO48760	2	0.228000619249682	rloop_tts	ICGC_Liver	tts	rloop
total_long_indel	DO48761	0	0	rloop_tts	ICGC_Liver	tts	rloop
total_long_indel	DO50772	0	0	rloop_tts	ICGC_Liver	tts	rloop
total_long_indel	DO50774	0	0	rloop_tts	ICGC_Liver	tts	rloop
total_long_indel	DO50776	0	0	rloop_tts	ICGC_Liver	tts	rloop
total_long_indel	DO50778	0	0	rloop_tts	ICGC_Liver	tts	rloop
total_long_indel	DO50780	1	0.114000309624841	rloop_tts	ICGC_Liver	tts	rloop
total_long_indel	DO50783	0	0	rloop_tts	ICGC_Liver	tts	rloop
total_long_indel	DO50785	0	0	rloop_tts	ICGC_Liver	tts	rloop
total_long_indel	DO50787	0	0	rloop_tts	ICGC_Liver	tts	rloop
total_long_indel	DO50789	1	0.114000309624841	rloop_tts	ICGC_Liver	tts	rloop
total_long_indel	DO50791	0	0	rloop_tts	ICGC_Liver	tts	rloop
total_long_indel	DO50793	0	0	rloop_tts	ICGC_Liver	tts	rloop
total_long_indel	DO50796	3	0.342000928874523	rloop_tts	ICGC_Liver	tts	rloop
total_long_indel	DO50798	2	0.228000619249682	rloop_tts	ICGC_Liver	tts	rloop
total_long_indel	DO50799	1	0.114000309624841	rloop_tts	ICGC_Liver	tts	rloop
total_long_indel	DO50800	0	0	rloop_tts	ICGC_Liver	tts	rloop
total_long_indel	DO50802	1	0.114000309624841	rloop_tts	ICGC_Liver	tts	rloop
total_long_indel	DO50803	0	0	rloop_tts	ICGC_Liver	tts	rloop
total_long_indel	DO50804	2	0.228000619249682	rloop_tts	ICGC_Liver	tts	rloop
total_long_indel	DO50805	1	0.114000309624841	rloop_tts	ICGC_Liver	tts	rloop
total_long_indel	DO50806	0	0	rloop_tts	ICGC_Liver	tts	rloop
total_long_indel	DO50807	0	0	rloop_tts	ICGC_Liver	tts	rloop
total_long_indel	DO50808	0	0	rloop_tts	ICGC_Liver	tts	rloop
total_long_indel	DO50809	2	0.228000619249682	rloop_tts	ICGC_Liver	tts	rloop
total_long_indel	DO50811	1	0.114000309624841	rloop_tts	ICGC_Liver	tts	rloop
total_long_indel	DO50813	0	0	rloop_tts	ICGC_Liver	tts	rloop
total_long_indel	DO50814	0	0	rloop_tts	ICGC_Liver	tts	rloop
total_long_indel	DO50815	2	0.228000619249682	rloop_tts	ICGC_Liver	tts	rloop
total_long_indel	DO50816	0	0	rloop_tts	ICGC_Liver	tts	rloop
total_long_indel	DO50817	0	0	rloop_tts	ICGC_Liver	tts	rloop
total_long_indel	DO50818	1	0.114000309624841	rloop_tts	ICGC_Liver	tts	rloop
total_long_indel	DO50819	0	0	rloop_tts	ICGC_Liver	tts	rloop
total_long_indel	DO50820	0	0	rloop_tts	ICGC_Liver	tts	rloop
total_long_indel	DO50822	1	0.114000309624841	rloop_tts	ICGC_Liver	tts	rloop
total_long_indel	DO50825	2	0.228000619249682	rloop_tts	ICGC_Liver	tts	rloop
total_long_indel	DO50827	0	0	rloop_tts	ICGC_Liver	tts	rloop
total_long_indel	DO50829	1	0.114000309624841	rloop_tts	ICGC_Liver	tts	rloop
total_long_indel	DO50831	0	0	rloop_tts	ICGC_Liver	tts	rloop
total_long_indel	DO50832	1	0.114000309624841	rloop_tts	ICGC_Liver	tts	rloop
total_long_indel	DO50834	3	0.342000928874523	rloop_tts	ICGC_Liver	tts	rloop
total_long_indel	DO50837	0	0	rloop_tts	ICGC_Liver	tts	rloop
total_long_indel	DO50839	0	0	rloop_tts	ICGC_Liver	tts	rloop
total_long_indel	DO50840	2	0.228000619249682	rloop_tts	ICGC_Liver	tts	rloop
total_long_indel	DO50842	2	0.228000619249682	rloop_tts	ICGC_Liver	tts	rloop
total_long_indel	DO50844	0	0	rloop_tts	ICGC_Liver	tts	rloop
total_long_indel	DO50845	0	0	rloop_tts	ICGC_Liver	tts	rloop
total_long_indel	DO50848	0	0	rloop_tts	ICGC_Liver	tts	rloop
total_long_indel	DO50850	3	0.342000928874523	rloop_tts	ICGC_Liver	tts	rloop
total_long_indel	DO50851	2	0.228000619249682	rloop_tts	ICGC_Liver	tts	rloop
total_long_indel	DO50855	0	0	rloop_tts	ICGC_Liver	tts	rloop
total_long_indel	DO50857	2	0.228000619249682	rloop_tts	ICGC_Liver	tts	rloop
total_long_indel	DO50859	0	0	rloop_tts	ICGC_Liver	tts	rloop
total_Indel	DO23508	5	0.466998391190542	norloop_tts	ICGC_Liver	tts	norloop
total_Indel	DO23509	2	0.186799356476217	norloop_tts	ICGC_Liver	tts	norloop
total_Indel	DO23510	1	0.0933996782381085	norloop_tts	ICGC_Liver	tts	norloop
total_Indel	DO23512	2	0.186799356476217	norloop_tts	ICGC_Liver	tts	norloop
total_Indel	DO23513	1	0.0933996782381085	norloop_tts	ICGC_Liver	tts	norloop
total_Indel	DO23514	2	0.186799356476217	norloop_tts	ICGC_Liver	tts	norloop
total_Indel	DO23515	0	0	norloop_tts	ICGC_Liver	tts	norloop
total_Indel	DO23516	5	0.466998391190542	norloop_tts	ICGC_Liver	tts	norloop
total_Indel	DO23517	5	0.466998391190542	norloop_tts	ICGC_Liver	tts	norloop
total_Indel	DO23518	1	0.0933996782381085	norloop_tts	ICGC_Liver	tts	norloop
total_Indel	DO23519	2	0.186799356476217	norloop_tts	ICGC_Liver	tts	norloop
total_Indel	DO23520	0	0	norloop_tts	ICGC_Liver	tts	norloop
total_Indel	DO23521	2	0.186799356476217	norloop_tts	ICGC_Liver	tts	norloop
total_Indel	DO23522	2	0.186799356476217	norloop_tts	ICGC_Liver	tts	norloop
total_Indel	DO23524	1	0.0933996782381085	norloop_tts	ICGC_Liver	tts	norloop
total_Indel	DO23525	4	0.373598712952434	norloop_tts	ICGC_Liver	tts	norloop
total_Indel	DO23526	0	0	norloop_tts	ICGC_Liver	tts	norloop
total_Indel	DO23527	0	0	norloop_tts	ICGC_Liver	tts	norloop
total_Indel	DO23528	0	0	norloop_tts	ICGC_Liver	tts	norloop
total_Indel	DO23529	0	0	norloop_tts	ICGC_Liver	tts	norloop
total_Indel	DO23530	0	0	norloop_tts	ICGC_Liver	tts	norloop
total_Indel	DO23532	0	0	norloop_tts	ICGC_Liver	tts	norloop
total_Indel	DO23533	4	0.373598712952434	norloop_tts	ICGC_Liver	tts	norloop
total_Indel	DO23534	2	0.186799356476217	norloop_tts	ICGC_Liver	tts	norloop
total_Indel	DO23535	3	0.280199034714325	norloop_tts	ICGC_Liver	tts	norloop
total_Indel	DO23536	6	0.560398069428651	norloop_tts	ICGC_Liver	tts	norloop
total_Indel	DO23537	4	0.373598712952434	norloop_tts	ICGC_Liver	tts	norloop
total_Indel	DO23538	0	0	norloop_tts	ICGC_Liver	tts	norloop
total_Indel	DO23539	2	0.186799356476217	norloop_tts	ICGC_Liver	tts	norloop
total_Indel	DO23540	2	0.186799356476217	norloop_tts	ICGC_Liver	tts	norloop
total_Indel	DO23541	3	0.280199034714325	norloop_tts	ICGC_Liver	tts	norloop
total_Indel	DO23542	1	0.0933996782381085	norloop_tts	ICGC_Liver	tts	norloop
total_Indel	DO23543	7	0.653797747666759	norloop_tts	ICGC_Liver	tts	norloop
total_Indel	DO23544	2	0.186799356476217	norloop_tts	ICGC_Liver	tts	norloop
total_Indel	DO23545	2	0.186799356476217	norloop_tts	ICGC_Liver	tts	norloop
total_Indel	DO23546	5	0.466998391190542	norloop_tts	ICGC_Liver	tts	norloop
total_Indel	DO23547	0	0	norloop_tts	ICGC_Liver	tts	norloop
total_Indel	DO23548	2	0.186799356476217	norloop_tts	ICGC_Liver	tts	norloop
total_Indel	DO23549	0	0	norloop_tts	ICGC_Liver	tts	norloop
total_Indel	DO23550	3	0.280199034714325	norloop_tts	ICGC_Liver	tts	norloop
total_Indel	DO23551	3	0.280199034714325	norloop_tts	ICGC_Liver	tts	norloop
total_Indel	DO23552	6	0.560398069428651	norloop_tts	ICGC_Liver	tts	norloop
total_Indel	DO44740	5	0.466998391190542	norloop_tts	ICGC_Liver	tts	norloop
total_Indel	DO44744	3	0.280199034714325	norloop_tts	ICGC_Liver	tts	norloop
total_Indel	DO44806	1	0.0933996782381085	norloop_tts	ICGC_Liver	tts	norloop
total_Indel	DO44808	0	0	norloop_tts	ICGC_Liver	tts	norloop
total_Indel	DO44828	2	0.186799356476217	norloop_tts	ICGC_Liver	tts	norloop
total_Indel	DO44832	2	0.186799356476217	norloop_tts	ICGC_Liver	tts	norloop
total_Indel	DO45029	0	0	norloop_tts	ICGC_Liver	tts	norloop
total_Indel	DO45035	4	0.373598712952434	norloop_tts	ICGC_Liver	tts	norloop
total_Indel	DO45037	5	0.466998391190542	norloop_tts	ICGC_Liver	tts	norloop
total_Indel	DO45039	0	0	norloop_tts	ICGC_Liver	tts	norloop
total_Indel	DO45041	20	1.86799356476217	norloop_tts	ICGC_Liver	tts	norloop
total_Indel	DO45043	1	0.0933996782381085	norloop_tts	ICGC_Liver	tts	norloop
total_Indel	DO45045	1	0.0933996782381085	norloop_tts	ICGC_Liver	tts	norloop
total_Indel	DO45047	1	0.0933996782381085	norloop_tts	ICGC_Liver	tts	norloop
total_Indel	DO45049	4	0.373598712952434	norloop_tts	ICGC_Liver	tts	norloop
total_Indel	DO45051	0	0	norloop_tts	ICGC_Liver	tts	norloop
total_Indel	DO45055	2	0.186799356476217	norloop_tts	ICGC_Liver	tts	norloop
total_Indel	DO45057	2	0.186799356476217	norloop_tts	ICGC_Liver	tts	norloop
total_Indel	DO45059	2	0.186799356476217	norloop_tts	ICGC_Liver	tts	norloop
total_Indel	DO45061	2	0.186799356476217	norloop_tts	ICGC_Liver	tts	norloop
total_Indel	DO45064	1	0.0933996782381085	norloop_tts	ICGC_Liver	tts	norloop
total_Indel	DO45065	0	0	norloop_tts	ICGC_Liver	tts	norloop
total_Indel	DO45067	0	0	norloop_tts	ICGC_Liver	tts	norloop
total_Indel	DO45069	3	0.280199034714325	norloop_tts	ICGC_Liver	tts	norloop
total_Indel	DO45071	6	0.560398069428651	norloop_tts	ICGC_Liver	tts	norloop
total_Indel	DO45073	1	0.0933996782381085	norloop_tts	ICGC_Liver	tts	norloop
total_Indel	DO45075	2	0.186799356476217	norloop_tts	ICGC_Liver	tts	norloop
total_Indel	DO45077	3	0.280199034714325	norloop_tts	ICGC_Liver	tts	norloop
total_Indel	DO45079	3	0.280199034714325	norloop_tts	ICGC_Liver	tts	norloop
total_Indel	DO45081	1	0.0933996782381085	norloop_tts	ICGC_Liver	tts	norloop
total_Indel	DO45083	2	0.186799356476217	norloop_tts	ICGC_Liver	tts	norloop
total_Indel	DO45085	1	0.0933996782381085	norloop_tts	ICGC_Liver	tts	norloop
total_Indel	DO45087	2	0.186799356476217	norloop_tts	ICGC_Liver	tts	norloop
total_Indel	DO45089	4	0.373598712952434	norloop_tts	ICGC_Liver	tts	norloop
total_Indel	DO45091	2	0.186799356476217	norloop_tts	ICGC_Liver	tts	norloop
total_Indel	DO45092	2	0.186799356476217	norloop_tts	ICGC_Liver	tts	norloop
total_Indel	DO45093	2	0.186799356476217	norloop_tts	ICGC_Liver	tts	norloop
total_Indel	DO45094	0	0	norloop_tts	ICGC_Liver	tts	norloop
total_Indel	DO45095	0	0	norloop_tts	ICGC_Liver	tts	norloop
total_Indel	DO45096	3	0.280199034714325	norloop_tts	ICGC_Liver	tts	norloop
total_Indel	DO45097	4	0.373598712952434	norloop_tts	ICGC_Liver	tts	norloop
total_Indel	DO45099	1	0.0933996782381085	norloop_tts	ICGC_Liver	tts	norloop
total_Indel	DO45101	2	0.186799356476217	norloop_tts	ICGC_Liver	tts	norloop
total_Indel	DO45103	2	0.186799356476217	norloop_tts	ICGC_Liver	tts	norloop
total_Indel	DO45105	2	0.186799356476217	norloop_tts	ICGC_Liver	tts	norloop
total_Indel	DO45107	2	0.186799356476217	norloop_tts	ICGC_Liver	tts	norloop
total_Indel	DO45109	2	0.186799356476217	norloop_tts	ICGC_Liver	tts	norloop
total_Indel	DO45111	2	0.186799356476217	norloop_tts	ICGC_Liver	tts	norloop
total_Indel	DO45113	1	0.0933996782381085	norloop_tts	ICGC_Liver	tts	norloop
total_Indel	DO45115	2	0.186799356476217	norloop_tts	ICGC_Liver	tts	norloop
total_Indel	DO45117	7	0.653797747666759	norloop_tts	ICGC_Liver	tts	norloop
total_Indel	DO45119	4	0.373598712952434	norloop_tts	ICGC_Liver	tts	norloop
total_Indel	DO45121	0	0	norloop_tts	ICGC_Liver	tts	norloop
total_Indel	DO45123	4	0.373598712952434	norloop_tts	ICGC_Liver	tts	norloop
total_Indel	DO45125	2	0.186799356476217	norloop_tts	ICGC_Liver	tts	norloop
total_Indel	DO45127	4	0.373598712952434	norloop_tts	ICGC_Liver	tts	norloop
total_Indel	DO45129	1	0.0933996782381085	norloop_tts	ICGC_Liver	tts	norloop
total_Indel	DO45131	0	0	norloop_tts	ICGC_Liver	tts	norloop
total_Indel	DO45133	2	0.186799356476217	norloop_tts	ICGC_Liver	tts	norloop
total_Indel	DO45135	1	0.0933996782381085	norloop_tts	ICGC_Liver	tts	norloop
total_Indel	DO45137	2	0.186799356476217	norloop_tts	ICGC_Liver	tts	norloop
total_Indel	DO45139	10	0.933996782381085	norloop_tts	ICGC_Liver	tts	norloop
total_Indel	DO45141	5	0.466998391190542	norloop_tts	ICGC_Liver	tts	norloop
total_Indel	DO45143	1	0.0933996782381085	norloop_tts	ICGC_Liver	tts	norloop
total_Indel	DO45145	5	0.466998391190542	norloop_tts	ICGC_Liver	tts	norloop
total_Indel	DO45147	1	0.0933996782381085	norloop_tts	ICGC_Liver	tts	norloop
total_Indel	DO45149	2	0.186799356476217	norloop_tts	ICGC_Liver	tts	norloop
total_Indel	DO45151	3	0.280199034714325	norloop_tts	ICGC_Liver	tts	norloop
total_Indel	DO45153	0	0	norloop_tts	ICGC_Liver	tts	norloop
total_Indel	DO45155	2	0.186799356476217	norloop_tts	ICGC_Liver	tts	norloop
total_Indel	DO45157	0	0	norloop_tts	ICGC_Liver	tts	norloop
total_Indel	DO45159	3	0.280199034714325	norloop_tts	ICGC_Liver	tts	norloop
total_Indel	DO45161	5	0.466998391190542	norloop_tts	ICGC_Liver	tts	norloop
total_Indel	DO45163	4	0.373598712952434	norloop_tts	ICGC_Liver	tts	norloop
total_Indel	DO45165	1	0.0933996782381085	norloop_tts	ICGC_Liver	tts	norloop
total_Indel	DO45167	0	0	norloop_tts	ICGC_Liver	tts	norloop
total_Indel	DO45169	3	0.280199034714325	norloop_tts	ICGC_Liver	tts	norloop
total_Indel	DO45171	1	0.0933996782381085	norloop_tts	ICGC_Liver	tts	norloop
total_Indel	DO45173	5	0.466998391190542	norloop_tts	ICGC_Liver	tts	norloop
total_Indel	DO45175	2	0.186799356476217	norloop_tts	ICGC_Liver	tts	norloop
total_Indel	DO45177	1	0.0933996782381085	norloop_tts	ICGC_Liver	tts	norloop
total_Indel	DO45179	1	0.0933996782381085	norloop_tts	ICGC_Liver	tts	norloop
total_Indel	DO45181	3	0.280199034714325	norloop_tts	ICGC_Liver	tts	norloop
total_Indel	DO45183	4	0.373598712952434	norloop_tts	ICGC_Liver	tts	norloop
total_Indel	DO45185	1	0.0933996782381085	norloop_tts	ICGC_Liver	tts	norloop
total_Indel	DO45187	2	0.186799356476217	norloop_tts	ICGC_Liver	tts	norloop
total_Indel	DO45189	1	0.0933996782381085	norloop_tts	ICGC_Liver	tts	norloop
total_Indel	DO45191	2	0.186799356476217	norloop_tts	ICGC_Liver	tts	norloop
total_Indel	DO45193	4	0.373598712952434	norloop_tts	ICGC_Liver	tts	norloop
total_Indel	DO45197	6	0.560398069428651	norloop_tts	ICGC_Liver	tts	norloop
total_Indel	DO45199	2	0.186799356476217	norloop_tts	ICGC_Liver	tts	norloop
total_Indel	DO45201	2	0.186799356476217	norloop_tts	ICGC_Liver	tts	norloop
total_Indel	DO45203	1	0.0933996782381085	norloop_tts	ICGC_Liver	tts	norloop
total_Indel	DO45205	0	0	norloop_tts	ICGC_Liver	tts	norloop
total_Indel	DO45207	6	0.560398069428651	norloop_tts	ICGC_Liver	tts	norloop
total_Indel	DO45209	3	0.280199034714325	norloop_tts	ICGC_Liver	tts	norloop
total_Indel	DO45211	2	0.186799356476217	norloop_tts	ICGC_Liver	tts	norloop
total_Indel	DO45213	4	0.373598712952434	norloop_tts	ICGC_Liver	tts	norloop
total_Indel	DO45215	0	0	norloop_tts	ICGC_Liver	tts	norloop
total_Indel	DO45217	0	0	norloop_tts	ICGC_Liver	tts	norloop
total_Indel	DO45219	2	0.186799356476217	norloop_tts	ICGC_Liver	tts	norloop
total_Indel	DO45221	3	0.280199034714325	norloop_tts	ICGC_Liver	tts	norloop
total_Indel	DO45223	0	0	norloop_tts	ICGC_Liver	tts	norloop
total_Indel	DO45225	3	0.280199034714325	norloop_tts	ICGC_Liver	tts	norloop
total_Indel	DO45227	2	0.186799356476217	norloop_tts	ICGC_Liver	tts	norloop
total_Indel	DO45229	0	0	norloop_tts	ICGC_Liver	tts	norloop
total_Indel	DO45233	1	0.0933996782381085	norloop_tts	ICGC_Liver	tts	norloop
total_Indel	DO45235	0	0	norloop_tts	ICGC_Liver	tts	norloop
total_Indel	DO45237	6	0.560398069428651	norloop_tts	ICGC_Liver	tts	norloop
total_Indel	DO45239	4	0.373598712952434	norloop_tts	ICGC_Liver	tts	norloop
total_Indel	DO45241	0	0	norloop_tts	ICGC_Liver	tts	norloop
total_Indel	DO45247	2	0.186799356476217	norloop_tts	ICGC_Liver	tts	norloop
total_Indel	DO45253	1	0.0933996782381085	norloop_tts	ICGC_Liver	tts	norloop
total_Indel	DO45255	0	0	norloop_tts	ICGC_Liver	tts	norloop
total_Indel	DO45257	0	0	norloop_tts	ICGC_Liver	tts	norloop
total_Indel	DO45263	3	0.280199034714325	norloop_tts	ICGC_Liver	tts	norloop
total_Indel	DO45265	6	0.560398069428651	norloop_tts	ICGC_Liver	tts	norloop
total_Indel	DO45267	2	0.186799356476217	norloop_tts	ICGC_Liver	tts	norloop
total_Indel	DO45269	3	0.280199034714325	norloop_tts	ICGC_Liver	tts	norloop
total_Indel	DO45273	3	0.280199034714325	norloop_tts	ICGC_Liver	tts	norloop
total_Indel	DO45277	4	0.373598712952434	norloop_tts	ICGC_Liver	tts	norloop
total_Indel	DO45281	3	0.280199034714325	norloop_tts	ICGC_Liver	tts	norloop
total_Indel	DO48672	1	0.0933996782381085	norloop_tts	ICGC_Liver	tts	norloop
total_Indel	DO48674	2	0.186799356476217	norloop_tts	ICGC_Liver	tts	norloop
total_Indel	DO48677	1	0.0933996782381085	norloop_tts	ICGC_Liver	tts	norloop
total_Indel	DO48679	4	0.373598712952434	norloop_tts	ICGC_Liver	tts	norloop
total_Indel	DO48681	2	0.186799356476217	norloop_tts	ICGC_Liver	tts	norloop
total_Indel	DO48682	102	9.52676718028706	norloop_tts	ICGC_Liver	tts	norloop
total_Indel	DO48684	4	0.373598712952434	norloop_tts	ICGC_Liver	tts	norloop
total_Indel	DO48686	0	0	norloop_tts	ICGC_Liver	tts	norloop
total_Indel	DO48687	2	0.186799356476217	norloop_tts	ICGC_Liver	tts	norloop
total_Indel	DO48689	7	0.653797747666759	norloop_tts	ICGC_Liver	tts	norloop
total_Indel	DO48691	0	0	norloop_tts	ICGC_Liver	tts	norloop
total_Indel	DO48692	2	0.186799356476217	norloop_tts	ICGC_Liver	tts	norloop
total_Indel	DO48693	0	0	norloop_tts	ICGC_Liver	tts	norloop
total_Indel	DO48694	1	0.0933996782381085	norloop_tts	ICGC_Liver	tts	norloop
total_Indel	DO48695	2	0.186799356476217	norloop_tts	ICGC_Liver	tts	norloop
total_Indel	DO48697	0	0	norloop_tts	ICGC_Liver	tts	norloop
total_Indel	DO48700	1	0.0933996782381085	norloop_tts	ICGC_Liver	tts	norloop
total_Indel	DO48701	0	0	norloop_tts	ICGC_Liver	tts	norloop
total_Indel	DO48703	2	0.186799356476217	norloop_tts	ICGC_Liver	tts	norloop
total_Indel	DO48704	1	0.0933996782381085	norloop_tts	ICGC_Liver	tts	norloop
total_Indel	DO48706	5	0.466998391190542	norloop_tts	ICGC_Liver	tts	norloop
total_Indel	DO48709	2	0.186799356476217	norloop_tts	ICGC_Liver	tts	norloop
total_Indel	DO48712	3	0.280199034714325	norloop_tts	ICGC_Liver	tts	norloop
total_Indel	DO48715	2	0.186799356476217	norloop_tts	ICGC_Liver	tts	norloop
total_Indel	DO48716	5	0.466998391190542	norloop_tts	ICGC_Liver	tts	norloop
total_Indel	DO48717	0	0	norloop_tts	ICGC_Liver	tts	norloop
total_Indel	DO48719	11	1.02739646061919	norloop_tts	ICGC_Liver	tts	norloop
total_Indel	DO48720	0	0	norloop_tts	ICGC_Liver	tts	norloop
total_Indel	DO48721	5	0.466998391190542	norloop_tts	ICGC_Liver	tts	norloop
total_Indel	DO48723	6	0.560398069428651	norloop_tts	ICGC_Liver	tts	norloop
total_Indel	DO48725	1	0.0933996782381085	norloop_tts	ICGC_Liver	tts	norloop
total_Indel	DO48727	1	0.0933996782381085	norloop_tts	ICGC_Liver	tts	norloop
total_Indel	DO48728	1	0.0933996782381085	norloop_tts	ICGC_Liver	tts	norloop
total_Indel	DO48730	2	0.186799356476217	norloop_tts	ICGC_Liver	tts	norloop
total_Indel	DO48732	6	0.560398069428651	norloop_tts	ICGC_Liver	tts	norloop
total_Indel	DO48733	0	0	norloop_tts	ICGC_Liver	tts	norloop
total_Indel	DO48736	2	0.186799356476217	norloop_tts	ICGC_Liver	tts	norloop
total_Indel	DO48737	1	0.0933996782381085	norloop_tts	ICGC_Liver	tts	norloop
total_Indel	DO48738	0	0	norloop_tts	ICGC_Liver	tts	norloop
total_Indel	DO48741	5	0.466998391190542	norloop_tts	ICGC_Liver	tts	norloop
total_Indel	DO48742	4	0.373598712952434	norloop_tts	ICGC_Liver	tts	norloop
total_Indel	DO48743	2	0.186799356476217	norloop_tts	ICGC_Liver	tts	norloop
total_Indel	DO48747	1	0.0933996782381085	norloop_tts	ICGC_Liver	tts	norloop
total_Indel	DO48751	5	0.466998391190542	norloop_tts	ICGC_Liver	tts	norloop
total_Indel	DO48753	1	0.0933996782381085	norloop_tts	ICGC_Liver	tts	norloop
total_Indel	DO48757	4	0.373598712952434	norloop_tts	ICGC_Liver	tts	norloop
total_Indel	DO48759	1	0.0933996782381085	norloop_tts	ICGC_Liver	tts	norloop
total_Indel	DO48760	1	0.0933996782381085	norloop_tts	ICGC_Liver	tts	norloop
total_Indel	DO48761	2	0.186799356476217	norloop_tts	ICGC_Liver	tts	norloop
total_Indel	DO50772	1	0.0933996782381085	norloop_tts	ICGC_Liver	tts	norloop
total_Indel	DO50774	1	0.0933996782381085	norloop_tts	ICGC_Liver	tts	norloop
total_Indel	DO50776	3	0.280199034714325	norloop_tts	ICGC_Liver	tts	norloop
total_Indel	DO50778	3	0.280199034714325	norloop_tts	ICGC_Liver	tts	norloop
total_Indel	DO50780	3	0.280199034714325	norloop_tts	ICGC_Liver	tts	norloop
total_Indel	DO50783	4	0.373598712952434	norloop_tts	ICGC_Liver	tts	norloop
total_Indel	DO50785	1	0.0933996782381085	norloop_tts	ICGC_Liver	tts	norloop
total_Indel	DO50787	2	0.186799356476217	norloop_tts	ICGC_Liver	tts	norloop
total_Indel	DO50789	3	0.280199034714325	norloop_tts	ICGC_Liver	tts	norloop
total_Indel	DO50791	3	0.280199034714325	norloop_tts	ICGC_Liver	tts	norloop
total_Indel	DO50793	7	0.653797747666759	norloop_tts	ICGC_Liver	tts	norloop
total_Indel	DO50796	2	0.186799356476217	norloop_tts	ICGC_Liver	tts	norloop
total_Indel	DO50798	9	0.840597104142976	norloop_tts	ICGC_Liver	tts	norloop
total_Indel	DO50799	2	0.186799356476217	norloop_tts	ICGC_Liver	tts	norloop
total_Indel	DO50800	3	0.280199034714325	norloop_tts	ICGC_Liver	tts	norloop
total_Indel	DO50802	0	0	norloop_tts	ICGC_Liver	tts	norloop
total_Indel	DO50803	1	0.0933996782381085	norloop_tts	ICGC_Liver	tts	norloop
total_Indel	DO50804	6	0.560398069428651	norloop_tts	ICGC_Liver	tts	norloop
total_Indel	DO50805	1	0.0933996782381085	norloop_tts	ICGC_Liver	tts	norloop
total_Indel	DO50806	2	0.186799356476217	norloop_tts	ICGC_Liver	tts	norloop
total_Indel	DO50807	4	0.373598712952434	norloop_tts	ICGC_Liver	tts	norloop
total_Indel	DO50808	2	0.186799356476217	norloop_tts	ICGC_Liver	tts	norloop
total_Indel	DO50809	0	0	norloop_tts	ICGC_Liver	tts	norloop
total_Indel	DO50811	5	0.466998391190542	norloop_tts	ICGC_Liver	tts	norloop
total_Indel	DO50813	3	0.280199034714325	norloop_tts	ICGC_Liver	tts	norloop
total_Indel	DO50814	7	0.653797747666759	norloop_tts	ICGC_Liver	tts	norloop
total_Indel	DO50815	3	0.280199034714325	norloop_tts	ICGC_Liver	tts	norloop
total_Indel	DO50816	1	0.0933996782381085	norloop_tts	ICGC_Liver	tts	norloop
total_Indel	DO50817	1	0.0933996782381085	norloop_tts	ICGC_Liver	tts	norloop
total_Indel	DO50818	4	0.373598712952434	norloop_tts	ICGC_Liver	tts	norloop
total_Indel	DO50819	1	0.0933996782381085	norloop_tts	ICGC_Liver	tts	norloop
total_Indel	DO50820	0	0	norloop_tts	ICGC_Liver	tts	norloop
total_Indel	DO50822	4	0.373598712952434	norloop_tts	ICGC_Liver	tts	norloop
total_Indel	DO50825	6	0.560398069428651	norloop_tts	ICGC_Liver	tts	norloop
total_Indel	DO50827	2	0.186799356476217	norloop_tts	ICGC_Liver	tts	norloop
total_Indel	DO50829	3	0.280199034714325	norloop_tts	ICGC_Liver	tts	norloop
total_Indel	DO50831	2	0.186799356476217	norloop_tts	ICGC_Liver	tts	norloop
total_Indel	DO50832	3	0.280199034714325	norloop_tts	ICGC_Liver	tts	norloop
total_Indel	DO50834	5	0.466998391190542	norloop_tts	ICGC_Liver	tts	norloop
total_Indel	DO50837	0	0	norloop_tts	ICGC_Liver	tts	norloop
total_Indel	DO50839	1	0.0933996782381085	norloop_tts	ICGC_Liver	tts	norloop
total_Indel	DO50840	1	0.0933996782381085	norloop_tts	ICGC_Liver	tts	norloop
total_Indel	DO50842	4	0.373598712952434	norloop_tts	ICGC_Liver	tts	norloop
total_Indel	DO50844	4	0.373598712952434	norloop_tts	ICGC_Liver	tts	norloop
total_Indel	DO50845	0	0	norloop_tts	ICGC_Liver	tts	norloop
total_Indel	DO50848	0	0	norloop_tts	ICGC_Liver	tts	norloop
total_Indel	DO50850	1	0.0933996782381085	norloop_tts	ICGC_Liver	tts	norloop
total_Indel	DO50851	5	0.466998391190542	norloop_tts	ICGC_Liver	tts	norloop
total_Indel	DO50855	1	0.0933996782381085	norloop_tts	ICGC_Liver	tts	norloop
total_Indel	DO50857	5	0.466998391190542	norloop_tts	ICGC_Liver	tts	norloop
total_Indel	DO50859	3	0.280199034714325	norloop_tts	ICGC_Liver	tts	norloop
total_long_simple_indel	DO23508	0	0	norloop_tts	ICGC_Liver	tts	norloop
total_long_simple_indel	DO23509	0	0	norloop_tts	ICGC_Liver	tts	norloop
total_long_simple_indel	DO23510	0	0	norloop_tts	ICGC_Liver	tts	norloop
total_long_simple_indel	DO23512	0	0	norloop_tts	ICGC_Liver	tts	norloop
total_long_simple_indel	DO23513	0	0	norloop_tts	ICGC_Liver	tts	norloop
total_long_simple_indel	DO23514	1	0.0933996782381085	norloop_tts	ICGC_Liver	tts	norloop
total_long_simple_indel	DO23515	0	0	norloop_tts	ICGC_Liver	tts	norloop
total_long_simple_indel	DO23516	1	0.0933996782381085	norloop_tts	ICGC_Liver	tts	norloop
total_long_simple_indel	DO23517	1	0.0933996782381085	norloop_tts	ICGC_Liver	tts	norloop
total_long_simple_indel	DO23518	0	0	norloop_tts	ICGC_Liver	tts	norloop
total_long_simple_indel	DO23519	1	0.0933996782381085	norloop_tts	ICGC_Liver	tts	norloop
total_long_simple_indel	DO23520	0	0	norloop_tts	ICGC_Liver	tts	norloop
total_long_simple_indel	DO23521	0	0	norloop_tts	ICGC_Liver	tts	norloop
total_long_simple_indel	DO23522	0	0	norloop_tts	ICGC_Liver	tts	norloop
total_long_simple_indel	DO23524	1	0.0933996782381085	norloop_tts	ICGC_Liver	tts	norloop
total_long_simple_indel	DO23525	0	0	norloop_tts	ICGC_Liver	tts	norloop
total_long_simple_indel	DO23526	0	0	norloop_tts	ICGC_Liver	tts	norloop
total_long_simple_indel	DO23527	0	0	norloop_tts	ICGC_Liver	tts	norloop
total_long_simple_indel	DO23528	0	0	norloop_tts	ICGC_Liver	tts	norloop
total_long_simple_indel	DO23529	0	0	norloop_tts	ICGC_Liver	tts	norloop
total_long_simple_indel	DO23530	0	0	norloop_tts	ICGC_Liver	tts	norloop
total_long_simple_indel	DO23532	0	0	norloop_tts	ICGC_Liver	tts	norloop
total_long_simple_indel	DO23533	1	0.0933996782381085	norloop_tts	ICGC_Liver	tts	norloop
total_long_simple_indel	DO23534	0	0	norloop_tts	ICGC_Liver	tts	norloop
total_long_simple_indel	DO23535	0	0	norloop_tts	ICGC_Liver	tts	norloop
total_long_simple_indel	DO23536	2	0.186799356476217	norloop_tts	ICGC_Liver	tts	norloop
total_long_simple_indel	DO23537	0	0	norloop_tts	ICGC_Liver	tts	norloop
total_long_simple_indel	DO23538	0	0	norloop_tts	ICGC_Liver	tts	norloop
total_long_simple_indel	DO23539	2	0.186799356476217	norloop_tts	ICGC_Liver	tts	norloop
total_long_simple_indel	DO23540	1	0.0933996782381085	norloop_tts	ICGC_Liver	tts	norloop
total_long_simple_indel	DO23541	0	0	norloop_tts	ICGC_Liver	tts	norloop
total_long_simple_indel	DO23542	0	0	norloop_tts	ICGC_Liver	tts	norloop
total_long_simple_indel	DO23543	1	0.0933996782381085	norloop_tts	ICGC_Liver	tts	norloop
total_long_simple_indel	DO23544	1	0.0933996782381085	norloop_tts	ICGC_Liver	tts	norloop
total_long_simple_indel	DO23545	0	0	norloop_tts	ICGC_Liver	tts	norloop
total_long_simple_indel	DO23546	2	0.186799356476217	norloop_tts	ICGC_Liver	tts	norloop
total_long_simple_indel	DO23547	0	0	norloop_tts	ICGC_Liver	tts	norloop
total_long_simple_indel	DO23548	1	0.0933996782381085	norloop_tts	ICGC_Liver	tts	norloop
total_long_simple_indel	DO23549	0	0	norloop_tts	ICGC_Liver	tts	norloop
total_long_simple_indel	DO23550	0	0	norloop_tts	ICGC_Liver	tts	norloop
total_long_simple_indel	DO23551	0	0	norloop_tts	ICGC_Liver	tts	norloop
total_long_simple_indel	DO23552	1	0.0933996782381085	norloop_tts	ICGC_Liver	tts	norloop
total_long_simple_indel	DO44740	0	0	norloop_tts	ICGC_Liver	tts	norloop
total_long_simple_indel	DO44744	1	0.0933996782381085	norloop_tts	ICGC_Liver	tts	norloop
total_long_simple_indel	DO44806	1	0.0933996782381085	norloop_tts	ICGC_Liver	tts	norloop
total_long_simple_indel	DO44808	0	0	norloop_tts	ICGC_Liver	tts	norloop
total_long_simple_indel	DO44828	0	0	norloop_tts	ICGC_Liver	tts	norloop
total_long_simple_indel	DO44832	1	0.0933996782381085	norloop_tts	ICGC_Liver	tts	norloop
total_long_simple_indel	DO45029	0	0	norloop_tts	ICGC_Liver	tts	norloop
total_long_simple_indel	DO45035	1	0.0933996782381085	norloop_tts	ICGC_Liver	tts	norloop
total_long_simple_indel	DO45037	0	0	norloop_tts	ICGC_Liver	tts	norloop
total_long_simple_indel	DO45039	0	0	norloop_tts	ICGC_Liver	tts	norloop
total_long_simple_indel	DO45041	4	0.373598712952434	norloop_tts	ICGC_Liver	tts	norloop
total_long_simple_indel	DO45043	0	0	norloop_tts	ICGC_Liver	tts	norloop
total_long_simple_indel	DO45045	0	0	norloop_tts	ICGC_Liver	tts	norloop
total_long_simple_indel	DO45047	0	0	norloop_tts	ICGC_Liver	tts	norloop
total_long_simple_indel	DO45049	0	0	norloop_tts	ICGC_Liver	tts	norloop
total_long_simple_indel	DO45051	0	0	norloop_tts	ICGC_Liver	tts	norloop
total_long_simple_indel	DO45055	1	0.0933996782381085	norloop_tts	ICGC_Liver	tts	norloop
total_long_simple_indel	DO45057	1	0.0933996782381085	norloop_tts	ICGC_Liver	tts	norloop
total_long_simple_indel	DO45059	0	0	norloop_tts	ICGC_Liver	tts	norloop
total_long_simple_indel	DO45061	1	0.0933996782381085	norloop_tts	ICGC_Liver	tts	norloop
total_long_simple_indel	DO45064	0	0	norloop_tts	ICGC_Liver	tts	norloop
total_long_simple_indel	DO45065	0	0	norloop_tts	ICGC_Liver	tts	norloop
total_long_simple_indel	DO45067	0	0	norloop_tts	ICGC_Liver	tts	norloop
total_long_simple_indel	DO45069	0	0	norloop_tts	ICGC_Liver	tts	norloop
total_long_simple_indel	DO45071	0	0	norloop_tts	ICGC_Liver	tts	norloop
total_long_simple_indel	DO45073	0	0	norloop_tts	ICGC_Liver	tts	norloop
total_long_simple_indel	DO45075	1	0.0933996782381085	norloop_tts	ICGC_Liver	tts	norloop
total_long_simple_indel	DO45077	0	0	norloop_tts	ICGC_Liver	tts	norloop
total_long_simple_indel	DO45079	0	0	norloop_tts	ICGC_Liver	tts	norloop
total_long_simple_indel	DO45081	0	0	norloop_tts	ICGC_Liver	tts	norloop
total_long_simple_indel	DO45083	0	0	norloop_tts	ICGC_Liver	tts	norloop
total_long_simple_indel	DO45085	1	0.0933996782381085	norloop_tts	ICGC_Liver	tts	norloop
total_long_simple_indel	DO45087	1	0.0933996782381085	norloop_tts	ICGC_Liver	tts	norloop
total_long_simple_indel	DO45089	0	0	norloop_tts	ICGC_Liver	tts	norloop
total_long_simple_indel	DO45091	0	0	norloop_tts	ICGC_Liver	tts	norloop
total_long_simple_indel	DO45092	0	0	norloop_tts	ICGC_Liver	tts	norloop
total_long_simple_indel	DO45093	0	0	norloop_tts	ICGC_Liver	tts	norloop
total_long_simple_indel	DO45094	0	0	norloop_tts	ICGC_Liver	tts	norloop
total_long_simple_indel	DO45095	0	0	norloop_tts	ICGC_Liver	tts	norloop
total_long_simple_indel	DO45096	0	0	norloop_tts	ICGC_Liver	tts	norloop
total_long_simple_indel	DO45097	3	0.280199034714325	norloop_tts	ICGC_Liver	tts	norloop
total_long_simple_indel	DO45099	0	0	norloop_tts	ICGC_Liver	tts	norloop
total_long_simple_indel	DO45101	0	0	norloop_tts	ICGC_Liver	tts	norloop
total_long_simple_indel	DO45103	0	0	norloop_tts	ICGC_Liver	tts	norloop
total_long_simple_indel	DO45105	1	0.0933996782381085	norloop_tts	ICGC_Liver	tts	norloop
total_long_simple_indel	DO45107	0	0	norloop_tts	ICGC_Liver	tts	norloop
total_long_simple_indel	DO45109	1	0.0933996782381085	norloop_tts	ICGC_Liver	tts	norloop
total_long_simple_indel	DO45111	0	0	norloop_tts	ICGC_Liver	tts	norloop
total_long_simple_indel	DO45113	1	0.0933996782381085	norloop_tts	ICGC_Liver	tts	norloop
total_long_simple_indel	DO45115	0	0	norloop_tts	ICGC_Liver	tts	norloop
total_long_simple_indel	DO45117	2	0.186799356476217	norloop_tts	ICGC_Liver	tts	norloop
total_long_simple_indel	DO45119	1	0.0933996782381085	norloop_tts	ICGC_Liver	tts	norloop
total_long_simple_indel	DO45121	0	0	norloop_tts	ICGC_Liver	tts	norloop
total_long_simple_indel	DO45123	1	0.0933996782381085	norloop_tts	ICGC_Liver	tts	norloop
total_long_simple_indel	DO45125	0	0	norloop_tts	ICGC_Liver	tts	norloop
total_long_simple_indel	DO45127	0	0	norloop_tts	ICGC_Liver	tts	norloop
total_long_simple_indel	DO45129	1	0.0933996782381085	norloop_tts	ICGC_Liver	tts	norloop
total_long_simple_indel	DO45131	0	0	norloop_tts	ICGC_Liver	tts	norloop
total_long_simple_indel	DO45133	1	0.0933996782381085	norloop_tts	ICGC_Liver	tts	norloop
total_long_simple_indel	DO45135	0	0	norloop_tts	ICGC_Liver	tts	norloop
total_long_simple_indel	DO45137	1	0.0933996782381085	norloop_tts	ICGC_Liver	tts	norloop
total_long_simple_indel	DO45139	3	0.280199034714325	norloop_tts	ICGC_Liver	tts	norloop
total_long_simple_indel	DO45141	1	0.0933996782381085	norloop_tts	ICGC_Liver	tts	norloop
total_long_simple_indel	DO45143	0	0	norloop_tts	ICGC_Liver	tts	norloop
total_long_simple_indel	DO45145	0	0	norloop_tts	ICGC_Liver	tts	norloop
total_long_simple_indel	DO45147	0	0	norloop_tts	ICGC_Liver	tts	norloop
total_long_simple_indel	DO45149	0	0	norloop_tts	ICGC_Liver	tts	norloop
total_long_simple_indel	DO45151	0	0	norloop_tts	ICGC_Liver	tts	norloop
total_long_simple_indel	DO45153	0	0	norloop_tts	ICGC_Liver	tts	norloop
total_long_simple_indel	DO45155	1	0.0933996782381085	norloop_tts	ICGC_Liver	tts	norloop
total_long_simple_indel	DO45157	0	0	norloop_tts	ICGC_Liver	tts	norloop
total_long_simple_indel	DO45159	0	0	norloop_tts	ICGC_Liver	tts	norloop
total_long_simple_indel	DO45161	1	0.0933996782381085	norloop_tts	ICGC_Liver	tts	norloop
total_long_simple_indel	DO45163	1	0.0933996782381085	norloop_tts	ICGC_Liver	tts	norloop
total_long_simple_indel	DO45165	0	0	norloop_tts	ICGC_Liver	tts	norloop
total_long_simple_indel	DO45167	0	0	norloop_tts	ICGC_Liver	tts	norloop
total_long_simple_indel	DO45169	1	0.0933996782381085	norloop_tts	ICGC_Liver	tts	norloop
total_long_simple_indel	DO45171	0	0	norloop_tts	ICGC_Liver	tts	norloop
total_long_simple_indel	DO45173	2	0.186799356476217	norloop_tts	ICGC_Liver	tts	norloop
total_long_simple_indel	DO45175	1	0.0933996782381085	norloop_tts	ICGC_Liver	tts	norloop
total_long_simple_indel	DO45177	0	0	norloop_tts	ICGC_Liver	tts	norloop
total_long_simple_indel	DO45179	1	0.0933996782381085	norloop_tts	ICGC_Liver	tts	norloop
total_long_simple_indel	DO45181	0	0	norloop_tts	ICGC_Liver	tts	norloop
total_long_simple_indel	DO45183	1	0.0933996782381085	norloop_tts	ICGC_Liver	tts	norloop
total_long_simple_indel	DO45185	0	0	norloop_tts	ICGC_Liver	tts	norloop
total_long_simple_indel	DO45187	0	0	norloop_tts	ICGC_Liver	tts	norloop
total_long_simple_indel	DO45189	0	0	norloop_tts	ICGC_Liver	tts	norloop
total_long_simple_indel	DO45191	0	0	norloop_tts	ICGC_Liver	tts	norloop
total_long_simple_indel	DO45193	1	0.0933996782381085	norloop_tts	ICGC_Liver	tts	norloop
total_long_simple_indel	DO45197	0	0	norloop_tts	ICGC_Liver	tts	norloop
total_long_simple_indel	DO45199	0	0	norloop_tts	ICGC_Liver	tts	norloop
total_long_simple_indel	DO45201	2	0.186799356476217	norloop_tts	ICGC_Liver	tts	norloop
total_long_simple_indel	DO45203	0	0	norloop_tts	ICGC_Liver	tts	norloop
total_long_simple_indel	DO45205	0	0	norloop_tts	ICGC_Liver	tts	norloop
total_long_simple_indel	DO45207	1	0.0933996782381085	norloop_tts	ICGC_Liver	tts	norloop
total_long_simple_indel	DO45209	1	0.0933996782381085	norloop_tts	ICGC_Liver	tts	norloop
total_long_simple_indel	DO45211	0	0	norloop_tts	ICGC_Liver	tts	norloop
total_long_simple_indel	DO45213	0	0	norloop_tts	ICGC_Liver	tts	norloop
total_long_simple_indel	DO45215	0	0	norloop_tts	ICGC_Liver	tts	norloop
total_long_simple_indel	DO45217	0	0	norloop_tts	ICGC_Liver	tts	norloop
total_long_simple_indel	DO45219	1	0.0933996782381085	norloop_tts	ICGC_Liver	tts	norloop
total_long_simple_indel	DO45221	0	0	norloop_tts	ICGC_Liver	tts	norloop
total_long_simple_indel	DO45223	0	0	norloop_tts	ICGC_Liver	tts	norloop
total_long_simple_indel	DO45225	0	0	norloop_tts	ICGC_Liver	tts	norloop
total_long_simple_indel	DO45227	1	0.0933996782381085	norloop_tts	ICGC_Liver	tts	norloop
total_long_simple_indel	DO45229	0	0	norloop_tts	ICGC_Liver	tts	norloop
total_long_simple_indel	DO45233	0	0	norloop_tts	ICGC_Liver	tts	norloop
total_long_simple_indel	DO45235	0	0	norloop_tts	ICGC_Liver	tts	norloop
total_long_simple_indel	DO45237	0	0	norloop_tts	ICGC_Liver	tts	norloop
total_long_simple_indel	DO45239	0	0	norloop_tts	ICGC_Liver	tts	norloop
total_long_simple_indel	DO45241	0	0	norloop_tts	ICGC_Liver	tts	norloop
total_long_simple_indel	DO45247	1	0.0933996782381085	norloop_tts	ICGC_Liver	tts	norloop
total_long_simple_indel	DO45253	0	0	norloop_tts	ICGC_Liver	tts	norloop
total_long_simple_indel	DO45255	0	0	norloop_tts	ICGC_Liver	tts	norloop
total_long_simple_indel	DO45257	0	0	norloop_tts	ICGC_Liver	tts	norloop
total_long_simple_indel	DO45263	0	0	norloop_tts	ICGC_Liver	tts	norloop
total_long_simple_indel	DO45265	1	0.0933996782381085	norloop_tts	ICGC_Liver	tts	norloop
total_long_simple_indel	DO45267	2	0.186799356476217	norloop_tts	ICGC_Liver	tts	norloop
total_long_simple_indel	DO45269	0	0	norloop_tts	ICGC_Liver	tts	norloop
total_long_simple_indel	DO45273	0	0	norloop_tts	ICGC_Liver	tts	norloop
total_long_simple_indel	DO45277	1	0.0933996782381085	norloop_tts	ICGC_Liver	tts	norloop
total_long_simple_indel	DO45281	1	0.0933996782381085	norloop_tts	ICGC_Liver	tts	norloop
total_long_simple_indel	DO48672	0	0	norloop_tts	ICGC_Liver	tts	norloop
total_long_simple_indel	DO48674	1	0.0933996782381085	norloop_tts	ICGC_Liver	tts	norloop
total_long_simple_indel	DO48677	0	0	norloop_tts	ICGC_Liver	tts	norloop
total_long_simple_indel	DO48679	3	0.280199034714325	norloop_tts	ICGC_Liver	tts	norloop
total_long_simple_indel	DO48681	0	0	norloop_tts	ICGC_Liver	tts	norloop
total_long_simple_indel	DO48682	10	0.933996782381085	norloop_tts	ICGC_Liver	tts	norloop
total_long_simple_indel	DO48684	2	0.186799356476217	norloop_tts	ICGC_Liver	tts	norloop
total_long_simple_indel	DO48686	0	0	norloop_tts	ICGC_Liver	tts	norloop
total_long_simple_indel	DO48687	0	0	norloop_tts	ICGC_Liver	tts	norloop
total_long_simple_indel	DO48689	2	0.186799356476217	norloop_tts	ICGC_Liver	tts	norloop
total_long_simple_indel	DO48691	0	0	norloop_tts	ICGC_Liver	tts	norloop
total_long_simple_indel	DO48692	1	0.0933996782381085	norloop_tts	ICGC_Liver	tts	norloop
total_long_simple_indel	DO48693	0	0	norloop_tts	ICGC_Liver	tts	norloop
total_long_simple_indel	DO48694	0	0	norloop_tts	ICGC_Liver	tts	norloop
total_long_simple_indel	DO48695	0	0	norloop_tts	ICGC_Liver	tts	norloop
total_long_simple_indel	DO48697	0	0	norloop_tts	ICGC_Liver	tts	norloop
total_long_simple_indel	DO48700	1	0.0933996782381085	norloop_tts	ICGC_Liver	tts	norloop
total_long_simple_indel	DO48701	0	0	norloop_tts	ICGC_Liver	tts	norloop
total_long_simple_indel	DO48703	0	0	norloop_tts	ICGC_Liver	tts	norloop
total_long_simple_indel	DO48704	1	0.0933996782381085	norloop_tts	ICGC_Liver	tts	norloop
total_long_simple_indel	DO48706	0	0	norloop_tts	ICGC_Liver	tts	norloop
total_long_simple_indel	DO48709	0	0	norloop_tts	ICGC_Liver	tts	norloop
total_long_simple_indel	DO48712	1	0.0933996782381085	norloop_tts	ICGC_Liver	tts	norloop
total_long_simple_indel	DO48715	0	0	norloop_tts	ICGC_Liver	tts	norloop
total_long_simple_indel	DO48716	1	0.0933996782381085	norloop_tts	ICGC_Liver	tts	norloop
total_long_simple_indel	DO48717	0	0	norloop_tts	ICGC_Liver	tts	norloop
total_long_simple_indel	DO48719	3	0.280199034714325	norloop_tts	ICGC_Liver	tts	norloop
total_long_simple_indel	DO48720	0	0	norloop_tts	ICGC_Liver	tts	norloop
total_long_simple_indel	DO48721	2	0.186799356476217	norloop_tts	ICGC_Liver	tts	norloop
total_long_simple_indel	DO48723	1	0.0933996782381085	norloop_tts	ICGC_Liver	tts	norloop
total_long_simple_indel	DO48725	1	0.0933996782381085	norloop_tts	ICGC_Liver	tts	norloop
total_long_simple_indel	DO48727	0	0	norloop_tts	ICGC_Liver	tts	norloop
total_long_simple_indel	DO48728	0	0	norloop_tts	ICGC_Liver	tts	norloop
total_long_simple_indel	DO48730	0	0	norloop_tts	ICGC_Liver	tts	norloop
total_long_simple_indel	DO48732	1	0.0933996782381085	norloop_tts	ICGC_Liver	tts	norloop
total_long_simple_indel	DO48733	0	0	norloop_tts	ICGC_Liver	tts	norloop
total_long_simple_indel	DO48736	0	0	norloop_tts	ICGC_Liver	tts	norloop
total_long_simple_indel	DO48737	1	0.0933996782381085	norloop_tts	ICGC_Liver	tts	norloop
total_long_simple_indel	DO48738	0	0	norloop_tts	ICGC_Liver	tts	norloop
total_long_simple_indel	DO48741	1	0.0933996782381085	norloop_tts	ICGC_Liver	tts	norloop
total_long_simple_indel	DO48742	0	0	norloop_tts	ICGC_Liver	tts	norloop
total_long_simple_indel	DO48743	0	0	norloop_tts	ICGC_Liver	tts	norloop
total_long_simple_indel	DO48747	0	0	norloop_tts	ICGC_Liver	tts	norloop
total_long_simple_indel	DO48751	3	0.280199034714325	norloop_tts	ICGC_Liver	tts	norloop
total_long_simple_indel	DO48753	0	0	norloop_tts	ICGC_Liver	tts	norloop
total_long_simple_indel	DO48757	2	0.186799356476217	norloop_tts	ICGC_Liver	tts	norloop
total_long_simple_indel	DO48759	1	0.0933996782381085	norloop_tts	ICGC_Liver	tts	norloop
total_long_simple_indel	DO48760	0	0	norloop_tts	ICGC_Liver	tts	norloop
total_long_simple_indel	DO48761	0	0	norloop_tts	ICGC_Liver	tts	norloop
total_long_simple_indel	DO50772	1	0.0933996782381085	norloop_tts	ICGC_Liver	tts	norloop
total_long_simple_indel	DO50774	0	0	norloop_tts	ICGC_Liver	tts	norloop
total_long_simple_indel	DO50776	2	0.186799356476217	norloop_tts	ICGC_Liver	tts	norloop
total_long_simple_indel	DO50778	0	0	norloop_tts	ICGC_Liver	tts	norloop
total_long_simple_indel	DO50780	0	0	norloop_tts	ICGC_Liver	tts	norloop
total_long_simple_indel	DO50783	1	0.0933996782381085	norloop_tts	ICGC_Liver	tts	norloop
total_long_simple_indel	DO50785	0	0	norloop_tts	ICGC_Liver	tts	norloop
total_long_simple_indel	DO50787	0	0	norloop_tts	ICGC_Liver	tts	norloop
total_long_simple_indel	DO50789	2	0.186799356476217	norloop_tts	ICGC_Liver	tts	norloop
total_long_simple_indel	DO50791	0	0	norloop_tts	ICGC_Liver	tts	norloop
total_long_simple_indel	DO50793	0	0	norloop_tts	ICGC_Liver	tts	norloop
total_long_simple_indel	DO50796	1	0.0933996782381085	norloop_tts	ICGC_Liver	tts	norloop
total_long_simple_indel	DO50798	3	0.280199034714325	norloop_tts	ICGC_Liver	tts	norloop
total_long_simple_indel	DO50799	1	0.0933996782381085	norloop_tts	ICGC_Liver	tts	norloop
total_long_simple_indel	DO50800	0	0	norloop_tts	ICGC_Liver	tts	norloop
total_long_simple_indel	DO50802	0	0	norloop_tts	ICGC_Liver	tts	norloop
total_long_simple_indel	DO50803	1	0.0933996782381085	norloop_tts	ICGC_Liver	tts	norloop
total_long_simple_indel	DO50804	0	0	norloop_tts	ICGC_Liver	tts	norloop
total_long_simple_indel	DO50805	0	0	norloop_tts	ICGC_Liver	tts	norloop
total_long_simple_indel	DO50806	1	0.0933996782381085	norloop_tts	ICGC_Liver	tts	norloop
total_long_simple_indel	DO50807	1	0.0933996782381085	norloop_tts	ICGC_Liver	tts	norloop
total_long_simple_indel	DO50808	1	0.0933996782381085	norloop_tts	ICGC_Liver	tts	norloop
total_long_simple_indel	DO50809	0	0	norloop_tts	ICGC_Liver	tts	norloop
total_long_simple_indel	DO50811	1	0.0933996782381085	norloop_tts	ICGC_Liver	tts	norloop
total_long_simple_indel	DO50813	1	0.0933996782381085	norloop_tts	ICGC_Liver	tts	norloop
total_long_simple_indel	DO50814	0	0	norloop_tts	ICGC_Liver	tts	norloop
total_long_simple_indel	DO50815	1	0.0933996782381085	norloop_tts	ICGC_Liver	tts	norloop
total_long_simple_indel	DO50816	0	0	norloop_tts	ICGC_Liver	tts	norloop
total_long_simple_indel	DO50817	1	0.0933996782381085	norloop_tts	ICGC_Liver	tts	norloop
total_long_simple_indel	DO50818	1	0.0933996782381085	norloop_tts	ICGC_Liver	tts	norloop
total_long_simple_indel	DO50819	0	0	norloop_tts	ICGC_Liver	tts	norloop
total_long_simple_indel	DO50820	0	0	norloop_tts	ICGC_Liver	tts	norloop
total_long_simple_indel	DO50822	0	0	norloop_tts	ICGC_Liver	tts	norloop
total_long_simple_indel	DO50825	1	0.0933996782381085	norloop_tts	ICGC_Liver	tts	norloop
total_long_simple_indel	DO50827	0	0	norloop_tts	ICGC_Liver	tts	norloop
total_long_simple_indel	DO50829	0	0	norloop_tts	ICGC_Liver	tts	norloop
total_long_simple_indel	DO50831	0	0	norloop_tts	ICGC_Liver	tts	norloop
total_long_simple_indel	DO50832	1	0.0933996782381085	norloop_tts	ICGC_Liver	tts	norloop
total_long_simple_indel	DO50834	0	0	norloop_tts	ICGC_Liver	tts	norloop
total_long_simple_indel	DO50837	0	0	norloop_tts	ICGC_Liver	tts	norloop
total_long_simple_indel	DO50839	0	0	norloop_tts	ICGC_Liver	tts	norloop
total_long_simple_indel	DO50840	0	0	norloop_tts	ICGC_Liver	tts	norloop
total_long_simple_indel	DO50842	0	0	norloop_tts	ICGC_Liver	tts	norloop
total_long_simple_indel	DO50844	0	0	norloop_tts	ICGC_Liver	tts	norloop
total_long_simple_indel	DO50845	0	0	norloop_tts	ICGC_Liver	tts	norloop
total_long_simple_indel	DO50848	0	0	norloop_tts	ICGC_Liver	tts	norloop
total_long_simple_indel	DO50850	1	0.0933996782381085	norloop_tts	ICGC_Liver	tts	norloop
total_long_simple_indel	DO50851	1	0.0933996782381085	norloop_tts	ICGC_Liver	tts	norloop
total_long_simple_indel	DO50855	0	0	norloop_tts	ICGC_Liver	tts	norloop
total_long_simple_indel	DO50857	1	0.0933996782381085	norloop_tts	ICGC_Liver	tts	norloop
total_long_simple_indel	DO50859	0	0	norloop_tts	ICGC_Liver	tts	norloop
total_long_indel	DO23508	0	0	norloop_tts	ICGC_Liver	tts	norloop
total_long_indel	DO23509	1	0.0933996782381085	norloop_tts	ICGC_Liver	tts	norloop
total_long_indel	DO23510	0	0	norloop_tts	ICGC_Liver	tts	norloop
total_long_indel	DO23512	1	0.0933996782381085	norloop_tts	ICGC_Liver	tts	norloop
total_long_indel	DO23513	0	0	norloop_tts	ICGC_Liver	tts	norloop
total_long_indel	DO23514	1	0.0933996782381085	norloop_tts	ICGC_Liver	tts	norloop
total_long_indel	DO23515	0	0	norloop_tts	ICGC_Liver	tts	norloop
total_long_indel	DO23516	4	0.373598712952434	norloop_tts	ICGC_Liver	tts	norloop
total_long_indel	DO23517	1	0.0933996782381085	norloop_tts	ICGC_Liver	tts	norloop
total_long_indel	DO23518	0	0	norloop_tts	ICGC_Liver	tts	norloop
total_long_indel	DO23519	1	0.0933996782381085	norloop_tts	ICGC_Liver	tts	norloop
total_long_indel	DO23520	0	0	norloop_tts	ICGC_Liver	tts	norloop
total_long_indel	DO23521	1	0.0933996782381085	norloop_tts	ICGC_Liver	tts	norloop
total_long_indel	DO23522	2	0.186799356476217	norloop_tts	ICGC_Liver	tts	norloop
total_long_indel	DO23524	1	0.0933996782381085	norloop_tts	ICGC_Liver	tts	norloop
total_long_indel	DO23525	0	0	norloop_tts	ICGC_Liver	tts	norloop
total_long_indel	DO23526	0	0	norloop_tts	ICGC_Liver	tts	norloop
total_long_indel	DO23527	0	0	norloop_tts	ICGC_Liver	tts	norloop
total_long_indel	DO23528	0	0	norloop_tts	ICGC_Liver	tts	norloop
total_long_indel	DO23529	0	0	norloop_tts	ICGC_Liver	tts	norloop
total_long_indel	DO23530	0	0	norloop_tts	ICGC_Liver	tts	norloop
total_long_indel	DO23532	0	0	norloop_tts	ICGC_Liver	tts	norloop
total_long_indel	DO23533	1	0.0933996782381085	norloop_tts	ICGC_Liver	tts	norloop
total_long_indel	DO23534	1	0.0933996782381085	norloop_tts	ICGC_Liver	tts	norloop
total_long_indel	DO23535	0	0	norloop_tts	ICGC_Liver	tts	norloop
total_long_indel	DO23536	3	0.280199034714325	norloop_tts	ICGC_Liver	tts	norloop
total_long_indel	DO23537	0	0	norloop_tts	ICGC_Liver	tts	norloop
total_long_indel	DO23538	0	0	norloop_tts	ICGC_Liver	tts	norloop
total_long_indel	DO23539	2	0.186799356476217	norloop_tts	ICGC_Liver	tts	norloop
total_long_indel	DO23540	1	0.0933996782381085	norloop_tts	ICGC_Liver	tts	norloop
total_long_indel	DO23541	0	0	norloop_tts	ICGC_Liver	tts	norloop
total_long_indel	DO23542	0	0	norloop_tts	ICGC_Liver	tts	norloop
total_long_indel	DO23543	2	0.186799356476217	norloop_tts	ICGC_Liver	tts	norloop
total_long_indel	DO23544	1	0.0933996782381085	norloop_tts	ICGC_Liver	tts	norloop
total_long_indel	DO23545	0	0	norloop_tts	ICGC_Liver	tts	norloop
total_long_indel	DO23546	2	0.186799356476217	norloop_tts	ICGC_Liver	tts	norloop
total_long_indel	DO23547	0	0	norloop_tts	ICGC_Liver	tts	norloop
total_long_indel	DO23548	1	0.0933996782381085	norloop_tts	ICGC_Liver	tts	norloop
total_long_indel	DO23549	0	0	norloop_tts	ICGC_Liver	tts	norloop
total_long_indel	DO23550	0	0	norloop_tts	ICGC_Liver	tts	norloop
total_long_indel	DO23551	1	0.0933996782381085	norloop_tts	ICGC_Liver	tts	norloop
total_long_indel	DO23552	2	0.186799356476217	norloop_tts	ICGC_Liver	tts	norloop
total_long_indel	DO44740	2	0.186799356476217	norloop_tts	ICGC_Liver	tts	norloop
total_long_indel	DO44744	1	0.0933996782381085	norloop_tts	ICGC_Liver	tts	norloop
total_long_indel	DO44806	1	0.0933996782381085	norloop_tts	ICGC_Liver	tts	norloop
total_long_indel	DO44808	0	0	norloop_tts	ICGC_Liver	tts	norloop
total_long_indel	DO44828	1	0.0933996782381085	norloop_tts	ICGC_Liver	tts	norloop
total_long_indel	DO44832	1	0.0933996782381085	norloop_tts	ICGC_Liver	tts	norloop
total_long_indel	DO45029	0	0	norloop_tts	ICGC_Liver	tts	norloop
total_long_indel	DO45035	1	0.0933996782381085	norloop_tts	ICGC_Liver	tts	norloop
total_long_indel	DO45037	3	0.280199034714325	norloop_tts	ICGC_Liver	tts	norloop
total_long_indel	DO45039	0	0	norloop_tts	ICGC_Liver	tts	norloop
total_long_indel	DO45041	4	0.373598712952434	norloop_tts	ICGC_Liver	tts	norloop
total_long_indel	DO45043	0	0	norloop_tts	ICGC_Liver	tts	norloop
total_long_indel	DO45045	0	0	norloop_tts	ICGC_Liver	tts	norloop
total_long_indel	DO45047	1	0.0933996782381085	norloop_tts	ICGC_Liver	tts	norloop
total_long_indel	DO45049	1	0.0933996782381085	norloop_tts	ICGC_Liver	tts	norloop
total_long_indel	DO45051	0	0	norloop_tts	ICGC_Liver	tts	norloop
total_long_indel	DO45055	1	0.0933996782381085	norloop_tts	ICGC_Liver	tts	norloop
total_long_indel	DO45057	1	0.0933996782381085	norloop_tts	ICGC_Liver	tts	norloop
total_long_indel	DO45059	0	0	norloop_tts	ICGC_Liver	tts	norloop
total_long_indel	DO45061	1	0.0933996782381085	norloop_tts	ICGC_Liver	tts	norloop
total_long_indel	DO45064	0	0	norloop_tts	ICGC_Liver	tts	norloop
total_long_indel	DO45065	0	0	norloop_tts	ICGC_Liver	tts	norloop
total_long_indel	DO45067	0	0	norloop_tts	ICGC_Liver	tts	norloop
total_long_indel	DO45069	0	0	norloop_tts	ICGC_Liver	tts	norloop
total_long_indel	DO45071	0	0	norloop_tts	ICGC_Liver	tts	norloop
total_long_indel	DO45073	0	0	norloop_tts	ICGC_Liver	tts	norloop
total_long_indel	DO45075	1	0.0933996782381085	norloop_tts	ICGC_Liver	tts	norloop
total_long_indel	DO45077	0	0	norloop_tts	ICGC_Liver	tts	norloop
total_long_indel	DO45079	1	0.0933996782381085	norloop_tts	ICGC_Liver	tts	norloop
total_long_indel	DO45081	0	0	norloop_tts	ICGC_Liver	tts	norloop
total_long_indel	DO45083	1	0.0933996782381085	norloop_tts	ICGC_Liver	tts	norloop
total_long_indel	DO45085	1	0.0933996782381085	norloop_tts	ICGC_Liver	tts	norloop
total_long_indel	DO45087	2	0.186799356476217	norloop_tts	ICGC_Liver	tts	norloop
total_long_indel	DO45089	0	0	norloop_tts	ICGC_Liver	tts	norloop
total_long_indel	DO45091	1	0.0933996782381085	norloop_tts	ICGC_Liver	tts	norloop
total_long_indel	DO45092	1	0.0933996782381085	norloop_tts	ICGC_Liver	tts	norloop
total_long_indel	DO45093	0	0	norloop_tts	ICGC_Liver	tts	norloop
total_long_indel	DO45094	0	0	norloop_tts	ICGC_Liver	tts	norloop
total_long_indel	DO45095	0	0	norloop_tts	ICGC_Liver	tts	norloop
total_long_indel	DO45096	1	0.0933996782381085	norloop_tts	ICGC_Liver	tts	norloop
total_long_indel	DO45097	3	0.280199034714325	norloop_tts	ICGC_Liver	tts	norloop
total_long_indel	DO45099	0	0	norloop_tts	ICGC_Liver	tts	norloop
total_long_indel	DO45101	1	0.0933996782381085	norloop_tts	ICGC_Liver	tts	norloop
total_long_indel	DO45103	1	0.0933996782381085	norloop_tts	ICGC_Liver	tts	norloop
total_long_indel	DO45105	1	0.0933996782381085	norloop_tts	ICGC_Liver	tts	norloop
total_long_indel	DO45107	0	0	norloop_tts	ICGC_Liver	tts	norloop
total_long_indel	DO45109	1	0.0933996782381085	norloop_tts	ICGC_Liver	tts	norloop
total_long_indel	DO45111	0	0	norloop_tts	ICGC_Liver	tts	norloop
total_long_indel	DO45113	1	0.0933996782381085	norloop_tts	ICGC_Liver	tts	norloop
total_long_indel	DO45115	1	0.0933996782381085	norloop_tts	ICGC_Liver	tts	norloop
total_long_indel	DO45117	2	0.186799356476217	norloop_tts	ICGC_Liver	tts	norloop
total_long_indel	DO45119	2	0.186799356476217	norloop_tts	ICGC_Liver	tts	norloop
total_long_indel	DO45121	0	0	norloop_tts	ICGC_Liver	tts	norloop
total_long_indel	DO45123	1	0.0933996782381085	norloop_tts	ICGC_Liver	tts	norloop
total_long_indel	DO45125	0	0	norloop_tts	ICGC_Liver	tts	norloop
total_long_indel	DO45127	2	0.186799356476217	norloop_tts	ICGC_Liver	tts	norloop
total_long_indel	DO45129	1	0.0933996782381085	norloop_tts	ICGC_Liver	tts	norloop
total_long_indel	DO45131	0	0	norloop_tts	ICGC_Liver	tts	norloop
total_long_indel	DO45133	1	0.0933996782381085	norloop_tts	ICGC_Liver	tts	norloop
total_long_indel	DO45135	1	0.0933996782381085	norloop_tts	ICGC_Liver	tts	norloop
total_long_indel	DO45137	1	0.0933996782381085	norloop_tts	ICGC_Liver	tts	norloop
total_long_indel	DO45139	6	0.560398069428651	norloop_tts	ICGC_Liver	tts	norloop
total_long_indel	DO45141	2	0.186799356476217	norloop_tts	ICGC_Liver	tts	norloop
total_long_indel	DO45143	0	0	norloop_tts	ICGC_Liver	tts	norloop
total_long_indel	DO45145	3	0.280199034714325	norloop_tts	ICGC_Liver	tts	norloop
total_long_indel	DO45147	0	0	norloop_tts	ICGC_Liver	tts	norloop
total_long_indel	DO45149	1	0.0933996782381085	norloop_tts	ICGC_Liver	tts	norloop
total_long_indel	DO45151	0	0	norloop_tts	ICGC_Liver	tts	norloop
total_long_indel	DO45153	0	0	norloop_tts	ICGC_Liver	tts	norloop
total_long_indel	DO45155	2	0.186799356476217	norloop_tts	ICGC_Liver	tts	norloop
total_long_indel	DO45157	0	0	norloop_tts	ICGC_Liver	tts	norloop
total_long_indel	DO45159	2	0.186799356476217	norloop_tts	ICGC_Liver	tts	norloop
total_long_indel	DO45161	2	0.186799356476217	norloop_tts	ICGC_Liver	tts	norloop
total_long_indel	DO45163	2	0.186799356476217	norloop_tts	ICGC_Liver	tts	norloop
total_long_indel	DO45165	0	0	norloop_tts	ICGC_Liver	tts	norloop
total_long_indel	DO45167	0	0	norloop_tts	ICGC_Liver	tts	norloop
total_long_indel	DO45169	1	0.0933996782381085	norloop_tts	ICGC_Liver	tts	norloop
total_long_indel	DO45171	0	0	norloop_tts	ICGC_Liver	tts	norloop
total_long_indel	DO45173	5	0.466998391190542	norloop_tts	ICGC_Liver	tts	norloop
total_long_indel	DO45175	2	0.186799356476217	norloop_tts	ICGC_Liver	tts	norloop
total_long_indel	DO45177	0	0	norloop_tts	ICGC_Liver	tts	norloop
total_long_indel	DO45179	1	0.0933996782381085	norloop_tts	ICGC_Liver	tts	norloop
total_long_indel	DO45181	0	0	norloop_tts	ICGC_Liver	tts	norloop
total_long_indel	DO45183	1	0.0933996782381085	norloop_tts	ICGC_Liver	tts	norloop
total_long_indel	DO45185	0	0	norloop_tts	ICGC_Liver	tts	norloop
total_long_indel	DO45187	0	0	norloop_tts	ICGC_Liver	tts	norloop
total_long_indel	DO45189	1	0.0933996782381085	norloop_tts	ICGC_Liver	tts	norloop
total_long_indel	DO45191	2	0.186799356476217	norloop_tts	ICGC_Liver	tts	norloop
total_long_indel	DO45193	2	0.186799356476217	norloop_tts	ICGC_Liver	tts	norloop
total_long_indel	DO45197	1	0.0933996782381085	norloop_tts	ICGC_Liver	tts	norloop
total_long_indel	DO45199	0	0	norloop_tts	ICGC_Liver	tts	norloop
total_long_indel	DO45201	2	0.186799356476217	norloop_tts	ICGC_Liver	tts	norloop
total_long_indel	DO45203	0	0	norloop_tts	ICGC_Liver	tts	norloop
total_long_indel	DO45205	0	0	norloop_tts	ICGC_Liver	tts	norloop
total_long_indel	DO45207	1	0.0933996782381085	norloop_tts	ICGC_Liver	tts	norloop
total_long_indel	DO45209	1	0.0933996782381085	norloop_tts	ICGC_Liver	tts	norloop
total_long_indel	DO45211	0	0	norloop_tts	ICGC_Liver	tts	norloop
total_long_indel	DO45213	2	0.186799356476217	norloop_tts	ICGC_Liver	tts	norloop
total_long_indel	DO45215	0	0	norloop_tts	ICGC_Liver	tts	norloop
total_long_indel	DO45217	0	0	norloop_tts	ICGC_Liver	tts	norloop
total_long_indel	DO45219	1	0.0933996782381085	norloop_tts	ICGC_Liver	tts	norloop
total_long_indel	DO45221	0	0	norloop_tts	ICGC_Liver	tts	norloop
total_long_indel	DO45223	0	0	norloop_tts	ICGC_Liver	tts	norloop
total_long_indel	DO45225	0	0	norloop_tts	ICGC_Liver	tts	norloop
total_long_indel	DO45227	1	0.0933996782381085	norloop_tts	ICGC_Liver	tts	norloop
total_long_indel	DO45229	0	0	norloop_tts	ICGC_Liver	tts	norloop
total_long_indel	DO45233	0	0	norloop_tts	ICGC_Liver	tts	norloop
total_long_indel	DO45235	0	0	norloop_tts	ICGC_Liver	tts	norloop
total_long_indel	DO45237	5	0.466998391190542	norloop_tts	ICGC_Liver	tts	norloop
total_long_indel	DO45239	0	0	norloop_tts	ICGC_Liver	tts	norloop
total_long_indel	DO45241	0	0	norloop_tts	ICGC_Liver	tts	norloop
total_long_indel	DO45247	1	0.0933996782381085	norloop_tts	ICGC_Liver	tts	norloop
total_long_indel	DO45253	1	0.0933996782381085	norloop_tts	ICGC_Liver	tts	norloop
total_long_indel	DO45255	0	0	norloop_tts	ICGC_Liver	tts	norloop
total_long_indel	DO45257	0	0	norloop_tts	ICGC_Liver	tts	norloop
total_long_indel	DO45263	3	0.280199034714325	norloop_tts	ICGC_Liver	tts	norloop
total_long_indel	DO45265	1	0.0933996782381085	norloop_tts	ICGC_Liver	tts	norloop
total_long_indel	DO45267	2	0.186799356476217	norloop_tts	ICGC_Liver	tts	norloop
total_long_indel	DO45269	0	0	norloop_tts	ICGC_Liver	tts	norloop
total_long_indel	DO45273	0	0	norloop_tts	ICGC_Liver	tts	norloop
total_long_indel	DO45277	2	0.186799356476217	norloop_tts	ICGC_Liver	tts	norloop
total_long_indel	DO45281	2	0.186799356476217	norloop_tts	ICGC_Liver	tts	norloop
total_long_indel	DO48672	0	0	norloop_tts	ICGC_Liver	tts	norloop
total_long_indel	DO48674	1	0.0933996782381085	norloop_tts	ICGC_Liver	tts	norloop
total_long_indel	DO48677	0	0	norloop_tts	ICGC_Liver	tts	norloop
total_long_indel	DO48679	3	0.280199034714325	norloop_tts	ICGC_Liver	tts	norloop
total_long_indel	DO48681	1	0.0933996782381085	norloop_tts	ICGC_Liver	tts	norloop
total_long_indel	DO48682	10	0.933996782381085	norloop_tts	ICGC_Liver	tts	norloop
total_long_indel	DO48684	2	0.186799356476217	norloop_tts	ICGC_Liver	tts	norloop
total_long_indel	DO48686	0	0	norloop_tts	ICGC_Liver	tts	norloop
total_long_indel	DO48687	0	0	norloop_tts	ICGC_Liver	tts	norloop
total_long_indel	DO48689	4	0.373598712952434	norloop_tts	ICGC_Liver	tts	norloop
total_long_indel	DO48691	0	0	norloop_tts	ICGC_Liver	tts	norloop
total_long_indel	DO48692	2	0.186799356476217	norloop_tts	ICGC_Liver	tts	norloop
total_long_indel	DO48693	0	0	norloop_tts	ICGC_Liver	tts	norloop
total_long_indel	DO48694	0	0	norloop_tts	ICGC_Liver	tts	norloop
total_long_indel	DO48695	0	0	norloop_tts	ICGC_Liver	tts	norloop
total_long_indel	DO48697	0	0	norloop_tts	ICGC_Liver	tts	norloop
total_long_indel	DO48700	1	0.0933996782381085	norloop_tts	ICGC_Liver	tts	norloop
total_long_indel	DO48701	0	0	norloop_tts	ICGC_Liver	tts	norloop
total_long_indel	DO48703	0	0	norloop_tts	ICGC_Liver	tts	norloop
total_long_indel	DO48704	1	0.0933996782381085	norloop_tts	ICGC_Liver	tts	norloop
total_long_indel	DO48706	1	0.0933996782381085	norloop_tts	ICGC_Liver	tts	norloop
total_long_indel	DO48709	0	0	norloop_tts	ICGC_Liver	tts	norloop
total_long_indel	DO48712	1	0.0933996782381085	norloop_tts	ICGC_Liver	tts	norloop
total_long_indel	DO48715	0	0	norloop_tts	ICGC_Liver	tts	norloop
total_long_indel	DO48716	2	0.186799356476217	norloop_tts	ICGC_Liver	tts	norloop
total_long_indel	DO48717	0	0	norloop_tts	ICGC_Liver	tts	norloop
total_long_indel	DO48719	5	0.466998391190542	norloop_tts	ICGC_Liver	tts	norloop
total_long_indel	DO48720	0	0	norloop_tts	ICGC_Liver	tts	norloop
total_long_indel	DO48721	3	0.280199034714325	norloop_tts	ICGC_Liver	tts	norloop
total_long_indel	DO48723	1	0.0933996782381085	norloop_tts	ICGC_Liver	tts	norloop
total_long_indel	DO48725	1	0.0933996782381085	norloop_tts	ICGC_Liver	tts	norloop
total_long_indel	DO48727	1	0.0933996782381085	norloop_tts	ICGC_Liver	tts	norloop
total_long_indel	DO48728	0	0	norloop_tts	ICGC_Liver	tts	norloop
total_long_indel	DO48730	0	0	norloop_tts	ICGC_Liver	tts	norloop
total_long_indel	DO48732	1	0.0933996782381085	norloop_tts	ICGC_Liver	tts	norloop
total_long_indel	DO48733	0	0	norloop_tts	ICGC_Liver	tts	norloop
total_long_indel	DO48736	0	0	norloop_tts	ICGC_Liver	tts	norloop
total_long_indel	DO48737	1	0.0933996782381085	norloop_tts	ICGC_Liver	tts	norloop
total_long_indel	DO48738	0	0	norloop_tts	ICGC_Liver	tts	norloop
total_long_indel	DO48741	1	0.0933996782381085	norloop_tts	ICGC_Liver	tts	norloop
total_long_indel	DO48742	0	0	norloop_tts	ICGC_Liver	tts	norloop
total_long_indel	DO48743	1	0.0933996782381085	norloop_tts	ICGC_Liver	tts	norloop
total_long_indel	DO48747	0	0	norloop_tts	ICGC_Liver	tts	norloop
total_long_indel	DO48751	3	0.280199034714325	norloop_tts	ICGC_Liver	tts	norloop
total_long_indel	DO48753	1	0.0933996782381085	norloop_tts	ICGC_Liver	tts	norloop
total_long_indel	DO48757	2	0.186799356476217	norloop_tts	ICGC_Liver	tts	norloop
total_long_indel	DO48759	1	0.0933996782381085	norloop_tts	ICGC_Liver	tts	norloop
total_long_indel	DO48760	0	0	norloop_tts	ICGC_Liver	tts	norloop
total_long_indel	DO48761	0	0	norloop_tts	ICGC_Liver	tts	norloop
total_long_indel	DO50772	1	0.0933996782381085	norloop_tts	ICGC_Liver	tts	norloop
total_long_indel	DO50774	0	0	norloop_tts	ICGC_Liver	tts	norloop
total_long_indel	DO50776	2	0.186799356476217	norloop_tts	ICGC_Liver	tts	norloop
total_long_indel	DO50778	1	0.0933996782381085	norloop_tts	ICGC_Liver	tts	norloop
total_long_indel	DO50780	0	0	norloop_tts	ICGC_Liver	tts	norloop
total_long_indel	DO50783	2	0.186799356476217	norloop_tts	ICGC_Liver	tts	norloop
total_long_indel	DO50785	0	0	norloop_tts	ICGC_Liver	tts	norloop
total_long_indel	DO50787	1	0.0933996782381085	norloop_tts	ICGC_Liver	tts	norloop
total_long_indel	DO50789	2	0.186799356476217	norloop_tts	ICGC_Liver	tts	norloop
total_long_indel	DO50791	1	0.0933996782381085	norloop_tts	ICGC_Liver	tts	norloop
total_long_indel	DO50793	0	0	norloop_tts	ICGC_Liver	tts	norloop
total_long_indel	DO50796	2	0.186799356476217	norloop_tts	ICGC_Liver	tts	norloop
total_long_indel	DO50798	4	0.373598712952434	norloop_tts	ICGC_Liver	tts	norloop
total_long_indel	DO50799	1	0.0933996782381085	norloop_tts	ICGC_Liver	tts	norloop
total_long_indel	DO50800	1	0.0933996782381085	norloop_tts	ICGC_Liver	tts	norloop
total_long_indel	DO50802	0	0	norloop_tts	ICGC_Liver	tts	norloop
total_long_indel	DO50803	1	0.0933996782381085	norloop_tts	ICGC_Liver	tts	norloop
total_long_indel	DO50804	1	0.0933996782381085	norloop_tts	ICGC_Liver	tts	norloop
total_long_indel	DO50805	1	0.0933996782381085	norloop_tts	ICGC_Liver	tts	norloop
total_long_indel	DO50806	1	0.0933996782381085	norloop_tts	ICGC_Liver	tts	norloop
total_long_indel	DO50807	1	0.0933996782381085	norloop_tts	ICGC_Liver	tts	norloop
total_long_indel	DO50808	2	0.186799356476217	norloop_tts	ICGC_Liver	tts	norloop
total_long_indel	DO50809	0	0	norloop_tts	ICGC_Liver	tts	norloop
total_long_indel	DO50811	3	0.280199034714325	norloop_tts	ICGC_Liver	tts	norloop
total_long_indel	DO50813	1	0.0933996782381085	norloop_tts	ICGC_Liver	tts	norloop
total_long_indel	DO50814	1	0.0933996782381085	norloop_tts	ICGC_Liver	tts	norloop
total_long_indel	DO50815	2	0.186799356476217	norloop_tts	ICGC_Liver	tts	norloop
total_long_indel	DO50816	0	0	norloop_tts	ICGC_Liver	tts	norloop
total_long_indel	DO50817	1	0.0933996782381085	norloop_tts	ICGC_Liver	tts	norloop
total_long_indel	DO50818	1	0.0933996782381085	norloop_tts	ICGC_Liver	tts	norloop
total_long_indel	DO50819	1	0.0933996782381085	norloop_tts	ICGC_Liver	tts	norloop
total_long_indel	DO50820	0	0	norloop_tts	ICGC_Liver	tts	norloop
total_long_indel	DO50822	1	0.0933996782381085	norloop_tts	ICGC_Liver	tts	norloop
total_long_indel	DO50825	1	0.0933996782381085	norloop_tts	ICGC_Liver	tts	norloop
total_long_indel	DO50827	0	0	norloop_tts	ICGC_Liver	tts	norloop
total_long_indel	DO50829	1	0.0933996782381085	norloop_tts	ICGC_Liver	tts	norloop
total_long_indel	DO50831	1	0.0933996782381085	norloop_tts	ICGC_Liver	tts	norloop
total_long_indel	DO50832	1	0.0933996782381085	norloop_tts	ICGC_Liver	tts	norloop
total_long_indel	DO50834	1	0.0933996782381085	norloop_tts	ICGC_Liver	tts	norloop
total_long_indel	DO50837	0	0	norloop_tts	ICGC_Liver	tts	norloop
total_long_indel	DO50839	1	0.0933996782381085	norloop_tts	ICGC_Liver	tts	norloop
total_long_indel	DO50840	0	0	norloop_tts	ICGC_Liver	tts	norloop
total_long_indel	DO50842	1	0.0933996782381085	norloop_tts	ICGC_Liver	tts	norloop
total_long_indel	DO50844	1	0.0933996782381085	norloop_tts	ICGC_Liver	tts	norloop
total_long_indel	DO50845	0	0	norloop_tts	ICGC_Liver	tts	norloop
total_long_indel	DO50848	0	0	norloop_tts	ICGC_Liver	tts	norloop
total_long_indel	DO50850	1	0.0933996782381085	norloop_tts	ICGC_Liver	tts	norloop
total_long_indel	DO50851	2	0.186799356476217	norloop_tts	ICGC_Liver	tts	norloop
total_long_indel	DO50855	0	0	norloop_tts	ICGC_Liver	tts	norloop
total_long_indel	DO50857	1	0.0933996782381085	norloop_tts	ICGC_Liver	tts	norloop
total_long_indel	DO50859	0	0	norloop_tts	ICGC_Liver	tts	norloop
total_Indel	DO46325	0	0	rloop_tss	ICGC_OV	tss	rloop
total_Indel	DO46327	0	0	rloop_tss	ICGC_OV	tss	rloop
total_Indel	DO46328	0	0	rloop_tss	ICGC_OV	tss	rloop
total_Indel	DO46329	4	0.562198556161668	rloop_tss	ICGC_OV	tss	rloop
total_Indel	DO46330	1	0.140549639040417	rloop_tss	ICGC_OV	tss	rloop
total_Indel	DO46331	0	0	rloop_tss	ICGC_OV	tss	rloop
total_Indel	DO46333	1	0.140549639040417	rloop_tss	ICGC_OV	tss	rloop
total_Indel	DO46334	0	0	rloop_tss	ICGC_OV	tss	rloop
total_Indel	DO46336	0	0	rloop_tss	ICGC_OV	tss	rloop
total_Indel	DO46338	1	0.140549639040417	rloop_tss	ICGC_OV	tss	rloop
total_Indel	DO46340	2	0.281099278080834	rloop_tss	ICGC_OV	tss	rloop
total_Indel	DO46342	1	0.140549639040417	rloop_tss	ICGC_OV	tss	rloop
total_Indel	DO46344	1	0.140549639040417	rloop_tss	ICGC_OV	tss	rloop
total_Indel	DO46346	0	0	rloop_tss	ICGC_OV	tss	rloop
total_Indel	DO46350	1	0.140549639040417	rloop_tss	ICGC_OV	tss	rloop
total_Indel	DO46352	1	0.140549639040417	rloop_tss	ICGC_OV	tss	rloop
total_Indel	DO46354	0	0	rloop_tss	ICGC_OV	tss	rloop
total_Indel	DO46356	2	0.281099278080834	rloop_tss	ICGC_OV	tss	rloop
total_Indel	DO46358	2	0.281099278080834	rloop_tss	ICGC_OV	tss	rloop
total_Indel	DO46360	3	0.421648917121251	rloop_tss	ICGC_OV	tss	rloop
total_Indel	DO46362	0	0	rloop_tss	ICGC_OV	tss	rloop
total_Indel	DO46364	2	0.281099278080834	rloop_tss	ICGC_OV	tss	rloop
total_Indel	DO46366	2	0.281099278080834	rloop_tss	ICGC_OV	tss	rloop
total_Indel	DO46368	2	0.281099278080834	rloop_tss	ICGC_OV	tss	rloop
total_Indel	DO46370	2	0.281099278080834	rloop_tss	ICGC_OV	tss	rloop
total_Indel	DO46372	1	0.140549639040417	rloop_tss	ICGC_OV	tss	rloop
total_Indel	DO46374	0	0	rloop_tss	ICGC_OV	tss	rloop
total_Indel	DO46376	0	0	rloop_tss	ICGC_OV	tss	rloop
total_Indel	DO46378	1	0.140549639040417	rloop_tss	ICGC_OV	tss	rloop
total_Indel	DO46380	0	0	rloop_tss	ICGC_OV	tss	rloop
total_Indel	DO46382	1	0.140549639040417	rloop_tss	ICGC_OV	tss	rloop
total_Indel	DO46384	0	0	rloop_tss	ICGC_OV	tss	rloop
total_Indel	DO46386	1	0.140549639040417	rloop_tss	ICGC_OV	tss	rloop
total_Indel	DO46388	0	0	rloop_tss	ICGC_OV	tss	rloop
total_Indel	DO46390	3	0.421648917121251	rloop_tss	ICGC_OV	tss	rloop
total_Indel	DO46392	0	0	rloop_tss	ICGC_OV	tss	rloop
total_Indel	DO46394	1	0.140549639040417	rloop_tss	ICGC_OV	tss	rloop
total_Indel	DO46396	2	0.281099278080834	rloop_tss	ICGC_OV	tss	rloop
total_Indel	DO46398	1	0.140549639040417	rloop_tss	ICGC_OV	tss	rloop
total_Indel	DO46400	1	0.140549639040417	rloop_tss	ICGC_OV	tss	rloop
total_Indel	DO46402	4	0.562198556161668	rloop_tss	ICGC_OV	tss	rloop
total_Indel	DO46404	0	0	rloop_tss	ICGC_OV	tss	rloop
total_Indel	DO46408	1	0.140549639040417	rloop_tss	ICGC_OV	tss	rloop
total_Indel	DO46412	2	0.281099278080834	rloop_tss	ICGC_OV	tss	rloop
total_Indel	DO46416	1	0.140549639040417	rloop_tss	ICGC_OV	tss	rloop
total_Indel	DO46420	2	0.281099278080834	rloop_tss	ICGC_OV	tss	rloop
total_Indel	DO46424	8	1.12439711232334	rloop_tss	ICGC_OV	tss	rloop
total_Indel	DO46448	3	0.421648917121251	rloop_tss	ICGC_OV	tss	rloop
total_Indel	DO46473	0	0	rloop_tss	ICGC_OV	tss	rloop
total_Indel	DO46488	7	0.983847473282919	rloop_tss	ICGC_OV	tss	rloop
total_Indel	DO46493	0	0	rloop_tss	ICGC_OV	tss	rloop
total_Indel	DO46498	0	0	rloop_tss	ICGC_OV	tss	rloop
total_Indel	DO46503	8	1.12439711232334	rloop_tss	ICGC_OV	tss	rloop
total_Indel	DO46542	2	0.281099278080834	rloop_tss	ICGC_OV	tss	rloop
total_Indel	DO46551	2	0.281099278080834	rloop_tss	ICGC_OV	tss	rloop
total_Indel	DO46556	5	0.702748195202085	rloop_tss	ICGC_OV	tss	rloop
total_Indel	DO46560	0	0	rloop_tss	ICGC_OV	tss	rloop
total_Indel	DO46561	0	0	rloop_tss	ICGC_OV	tss	rloop
total_Indel	DO46566	0	0	rloop_tss	ICGC_OV	tss	rloop
total_Indel	DO46568	0	0	rloop_tss	ICGC_OV	tss	rloop
total_Indel	DO46571	1	0.140549639040417	rloop_tss	ICGC_OV	tss	rloop
total_Indel	DO46576	2	0.281099278080834	rloop_tss	ICGC_OV	tss	rloop
total_Indel	DO46581	0	0	rloop_tss	ICGC_OV	tss	rloop
total_Indel	DO46586	1	0.140549639040417	rloop_tss	ICGC_OV	tss	rloop
total_Indel	DO46588	1	0.140549639040417	rloop_tss	ICGC_OV	tss	rloop
total_Indel	DO46591	25	3.51374097601043	rloop_tss	ICGC_OV	tss	rloop
total_Indel	DO46593	5	0.702748195202085	rloop_tss	ICGC_OV	tss	rloop
total_Indel	DO46597	0	0	rloop_tss	ICGC_OV	tss	rloop
total_Indel	DO46602	0	0	rloop_tss	ICGC_OV	tss	rloop
total_Indel	DO46606	1	0.140549639040417	rloop_tss	ICGC_OV	tss	rloop
total_Indel	DO46611	1	0.140549639040417	rloop_tss	ICGC_OV	tss	rloop
total_long_simple_indel	DO46325	0	0	rloop_tss	ICGC_OV	tss	rloop
total_long_simple_indel	DO46327	0	0	rloop_tss	ICGC_OV	tss	rloop
total_long_simple_indel	DO46328	0	0	rloop_tss	ICGC_OV	tss	rloop
total_long_simple_indel	DO46329	4	0.562198556161668	rloop_tss	ICGC_OV	tss	rloop
total_long_simple_indel	DO46330	0	0	rloop_tss	ICGC_OV	tss	rloop
total_long_simple_indel	DO46331	0	0	rloop_tss	ICGC_OV	tss	rloop
total_long_simple_indel	DO46333	0	0	rloop_tss	ICGC_OV	tss	rloop
total_long_simple_indel	DO46334	0	0	rloop_tss	ICGC_OV	tss	rloop
total_long_simple_indel	DO46336	0	0	rloop_tss	ICGC_OV	tss	rloop
total_long_simple_indel	DO46338	0	0	rloop_tss	ICGC_OV	tss	rloop
total_long_simple_indel	DO46340	0	0	rloop_tss	ICGC_OV	tss	rloop
total_long_simple_indel	DO46342	1	0.140549639040417	rloop_tss	ICGC_OV	tss	rloop
total_long_simple_indel	DO46344	0	0	rloop_tss	ICGC_OV	tss	rloop
total_long_simple_indel	DO46346	0	0	rloop_tss	ICGC_OV	tss	rloop
total_long_simple_indel	DO46350	1	0.140549639040417	rloop_tss	ICGC_OV	tss	rloop
total_long_simple_indel	DO46352	1	0.140549639040417	rloop_tss	ICGC_OV	tss	rloop
total_long_simple_indel	DO46354	0	0	rloop_tss	ICGC_OV	tss	rloop
total_long_simple_indel	DO46356	2	0.281099278080834	rloop_tss	ICGC_OV	tss	rloop
total_long_simple_indel	DO46358	0	0	rloop_tss	ICGC_OV	tss	rloop
total_long_simple_indel	DO46360	1	0.140549639040417	rloop_tss	ICGC_OV	tss	rloop
total_long_simple_indel	DO46362	0	0	rloop_tss	ICGC_OV	tss	rloop
total_long_simple_indel	DO46364	0	0	rloop_tss	ICGC_OV	tss	rloop
total_long_simple_indel	DO46366	0	0	rloop_tss	ICGC_OV	tss	rloop
total_long_simple_indel	DO46368	2	0.281099278080834	rloop_tss	ICGC_OV	tss	rloop
total_long_simple_indel	DO46370	1	0.140549639040417	rloop_tss	ICGC_OV	tss	rloop
total_long_simple_indel	DO46372	0	0	rloop_tss	ICGC_OV	tss	rloop
total_long_simple_indel	DO46374	0	0	rloop_tss	ICGC_OV	tss	rloop
total_long_simple_indel	DO46376	0	0	rloop_tss	ICGC_OV	tss	rloop
total_long_simple_indel	DO46378	0	0	rloop_tss	ICGC_OV	tss	rloop
total_long_simple_indel	DO46380	0	0	rloop_tss	ICGC_OV	tss	rloop
total_long_simple_indel	DO46382	1	0.140549639040417	rloop_tss	ICGC_OV	tss	rloop
total_long_simple_indel	DO46384	0	0	rloop_tss	ICGC_OV	tss	rloop
total_long_simple_indel	DO46386	0	0	rloop_tss	ICGC_OV	tss	rloop
total_long_simple_indel	DO46388	0	0	rloop_tss	ICGC_OV	tss	rloop
total_long_simple_indel	DO46390	1	0.140549639040417	rloop_tss	ICGC_OV	tss	rloop
total_long_simple_indel	DO46392	0	0	rloop_tss	ICGC_OV	tss	rloop
total_long_simple_indel	DO46394	1	0.140549639040417	rloop_tss	ICGC_OV	tss	rloop
total_long_simple_indel	DO46396	1	0.140549639040417	rloop_tss	ICGC_OV	tss	rloop
total_long_simple_indel	DO46398	1	0.140549639040417	rloop_tss	ICGC_OV	tss	rloop
total_long_simple_indel	DO46400	0	0	rloop_tss	ICGC_OV	tss	rloop
total_long_simple_indel	DO46402	0	0	rloop_tss	ICGC_OV	tss	rloop
total_long_simple_indel	DO46404	0	0	rloop_tss	ICGC_OV	tss	rloop
total_long_simple_indel	DO46408	1	0.140549639040417	rloop_tss	ICGC_OV	tss	rloop
total_long_simple_indel	DO46412	1	0.140549639040417	rloop_tss	ICGC_OV	tss	rloop
total_long_simple_indel	DO46416	1	0.140549639040417	rloop_tss	ICGC_OV	tss	rloop
total_long_simple_indel	DO46420	1	0.140549639040417	rloop_tss	ICGC_OV	tss	rloop
total_long_simple_indel	DO46424	2	0.281099278080834	rloop_tss	ICGC_OV	tss	rloop
total_long_simple_indel	DO46448	1	0.140549639040417	rloop_tss	ICGC_OV	tss	rloop
total_long_simple_indel	DO46473	0	0	rloop_tss	ICGC_OV	tss	rloop
total_long_simple_indel	DO46488	1	0.140549639040417	rloop_tss	ICGC_OV	tss	rloop
total_long_simple_indel	DO46493	0	0	rloop_tss	ICGC_OV	tss	rloop
total_long_simple_indel	DO46498	0	0	rloop_tss	ICGC_OV	tss	rloop
total_long_simple_indel	DO46503	5	0.702748195202085	rloop_tss	ICGC_OV	tss	rloop
total_long_simple_indel	DO46542	0	0	rloop_tss	ICGC_OV	tss	rloop
total_long_simple_indel	DO46551	0	0	rloop_tss	ICGC_OV	tss	rloop
total_long_simple_indel	DO46556	4	0.562198556161668	rloop_tss	ICGC_OV	tss	rloop
total_long_simple_indel	DO46560	0	0	rloop_tss	ICGC_OV	tss	rloop
total_long_simple_indel	DO46561	0	0	rloop_tss	ICGC_OV	tss	rloop
total_long_simple_indel	DO46566	0	0	rloop_tss	ICGC_OV	tss	rloop
total_long_simple_indel	DO46568	0	0	rloop_tss	ICGC_OV	tss	rloop
total_long_simple_indel	DO46571	1	0.140549639040417	rloop_tss	ICGC_OV	tss	rloop
total_long_simple_indel	DO46576	1	0.140549639040417	rloop_tss	ICGC_OV	tss	rloop
total_long_simple_indel	DO46581	0	0	rloop_tss	ICGC_OV	tss	rloop
total_long_simple_indel	DO46586	0	0	rloop_tss	ICGC_OV	tss	rloop
total_long_simple_indel	DO46588	1	0.140549639040417	rloop_tss	ICGC_OV	tss	rloop
total_long_simple_indel	DO46591	2	0.281099278080834	rloop_tss	ICGC_OV	tss	rloop
total_long_simple_indel	DO46593	2	0.281099278080834	rloop_tss	ICGC_OV	tss	rloop
total_long_simple_indel	DO46597	0	0	rloop_tss	ICGC_OV	tss	rloop
total_long_simple_indel	DO46602	0	0	rloop_tss	ICGC_OV	tss	rloop
total_long_simple_indel	DO46606	0	0	rloop_tss	ICGC_OV	tss	rloop
total_long_simple_indel	DO46611	0	0	rloop_tss	ICGC_OV	tss	rloop
total_long_indel	DO46325	0	0	rloop_tss	ICGC_OV	tss	rloop
total_long_indel	DO46327	0	0	rloop_tss	ICGC_OV	tss	rloop
total_long_indel	DO46328	0	0	rloop_tss	ICGC_OV	tss	rloop
total_long_indel	DO46329	4	0.562198556161668	rloop_tss	ICGC_OV	tss	rloop
total_long_indel	DO46330	0	0	rloop_tss	ICGC_OV	tss	rloop
total_long_indel	DO46331	0	0	rloop_tss	ICGC_OV	tss	rloop
total_long_indel	DO46333	1	0.140549639040417	rloop_tss	ICGC_OV	tss	rloop
total_long_indel	DO46334	0	0	rloop_tss	ICGC_OV	tss	rloop
total_long_indel	DO46336	0	0	rloop_tss	ICGC_OV	tss	rloop
total_long_indel	DO46338	0	0	rloop_tss	ICGC_OV	tss	rloop
total_long_indel	DO46340	2	0.281099278080834	rloop_tss	ICGC_OV	tss	rloop
total_long_indel	DO46342	1	0.140549639040417	rloop_tss	ICGC_OV	tss	rloop
total_long_indel	DO46344	1	0.140549639040417	rloop_tss	ICGC_OV	tss	rloop
total_long_indel	DO46346	0	0	rloop_tss	ICGC_OV	tss	rloop
total_long_indel	DO46350	1	0.140549639040417	rloop_tss	ICGC_OV	tss	rloop
total_long_indel	DO46352	1	0.140549639040417	rloop_tss	ICGC_OV	tss	rloop
total_long_indel	DO46354	0	0	rloop_tss	ICGC_OV	tss	rloop
total_long_indel	DO46356	2	0.281099278080834	rloop_tss	ICGC_OV	tss	rloop
total_long_indel	DO46358	1	0.140549639040417	rloop_tss	ICGC_OV	tss	rloop
total_long_indel	DO46360	1	0.140549639040417	rloop_tss	ICGC_OV	tss	rloop
total_long_indel	DO46362	0	0	rloop_tss	ICGC_OV	tss	rloop
total_long_indel	DO46364	1	0.140549639040417	rloop_tss	ICGC_OV	tss	rloop
total_long_indel	DO46366	1	0.140549639040417	rloop_tss	ICGC_OV	tss	rloop
total_long_indel	DO46368	2	0.281099278080834	rloop_tss	ICGC_OV	tss	rloop
total_long_indel	DO46370	2	0.281099278080834	rloop_tss	ICGC_OV	tss	rloop
total_long_indel	DO46372	0	0	rloop_tss	ICGC_OV	tss	rloop
total_long_indel	DO46374	0	0	rloop_tss	ICGC_OV	tss	rloop
total_long_indel	DO46376	0	0	rloop_tss	ICGC_OV	tss	rloop
total_long_indel	DO46378	1	0.140549639040417	rloop_tss	ICGC_OV	tss	rloop
total_long_indel	DO46380	0	0	rloop_tss	ICGC_OV	tss	rloop
total_long_indel	DO46382	1	0.140549639040417	rloop_tss	ICGC_OV	tss	rloop
total_long_indel	DO46384	0	0	rloop_tss	ICGC_OV	tss	rloop
total_long_indel	DO46386	1	0.140549639040417	rloop_tss	ICGC_OV	tss	rloop
total_long_indel	DO46388	0	0	rloop_tss	ICGC_OV	tss	rloop
total_long_indel	DO46390	2	0.281099278080834	rloop_tss	ICGC_OV	tss	rloop
total_long_indel	DO46392	0	0	rloop_tss	ICGC_OV	tss	rloop
total_long_indel	DO46394	1	0.140549639040417	rloop_tss	ICGC_OV	tss	rloop
total_long_indel	DO46396	1	0.140549639040417	rloop_tss	ICGC_OV	tss	rloop
total_long_indel	DO46398	1	0.140549639040417	rloop_tss	ICGC_OV	tss	rloop
total_long_indel	DO46400	0	0	rloop_tss	ICGC_OV	tss	rloop
total_long_indel	DO46402	1	0.140549639040417	rloop_tss	ICGC_OV	tss	rloop
total_long_indel	DO46404	0	0	rloop_tss	ICGC_OV	tss	rloop
total_long_indel	DO46408	1	0.140549639040417	rloop_tss	ICGC_OV	tss	rloop
total_long_indel	DO46412	2	0.281099278080834	rloop_tss	ICGC_OV	tss	rloop
total_long_indel	DO46416	1	0.140549639040417	rloop_tss	ICGC_OV	tss	rloop
total_long_indel	DO46420	2	0.281099278080834	rloop_tss	ICGC_OV	tss	rloop
total_long_indel	DO46424	7	0.983847473282919	rloop_tss	ICGC_OV	tss	rloop
total_long_indel	DO46448	2	0.281099278080834	rloop_tss	ICGC_OV	tss	rloop
total_long_indel	DO46473	0	0	rloop_tss	ICGC_OV	tss	rloop
total_long_indel	DO46488	3	0.421648917121251	rloop_tss	ICGC_OV	tss	rloop
total_long_indel	DO46493	0	0	rloop_tss	ICGC_OV	tss	rloop
total_long_indel	DO46498	0	0	rloop_tss	ICGC_OV	tss	rloop
total_long_indel	DO46503	6	0.843297834242502	rloop_tss	ICGC_OV	tss	rloop
total_long_indel	DO46542	2	0.281099278080834	rloop_tss	ICGC_OV	tss	rloop
total_long_indel	DO46551	0	0	rloop_tss	ICGC_OV	tss	rloop
total_long_indel	DO46556	4	0.562198556161668	rloop_tss	ICGC_OV	tss	rloop
total_long_indel	DO46560	0	0	rloop_tss	ICGC_OV	tss	rloop
total_long_indel	DO46561	0	0	rloop_tss	ICGC_OV	tss	rloop
total_long_indel	DO46566	0	0	rloop_tss	ICGC_OV	tss	rloop
total_long_indel	DO46568	0	0	rloop_tss	ICGC_OV	tss	rloop
total_long_indel	DO46571	1	0.140549639040417	rloop_tss	ICGC_OV	tss	rloop
total_long_indel	DO46576	2	0.281099278080834	rloop_tss	ICGC_OV	tss	rloop
total_long_indel	DO46581	0	0	rloop_tss	ICGC_OV	tss	rloop
total_long_indel	DO46586	0	0	rloop_tss	ICGC_OV	tss	rloop
total_long_indel	DO46588	1	0.140549639040417	rloop_tss	ICGC_OV	tss	rloop
total_long_indel	DO46591	2	0.281099278080834	rloop_tss	ICGC_OV	tss	rloop
total_long_indel	DO46593	4	0.562198556161668	rloop_tss	ICGC_OV	tss	rloop
total_long_indel	DO46597	0	0	rloop_tss	ICGC_OV	tss	rloop
total_long_indel	DO46602	0	0	rloop_tss	ICGC_OV	tss	rloop
total_long_indel	DO46606	0	0	rloop_tss	ICGC_OV	tss	rloop
total_long_indel	DO46611	1	0.140549639040417	rloop_tss	ICGC_OV	tss	rloop
total_Indel	DO46325	0	0	norloop_tss	ICGC_OV	tss	norloop
total_Indel	DO46327	3	0.316177773271659	norloop_tss	ICGC_OV	tss	norloop
total_Indel	DO46328	2	0.210785182181106	norloop_tss	ICGC_OV	tss	norloop
total_Indel	DO46329	4	0.421570364362212	norloop_tss	ICGC_OV	tss	norloop
total_Indel	DO46330	0	0	norloop_tss	ICGC_OV	tss	norloop
total_Indel	DO46331	1	0.105392591090553	norloop_tss	ICGC_OV	tss	norloop
total_Indel	DO46333	6	0.632355546543318	norloop_tss	ICGC_OV	tss	norloop
total_Indel	DO46334	2	0.210785182181106	norloop_tss	ICGC_OV	tss	norloop
total_Indel	DO46336	1	0.105392591090553	norloop_tss	ICGC_OV	tss	norloop
total_Indel	DO46338	2	0.210785182181106	norloop_tss	ICGC_OV	tss	norloop
total_Indel	DO46340	1	0.105392591090553	norloop_tss	ICGC_OV	tss	norloop
total_Indel	DO46342	6	0.632355546543318	norloop_tss	ICGC_OV	tss	norloop
total_Indel	DO46344	1	0.105392591090553	norloop_tss	ICGC_OV	tss	norloop
total_Indel	DO46346	2	0.210785182181106	norloop_tss	ICGC_OV	tss	norloop
total_Indel	DO46350	1	0.105392591090553	norloop_tss	ICGC_OV	tss	norloop
total_Indel	DO46352	2	0.210785182181106	norloop_tss	ICGC_OV	tss	norloop
total_Indel	DO46354	3	0.316177773271659	norloop_tss	ICGC_OV	tss	norloop
total_Indel	DO46356	0	0	norloop_tss	ICGC_OV	tss	norloop
total_Indel	DO46358	0	0	norloop_tss	ICGC_OV	tss	norloop
total_Indel	DO46360	2	0.210785182181106	norloop_tss	ICGC_OV	tss	norloop
total_Indel	DO46362	0	0	norloop_tss	ICGC_OV	tss	norloop
total_Indel	DO46364	1	0.105392591090553	norloop_tss	ICGC_OV	tss	norloop
total_Indel	DO46366	0	0	norloop_tss	ICGC_OV	tss	norloop
total_Indel	DO46368	3	0.316177773271659	norloop_tss	ICGC_OV	tss	norloop
total_Indel	DO46370	0	0	norloop_tss	ICGC_OV	tss	norloop
total_Indel	DO46372	4	0.421570364362212	norloop_tss	ICGC_OV	tss	norloop
total_Indel	DO46374	2	0.210785182181106	norloop_tss	ICGC_OV	tss	norloop
total_Indel	DO46376	3	0.316177773271659	norloop_tss	ICGC_OV	tss	norloop
total_Indel	DO46378	5	0.526962955452765	norloop_tss	ICGC_OV	tss	norloop
total_Indel	DO46380	2	0.210785182181106	norloop_tss	ICGC_OV	tss	norloop
total_Indel	DO46382	4	0.421570364362212	norloop_tss	ICGC_OV	tss	norloop
total_Indel	DO46384	0	0	norloop_tss	ICGC_OV	tss	norloop
total_Indel	DO46386	1	0.105392591090553	norloop_tss	ICGC_OV	tss	norloop
total_Indel	DO46388	2	0.210785182181106	norloop_tss	ICGC_OV	tss	norloop
total_Indel	DO46390	4	0.421570364362212	norloop_tss	ICGC_OV	tss	norloop
total_Indel	DO46392	0	0	norloop_tss	ICGC_OV	tss	norloop
total_Indel	DO46394	0	0	norloop_tss	ICGC_OV	tss	norloop
total_Indel	DO46396	0	0	norloop_tss	ICGC_OV	tss	norloop
total_Indel	DO46398	1	0.105392591090553	norloop_tss	ICGC_OV	tss	norloop
total_Indel	DO46400	3	0.316177773271659	norloop_tss	ICGC_OV	tss	norloop
total_Indel	DO46402	1	0.105392591090553	norloop_tss	ICGC_OV	tss	norloop
total_Indel	DO46404	1	0.105392591090553	norloop_tss	ICGC_OV	tss	norloop
total_Indel	DO46408	0	0	norloop_tss	ICGC_OV	tss	norloop
total_Indel	DO46412	4	0.421570364362212	norloop_tss	ICGC_OV	tss	norloop
total_Indel	DO46416	1	0.105392591090553	norloop_tss	ICGC_OV	tss	norloop
total_Indel	DO46420	2	0.210785182181106	norloop_tss	ICGC_OV	tss	norloop
total_Indel	DO46424	11	1.15931850199608	norloop_tss	ICGC_OV	tss	norloop
total_Indel	DO46448	2	0.210785182181106	norloop_tss	ICGC_OV	tss	norloop
total_Indel	DO46473	5	0.526962955452765	norloop_tss	ICGC_OV	tss	norloop
total_Indel	DO46488	2	0.210785182181106	norloop_tss	ICGC_OV	tss	norloop
total_Indel	DO46493	2	0.210785182181106	norloop_tss	ICGC_OV	tss	norloop
total_Indel	DO46498	0	0	norloop_tss	ICGC_OV	tss	norloop
total_Indel	DO46503	3	0.316177773271659	norloop_tss	ICGC_OV	tss	norloop
total_Indel	DO46542	2	0.210785182181106	norloop_tss	ICGC_OV	tss	norloop
total_Indel	DO46551	3	0.316177773271659	norloop_tss	ICGC_OV	tss	norloop
total_Indel	DO46556	3	0.316177773271659	norloop_tss	ICGC_OV	tss	norloop
total_Indel	DO46560	0	0	norloop_tss	ICGC_OV	tss	norloop
total_Indel	DO46561	1	0.105392591090553	norloop_tss	ICGC_OV	tss	norloop
total_Indel	DO46566	1	0.105392591090553	norloop_tss	ICGC_OV	tss	norloop
total_Indel	DO46568	2	0.210785182181106	norloop_tss	ICGC_OV	tss	norloop
total_Indel	DO46571	3	0.316177773271659	norloop_tss	ICGC_OV	tss	norloop
total_Indel	DO46576	1	0.105392591090553	norloop_tss	ICGC_OV	tss	norloop
total_Indel	DO46581	2	0.210785182181106	norloop_tss	ICGC_OV	tss	norloop
total_Indel	DO46586	4	0.421570364362212	norloop_tss	ICGC_OV	tss	norloop
total_Indel	DO46588	1	0.105392591090553	norloop_tss	ICGC_OV	tss	norloop
total_Indel	DO46591	67	7.06130360306705	norloop_tss	ICGC_OV	tss	norloop
total_Indel	DO46593	2	0.210785182181106	norloop_tss	ICGC_OV	tss	norloop
total_Indel	DO46597	1	0.105392591090553	norloop_tss	ICGC_OV	tss	norloop
total_Indel	DO46602	0	0	norloop_tss	ICGC_OV	tss	norloop
total_Indel	DO46606	1	0.105392591090553	norloop_tss	ICGC_OV	tss	norloop
total_Indel	DO46611	1	0.105392591090553	norloop_tss	ICGC_OV	tss	norloop
total_long_simple_indel	DO46325	0	0	norloop_tss	ICGC_OV	tss	norloop
total_long_simple_indel	DO46327	1	0.105392591090553	norloop_tss	ICGC_OV	tss	norloop
total_long_simple_indel	DO46328	1	0.105392591090553	norloop_tss	ICGC_OV	tss	norloop
total_long_simple_indel	DO46329	2	0.210785182181106	norloop_tss	ICGC_OV	tss	norloop
total_long_simple_indel	DO46330	0	0	norloop_tss	ICGC_OV	tss	norloop
total_long_simple_indel	DO46331	0	0	norloop_tss	ICGC_OV	tss	norloop
total_long_simple_indel	DO46333	2	0.210785182181106	norloop_tss	ICGC_OV	tss	norloop
total_long_simple_indel	DO46334	1	0.105392591090553	norloop_tss	ICGC_OV	tss	norloop
total_long_simple_indel	DO46336	0	0	norloop_tss	ICGC_OV	tss	norloop
total_long_simple_indel	DO46338	0	0	norloop_tss	ICGC_OV	tss	norloop
total_long_simple_indel	DO46340	1	0.105392591090553	norloop_tss	ICGC_OV	tss	norloop
total_long_simple_indel	DO46342	5	0.526962955452765	norloop_tss	ICGC_OV	tss	norloop
total_long_simple_indel	DO46344	1	0.105392591090553	norloop_tss	ICGC_OV	tss	norloop
total_long_simple_indel	DO46346	2	0.210785182181106	norloop_tss	ICGC_OV	tss	norloop
total_long_simple_indel	DO46350	0	0	norloop_tss	ICGC_OV	tss	norloop
total_long_simple_indel	DO46352	1	0.105392591090553	norloop_tss	ICGC_OV	tss	norloop
total_long_simple_indel	DO46354	2	0.210785182181106	norloop_tss	ICGC_OV	tss	norloop
total_long_simple_indel	DO46356	0	0	norloop_tss	ICGC_OV	tss	norloop
total_long_simple_indel	DO46358	0	0	norloop_tss	ICGC_OV	tss	norloop
total_long_simple_indel	DO46360	0	0	norloop_tss	ICGC_OV	tss	norloop
total_long_simple_indel	DO46362	0	0	norloop_tss	ICGC_OV	tss	norloop
total_long_simple_indel	DO46364	1	0.105392591090553	norloop_tss	ICGC_OV	tss	norloop
total_long_simple_indel	DO46366	0	0	norloop_tss	ICGC_OV	tss	norloop
total_long_simple_indel	DO46368	1	0.105392591090553	norloop_tss	ICGC_OV	tss	norloop
total_long_simple_indel	DO46370	0	0	norloop_tss	ICGC_OV	tss	norloop
total_long_simple_indel	DO46372	1	0.105392591090553	norloop_tss	ICGC_OV	tss	norloop
total_long_simple_indel	DO46374	0	0	norloop_tss	ICGC_OV	tss	norloop
total_long_simple_indel	DO46376	1	0.105392591090553	norloop_tss	ICGC_OV	tss	norloop
total_long_simple_indel	DO46378	2	0.210785182181106	norloop_tss	ICGC_OV	tss	norloop
total_long_simple_indel	DO46380	1	0.105392591090553	norloop_tss	ICGC_OV	tss	norloop
total_long_simple_indel	DO46382	1	0.105392591090553	norloop_tss	ICGC_OV	tss	norloop
total_long_simple_indel	DO46384	0	0	norloop_tss	ICGC_OV	tss	norloop
total_long_simple_indel	DO46386	1	0.105392591090553	norloop_tss	ICGC_OV	tss	norloop
total_long_simple_indel	DO46388	1	0.105392591090553	norloop_tss	ICGC_OV	tss	norloop
total_long_simple_indel	DO46390	3	0.316177773271659	norloop_tss	ICGC_OV	tss	norloop
total_long_simple_indel	DO46392	0	0	norloop_tss	ICGC_OV	tss	norloop
total_long_simple_indel	DO46394	0	0	norloop_tss	ICGC_OV	tss	norloop
total_long_simple_indel	DO46396	0	0	norloop_tss	ICGC_OV	tss	norloop
total_long_simple_indel	DO46398	0	0	norloop_tss	ICGC_OV	tss	norloop
total_long_simple_indel	DO46400	1	0.105392591090553	norloop_tss	ICGC_OV	tss	norloop
total_long_simple_indel	DO46402	0	0	norloop_tss	ICGC_OV	tss	norloop
total_long_simple_indel	DO46404	1	0.105392591090553	norloop_tss	ICGC_OV	tss	norloop
total_long_simple_indel	DO46408	0	0	norloop_tss	ICGC_OV	tss	norloop
total_long_simple_indel	DO46412	3	0.316177773271659	norloop_tss	ICGC_OV	tss	norloop
total_long_simple_indel	DO46416	0	0	norloop_tss	ICGC_OV	tss	norloop
total_long_simple_indel	DO46420	2	0.210785182181106	norloop_tss	ICGC_OV	tss	norloop
total_long_simple_indel	DO46424	3	0.316177773271659	norloop_tss	ICGC_OV	tss	norloop
total_long_simple_indel	DO46448	1	0.105392591090553	norloop_tss	ICGC_OV	tss	norloop
total_long_simple_indel	DO46473	1	0.105392591090553	norloop_tss	ICGC_OV	tss	norloop
total_long_simple_indel	DO46488	0	0	norloop_tss	ICGC_OV	tss	norloop
total_long_simple_indel	DO46493	0	0	norloop_tss	ICGC_OV	tss	norloop
total_long_simple_indel	DO46498	0	0	norloop_tss	ICGC_OV	tss	norloop
total_long_simple_indel	DO46503	1	0.105392591090553	norloop_tss	ICGC_OV	tss	norloop
total_long_simple_indel	DO46542	1	0.105392591090553	norloop_tss	ICGC_OV	tss	norloop
total_long_simple_indel	DO46551	2	0.210785182181106	norloop_tss	ICGC_OV	tss	norloop
total_long_simple_indel	DO46556	1	0.105392591090553	norloop_tss	ICGC_OV	tss	norloop
total_long_simple_indel	DO46560	0	0	norloop_tss	ICGC_OV	tss	norloop
total_long_simple_indel	DO46561	0	0	norloop_tss	ICGC_OV	tss	norloop
total_long_simple_indel	DO46566	1	0.105392591090553	norloop_tss	ICGC_OV	tss	norloop
total_long_simple_indel	DO46568	1	0.105392591090553	norloop_tss	ICGC_OV	tss	norloop
total_long_simple_indel	DO46571	3	0.316177773271659	norloop_tss	ICGC_OV	tss	norloop
total_long_simple_indel	DO46576	0	0	norloop_tss	ICGC_OV	tss	norloop
total_long_simple_indel	DO46581	1	0.105392591090553	norloop_tss	ICGC_OV	tss	norloop
total_long_simple_indel	DO46586	0	0	norloop_tss	ICGC_OV	tss	norloop
total_long_simple_indel	DO46588	0	0	norloop_tss	ICGC_OV	tss	norloop
total_long_simple_indel	DO46591	4	0.421570364362212	norloop_tss	ICGC_OV	tss	norloop
total_long_simple_indel	DO46593	1	0.105392591090553	norloop_tss	ICGC_OV	tss	norloop
total_long_simple_indel	DO46597	0	0	norloop_tss	ICGC_OV	tss	norloop
total_long_simple_indel	DO46602	0	0	norloop_tss	ICGC_OV	tss	norloop
total_long_simple_indel	DO46606	0	0	norloop_tss	ICGC_OV	tss	norloop
total_long_simple_indel	DO46611	0	0	norloop_tss	ICGC_OV	tss	norloop
total_long_indel	DO46325	0	0	norloop_tss	ICGC_OV	tss	norloop
total_long_indel	DO46327	2	0.210785182181106	norloop_tss	ICGC_OV	tss	norloop
total_long_indel	DO46328	1	0.105392591090553	norloop_tss	ICGC_OV	tss	norloop
total_long_indel	DO46329	2	0.210785182181106	norloop_tss	ICGC_OV	tss	norloop
total_long_indel	DO46330	0	0	norloop_tss	ICGC_OV	tss	norloop
total_long_indel	DO46331	0	0	norloop_tss	ICGC_OV	tss	norloop
total_long_indel	DO46333	5	0.526962955452765	norloop_tss	ICGC_OV	tss	norloop
total_long_indel	DO46334	2	0.210785182181106	norloop_tss	ICGC_OV	tss	norloop
total_long_indel	DO46336	0	0	norloop_tss	ICGC_OV	tss	norloop
total_long_indel	DO46338	0	0	norloop_tss	ICGC_OV	tss	norloop
total_long_indel	DO46340	1	0.105392591090553	norloop_tss	ICGC_OV	tss	norloop
total_long_indel	DO46342	6	0.632355546543318	norloop_tss	ICGC_OV	tss	norloop
total_long_indel	DO46344	1	0.105392591090553	norloop_tss	ICGC_OV	tss	norloop
total_long_indel	DO46346	2	0.210785182181106	norloop_tss	ICGC_OV	tss	norloop
total_long_indel	DO46350	0	0	norloop_tss	ICGC_OV	tss	norloop
total_long_indel	DO46352	1	0.105392591090553	norloop_tss	ICGC_OV	tss	norloop
total_long_indel	DO46354	2	0.210785182181106	norloop_tss	ICGC_OV	tss	norloop
total_long_indel	DO46356	0	0	norloop_tss	ICGC_OV	tss	norloop
total_long_indel	DO46358	0	0	norloop_tss	ICGC_OV	tss	norloop
total_long_indel	DO46360	0	0	norloop_tss	ICGC_OV	tss	norloop
total_long_indel	DO46362	0	0	norloop_tss	ICGC_OV	tss	norloop
total_long_indel	DO46364	1	0.105392591090553	norloop_tss	ICGC_OV	tss	norloop
total_long_indel	DO46366	0	0	norloop_tss	ICGC_OV	tss	norloop
total_long_indel	DO46368	3	0.316177773271659	norloop_tss	ICGC_OV	tss	norloop
total_long_indel	DO46370	0	0	norloop_tss	ICGC_OV	tss	norloop
total_long_indel	DO46372	4	0.421570364362212	norloop_tss	ICGC_OV	tss	norloop
total_long_indel	DO46374	1	0.105392591090553	norloop_tss	ICGC_OV	tss	norloop
total_long_indel	DO46376	2	0.210785182181106	norloop_tss	ICGC_OV	tss	norloop
total_long_indel	DO46378	3	0.316177773271659	norloop_tss	ICGC_OV	tss	norloop
total_long_indel	DO46380	1	0.105392591090553	norloop_tss	ICGC_OV	tss	norloop
total_long_indel	DO46382	1	0.105392591090553	norloop_tss	ICGC_OV	tss	norloop
total_long_indel	DO46384	0	0	norloop_tss	ICGC_OV	tss	norloop
total_long_indel	DO46386	1	0.105392591090553	norloop_tss	ICGC_OV	tss	norloop
total_long_indel	DO46388	2	0.210785182181106	norloop_tss	ICGC_OV	tss	norloop
total_long_indel	DO46390	3	0.316177773271659	norloop_tss	ICGC_OV	tss	norloop
total_long_indel	DO46392	0	0	norloop_tss	ICGC_OV	tss	norloop
total_long_indel	DO46394	0	0	norloop_tss	ICGC_OV	tss	norloop
total_long_indel	DO46396	0	0	norloop_tss	ICGC_OV	tss	norloop
total_long_indel	DO46398	1	0.105392591090553	norloop_tss	ICGC_OV	tss	norloop
total_long_indel	DO46400	2	0.210785182181106	norloop_tss	ICGC_OV	tss	norloop
total_long_indel	DO46402	0	0	norloop_tss	ICGC_OV	tss	norloop
total_long_indel	DO46404	1	0.105392591090553	norloop_tss	ICGC_OV	tss	norloop
total_long_indel	DO46408	0	0	norloop_tss	ICGC_OV	tss	norloop
total_long_indel	DO46412	4	0.421570364362212	norloop_tss	ICGC_OV	tss	norloop
total_long_indel	DO46416	1	0.105392591090553	norloop_tss	ICGC_OV	tss	norloop
total_long_indel	DO46420	2	0.210785182181106	norloop_tss	ICGC_OV	tss	norloop
total_long_indel	DO46424	7	0.737748137633871	norloop_tss	ICGC_OV	tss	norloop
total_long_indel	DO46448	2	0.210785182181106	norloop_tss	ICGC_OV	tss	norloop
total_long_indel	DO46473	3	0.316177773271659	norloop_tss	ICGC_OV	tss	norloop
total_long_indel	DO46488	2	0.210785182181106	norloop_tss	ICGC_OV	tss	norloop
total_long_indel	DO46493	1	0.105392591090553	norloop_tss	ICGC_OV	tss	norloop
total_long_indel	DO46498	0	0	norloop_tss	ICGC_OV	tss	norloop
total_long_indel	DO46503	2	0.210785182181106	norloop_tss	ICGC_OV	tss	norloop
total_long_indel	DO46542	2	0.210785182181106	norloop_tss	ICGC_OV	tss	norloop
total_long_indel	DO46551	3	0.316177773271659	norloop_tss	ICGC_OV	tss	norloop
total_long_indel	DO46556	1	0.105392591090553	norloop_tss	ICGC_OV	tss	norloop
total_long_indel	DO46560	0	0	norloop_tss	ICGC_OV	tss	norloop
total_long_indel	DO46561	1	0.105392591090553	norloop_tss	ICGC_OV	tss	norloop
total_long_indel	DO46566	1	0.105392591090553	norloop_tss	ICGC_OV	tss	norloop
total_long_indel	DO46568	1	0.105392591090553	norloop_tss	ICGC_OV	tss	norloop
total_long_indel	DO46571	3	0.316177773271659	norloop_tss	ICGC_OV	tss	norloop
total_long_indel	DO46576	0	0	norloop_tss	ICGC_OV	tss	norloop
total_long_indel	DO46581	2	0.210785182181106	norloop_tss	ICGC_OV	tss	norloop
total_long_indel	DO46586	2	0.210785182181106	norloop_tss	ICGC_OV	tss	norloop
total_long_indel	DO46588	0	0	norloop_tss	ICGC_OV	tss	norloop
total_long_indel	DO46591	6	0.632355546543318	norloop_tss	ICGC_OV	tss	norloop
total_long_indel	DO46593	2	0.210785182181106	norloop_tss	ICGC_OV	tss	norloop
total_long_indel	DO46597	0	0	norloop_tss	ICGC_OV	tss	norloop
total_long_indel	DO46602	0	0	norloop_tss	ICGC_OV	tss	norloop
total_long_indel	DO46606	1	0.105392591090553	norloop_tss	ICGC_OV	tss	norloop
total_long_indel	DO46611	0	0	norloop_tss	ICGC_OV	tss	norloop
total_Indel	DO46325	2	0.228000619249682	rloop_tts	ICGC_OV	tts	rloop
total_Indel	DO46327	1	0.114000309624841	rloop_tts	ICGC_OV	tts	rloop
total_Indel	DO46328	1	0.114000309624841	rloop_tts	ICGC_OV	tts	rloop
total_Indel	DO46329	4	0.456001238499364	rloop_tts	ICGC_OV	tts	rloop
total_Indel	DO46330	1	0.114000309624841	rloop_tts	ICGC_OV	tts	rloop
total_Indel	DO46331	1	0.114000309624841	rloop_tts	ICGC_OV	tts	rloop
total_Indel	DO46333	3	0.342000928874523	rloop_tts	ICGC_OV	tts	rloop
total_Indel	DO46334	1	0.114000309624841	rloop_tts	ICGC_OV	tts	rloop
total_Indel	DO46336	1	0.114000309624841	rloop_tts	ICGC_OV	tts	rloop
total_Indel	DO46338	0	0	rloop_tts	ICGC_OV	tts	rloop
total_Indel	DO46340	2	0.228000619249682	rloop_tts	ICGC_OV	tts	rloop
total_Indel	DO46342	3	0.342000928874523	rloop_tts	ICGC_OV	tts	rloop
total_Indel	DO46344	0	0	rloop_tts	ICGC_OV	tts	rloop
total_Indel	DO46346	1	0.114000309624841	rloop_tts	ICGC_OV	tts	rloop
total_Indel	DO46350	0	0	rloop_tts	ICGC_OV	tts	rloop
total_Indel	DO46352	1	0.114000309624841	rloop_tts	ICGC_OV	tts	rloop
total_Indel	DO46354	1	0.114000309624841	rloop_tts	ICGC_OV	tts	rloop
total_Indel	DO46356	1	0.114000309624841	rloop_tts	ICGC_OV	tts	rloop
total_Indel	DO46358	1	0.114000309624841	rloop_tts	ICGC_OV	tts	rloop
total_Indel	DO46360	1	0.114000309624841	rloop_tts	ICGC_OV	tts	rloop
total_Indel	DO46362	2	0.228000619249682	rloop_tts	ICGC_OV	tts	rloop
total_Indel	DO46364	3	0.342000928874523	rloop_tts	ICGC_OV	tts	rloop
total_Indel	DO46366	2	0.228000619249682	rloop_tts	ICGC_OV	tts	rloop
total_Indel	DO46368	0	0	rloop_tts	ICGC_OV	tts	rloop
total_Indel	DO46370	0	0	rloop_tts	ICGC_OV	tts	rloop
total_Indel	DO46372	0	0	rloop_tts	ICGC_OV	tts	rloop
total_Indel	DO46374	1	0.114000309624841	rloop_tts	ICGC_OV	tts	rloop
total_Indel	DO46376	1	0.114000309624841	rloop_tts	ICGC_OV	tts	rloop
total_Indel	DO46378	5	0.570001548124205	rloop_tts	ICGC_OV	tts	rloop
total_Indel	DO46380	1	0.114000309624841	rloop_tts	ICGC_OV	tts	rloop
total_Indel	DO46382	1	0.114000309624841	rloop_tts	ICGC_OV	tts	rloop
total_Indel	DO46384	0	0	rloop_tts	ICGC_OV	tts	rloop
total_Indel	DO46386	1	0.114000309624841	rloop_tts	ICGC_OV	tts	rloop
total_Indel	DO46388	0	0	rloop_tts	ICGC_OV	tts	rloop
total_Indel	DO46390	2	0.228000619249682	rloop_tts	ICGC_OV	tts	rloop
total_Indel	DO46392	0	0	rloop_tts	ICGC_OV	tts	rloop
total_Indel	DO46394	1	0.114000309624841	rloop_tts	ICGC_OV	tts	rloop
total_Indel	DO46396	2	0.228000619249682	rloop_tts	ICGC_OV	tts	rloop
total_Indel	DO46398	0	0	rloop_tts	ICGC_OV	tts	rloop
total_Indel	DO46400	0	0	rloop_tts	ICGC_OV	tts	rloop
total_Indel	DO46402	1	0.114000309624841	rloop_tts	ICGC_OV	tts	rloop
total_Indel	DO46404	3	0.342000928874523	rloop_tts	ICGC_OV	tts	rloop
total_Indel	DO46408	2	0.228000619249682	rloop_tts	ICGC_OV	tts	rloop
total_Indel	DO46412	3	0.342000928874523	rloop_tts	ICGC_OV	tts	rloop
total_Indel	DO46416	0	0	rloop_tts	ICGC_OV	tts	rloop
total_Indel	DO46420	5	0.570001548124205	rloop_tts	ICGC_OV	tts	rloop
total_Indel	DO46424	1	0.114000309624841	rloop_tts	ICGC_OV	tts	rloop
total_Indel	DO46448	2	0.228000619249682	rloop_tts	ICGC_OV	tts	rloop
total_Indel	DO46473	2	0.228000619249682	rloop_tts	ICGC_OV	tts	rloop
total_Indel	DO46488	1	0.114000309624841	rloop_tts	ICGC_OV	tts	rloop
total_Indel	DO46493	1	0.114000309624841	rloop_tts	ICGC_OV	tts	rloop
total_Indel	DO46498	0	0	rloop_tts	ICGC_OV	tts	rloop
total_Indel	DO46503	3	0.342000928874523	rloop_tts	ICGC_OV	tts	rloop
total_Indel	DO46542	2	0.228000619249682	rloop_tts	ICGC_OV	tts	rloop
total_Indel	DO46551	4	0.456001238499364	rloop_tts	ICGC_OV	tts	rloop
total_Indel	DO46556	2	0.228000619249682	rloop_tts	ICGC_OV	tts	rloop
total_Indel	DO46560	0	0	rloop_tts	ICGC_OV	tts	rloop
total_Indel	DO46561	3	0.342000928874523	rloop_tts	ICGC_OV	tts	rloop
total_Indel	DO46566	3	0.342000928874523	rloop_tts	ICGC_OV	tts	rloop
total_Indel	DO46568	0	0	rloop_tts	ICGC_OV	tts	rloop
total_Indel	DO46571	1	0.114000309624841	rloop_tts	ICGC_OV	tts	rloop
total_Indel	DO46576	3	0.342000928874523	rloop_tts	ICGC_OV	tts	rloop
total_Indel	DO46581	0	0	rloop_tts	ICGC_OV	tts	rloop
total_Indel	DO46586	2	0.228000619249682	rloop_tts	ICGC_OV	tts	rloop
total_Indel	DO46588	0	0	rloop_tts	ICGC_OV	tts	rloop
total_Indel	DO46591	25	2.85000774062102	rloop_tts	ICGC_OV	tts	rloop
total_Indel	DO46593	0	0	rloop_tts	ICGC_OV	tts	rloop
total_Indel	DO46597	0	0	rloop_tts	ICGC_OV	tts	rloop
total_Indel	DO46602	2	0.228000619249682	rloop_tts	ICGC_OV	tts	rloop
total_Indel	DO46606	0	0	rloop_tts	ICGC_OV	tts	rloop
total_Indel	DO46611	1	0.114000309624841	rloop_tts	ICGC_OV	tts	rloop
total_long_simple_indel	DO46325	2	0.228000619249682	rloop_tts	ICGC_OV	tts	rloop
total_long_simple_indel	DO46327	1	0.114000309624841	rloop_tts	ICGC_OV	tts	rloop
total_long_simple_indel	DO46328	0	0	rloop_tts	ICGC_OV	tts	rloop
total_long_simple_indel	DO46329	3	0.342000928874523	rloop_tts	ICGC_OV	tts	rloop
total_long_simple_indel	DO46330	0	0	rloop_tts	ICGC_OV	tts	rloop
total_long_simple_indel	DO46331	1	0.114000309624841	rloop_tts	ICGC_OV	tts	rloop
total_long_simple_indel	DO46333	3	0.342000928874523	rloop_tts	ICGC_OV	tts	rloop
total_long_simple_indel	DO46334	0	0	rloop_tts	ICGC_OV	tts	rloop
total_long_simple_indel	DO46336	0	0	rloop_tts	ICGC_OV	tts	rloop
total_long_simple_indel	DO46338	0	0	rloop_tts	ICGC_OV	tts	rloop
total_long_simple_indel	DO46340	1	0.114000309624841	rloop_tts	ICGC_OV	tts	rloop
total_long_simple_indel	DO46342	2	0.228000619249682	rloop_tts	ICGC_OV	tts	rloop
total_long_simple_indel	DO46344	0	0	rloop_tts	ICGC_OV	tts	rloop
total_long_simple_indel	DO46346	0	0	rloop_tts	ICGC_OV	tts	rloop
total_long_simple_indel	DO46350	0	0	rloop_tts	ICGC_OV	tts	rloop
total_long_simple_indel	DO46352	0	0	rloop_tts	ICGC_OV	tts	rloop
total_long_simple_indel	DO46354	1	0.114000309624841	rloop_tts	ICGC_OV	tts	rloop
total_long_simple_indel	DO46356	1	0.114000309624841	rloop_tts	ICGC_OV	tts	rloop
total_long_simple_indel	DO46358	0	0	rloop_tts	ICGC_OV	tts	rloop
total_long_simple_indel	DO46360	1	0.114000309624841	rloop_tts	ICGC_OV	tts	rloop
total_long_simple_indel	DO46362	0	0	rloop_tts	ICGC_OV	tts	rloop
total_long_simple_indel	DO46364	2	0.228000619249682	rloop_tts	ICGC_OV	tts	rloop
total_long_simple_indel	DO46366	1	0.114000309624841	rloop_tts	ICGC_OV	tts	rloop
total_long_simple_indel	DO46368	0	0	rloop_tts	ICGC_OV	tts	rloop
total_long_simple_indel	DO46370	0	0	rloop_tts	ICGC_OV	tts	rloop
total_long_simple_indel	DO46372	0	0	rloop_tts	ICGC_OV	tts	rloop
total_long_simple_indel	DO46374	0	0	rloop_tts	ICGC_OV	tts	rloop
total_long_simple_indel	DO46376	1	0.114000309624841	rloop_tts	ICGC_OV	tts	rloop
total_long_simple_indel	DO46378	3	0.342000928874523	rloop_tts	ICGC_OV	tts	rloop
total_long_simple_indel	DO46380	1	0.114000309624841	rloop_tts	ICGC_OV	tts	rloop
total_long_simple_indel	DO46382	1	0.114000309624841	rloop_tts	ICGC_OV	tts	rloop
total_long_simple_indel	DO46384	0	0	rloop_tts	ICGC_OV	tts	rloop
total_long_simple_indel	DO46386	1	0.114000309624841	rloop_tts	ICGC_OV	tts	rloop
total_long_simple_indel	DO46388	0	0	rloop_tts	ICGC_OV	tts	rloop
total_long_simple_indel	DO46390	0	0	rloop_tts	ICGC_OV	tts	rloop
total_long_simple_indel	DO46392	0	0	rloop_tts	ICGC_OV	tts	rloop
total_long_simple_indel	DO46394	0	0	rloop_tts	ICGC_OV	tts	rloop
total_long_simple_indel	DO46396	2	0.228000619249682	rloop_tts	ICGC_OV	tts	rloop
total_long_simple_indel	DO46398	0	0	rloop_tts	ICGC_OV	tts	rloop
total_long_simple_indel	DO46400	0	0	rloop_tts	ICGC_OV	tts	rloop
total_long_simple_indel	DO46402	0	0	rloop_tts	ICGC_OV	tts	rloop
total_long_simple_indel	DO46404	1	0.114000309624841	rloop_tts	ICGC_OV	tts	rloop
total_long_simple_indel	DO46408	0	0	rloop_tts	ICGC_OV	tts	rloop
total_long_simple_indel	DO46412	1	0.114000309624841	rloop_tts	ICGC_OV	tts	rloop
total_long_simple_indel	DO46416	0	0	rloop_tts	ICGC_OV	tts	rloop
total_long_simple_indel	DO46420	4	0.456001238499364	rloop_tts	ICGC_OV	tts	rloop
total_long_simple_indel	DO46424	0	0	rloop_tts	ICGC_OV	tts	rloop
total_long_simple_indel	DO46448	0	0	rloop_tts	ICGC_OV	tts	rloop
total_long_simple_indel	DO46473	2	0.228000619249682	rloop_tts	ICGC_OV	tts	rloop
total_long_simple_indel	DO46488	1	0.114000309624841	rloop_tts	ICGC_OV	tts	rloop
total_long_simple_indel	DO46493	0	0	rloop_tts	ICGC_OV	tts	rloop
total_long_simple_indel	DO46498	0	0	rloop_tts	ICGC_OV	tts	rloop
total_long_simple_indel	DO46503	1	0.114000309624841	rloop_tts	ICGC_OV	tts	rloop
total_long_simple_indel	DO46542	0	0	rloop_tts	ICGC_OV	tts	rloop
total_long_simple_indel	DO46551	1	0.114000309624841	rloop_tts	ICGC_OV	tts	rloop
total_long_simple_indel	DO46556	1	0.114000309624841	rloop_tts	ICGC_OV	tts	rloop
total_long_simple_indel	DO46560	0	0	rloop_tts	ICGC_OV	tts	rloop
total_long_simple_indel	DO46561	3	0.342000928874523	rloop_tts	ICGC_OV	tts	rloop
total_long_simple_indel	DO46566	3	0.342000928874523	rloop_tts	ICGC_OV	tts	rloop
total_long_simple_indel	DO46568	0	0	rloop_tts	ICGC_OV	tts	rloop
total_long_simple_indel	DO46571	0	0	rloop_tts	ICGC_OV	tts	rloop
total_long_simple_indel	DO46576	1	0.114000309624841	rloop_tts	ICGC_OV	tts	rloop
total_long_simple_indel	DO46581	0	0	rloop_tts	ICGC_OV	tts	rloop
total_long_simple_indel	DO46586	1	0.114000309624841	rloop_tts	ICGC_OV	tts	rloop
total_long_simple_indel	DO46588	0	0	rloop_tts	ICGC_OV	tts	rloop
total_long_simple_indel	DO46591	2	0.228000619249682	rloop_tts	ICGC_OV	tts	rloop
total_long_simple_indel	DO46593	0	0	rloop_tts	ICGC_OV	tts	rloop
total_long_simple_indel	DO46597	0	0	rloop_tts	ICGC_OV	tts	rloop
total_long_simple_indel	DO46602	0	0	rloop_tts	ICGC_OV	tts	rloop
total_long_simple_indel	DO46606	0	0	rloop_tts	ICGC_OV	tts	rloop
total_long_simple_indel	DO46611	1	0.114000309624841	rloop_tts	ICGC_OV	tts	rloop
total_long_indel	DO46325	2	0.228000619249682	rloop_tts	ICGC_OV	tts	rloop
total_long_indel	DO46327	1	0.114000309624841	rloop_tts	ICGC_OV	tts	rloop
total_long_indel	DO46328	0	0	rloop_tts	ICGC_OV	tts	rloop
total_long_indel	DO46329	4	0.456001238499364	rloop_tts	ICGC_OV	tts	rloop
total_long_indel	DO46330	1	0.114000309624841	rloop_tts	ICGC_OV	tts	rloop
total_long_indel	DO46331	1	0.114000309624841	rloop_tts	ICGC_OV	tts	rloop
total_long_indel	DO46333	3	0.342000928874523	rloop_tts	ICGC_OV	tts	rloop
total_long_indel	DO46334	1	0.114000309624841	rloop_tts	ICGC_OV	tts	rloop
total_long_indel	DO46336	1	0.114000309624841	rloop_tts	ICGC_OV	tts	rloop
total_long_indel	DO46338	0	0	rloop_tts	ICGC_OV	tts	rloop
total_long_indel	DO46340	2	0.228000619249682	rloop_tts	ICGC_OV	tts	rloop
total_long_indel	DO46342	2	0.228000619249682	rloop_tts	ICGC_OV	tts	rloop
total_long_indel	DO46344	0	0	rloop_tts	ICGC_OV	tts	rloop
total_long_indel	DO46346	0	0	rloop_tts	ICGC_OV	tts	rloop
total_long_indel	DO46350	0	0	rloop_tts	ICGC_OV	tts	rloop
total_long_indel	DO46352	0	0	rloop_tts	ICGC_OV	tts	rloop
total_long_indel	DO46354	1	0.114000309624841	rloop_tts	ICGC_OV	tts	rloop
total_long_indel	DO46356	1	0.114000309624841	rloop_tts	ICGC_OV	tts	rloop
total_long_indel	DO46358	1	0.114000309624841	rloop_tts	ICGC_OV	tts	rloop
total_long_indel	DO46360	1	0.114000309624841	rloop_tts	ICGC_OV	tts	rloop
total_long_indel	DO46362	1	0.114000309624841	rloop_tts	ICGC_OV	tts	rloop
total_long_indel	DO46364	3	0.342000928874523	rloop_tts	ICGC_OV	tts	rloop
total_long_indel	DO46366	2	0.228000619249682	rloop_tts	ICGC_OV	tts	rloop
total_long_indel	DO46368	0	0	rloop_tts	ICGC_OV	tts	rloop
total_long_indel	DO46370	0	0	rloop_tts	ICGC_OV	tts	rloop
total_long_indel	DO46372	0	0	rloop_tts	ICGC_OV	tts	rloop
total_long_indel	DO46374	0	0	rloop_tts	ICGC_OV	tts	rloop
total_long_indel	DO46376	1	0.114000309624841	rloop_tts	ICGC_OV	tts	rloop
total_long_indel	DO46378	4	0.456001238499364	rloop_tts	ICGC_OV	tts	rloop
total_long_indel	DO46380	1	0.114000309624841	rloop_tts	ICGC_OV	tts	rloop
total_long_indel	DO46382	1	0.114000309624841	rloop_tts	ICGC_OV	tts	rloop
total_long_indel	DO46384	0	0	rloop_tts	ICGC_OV	tts	rloop
total_long_indel	DO46386	1	0.114000309624841	rloop_tts	ICGC_OV	tts	rloop
total_long_indel	DO46388	0	0	rloop_tts	ICGC_OV	tts	rloop
total_long_indel	DO46390	1	0.114000309624841	rloop_tts	ICGC_OV	tts	rloop
total_long_indel	DO46392	0	0	rloop_tts	ICGC_OV	tts	rloop
total_long_indel	DO46394	1	0.114000309624841	rloop_tts	ICGC_OV	tts	rloop
total_long_indel	DO46396	2	0.228000619249682	rloop_tts	ICGC_OV	tts	rloop
total_long_indel	DO46398	0	0	rloop_tts	ICGC_OV	tts	rloop
total_long_indel	DO46400	0	0	rloop_tts	ICGC_OV	tts	rloop
total_long_indel	DO46402	0	0	rloop_tts	ICGC_OV	tts	rloop
total_long_indel	DO46404	1	0.114000309624841	rloop_tts	ICGC_OV	tts	rloop
total_long_indel	DO46408	1	0.114000309624841	rloop_tts	ICGC_OV	tts	rloop
total_long_indel	DO46412	2	0.228000619249682	rloop_tts	ICGC_OV	tts	rloop
total_long_indel	DO46416	0	0	rloop_tts	ICGC_OV	tts	rloop
total_long_indel	DO46420	5	0.570001548124205	rloop_tts	ICGC_OV	tts	rloop
total_long_indel	DO46424	1	0.114000309624841	rloop_tts	ICGC_OV	tts	rloop
total_long_indel	DO46448	1	0.114000309624841	rloop_tts	ICGC_OV	tts	rloop
total_long_indel	DO46473	2	0.228000619249682	rloop_tts	ICGC_OV	tts	rloop
total_long_indel	DO46488	1	0.114000309624841	rloop_tts	ICGC_OV	tts	rloop
total_long_indel	DO46493	0	0	rloop_tts	ICGC_OV	tts	rloop
total_long_indel	DO46498	0	0	rloop_tts	ICGC_OV	tts	rloop
total_long_indel	DO46503	1	0.114000309624841	rloop_tts	ICGC_OV	tts	rloop
total_long_indel	DO46542	1	0.114000309624841	rloop_tts	ICGC_OV	tts	rloop
total_long_indel	DO46551	3	0.342000928874523	rloop_tts	ICGC_OV	tts	rloop
total_long_indel	DO46556	2	0.228000619249682	rloop_tts	ICGC_OV	tts	rloop
total_long_indel	DO46560	0	0	rloop_tts	ICGC_OV	tts	rloop
total_long_indel	DO46561	3	0.342000928874523	rloop_tts	ICGC_OV	tts	rloop
total_long_indel	DO46566	3	0.342000928874523	rloop_tts	ICGC_OV	tts	rloop
total_long_indel	DO46568	0	0	rloop_tts	ICGC_OV	tts	rloop
total_long_indel	DO46571	1	0.114000309624841	rloop_tts	ICGC_OV	tts	rloop
total_long_indel	DO46576	2	0.228000619249682	rloop_tts	ICGC_OV	tts	rloop
total_long_indel	DO46581	0	0	rloop_tts	ICGC_OV	tts	rloop
total_long_indel	DO46586	1	0.114000309624841	rloop_tts	ICGC_OV	tts	rloop
total_long_indel	DO46588	0	0	rloop_tts	ICGC_OV	tts	rloop
total_long_indel	DO46591	3	0.342000928874523	rloop_tts	ICGC_OV	tts	rloop
total_long_indel	DO46593	0	0	rloop_tts	ICGC_OV	tts	rloop
total_long_indel	DO46597	0	0	rloop_tts	ICGC_OV	tts	rloop
total_long_indel	DO46602	0	0	rloop_tts	ICGC_OV	tts	rloop
total_long_indel	DO46606	0	0	rloop_tts	ICGC_OV	tts	rloop
total_long_indel	DO46611	1	0.114000309624841	rloop_tts	ICGC_OV	tts	rloop
total_Indel	DO46325	1	0.0933996782381085	norloop_tts	ICGC_OV	tts	norloop
total_Indel	DO46327	0	0	norloop_tts	ICGC_OV	tts	norloop
total_Indel	DO46328	1	0.0933996782381085	norloop_tts	ICGC_OV	tts	norloop
total_Indel	DO46329	1	0.0933996782381085	norloop_tts	ICGC_OV	tts	norloop
total_Indel	DO46330	1	0.0933996782381085	norloop_tts	ICGC_OV	tts	norloop
total_Indel	DO46331	0	0	norloop_tts	ICGC_OV	tts	norloop
total_Indel	DO46333	2	0.186799356476217	norloop_tts	ICGC_OV	tts	norloop
total_Indel	DO46334	1	0.0933996782381085	norloop_tts	ICGC_OV	tts	norloop
total_Indel	DO46336	2	0.186799356476217	norloop_tts	ICGC_OV	tts	norloop
total_Indel	DO46338	1	0.0933996782381085	norloop_tts	ICGC_OV	tts	norloop
total_Indel	DO46340	1	0.0933996782381085	norloop_tts	ICGC_OV	tts	norloop
total_Indel	DO46342	5	0.466998391190542	norloop_tts	ICGC_OV	tts	norloop
total_Indel	DO46344	2	0.186799356476217	norloop_tts	ICGC_OV	tts	norloop
total_Indel	DO46346	0	0	norloop_tts	ICGC_OV	tts	norloop
total_Indel	DO46350	0	0	norloop_tts	ICGC_OV	tts	norloop
total_Indel	DO46352	2	0.186799356476217	norloop_tts	ICGC_OV	tts	norloop
total_Indel	DO46354	3	0.280199034714325	norloop_tts	ICGC_OV	tts	norloop
total_Indel	DO46356	2	0.186799356476217	norloop_tts	ICGC_OV	tts	norloop
total_Indel	DO46358	0	0	norloop_tts	ICGC_OV	tts	norloop
total_Indel	DO46360	0	0	norloop_tts	ICGC_OV	tts	norloop
total_Indel	DO46362	2	0.186799356476217	norloop_tts	ICGC_OV	tts	norloop
total_Indel	DO46364	0	0	norloop_tts	ICGC_OV	tts	norloop
total_Indel	DO46366	1	0.0933996782381085	norloop_tts	ICGC_OV	tts	norloop
total_Indel	DO46368	2	0.186799356476217	norloop_tts	ICGC_OV	tts	norloop
total_Indel	DO46370	2	0.186799356476217	norloop_tts	ICGC_OV	tts	norloop
total_Indel	DO46372	5	0.466998391190542	norloop_tts	ICGC_OV	tts	norloop
total_Indel	DO46374	0	0	norloop_tts	ICGC_OV	tts	norloop
total_Indel	DO46376	3	0.280199034714325	norloop_tts	ICGC_OV	tts	norloop
total_Indel	DO46378	5	0.466998391190542	norloop_tts	ICGC_OV	tts	norloop
total_Indel	DO46380	1	0.0933996782381085	norloop_tts	ICGC_OV	tts	norloop
total_Indel	DO46382	1	0.0933996782381085	norloop_tts	ICGC_OV	tts	norloop
total_Indel	DO46384	0	0	norloop_tts	ICGC_OV	tts	norloop
total_Indel	DO46386	2	0.186799356476217	norloop_tts	ICGC_OV	tts	norloop
total_Indel	DO46388	1	0.0933996782381085	norloop_tts	ICGC_OV	tts	norloop
total_Indel	DO46390	0	0	norloop_tts	ICGC_OV	tts	norloop
total_Indel	DO46392	3	0.280199034714325	norloop_tts	ICGC_OV	tts	norloop
total_Indel	DO46394	2	0.186799356476217	norloop_tts	ICGC_OV	tts	norloop
total_Indel	DO46396	0	0	norloop_tts	ICGC_OV	tts	norloop
total_Indel	DO46398	1	0.0933996782381085	norloop_tts	ICGC_OV	tts	norloop
total_Indel	DO46400	4	0.373598712952434	norloop_tts	ICGC_OV	tts	norloop
total_Indel	DO46402	3	0.280199034714325	norloop_tts	ICGC_OV	tts	norloop
total_Indel	DO46404	0	0	norloop_tts	ICGC_OV	tts	norloop
total_Indel	DO46408	0	0	norloop_tts	ICGC_OV	tts	norloop
total_Indel	DO46412	5	0.466998391190542	norloop_tts	ICGC_OV	tts	norloop
total_Indel	DO46416	3	0.280199034714325	norloop_tts	ICGC_OV	tts	norloop
total_Indel	DO46420	7	0.653797747666759	norloop_tts	ICGC_OV	tts	norloop
total_Indel	DO46424	13	1.21419581709541	norloop_tts	ICGC_OV	tts	norloop
total_Indel	DO46448	2	0.186799356476217	norloop_tts	ICGC_OV	tts	norloop
total_Indel	DO46473	3	0.280199034714325	norloop_tts	ICGC_OV	tts	norloop
total_Indel	DO46488	4	0.373598712952434	norloop_tts	ICGC_OV	tts	norloop
total_Indel	DO46493	2	0.186799356476217	norloop_tts	ICGC_OV	tts	norloop
total_Indel	DO46498	0	0	norloop_tts	ICGC_OV	tts	norloop
total_Indel	DO46503	2	0.186799356476217	norloop_tts	ICGC_OV	tts	norloop
total_Indel	DO46542	0	0	norloop_tts	ICGC_OV	tts	norloop
total_Indel	DO46551	4	0.373598712952434	norloop_tts	ICGC_OV	tts	norloop
total_Indel	DO46556	5	0.466998391190542	norloop_tts	ICGC_OV	tts	norloop
total_Indel	DO46560	0	0	norloop_tts	ICGC_OV	tts	norloop
total_Indel	DO46561	3	0.280199034714325	norloop_tts	ICGC_OV	tts	norloop
total_Indel	DO46566	3	0.280199034714325	norloop_tts	ICGC_OV	tts	norloop
total_Indel	DO46568	2	0.186799356476217	norloop_tts	ICGC_OV	tts	norloop
total_Indel	DO46571	0	0	norloop_tts	ICGC_OV	tts	norloop
total_Indel	DO46576	1	0.0933996782381085	norloop_tts	ICGC_OV	tts	norloop
total_Indel	DO46581	1	0.0933996782381085	norloop_tts	ICGC_OV	tts	norloop
total_Indel	DO46586	0	0	norloop_tts	ICGC_OV	tts	norloop
total_Indel	DO46588	2	0.186799356476217	norloop_tts	ICGC_OV	tts	norloop
total_Indel	DO46591	68	6.35117812019138	norloop_tts	ICGC_OV	tts	norloop
total_Indel	DO46593	4	0.373598712952434	norloop_tts	ICGC_OV	tts	norloop
total_Indel	DO46597	2	0.186799356476217	norloop_tts	ICGC_OV	tts	norloop
total_Indel	DO46602	0	0	norloop_tts	ICGC_OV	tts	norloop
total_Indel	DO46606	0	0	norloop_tts	ICGC_OV	tts	norloop
total_Indel	DO46611	2	0.186799356476217	norloop_tts	ICGC_OV	tts	norloop
total_long_simple_indel	DO46325	0	0	norloop_tts	ICGC_OV	tts	norloop
total_long_simple_indel	DO46327	0	0	norloop_tts	ICGC_OV	tts	norloop
total_long_simple_indel	DO46328	0	0	norloop_tts	ICGC_OV	tts	norloop
total_long_simple_indel	DO46329	0	0	norloop_tts	ICGC_OV	tts	norloop
total_long_simple_indel	DO46330	0	0	norloop_tts	ICGC_OV	tts	norloop
total_long_simple_indel	DO46331	0	0	norloop_tts	ICGC_OV	tts	norloop
total_long_simple_indel	DO46333	1	0.0933996782381085	norloop_tts	ICGC_OV	tts	norloop
total_long_simple_indel	DO46334	0	0	norloop_tts	ICGC_OV	tts	norloop
total_long_simple_indel	DO46336	0	0	norloop_tts	ICGC_OV	tts	norloop
total_long_simple_indel	DO46338	0	0	norloop_tts	ICGC_OV	tts	norloop
total_long_simple_indel	DO46340	0	0	norloop_tts	ICGC_OV	tts	norloop
total_long_simple_indel	DO46342	4	0.373598712952434	norloop_tts	ICGC_OV	tts	norloop
total_long_simple_indel	DO46344	1	0.0933996782381085	norloop_tts	ICGC_OV	tts	norloop
total_long_simple_indel	DO46346	0	0	norloop_tts	ICGC_OV	tts	norloop
total_long_simple_indel	DO46350	0	0	norloop_tts	ICGC_OV	tts	norloop
total_long_simple_indel	DO46352	1	0.0933996782381085	norloop_tts	ICGC_OV	tts	norloop
total_long_simple_indel	DO46354	3	0.280199034714325	norloop_tts	ICGC_OV	tts	norloop
total_long_simple_indel	DO46356	0	0	norloop_tts	ICGC_OV	tts	norloop
total_long_simple_indel	DO46358	0	0	norloop_tts	ICGC_OV	tts	norloop
total_long_simple_indel	DO46360	0	0	norloop_tts	ICGC_OV	tts	norloop
total_long_simple_indel	DO46362	0	0	norloop_tts	ICGC_OV	tts	norloop
total_long_simple_indel	DO46364	0	0	norloop_tts	ICGC_OV	tts	norloop
total_long_simple_indel	DO46366	0	0	norloop_tts	ICGC_OV	tts	norloop
total_long_simple_indel	DO46368	1	0.0933996782381085	norloop_tts	ICGC_OV	tts	norloop
total_long_simple_indel	DO46370	0	0	norloop_tts	ICGC_OV	tts	norloop
total_long_simple_indel	DO46372	1	0.0933996782381085	norloop_tts	ICGC_OV	tts	norloop
total_long_simple_indel	DO46374	0	0	norloop_tts	ICGC_OV	tts	norloop
total_long_simple_indel	DO46376	0	0	norloop_tts	ICGC_OV	tts	norloop
total_long_simple_indel	DO46378	3	0.280199034714325	norloop_tts	ICGC_OV	tts	norloop
total_long_simple_indel	DO46380	0	0	norloop_tts	ICGC_OV	tts	norloop
total_long_simple_indel	DO46382	1	0.0933996782381085	norloop_tts	ICGC_OV	tts	norloop
total_long_simple_indel	DO46384	0	0	norloop_tts	ICGC_OV	tts	norloop
total_long_simple_indel	DO46386	0	0	norloop_tts	ICGC_OV	tts	norloop
total_long_simple_indel	DO46388	0	0	norloop_tts	ICGC_OV	tts	norloop
total_long_simple_indel	DO46390	0	0	norloop_tts	ICGC_OV	tts	norloop
total_long_simple_indel	DO46392	1	0.0933996782381085	norloop_tts	ICGC_OV	tts	norloop
total_long_simple_indel	DO46394	0	0	norloop_tts	ICGC_OV	tts	norloop
total_long_simple_indel	DO46396	0	0	norloop_tts	ICGC_OV	tts	norloop
total_long_simple_indel	DO46398	0	0	norloop_tts	ICGC_OV	tts	norloop
total_long_simple_indel	DO46400	1	0.0933996782381085	norloop_tts	ICGC_OV	tts	norloop
total_long_simple_indel	DO46402	2	0.186799356476217	norloop_tts	ICGC_OV	tts	norloop
total_long_simple_indel	DO46404	0	0	norloop_tts	ICGC_OV	tts	norloop
total_long_simple_indel	DO46408	0	0	norloop_tts	ICGC_OV	tts	norloop
total_long_simple_indel	DO46412	1	0.0933996782381085	norloop_tts	ICGC_OV	tts	norloop
total_long_simple_indel	DO46416	0	0	norloop_tts	ICGC_OV	tts	norloop
total_long_simple_indel	DO46420	2	0.186799356476217	norloop_tts	ICGC_OV	tts	norloop
total_long_simple_indel	DO46424	5	0.466998391190542	norloop_tts	ICGC_OV	tts	norloop
total_long_simple_indel	DO46448	0	0	norloop_tts	ICGC_OV	tts	norloop
total_long_simple_indel	DO46473	0	0	norloop_tts	ICGC_OV	tts	norloop
total_long_simple_indel	DO46488	2	0.186799356476217	norloop_tts	ICGC_OV	tts	norloop
total_long_simple_indel	DO46493	0	0	norloop_tts	ICGC_OV	tts	norloop
total_long_simple_indel	DO46498	0	0	norloop_tts	ICGC_OV	tts	norloop
total_long_simple_indel	DO46503	1	0.0933996782381085	norloop_tts	ICGC_OV	tts	norloop
total_long_simple_indel	DO46542	0	0	norloop_tts	ICGC_OV	tts	norloop
total_long_simple_indel	DO46551	3	0.280199034714325	norloop_tts	ICGC_OV	tts	norloop
total_long_simple_indel	DO46556	2	0.186799356476217	norloop_tts	ICGC_OV	tts	norloop
total_long_simple_indel	DO46560	0	0	norloop_tts	ICGC_OV	tts	norloop
total_long_simple_indel	DO46561	2	0.186799356476217	norloop_tts	ICGC_OV	tts	norloop
total_long_simple_indel	DO46566	1	0.0933996782381085	norloop_tts	ICGC_OV	tts	norloop
total_long_simple_indel	DO46568	0	0	norloop_tts	ICGC_OV	tts	norloop
total_long_simple_indel	DO46571	0	0	norloop_tts	ICGC_OV	tts	norloop
total_long_simple_indel	DO46576	0	0	norloop_tts	ICGC_OV	tts	norloop
total_long_simple_indel	DO46581	0	0	norloop_tts	ICGC_OV	tts	norloop
total_long_simple_indel	DO46586	0	0	norloop_tts	ICGC_OV	tts	norloop
total_long_simple_indel	DO46588	0	0	norloop_tts	ICGC_OV	tts	norloop
total_long_simple_indel	DO46591	4	0.373598712952434	norloop_tts	ICGC_OV	tts	norloop
total_long_simple_indel	DO46593	2	0.186799356476217	norloop_tts	ICGC_OV	tts	norloop
total_long_simple_indel	DO46597	0	0	norloop_tts	ICGC_OV	tts	norloop
total_long_simple_indel	DO46602	0	0	norloop_tts	ICGC_OV	tts	norloop
total_long_simple_indel	DO46606	0	0	norloop_tts	ICGC_OV	tts	norloop
total_long_simple_indel	DO46611	1	0.0933996782381085	norloop_tts	ICGC_OV	tts	norloop
total_long_indel	DO46325	1	0.0933996782381085	norloop_tts	ICGC_OV	tts	norloop
total_long_indel	DO46327	0	0	norloop_tts	ICGC_OV	tts	norloop
total_long_indel	DO46328	0	0	norloop_tts	ICGC_OV	tts	norloop
total_long_indel	DO46329	1	0.0933996782381085	norloop_tts	ICGC_OV	tts	norloop
total_long_indel	DO46330	0	0	norloop_tts	ICGC_OV	tts	norloop
total_long_indel	DO46331	0	0	norloop_tts	ICGC_OV	tts	norloop
total_long_indel	DO46333	2	0.186799356476217	norloop_tts	ICGC_OV	tts	norloop
total_long_indel	DO46334	0	0	norloop_tts	ICGC_OV	tts	norloop
total_long_indel	DO46336	0	0	norloop_tts	ICGC_OV	tts	norloop
total_long_indel	DO46338	0	0	norloop_tts	ICGC_OV	tts	norloop
total_long_indel	DO46340	0	0	norloop_tts	ICGC_OV	tts	norloop
total_long_indel	DO46342	5	0.466998391190542	norloop_tts	ICGC_OV	tts	norloop
total_long_indel	DO46344	2	0.186799356476217	norloop_tts	ICGC_OV	tts	norloop
total_long_indel	DO46346	0	0	norloop_tts	ICGC_OV	tts	norloop
total_long_indel	DO46350	0	0	norloop_tts	ICGC_OV	tts	norloop
total_long_indel	DO46352	2	0.186799356476217	norloop_tts	ICGC_OV	tts	norloop
total_long_indel	DO46354	3	0.280199034714325	norloop_tts	ICGC_OV	tts	norloop
total_long_indel	DO46356	1	0.0933996782381085	norloop_tts	ICGC_OV	tts	norloop
total_long_indel	DO46358	0	0	norloop_tts	ICGC_OV	tts	norloop
total_long_indel	DO46360	0	0	norloop_tts	ICGC_OV	tts	norloop
total_long_indel	DO46362	0	0	norloop_tts	ICGC_OV	tts	norloop
total_long_indel	DO46364	0	0	norloop_tts	ICGC_OV	tts	norloop
total_long_indel	DO46366	0	0	norloop_tts	ICGC_OV	tts	norloop
total_long_indel	DO46368	2	0.186799356476217	norloop_tts	ICGC_OV	tts	norloop
total_long_indel	DO46370	0	0	norloop_tts	ICGC_OV	tts	norloop
total_long_indel	DO46372	3	0.280199034714325	norloop_tts	ICGC_OV	tts	norloop
total_long_indel	DO46374	0	0	norloop_tts	ICGC_OV	tts	norloop
total_long_indel	DO46376	3	0.280199034714325	norloop_tts	ICGC_OV	tts	norloop
total_long_indel	DO46378	4	0.373598712952434	norloop_tts	ICGC_OV	tts	norloop
total_long_indel	DO46380	1	0.0933996782381085	norloop_tts	ICGC_OV	tts	norloop
total_long_indel	DO46382	1	0.0933996782381085	norloop_tts	ICGC_OV	tts	norloop
total_long_indel	DO46384	0	0	norloop_tts	ICGC_OV	tts	norloop
total_long_indel	DO46386	1	0.0933996782381085	norloop_tts	ICGC_OV	tts	norloop
total_long_indel	DO46388	1	0.0933996782381085	norloop_tts	ICGC_OV	tts	norloop
total_long_indel	DO46390	0	0	norloop_tts	ICGC_OV	tts	norloop
total_long_indel	DO46392	3	0.280199034714325	norloop_tts	ICGC_OV	tts	norloop
total_long_indel	DO46394	1	0.0933996782381085	norloop_tts	ICGC_OV	tts	norloop
total_long_indel	DO46396	0	0	norloop_tts	ICGC_OV	tts	norloop
total_long_indel	DO46398	0	0	norloop_tts	ICGC_OV	tts	norloop
total_long_indel	DO46400	1	0.0933996782381085	norloop_tts	ICGC_OV	tts	norloop
total_long_indel	DO46402	2	0.186799356476217	norloop_tts	ICGC_OV	tts	norloop
total_long_indel	DO46404	0	0	norloop_tts	ICGC_OV	tts	norloop
total_long_indel	DO46408	0	0	norloop_tts	ICGC_OV	tts	norloop
total_long_indel	DO46412	1	0.0933996782381085	norloop_tts	ICGC_OV	tts	norloop
total_long_indel	DO46416	1	0.0933996782381085	norloop_tts	ICGC_OV	tts	norloop
total_long_indel	DO46420	3	0.280199034714325	norloop_tts	ICGC_OV	tts	norloop
total_long_indel	DO46424	11	1.02739646061919	norloop_tts	ICGC_OV	tts	norloop
total_long_indel	DO46448	2	0.186799356476217	norloop_tts	ICGC_OV	tts	norloop
total_long_indel	DO46473	1	0.0933996782381085	norloop_tts	ICGC_OV	tts	norloop
total_long_indel	DO46488	3	0.280199034714325	norloop_tts	ICGC_OV	tts	norloop
total_long_indel	DO46493	1	0.0933996782381085	norloop_tts	ICGC_OV	tts	norloop
total_long_indel	DO46498	0	0	norloop_tts	ICGC_OV	tts	norloop
total_long_indel	DO46503	2	0.186799356476217	norloop_tts	ICGC_OV	tts	norloop
total_long_indel	DO46542	0	0	norloop_tts	ICGC_OV	tts	norloop
total_long_indel	DO46551	4	0.373598712952434	norloop_tts	ICGC_OV	tts	norloop
total_long_indel	DO46556	4	0.373598712952434	norloop_tts	ICGC_OV	tts	norloop
total_long_indel	DO46560	0	0	norloop_tts	ICGC_OV	tts	norloop
total_long_indel	DO46561	2	0.186799356476217	norloop_tts	ICGC_OV	tts	norloop
total_long_indel	DO46566	2	0.186799356476217	norloop_tts	ICGC_OV	tts	norloop
total_long_indel	DO46568	0	0	norloop_tts	ICGC_OV	tts	norloop
total_long_indel	DO46571	0	0	norloop_tts	ICGC_OV	tts	norloop
total_long_indel	DO46576	1	0.0933996782381085	norloop_tts	ICGC_OV	tts	norloop
total_long_indel	DO46581	0	0	norloop_tts	ICGC_OV	tts	norloop
total_long_indel	DO46586	0	0	norloop_tts	ICGC_OV	tts	norloop
total_long_indel	DO46588	0	0	norloop_tts	ICGC_OV	tts	norloop
total_long_indel	DO46591	5	0.466998391190542	norloop_tts	ICGC_OV	tts	norloop
total_long_indel	DO46593	3	0.280199034714325	norloop_tts	ICGC_OV	tts	norloop
total_long_indel	DO46597	1	0.0933996782381085	norloop_tts	ICGC_OV	tts	norloop
total_long_indel	DO46602	0	0	norloop_tts	ICGC_OV	tts	norloop
total_long_indel	DO46606	0	0	norloop_tts	ICGC_OV	tts	norloop
total_long_indel	DO46611	2	0.186799356476217	norloop_tts	ICGC_OV	tts	norloop
total_Indel	DO221539	1	0.140549639040417	rloop_tss	ICGC_Pancreatic	tss	rloop
total_Indel	DO221540	0	0	rloop_tss	ICGC_Pancreatic	tss	rloop
total_Indel	DO221541	5	0.702748195202085	rloop_tss	ICGC_Pancreatic	tss	rloop
total_Indel	DO221542	1	0.140549639040417	rloop_tss	ICGC_Pancreatic	tss	rloop
total_Indel	DO221543	0	0	rloop_tss	ICGC_Pancreatic	tss	rloop
total_Indel	DO221544	4	0.562198556161668	rloop_tss	ICGC_Pancreatic	tss	rloop
total_Indel	DO221545	6	0.843297834242502	rloop_tss	ICGC_Pancreatic	tss	rloop
total_Indel	DO221546	0	0	rloop_tss	ICGC_Pancreatic	tss	rloop
total_Indel	DO221547	4	0.562198556161668	rloop_tss	ICGC_Pancreatic	tss	rloop
total_Indel	DO32831	0	0	rloop_tss	ICGC_Pancreatic	tss	rloop
total_Indel	DO32833	0	0	rloop_tss	ICGC_Pancreatic	tss	rloop
total_Indel	DO32837	1	0.140549639040417	rloop_tss	ICGC_Pancreatic	tss	rloop
total_Indel	DO32860	1	0.140549639040417	rloop_tss	ICGC_Pancreatic	tss	rloop
total_Indel	DO32863	0	0	rloop_tss	ICGC_Pancreatic	tss	rloop
total_Indel	DO32875	0	0	rloop_tss	ICGC_Pancreatic	tss	rloop
total_Indel	DO32878	2	0.281099278080834	rloop_tss	ICGC_Pancreatic	tss	rloop
total_Indel	DO32893	0	0	rloop_tss	ICGC_Pancreatic	tss	rloop
total_Indel	DO32900	1	0.140549639040417	rloop_tss	ICGC_Pancreatic	tss	rloop
total_Indel	DO32916	1	0.140549639040417	rloop_tss	ICGC_Pancreatic	tss	rloop
total_Indel	DO32960	0	0	rloop_tss	ICGC_Pancreatic	tss	rloop
total_Indel	DO32972	1	0.140549639040417	rloop_tss	ICGC_Pancreatic	tss	rloop
total_Indel	DO32976	0	0	rloop_tss	ICGC_Pancreatic	tss	rloop
total_Indel	DO32980	1	0.140549639040417	rloop_tss	ICGC_Pancreatic	tss	rloop
total_Indel	DO32984	0	0	rloop_tss	ICGC_Pancreatic	tss	rloop
total_Indel	DO33000	0	0	rloop_tss	ICGC_Pancreatic	tss	rloop
total_Indel	DO33008	1	0.140549639040417	rloop_tss	ICGC_Pancreatic	tss	rloop
total_Indel	DO33016	1	0.140549639040417	rloop_tss	ICGC_Pancreatic	tss	rloop
total_Indel	DO33028	1	0.140549639040417	rloop_tss	ICGC_Pancreatic	tss	rloop
total_Indel	DO33032	3	0.421648917121251	rloop_tss	ICGC_Pancreatic	tss	rloop
total_Indel	DO33042	0	0	rloop_tss	ICGC_Pancreatic	tss	rloop
total_Indel	DO33077	0	0	rloop_tss	ICGC_Pancreatic	tss	rloop
total_Indel	DO33128	0	0	rloop_tss	ICGC_Pancreatic	tss	rloop
total_Indel	DO33152	0	0	rloop_tss	ICGC_Pancreatic	tss	rloop
total_Indel	DO33160	0	0	rloop_tss	ICGC_Pancreatic	tss	rloop
total_Indel	DO33168	0	0	rloop_tss	ICGC_Pancreatic	tss	rloop
total_Indel	DO33184	0	0	rloop_tss	ICGC_Pancreatic	tss	rloop
total_Indel	DO33200	1	0.140549639040417	rloop_tss	ICGC_Pancreatic	tss	rloop
total_Indel	DO33208	0	0	rloop_tss	ICGC_Pancreatic	tss	rloop
total_Indel	DO33248	0	0	rloop_tss	ICGC_Pancreatic	tss	rloop
total_Indel	DO33264	1	0.140549639040417	rloop_tss	ICGC_Pancreatic	tss	rloop
total_Indel	DO33288	0	0	rloop_tss	ICGC_Pancreatic	tss	rloop
total_Indel	DO33344	1	0.140549639040417	rloop_tss	ICGC_Pancreatic	tss	rloop
total_Indel	DO33368	1	0.140549639040417	rloop_tss	ICGC_Pancreatic	tss	rloop
total_Indel	DO33376	0	0	rloop_tss	ICGC_Pancreatic	tss	rloop
total_Indel	DO33392	0	0	rloop_tss	ICGC_Pancreatic	tss	rloop
total_Indel	DO33400	5	0.702748195202085	rloop_tss	ICGC_Pancreatic	tss	rloop
total_Indel	DO33408	1	0.140549639040417	rloop_tss	ICGC_Pancreatic	tss	rloop
total_Indel	DO33472	2	0.281099278080834	rloop_tss	ICGC_Pancreatic	tss	rloop
total_Indel	DO33480	1	0.140549639040417	rloop_tss	ICGC_Pancreatic	tss	rloop
total_Indel	DO33488	0	0	rloop_tss	ICGC_Pancreatic	tss	rloop
total_Indel	DO33512	0	0	rloop_tss	ICGC_Pancreatic	tss	rloop
total_Indel	DO33544	1	0.140549639040417	rloop_tss	ICGC_Pancreatic	tss	rloop
total_Indel	DO33552	11	1.54604602944459	rloop_tss	ICGC_Pancreatic	tss	rloop
total_Indel	DO33600	1	0.140549639040417	rloop_tss	ICGC_Pancreatic	tss	rloop
total_Indel	DO33960	1	0.140549639040417	rloop_tss	ICGC_Pancreatic	tss	rloop
total_Indel	DO33984	1	0.140549639040417	rloop_tss	ICGC_Pancreatic	tss	rloop
total_Indel	DO34264	2	0.281099278080834	rloop_tss	ICGC_Pancreatic	tss	rloop
total_Indel	DO34288	0	0	rloop_tss	ICGC_Pancreatic	tss	rloop
total_Indel	DO34312	0	0	rloop_tss	ICGC_Pancreatic	tss	rloop
total_Indel	DO34336	2	0.281099278080834	rloop_tss	ICGC_Pancreatic	tss	rloop
total_Indel	DO34432	0	0	rloop_tss	ICGC_Pancreatic	tss	rloop
total_Indel	DO34448	1	0.140549639040417	rloop_tss	ICGC_Pancreatic	tss	rloop
total_Indel	DO34504	0	0	rloop_tss	ICGC_Pancreatic	tss	rloop
total_Indel	DO34600	1	0.140549639040417	rloop_tss	ICGC_Pancreatic	tss	rloop
total_Indel	DO34608	1	0.140549639040417	rloop_tss	ICGC_Pancreatic	tss	rloop
total_Indel	DO34616	1	0.140549639040417	rloop_tss	ICGC_Pancreatic	tss	rloop
total_Indel	DO34640	3	0.421648917121251	rloop_tss	ICGC_Pancreatic	tss	rloop
total_Indel	DO34656	1	0.140549639040417	rloop_tss	ICGC_Pancreatic	tss	rloop
total_Indel	DO34680	6	0.843297834242502	rloop_tss	ICGC_Pancreatic	tss	rloop
total_Indel	DO34696	2	0.281099278080834	rloop_tss	ICGC_Pancreatic	tss	rloop
total_Indel	DO34720	2	0.281099278080834	rloop_tss	ICGC_Pancreatic	tss	rloop
total_Indel	DO34728	2	0.281099278080834	rloop_tss	ICGC_Pancreatic	tss	rloop
total_Indel	DO34736	3	0.421648917121251	rloop_tss	ICGC_Pancreatic	tss	rloop
total_Indel	DO34785	1	0.140549639040417	rloop_tss	ICGC_Pancreatic	tss	rloop
total_Indel	DO34793	1	0.140549639040417	rloop_tss	ICGC_Pancreatic	tss	rloop
total_Indel	DO34801	2	0.281099278080834	rloop_tss	ICGC_Pancreatic	tss	rloop
total_Indel	DO34809	2	0.281099278080834	rloop_tss	ICGC_Pancreatic	tss	rloop
total_Indel	DO34817	0	0	rloop_tss	ICGC_Pancreatic	tss	rloop
total_Indel	DO34849	1	0.140549639040417	rloop_tss	ICGC_Pancreatic	tss	rloop
total_Indel	DO34905	5	0.702748195202085	rloop_tss	ICGC_Pancreatic	tss	rloop
total_Indel	DO34961	1	0.140549639040417	rloop_tss	ICGC_Pancreatic	tss	rloop
total_Indel	DO35082	1	0.140549639040417	rloop_tss	ICGC_Pancreatic	tss	rloop
total_Indel	DO35083	103	14.476612821163	rloop_tss	ICGC_Pancreatic	tss	rloop
total_Indel	DO35085	1	0.140549639040417	rloop_tss	ICGC_Pancreatic	tss	rloop
total_Indel	DO35098	1	0.140549639040417	rloop_tss	ICGC_Pancreatic	tss	rloop
total_Indel	DO35114	0	0	rloop_tss	ICGC_Pancreatic	tss	rloop
total_Indel	DO35116	1	0.140549639040417	rloop_tss	ICGC_Pancreatic	tss	rloop
total_Indel	DO35118	4	0.562198556161668	rloop_tss	ICGC_Pancreatic	tss	rloop
total_Indel	DO35126	1	0.140549639040417	rloop_tss	ICGC_Pancreatic	tss	rloop
total_Indel	DO35128	0	0	rloop_tss	ICGC_Pancreatic	tss	rloop
total_Indel	DO35132	0	0	rloop_tss	ICGC_Pancreatic	tss	rloop
total_Indel	DO35136	2	0.281099278080834	rloop_tss	ICGC_Pancreatic	tss	rloop
total_Indel	DO35138	0	0	rloop_tss	ICGC_Pancreatic	tss	rloop
total_Indel	DO35144	1	0.140549639040417	rloop_tss	ICGC_Pancreatic	tss	rloop
total_Indel	DO35148	0	0	rloop_tss	ICGC_Pancreatic	tss	rloop
total_Indel	DO35152	1	0.140549639040417	rloop_tss	ICGC_Pancreatic	tss	rloop
total_Indel	DO35184	1	0.140549639040417	rloop_tss	ICGC_Pancreatic	tss	rloop
total_Indel	DO35186	0	0	rloop_tss	ICGC_Pancreatic	tss	rloop
total_Indel	DO35198	1	0.140549639040417	rloop_tss	ICGC_Pancreatic	tss	rloop
total_Indel	DO35200	0	0	rloop_tss	ICGC_Pancreatic	tss	rloop
total_Indel	DO35216	0	0	rloop_tss	ICGC_Pancreatic	tss	rloop
total_Indel	DO35222	0	0	rloop_tss	ICGC_Pancreatic	tss	rloop
total_Indel	DO35228	0	0	rloop_tss	ICGC_Pancreatic	tss	rloop
total_Indel	DO35230	1	0.140549639040417	rloop_tss	ICGC_Pancreatic	tss	rloop
total_Indel	DO35236	5	0.702748195202085	rloop_tss	ICGC_Pancreatic	tss	rloop
total_Indel	DO35258	0	0	rloop_tss	ICGC_Pancreatic	tss	rloop
total_Indel	DO35290	2	0.281099278080834	rloop_tss	ICGC_Pancreatic	tss	rloop
total_Indel	DO35305	2	0.281099278080834	rloop_tss	ICGC_Pancreatic	tss	rloop
total_Indel	DO35330	0	0	rloop_tss	ICGC_Pancreatic	tss	rloop
total_Indel	DO35350	3	0.421648917121251	rloop_tss	ICGC_Pancreatic	tss	rloop
total_Indel	DO35360	2	0.281099278080834	rloop_tss	ICGC_Pancreatic	tss	rloop
total_Indel	DO35376	0	0	rloop_tss	ICGC_Pancreatic	tss	rloop
total_Indel	DO35406	0	0	rloop_tss	ICGC_Pancreatic	tss	rloop
total_Indel	DO35424	1	0.140549639040417	rloop_tss	ICGC_Pancreatic	tss	rloop
total_Indel	DO35442	11	1.54604602944459	rloop_tss	ICGC_Pancreatic	tss	rloop
total_Indel	DO35454	1	0.140549639040417	rloop_tss	ICGC_Pancreatic	tss	rloop
total_Indel	DO35496	1	0.140549639040417	rloop_tss	ICGC_Pancreatic	tss	rloop
total_Indel	DO49074	1	0.140549639040417	rloop_tss	ICGC_Pancreatic	tss	rloop
total_Indel	DO49076	3	0.421648917121251	rloop_tss	ICGC_Pancreatic	tss	rloop
total_Indel	DO49078	0	0	rloop_tss	ICGC_Pancreatic	tss	rloop
total_Indel	DO49079	0	0	rloop_tss	ICGC_Pancreatic	tss	rloop
total_Indel	DO49080	1	0.140549639040417	rloop_tss	ICGC_Pancreatic	tss	rloop
total_Indel	DO49087	1	0.140549639040417	rloop_tss	ICGC_Pancreatic	tss	rloop
total_Indel	DO49090	0	0	rloop_tss	ICGC_Pancreatic	tss	rloop
total_Indel	DO49113	1	0.140549639040417	rloop_tss	ICGC_Pancreatic	tss	rloop
total_Indel	DO49127	1	0.140549639040417	rloop_tss	ICGC_Pancreatic	tss	rloop
total_Indel	DO49129	0	0	rloop_tss	ICGC_Pancreatic	tss	rloop
total_Indel	DO49135	2	0.281099278080834	rloop_tss	ICGC_Pancreatic	tss	rloop
total_Indel	DO49137	0	0	rloop_tss	ICGC_Pancreatic	tss	rloop
total_Indel	DO49138	0	0	rloop_tss	ICGC_Pancreatic	tss	rloop
total_Indel	DO49166	0	0	rloop_tss	ICGC_Pancreatic	tss	rloop
total_Indel	DO49168	3	0.421648917121251	rloop_tss	ICGC_Pancreatic	tss	rloop
total_Indel	DO49172	0	0	rloop_tss	ICGC_Pancreatic	tss	rloop
total_Indel	DO49178	0	0	rloop_tss	ICGC_Pancreatic	tss	rloop
total_Indel	DO49181	1	0.140549639040417	rloop_tss	ICGC_Pancreatic	tss	rloop
total_Indel	DO49183	1	0.140549639040417	rloop_tss	ICGC_Pancreatic	tss	rloop
total_Indel	DO49184	2	0.281099278080834	rloop_tss	ICGC_Pancreatic	tss	rloop
total_Indel	DO49193	0	0	rloop_tss	ICGC_Pancreatic	tss	rloop
total_Indel	DO49204	2	0.281099278080834	rloop_tss	ICGC_Pancreatic	tss	rloop
total_Indel	DO49418	1	0.140549639040417	rloop_tss	ICGC_Pancreatic	tss	rloop
total_Indel	DO49419	4	0.562198556161668	rloop_tss	ICGC_Pancreatic	tss	rloop
total_Indel	DO49420	0	0	rloop_tss	ICGC_Pancreatic	tss	rloop
total_Indel	DO49421	1	0.140549639040417	rloop_tss	ICGC_Pancreatic	tss	rloop
total_Indel	DO49422	1	0.140549639040417	rloop_tss	ICGC_Pancreatic	tss	rloop
total_Indel	DO49424	1	0.140549639040417	rloop_tss	ICGC_Pancreatic	tss	rloop
total_Indel	DO49427	1	0.140549639040417	rloop_tss	ICGC_Pancreatic	tss	rloop
total_Indel	DO49430	0	0	rloop_tss	ICGC_Pancreatic	tss	rloop
total_Indel	DO49433	0	0	rloop_tss	ICGC_Pancreatic	tss	rloop
total_Indel	DO49436	2	0.281099278080834	rloop_tss	ICGC_Pancreatic	tss	rloop
total_Indel	DO49439	0	0	rloop_tss	ICGC_Pancreatic	tss	rloop
total_Indel	DO49442	3	0.421648917121251	rloop_tss	ICGC_Pancreatic	tss	rloop
total_Indel	DO49445	2	0.281099278080834	rloop_tss	ICGC_Pancreatic	tss	rloop
total_Indel	DO49448	0	0	rloop_tss	ICGC_Pancreatic	tss	rloop
total_Indel	DO49451	0	0	rloop_tss	ICGC_Pancreatic	tss	rloop
total_Indel	DO49454	0	0	rloop_tss	ICGC_Pancreatic	tss	rloop
total_Indel	DO49457	2	0.281099278080834	rloop_tss	ICGC_Pancreatic	tss	rloop
total_Indel	DO49460	1	0.140549639040417	rloop_tss	ICGC_Pancreatic	tss	rloop
total_Indel	DO49463	2	0.281099278080834	rloop_tss	ICGC_Pancreatic	tss	rloop
total_Indel	DO49466	1	0.140549639040417	rloop_tss	ICGC_Pancreatic	tss	rloop
total_Indel	DO49478	1	0.140549639040417	rloop_tss	ICGC_Pancreatic	tss	rloop
total_Indel	DO49481	0	0	rloop_tss	ICGC_Pancreatic	tss	rloop
total_Indel	DO49484	0	0	rloop_tss	ICGC_Pancreatic	tss	rloop
total_Indel	DO51465	2	0.281099278080834	rloop_tss	ICGC_Pancreatic	tss	rloop
total_Indel	DO51466	1	0.140549639040417	rloop_tss	ICGC_Pancreatic	tss	rloop
total_Indel	DO51467	4	0.562198556161668	rloop_tss	ICGC_Pancreatic	tss	rloop
total_Indel	DO51468	1	0.140549639040417	rloop_tss	ICGC_Pancreatic	tss	rloop
total_Indel	DO51469	1	0.140549639040417	rloop_tss	ICGC_Pancreatic	tss	rloop
total_Indel	DO51470	4	0.562198556161668	rloop_tss	ICGC_Pancreatic	tss	rloop
total_Indel	DO51472	0	0	rloop_tss	ICGC_Pancreatic	tss	rloop
total_Indel	DO51473	1	0.140549639040417	rloop_tss	ICGC_Pancreatic	tss	rloop
total_Indel	DO51474	46	6.46528339585918	rloop_tss	ICGC_Pancreatic	tss	rloop
total_Indel	DO51475	0	0	rloop_tss	ICGC_Pancreatic	tss	rloop
total_Indel	DO51476	2	0.281099278080834	rloop_tss	ICGC_Pancreatic	tss	rloop
total_Indel	DO51477	0	0	rloop_tss	ICGC_Pancreatic	tss	rloop
total_Indel	DO51478	4	0.562198556161668	rloop_tss	ICGC_Pancreatic	tss	rloop
total_Indel	DO51479	0	0	rloop_tss	ICGC_Pancreatic	tss	rloop
total_Indel	DO51480	0	0	rloop_tss	ICGC_Pancreatic	tss	rloop
total_Indel	DO51481	0	0	rloop_tss	ICGC_Pancreatic	tss	rloop
total_Indel	DO51483	0	0	rloop_tss	ICGC_Pancreatic	tss	rloop
total_Indel	DO51484	2	0.281099278080834	rloop_tss	ICGC_Pancreatic	tss	rloop
total_Indel	DO51485	1	0.140549639040417	rloop_tss	ICGC_Pancreatic	tss	rloop
total_Indel	DO51486	1	0.140549639040417	rloop_tss	ICGC_Pancreatic	tss	rloop
total_Indel	DO51487	2	0.281099278080834	rloop_tss	ICGC_Pancreatic	tss	rloop
total_Indel	DO51488	0	0	rloop_tss	ICGC_Pancreatic	tss	rloop
total_Indel	DO51489	0	0	rloop_tss	ICGC_Pancreatic	tss	rloop
total_Indel	DO51490	1	0.140549639040417	rloop_tss	ICGC_Pancreatic	tss	rloop
total_Indel	DO51491	1	0.140549639040417	rloop_tss	ICGC_Pancreatic	tss	rloop
total_Indel	DO51492	1	0.140549639040417	rloop_tss	ICGC_Pancreatic	tss	rloop
total_Indel	DO51493	9	1.26494675136375	rloop_tss	ICGC_Pancreatic	tss	rloop
total_Indel	DO51494	3	0.421648917121251	rloop_tss	ICGC_Pancreatic	tss	rloop
total_Indel	DO51495	2	0.281099278080834	rloop_tss	ICGC_Pancreatic	tss	rloop
total_Indel	DO51496	2	0.281099278080834	rloop_tss	ICGC_Pancreatic	tss	rloop
total_Indel	DO51497	2	0.281099278080834	rloop_tss	ICGC_Pancreatic	tss	rloop
total_Indel	DO51498	1	0.140549639040417	rloop_tss	ICGC_Pancreatic	tss	rloop
total_Indel	DO51499	0	0	rloop_tss	ICGC_Pancreatic	tss	rloop
total_Indel	DO51500	2	0.281099278080834	rloop_tss	ICGC_Pancreatic	tss	rloop
total_Indel	DO51501	2	0.281099278080834	rloop_tss	ICGC_Pancreatic	tss	rloop
total_Indel	DO51502	0	0	rloop_tss	ICGC_Pancreatic	tss	rloop
total_Indel	DO51503	0	0	rloop_tss	ICGC_Pancreatic	tss	rloop
total_Indel	DO51504	1	0.140549639040417	rloop_tss	ICGC_Pancreatic	tss	rloop
total_Indel	DO51505	1	0.140549639040417	rloop_tss	ICGC_Pancreatic	tss	rloop
total_Indel	DO51506	1	0.140549639040417	rloop_tss	ICGC_Pancreatic	tss	rloop
total_Indel	DO51507	2	0.281099278080834	rloop_tss	ICGC_Pancreatic	tss	rloop
total_Indel	DO51508	0	0	rloop_tss	ICGC_Pancreatic	tss	rloop
total_Indel	DO51509	0	0	rloop_tss	ICGC_Pancreatic	tss	rloop
total_Indel	DO51510	1	0.140549639040417	rloop_tss	ICGC_Pancreatic	tss	rloop
total_Indel	DO51511	2	0.281099278080834	rloop_tss	ICGC_Pancreatic	tss	rloop
total_Indel	DO51512	0	0	rloop_tss	ICGC_Pancreatic	tss	rloop
total_Indel	DO51513	2	0.281099278080834	rloop_tss	ICGC_Pancreatic	tss	rloop
total_Indel	DO51514	1	0.140549639040417	rloop_tss	ICGC_Pancreatic	tss	rloop
total_Indel	DO51515	0	0	rloop_tss	ICGC_Pancreatic	tss	rloop
total_Indel	DO51518	0	0	rloop_tss	ICGC_Pancreatic	tss	rloop
total_Indel	DO51519	0	0	rloop_tss	ICGC_Pancreatic	tss	rloop
total_Indel	DO51520	2	0.281099278080834	rloop_tss	ICGC_Pancreatic	tss	rloop
total_Indel	DO51521	0	0	rloop_tss	ICGC_Pancreatic	tss	rloop
total_Indel	DO51522	0	0	rloop_tss	ICGC_Pancreatic	tss	rloop
total_Indel	DO51523	0	0	rloop_tss	ICGC_Pancreatic	tss	rloop
total_Indel	DO51524	2	0.281099278080834	rloop_tss	ICGC_Pancreatic	tss	rloop
total_Indel	DO51525	1	0.140549639040417	rloop_tss	ICGC_Pancreatic	tss	rloop
total_Indel	DO51527	1	0.140549639040417	rloop_tss	ICGC_Pancreatic	tss	rloop
total_Indel	DO51528	1	0.140549639040417	rloop_tss	ICGC_Pancreatic	tss	rloop
total_Indel	DO51529	0	0	rloop_tss	ICGC_Pancreatic	tss	rloop
total_Indel	DO51530	5	0.702748195202085	rloop_tss	ICGC_Pancreatic	tss	rloop
total_Indel	DO51531	3	0.421648917121251	rloop_tss	ICGC_Pancreatic	tss	rloop
total_Indel	DO51532	1	0.140549639040417	rloop_tss	ICGC_Pancreatic	tss	rloop
total_Indel	DO51533	0	0	rloop_tss	ICGC_Pancreatic	tss	rloop
total_Indel	DO51534	0	0	rloop_tss	ICGC_Pancreatic	tss	rloop
total_Indel	DO51535	0	0	rloop_tss	ICGC_Pancreatic	tss	rloop
total_Indel	DO51536	0	0	rloop_tss	ICGC_Pancreatic	tss	rloop
total_Indel	DO51537	0	0	rloop_tss	ICGC_Pancreatic	tss	rloop
total_Indel	DO51538	1	0.140549639040417	rloop_tss	ICGC_Pancreatic	tss	rloop
total_Indel	DO51540	2	0.281099278080834	rloop_tss	ICGC_Pancreatic	tss	rloop
total_Indel	DO51541	2	0.281099278080834	rloop_tss	ICGC_Pancreatic	tss	rloop
total_Indel	DO51542	1	0.140549639040417	rloop_tss	ICGC_Pancreatic	tss	rloop
total_Indel	DO51543	2	0.281099278080834	rloop_tss	ICGC_Pancreatic	tss	rloop
total_Indel	DO51544	0	0	rloop_tss	ICGC_Pancreatic	tss	rloop
total_Indel	DO51546	0	0	rloop_tss	ICGC_Pancreatic	tss	rloop
total_Indel	DO51548	1	0.140549639040417	rloop_tss	ICGC_Pancreatic	tss	rloop
total_Indel	DO51549	1	0.140549639040417	rloop_tss	ICGC_Pancreatic	tss	rloop
total_long_simple_indel	DO221539	0	0	rloop_tss	ICGC_Pancreatic	tss	rloop
total_long_simple_indel	DO221540	0	0	rloop_tss	ICGC_Pancreatic	tss	rloop
total_long_simple_indel	DO221541	3	0.421648917121251	rloop_tss	ICGC_Pancreatic	tss	rloop
total_long_simple_indel	DO221542	0	0	rloop_tss	ICGC_Pancreatic	tss	rloop
total_long_simple_indel	DO221543	0	0	rloop_tss	ICGC_Pancreatic	tss	rloop
total_long_simple_indel	DO221544	1	0.140549639040417	rloop_tss	ICGC_Pancreatic	tss	rloop
total_long_simple_indel	DO221545	3	0.421648917121251	rloop_tss	ICGC_Pancreatic	tss	rloop
total_long_simple_indel	DO221546	0	0	rloop_tss	ICGC_Pancreatic	tss	rloop
total_long_simple_indel	DO221547	3	0.421648917121251	rloop_tss	ICGC_Pancreatic	tss	rloop
total_long_simple_indel	DO32831	0	0	rloop_tss	ICGC_Pancreatic	tss	rloop
total_long_simple_indel	DO32833	0	0	rloop_tss	ICGC_Pancreatic	tss	rloop
total_long_simple_indel	DO32837	1	0.140549639040417	rloop_tss	ICGC_Pancreatic	tss	rloop
total_long_simple_indel	DO32860	0	0	rloop_tss	ICGC_Pancreatic	tss	rloop
total_long_simple_indel	DO32863	0	0	rloop_tss	ICGC_Pancreatic	tss	rloop
total_long_simple_indel	DO32875	0	0	rloop_tss	ICGC_Pancreatic	tss	rloop
total_long_simple_indel	DO32878	1	0.140549639040417	rloop_tss	ICGC_Pancreatic	tss	rloop
total_long_simple_indel	DO32893	0	0	rloop_tss	ICGC_Pancreatic	tss	rloop
total_long_simple_indel	DO32900	1	0.140549639040417	rloop_tss	ICGC_Pancreatic	tss	rloop
total_long_simple_indel	DO32916	0	0	rloop_tss	ICGC_Pancreatic	tss	rloop
total_long_simple_indel	DO32960	0	0	rloop_tss	ICGC_Pancreatic	tss	rloop
total_long_simple_indel	DO32972	0	0	rloop_tss	ICGC_Pancreatic	tss	rloop
total_long_simple_indel	DO32976	0	0	rloop_tss	ICGC_Pancreatic	tss	rloop
total_long_simple_indel	DO32980	0	0	rloop_tss	ICGC_Pancreatic	tss	rloop
total_long_simple_indel	DO32984	0	0	rloop_tss	ICGC_Pancreatic	tss	rloop
total_long_simple_indel	DO33000	0	0	rloop_tss	ICGC_Pancreatic	tss	rloop
total_long_simple_indel	DO33008	0	0	rloop_tss	ICGC_Pancreatic	tss	rloop
total_long_simple_indel	DO33016	0	0	rloop_tss	ICGC_Pancreatic	tss	rloop
total_long_simple_indel	DO33028	0	0	rloop_tss	ICGC_Pancreatic	tss	rloop
total_long_simple_indel	DO33032	1	0.140549639040417	rloop_tss	ICGC_Pancreatic	tss	rloop
total_long_simple_indel	DO33042	0	0	rloop_tss	ICGC_Pancreatic	tss	rloop
total_long_simple_indel	DO33077	0	0	rloop_tss	ICGC_Pancreatic	tss	rloop
total_long_simple_indel	DO33128	0	0	rloop_tss	ICGC_Pancreatic	tss	rloop
total_long_simple_indel	DO33152	0	0	rloop_tss	ICGC_Pancreatic	tss	rloop
total_long_simple_indel	DO33160	0	0	rloop_tss	ICGC_Pancreatic	tss	rloop
total_long_simple_indel	DO33168	0	0	rloop_tss	ICGC_Pancreatic	tss	rloop
total_long_simple_indel	DO33184	0	0	rloop_tss	ICGC_Pancreatic	tss	rloop
total_long_simple_indel	DO33200	1	0.140549639040417	rloop_tss	ICGC_Pancreatic	tss	rloop
total_long_simple_indel	DO33208	0	0	rloop_tss	ICGC_Pancreatic	tss	rloop
total_long_simple_indel	DO33248	0	0	rloop_tss	ICGC_Pancreatic	tss	rloop
total_long_simple_indel	DO33264	1	0.140549639040417	rloop_tss	ICGC_Pancreatic	tss	rloop
total_long_simple_indel	DO33288	0	0	rloop_tss	ICGC_Pancreatic	tss	rloop
total_long_simple_indel	DO33344	1	0.140549639040417	rloop_tss	ICGC_Pancreatic	tss	rloop
total_long_simple_indel	DO33368	1	0.140549639040417	rloop_tss	ICGC_Pancreatic	tss	rloop
total_long_simple_indel	DO33376	0	0	rloop_tss	ICGC_Pancreatic	tss	rloop
total_long_simple_indel	DO33392	0	0	rloop_tss	ICGC_Pancreatic	tss	rloop
total_long_simple_indel	DO33400	2	0.281099278080834	rloop_tss	ICGC_Pancreatic	tss	rloop
total_long_simple_indel	DO33408	0	0	rloop_tss	ICGC_Pancreatic	tss	rloop
total_long_simple_indel	DO33472	0	0	rloop_tss	ICGC_Pancreatic	tss	rloop
total_long_simple_indel	DO33480	0	0	rloop_tss	ICGC_Pancreatic	tss	rloop
total_long_simple_indel	DO33488	0	0	rloop_tss	ICGC_Pancreatic	tss	rloop
total_long_simple_indel	DO33512	0	0	rloop_tss	ICGC_Pancreatic	tss	rloop
total_long_simple_indel	DO33544	1	0.140549639040417	rloop_tss	ICGC_Pancreatic	tss	rloop
total_long_simple_indel	DO33552	4	0.562198556161668	rloop_tss	ICGC_Pancreatic	tss	rloop
total_long_simple_indel	DO33600	0	0	rloop_tss	ICGC_Pancreatic	tss	rloop
total_long_simple_indel	DO33960	1	0.140549639040417	rloop_tss	ICGC_Pancreatic	tss	rloop
total_long_simple_indel	DO33984	1	0.140549639040417	rloop_tss	ICGC_Pancreatic	tss	rloop
total_long_simple_indel	DO34264	1	0.140549639040417	rloop_tss	ICGC_Pancreatic	tss	rloop
total_long_simple_indel	DO34288	0	0	rloop_tss	ICGC_Pancreatic	tss	rloop
total_long_simple_indel	DO34312	0	0	rloop_tss	ICGC_Pancreatic	tss	rloop
total_long_simple_indel	DO34336	1	0.140549639040417	rloop_tss	ICGC_Pancreatic	tss	rloop
total_long_simple_indel	DO34432	0	0	rloop_tss	ICGC_Pancreatic	tss	rloop
total_long_simple_indel	DO34448	0	0	rloop_tss	ICGC_Pancreatic	tss	rloop
total_long_simple_indel	DO34504	0	0	rloop_tss	ICGC_Pancreatic	tss	rloop
total_long_simple_indel	DO34600	0	0	rloop_tss	ICGC_Pancreatic	tss	rloop
total_long_simple_indel	DO34608	0	0	rloop_tss	ICGC_Pancreatic	tss	rloop
total_long_simple_indel	DO34616	0	0	rloop_tss	ICGC_Pancreatic	tss	rloop
total_long_simple_indel	DO34640	2	0.281099278080834	rloop_tss	ICGC_Pancreatic	tss	rloop
total_long_simple_indel	DO34656	0	0	rloop_tss	ICGC_Pancreatic	tss	rloop
total_long_simple_indel	DO34680	4	0.562198556161668	rloop_tss	ICGC_Pancreatic	tss	rloop
total_long_simple_indel	DO34696	1	0.140549639040417	rloop_tss	ICGC_Pancreatic	tss	rloop
total_long_simple_indel	DO34720	0	0	rloop_tss	ICGC_Pancreatic	tss	rloop
total_long_simple_indel	DO34728	0	0	rloop_tss	ICGC_Pancreatic	tss	rloop
total_long_simple_indel	DO34736	0	0	rloop_tss	ICGC_Pancreatic	tss	rloop
total_long_simple_indel	DO34785	0	0	rloop_tss	ICGC_Pancreatic	tss	rloop
total_long_simple_indel	DO34793	0	0	rloop_tss	ICGC_Pancreatic	tss	rloop
total_long_simple_indel	DO34801	0	0	rloop_tss	ICGC_Pancreatic	tss	rloop
total_long_simple_indel	DO34809	1	0.140549639040417	rloop_tss	ICGC_Pancreatic	tss	rloop
total_long_simple_indel	DO34817	0	0	rloop_tss	ICGC_Pancreatic	tss	rloop
total_long_simple_indel	DO34849	0	0	rloop_tss	ICGC_Pancreatic	tss	rloop
total_long_simple_indel	DO34905	1	0.140549639040417	rloop_tss	ICGC_Pancreatic	tss	rloop
total_long_simple_indel	DO34961	0	0	rloop_tss	ICGC_Pancreatic	tss	rloop
total_long_simple_indel	DO35082	0	0	rloop_tss	ICGC_Pancreatic	tss	rloop
total_long_simple_indel	DO35083	4	0.562198556161668	rloop_tss	ICGC_Pancreatic	tss	rloop
total_long_simple_indel	DO35085	0	0	rloop_tss	ICGC_Pancreatic	tss	rloop
total_long_simple_indel	DO35098	1	0.140549639040417	rloop_tss	ICGC_Pancreatic	tss	rloop
total_long_simple_indel	DO35114	0	0	rloop_tss	ICGC_Pancreatic	tss	rloop
total_long_simple_indel	DO35116	0	0	rloop_tss	ICGC_Pancreatic	tss	rloop
total_long_simple_indel	DO35118	0	0	rloop_tss	ICGC_Pancreatic	tss	rloop
total_long_simple_indel	DO35126	0	0	rloop_tss	ICGC_Pancreatic	tss	rloop
total_long_simple_indel	DO35128	0	0	rloop_tss	ICGC_Pancreatic	tss	rloop
total_long_simple_indel	DO35132	0	0	rloop_tss	ICGC_Pancreatic	tss	rloop
total_long_simple_indel	DO35136	1	0.140549639040417	rloop_tss	ICGC_Pancreatic	tss	rloop
total_long_simple_indel	DO35138	0	0	rloop_tss	ICGC_Pancreatic	tss	rloop
total_long_simple_indel	DO35144	0	0	rloop_tss	ICGC_Pancreatic	tss	rloop
total_long_simple_indel	DO35148	0	0	rloop_tss	ICGC_Pancreatic	tss	rloop
total_long_simple_indel	DO35152	0	0	rloop_tss	ICGC_Pancreatic	tss	rloop
total_long_simple_indel	DO35184	1	0.140549639040417	rloop_tss	ICGC_Pancreatic	tss	rloop
total_long_simple_indel	DO35186	0	0	rloop_tss	ICGC_Pancreatic	tss	rloop
total_long_simple_indel	DO35198	0	0	rloop_tss	ICGC_Pancreatic	tss	rloop
total_long_simple_indel	DO35200	0	0	rloop_tss	ICGC_Pancreatic	tss	rloop
total_long_simple_indel	DO35216	0	0	rloop_tss	ICGC_Pancreatic	tss	rloop
total_long_simple_indel	DO35222	0	0	rloop_tss	ICGC_Pancreatic	tss	rloop
total_long_simple_indel	DO35228	0	0	rloop_tss	ICGC_Pancreatic	tss	rloop
total_long_simple_indel	DO35230	0	0	rloop_tss	ICGC_Pancreatic	tss	rloop
total_long_simple_indel	DO35236	1	0.140549639040417	rloop_tss	ICGC_Pancreatic	tss	rloop
total_long_simple_indel	DO35258	0	0	rloop_tss	ICGC_Pancreatic	tss	rloop
total_long_simple_indel	DO35290	0	0	rloop_tss	ICGC_Pancreatic	tss	rloop
total_long_simple_indel	DO35305	2	0.281099278080834	rloop_tss	ICGC_Pancreatic	tss	rloop
total_long_simple_indel	DO35330	0	0	rloop_tss	ICGC_Pancreatic	tss	rloop
total_long_simple_indel	DO35350	1	0.140549639040417	rloop_tss	ICGC_Pancreatic	tss	rloop
total_long_simple_indel	DO35360	0	0	rloop_tss	ICGC_Pancreatic	tss	rloop
total_long_simple_indel	DO35376	0	0	rloop_tss	ICGC_Pancreatic	tss	rloop
total_long_simple_indel	DO35406	0	0	rloop_tss	ICGC_Pancreatic	tss	rloop
total_long_simple_indel	DO35424	1	0.140549639040417	rloop_tss	ICGC_Pancreatic	tss	rloop
total_long_simple_indel	DO35442	2	0.281099278080834	rloop_tss	ICGC_Pancreatic	tss	rloop
total_long_simple_indel	DO35454	1	0.140549639040417	rloop_tss	ICGC_Pancreatic	tss	rloop
total_long_simple_indel	DO35496	1	0.140549639040417	rloop_tss	ICGC_Pancreatic	tss	rloop
total_long_simple_indel	DO49074	1	0.140549639040417	rloop_tss	ICGC_Pancreatic	tss	rloop
total_long_simple_indel	DO49076	0	0	rloop_tss	ICGC_Pancreatic	tss	rloop
total_long_simple_indel	DO49078	0	0	rloop_tss	ICGC_Pancreatic	tss	rloop
total_long_simple_indel	DO49079	0	0	rloop_tss	ICGC_Pancreatic	tss	rloop
total_long_simple_indel	DO49080	0	0	rloop_tss	ICGC_Pancreatic	tss	rloop
total_long_simple_indel	DO49087	0	0	rloop_tss	ICGC_Pancreatic	tss	rloop
total_long_simple_indel	DO49090	0	0	rloop_tss	ICGC_Pancreatic	tss	rloop
total_long_simple_indel	DO49113	0	0	rloop_tss	ICGC_Pancreatic	tss	rloop
total_long_simple_indel	DO49127	0	0	rloop_tss	ICGC_Pancreatic	tss	rloop
total_long_simple_indel	DO49129	0	0	rloop_tss	ICGC_Pancreatic	tss	rloop
total_long_simple_indel	DO49135	0	0	rloop_tss	ICGC_Pancreatic	tss	rloop
total_long_simple_indel	DO49137	0	0	rloop_tss	ICGC_Pancreatic	tss	rloop
total_long_simple_indel	DO49138	0	0	rloop_tss	ICGC_Pancreatic	tss	rloop
total_long_simple_indel	DO49166	0	0	rloop_tss	ICGC_Pancreatic	tss	rloop
total_long_simple_indel	DO49168	1	0.140549639040417	rloop_tss	ICGC_Pancreatic	tss	rloop
total_long_simple_indel	DO49172	0	0	rloop_tss	ICGC_Pancreatic	tss	rloop
total_long_simple_indel	DO49178	0	0	rloop_tss	ICGC_Pancreatic	tss	rloop
total_long_simple_indel	DO49181	1	0.140549639040417	rloop_tss	ICGC_Pancreatic	tss	rloop
total_long_simple_indel	DO49183	1	0.140549639040417	rloop_tss	ICGC_Pancreatic	tss	rloop
total_long_simple_indel	DO49184	0	0	rloop_tss	ICGC_Pancreatic	tss	rloop
total_long_simple_indel	DO49193	0	0	rloop_tss	ICGC_Pancreatic	tss	rloop
total_long_simple_indel	DO49204	0	0	rloop_tss	ICGC_Pancreatic	tss	rloop
total_long_simple_indel	DO49418	1	0.140549639040417	rloop_tss	ICGC_Pancreatic	tss	rloop
total_long_simple_indel	DO49419	3	0.421648917121251	rloop_tss	ICGC_Pancreatic	tss	rloop
total_long_simple_indel	DO49420	0	0	rloop_tss	ICGC_Pancreatic	tss	rloop
total_long_simple_indel	DO49421	1	0.140549639040417	rloop_tss	ICGC_Pancreatic	tss	rloop
total_long_simple_indel	DO49422	1	0.140549639040417	rloop_tss	ICGC_Pancreatic	tss	rloop
total_long_simple_indel	DO49424	1	0.140549639040417	rloop_tss	ICGC_Pancreatic	tss	rloop
total_long_simple_indel	DO49427	1	0.140549639040417	rloop_tss	ICGC_Pancreatic	tss	rloop
total_long_simple_indel	DO49430	0	0	rloop_tss	ICGC_Pancreatic	tss	rloop
total_long_simple_indel	DO49433	0	0	rloop_tss	ICGC_Pancreatic	tss	rloop
total_long_simple_indel	DO49436	2	0.281099278080834	rloop_tss	ICGC_Pancreatic	tss	rloop
total_long_simple_indel	DO49439	0	0	rloop_tss	ICGC_Pancreatic	tss	rloop
total_long_simple_indel	DO49442	1	0.140549639040417	rloop_tss	ICGC_Pancreatic	tss	rloop
total_long_simple_indel	DO49445	0	0	rloop_tss	ICGC_Pancreatic	tss	rloop
total_long_simple_indel	DO49448	0	0	rloop_tss	ICGC_Pancreatic	tss	rloop
total_long_simple_indel	DO49451	0	0	rloop_tss	ICGC_Pancreatic	tss	rloop
total_long_simple_indel	DO49454	0	0	rloop_tss	ICGC_Pancreatic	tss	rloop
total_long_simple_indel	DO49457	1	0.140549639040417	rloop_tss	ICGC_Pancreatic	tss	rloop
total_long_simple_indel	DO49460	0	0	rloop_tss	ICGC_Pancreatic	tss	rloop
total_long_simple_indel	DO49463	1	0.140549639040417	rloop_tss	ICGC_Pancreatic	tss	rloop
total_long_simple_indel	DO49466	0	0	rloop_tss	ICGC_Pancreatic	tss	rloop
total_long_simple_indel	DO49478	0	0	rloop_tss	ICGC_Pancreatic	tss	rloop
total_long_simple_indel	DO49481	0	0	rloop_tss	ICGC_Pancreatic	tss	rloop
total_long_simple_indel	DO49484	0	0	rloop_tss	ICGC_Pancreatic	tss	rloop
total_long_simple_indel	DO51465	0	0	rloop_tss	ICGC_Pancreatic	tss	rloop
total_long_simple_indel	DO51466	1	0.140549639040417	rloop_tss	ICGC_Pancreatic	tss	rloop
total_long_simple_indel	DO51467	1	0.140549639040417	rloop_tss	ICGC_Pancreatic	tss	rloop
total_long_simple_indel	DO51468	1	0.140549639040417	rloop_tss	ICGC_Pancreatic	tss	rloop
total_long_simple_indel	DO51469	0	0	rloop_tss	ICGC_Pancreatic	tss	rloop
total_long_simple_indel	DO51470	3	0.421648917121251	rloop_tss	ICGC_Pancreatic	tss	rloop
total_long_simple_indel	DO51472	0	0	rloop_tss	ICGC_Pancreatic	tss	rloop
total_long_simple_indel	DO51473	0	0	rloop_tss	ICGC_Pancreatic	tss	rloop
total_long_simple_indel	DO51474	4	0.562198556161668	rloop_tss	ICGC_Pancreatic	tss	rloop
total_long_simple_indel	DO51475	0	0	rloop_tss	ICGC_Pancreatic	tss	rloop
total_long_simple_indel	DO51476	1	0.140549639040417	rloop_tss	ICGC_Pancreatic	tss	rloop
total_long_simple_indel	DO51477	0	0	rloop_tss	ICGC_Pancreatic	tss	rloop
total_long_simple_indel	DO51478	2	0.281099278080834	rloop_tss	ICGC_Pancreatic	tss	rloop
total_long_simple_indel	DO51479	0	0	rloop_tss	ICGC_Pancreatic	tss	rloop
total_long_simple_indel	DO51480	0	0	rloop_tss	ICGC_Pancreatic	tss	rloop
total_long_simple_indel	DO51481	0	0	rloop_tss	ICGC_Pancreatic	tss	rloop
total_long_simple_indel	DO51483	0	0	rloop_tss	ICGC_Pancreatic	tss	rloop
total_long_simple_indel	DO51484	0	0	rloop_tss	ICGC_Pancreatic	tss	rloop
total_long_simple_indel	DO51485	1	0.140549639040417	rloop_tss	ICGC_Pancreatic	tss	rloop
total_long_simple_indel	DO51486	0	0	rloop_tss	ICGC_Pancreatic	tss	rloop
total_long_simple_indel	DO51487	1	0.140549639040417	rloop_tss	ICGC_Pancreatic	tss	rloop
total_long_simple_indel	DO51488	0	0	rloop_tss	ICGC_Pancreatic	tss	rloop
total_long_simple_indel	DO51489	0	0	rloop_tss	ICGC_Pancreatic	tss	rloop
total_long_simple_indel	DO51490	0	0	rloop_tss	ICGC_Pancreatic	tss	rloop
total_long_simple_indel	DO51491	0	0	rloop_tss	ICGC_Pancreatic	tss	rloop
total_long_simple_indel	DO51492	0	0	rloop_tss	ICGC_Pancreatic	tss	rloop
total_long_simple_indel	DO51493	2	0.281099278080834	rloop_tss	ICGC_Pancreatic	tss	rloop
total_long_simple_indel	DO51494	1	0.140549639040417	rloop_tss	ICGC_Pancreatic	tss	rloop
total_long_simple_indel	DO51495	2	0.281099278080834	rloop_tss	ICGC_Pancreatic	tss	rloop
total_long_simple_indel	DO51496	1	0.140549639040417	rloop_tss	ICGC_Pancreatic	tss	rloop
total_long_simple_indel	DO51497	0	0	rloop_tss	ICGC_Pancreatic	tss	rloop
total_long_simple_indel	DO51498	1	0.140549639040417	rloop_tss	ICGC_Pancreatic	tss	rloop
total_long_simple_indel	DO51499	0	0	rloop_tss	ICGC_Pancreatic	tss	rloop
total_long_simple_indel	DO51500	1	0.140549639040417	rloop_tss	ICGC_Pancreatic	tss	rloop
total_long_simple_indel	DO51501	0	0	rloop_tss	ICGC_Pancreatic	tss	rloop
total_long_simple_indel	DO51502	0	0	rloop_tss	ICGC_Pancreatic	tss	rloop
total_long_simple_indel	DO51503	0	0	rloop_tss	ICGC_Pancreatic	tss	rloop
total_long_simple_indel	DO51504	1	0.140549639040417	rloop_tss	ICGC_Pancreatic	tss	rloop
total_long_simple_indel	DO51505	0	0	rloop_tss	ICGC_Pancreatic	tss	rloop
total_long_simple_indel	DO51506	0	0	rloop_tss	ICGC_Pancreatic	tss	rloop
total_long_simple_indel	DO51507	0	0	rloop_tss	ICGC_Pancreatic	tss	rloop
total_long_simple_indel	DO51508	0	0	rloop_tss	ICGC_Pancreatic	tss	rloop
total_long_simple_indel	DO51509	0	0	rloop_tss	ICGC_Pancreatic	tss	rloop
total_long_simple_indel	DO51510	1	0.140549639040417	rloop_tss	ICGC_Pancreatic	tss	rloop
total_long_simple_indel	DO51511	1	0.140549639040417	rloop_tss	ICGC_Pancreatic	tss	rloop
total_long_simple_indel	DO51512	0	0	rloop_tss	ICGC_Pancreatic	tss	rloop
total_long_simple_indel	DO51513	0	0	rloop_tss	ICGC_Pancreatic	tss	rloop
total_long_simple_indel	DO51514	1	0.140549639040417	rloop_tss	ICGC_Pancreatic	tss	rloop
total_long_simple_indel	DO51515	0	0	rloop_tss	ICGC_Pancreatic	tss	rloop
total_long_simple_indel	DO51518	0	0	rloop_tss	ICGC_Pancreatic	tss	rloop
total_long_simple_indel	DO51519	0	0	rloop_tss	ICGC_Pancreatic	tss	rloop
total_long_simple_indel	DO51520	1	0.140549639040417	rloop_tss	ICGC_Pancreatic	tss	rloop
total_long_simple_indel	DO51521	0	0	rloop_tss	ICGC_Pancreatic	tss	rloop
total_long_simple_indel	DO51522	0	0	rloop_tss	ICGC_Pancreatic	tss	rloop
total_long_simple_indel	DO51523	0	0	rloop_tss	ICGC_Pancreatic	tss	rloop
total_long_simple_indel	DO51524	0	0	rloop_tss	ICGC_Pancreatic	tss	rloop
total_long_simple_indel	DO51525	0	0	rloop_tss	ICGC_Pancreatic	tss	rloop
total_long_simple_indel	DO51527	0	0	rloop_tss	ICGC_Pancreatic	tss	rloop
total_long_simple_indel	DO51528	1	0.140549639040417	rloop_tss	ICGC_Pancreatic	tss	rloop
total_long_simple_indel	DO51529	0	0	rloop_tss	ICGC_Pancreatic	tss	rloop
total_long_simple_indel	DO51530	3	0.421648917121251	rloop_tss	ICGC_Pancreatic	tss	rloop
total_long_simple_indel	DO51531	0	0	rloop_tss	ICGC_Pancreatic	tss	rloop
total_long_simple_indel	DO51532	0	0	rloop_tss	ICGC_Pancreatic	tss	rloop
total_long_simple_indel	DO51533	0	0	rloop_tss	ICGC_Pancreatic	tss	rloop
total_long_simple_indel	DO51534	0	0	rloop_tss	ICGC_Pancreatic	tss	rloop
total_long_simple_indel	DO51535	0	0	rloop_tss	ICGC_Pancreatic	tss	rloop
total_long_simple_indel	DO51536	0	0	rloop_tss	ICGC_Pancreatic	tss	rloop
total_long_simple_indel	DO51537	0	0	rloop_tss	ICGC_Pancreatic	tss	rloop
total_long_simple_indel	DO51538	1	0.140549639040417	rloop_tss	ICGC_Pancreatic	tss	rloop
total_long_simple_indel	DO51540	1	0.140549639040417	rloop_tss	ICGC_Pancreatic	tss	rloop
total_long_simple_indel	DO51541	1	0.140549639040417	rloop_tss	ICGC_Pancreatic	tss	rloop
total_long_simple_indel	DO51542	0	0	rloop_tss	ICGC_Pancreatic	tss	rloop
total_long_simple_indel	DO51543	1	0.140549639040417	rloop_tss	ICGC_Pancreatic	tss	rloop
total_long_simple_indel	DO51544	0	0	rloop_tss	ICGC_Pancreatic	tss	rloop
total_long_simple_indel	DO51546	0	0	rloop_tss	ICGC_Pancreatic	tss	rloop
total_long_simple_indel	DO51548	0	0	rloop_tss	ICGC_Pancreatic	tss	rloop
total_long_simple_indel	DO51549	0	0	rloop_tss	ICGC_Pancreatic	tss	rloop
total_long_indel	DO221539	0	0	rloop_tss	ICGC_Pancreatic	tss	rloop
total_long_indel	DO221540	0	0	rloop_tss	ICGC_Pancreatic	tss	rloop
total_long_indel	DO221541	3	0.421648917121251	rloop_tss	ICGC_Pancreatic	tss	rloop
total_long_indel	DO221542	1	0.140549639040417	rloop_tss	ICGC_Pancreatic	tss	rloop
total_long_indel	DO221543	0	0	rloop_tss	ICGC_Pancreatic	tss	rloop
total_long_indel	DO221544	2	0.281099278080834	rloop_tss	ICGC_Pancreatic	tss	rloop
total_long_indel	DO221545	6	0.843297834242502	rloop_tss	ICGC_Pancreatic	tss	rloop
total_long_indel	DO221546	0	0	rloop_tss	ICGC_Pancreatic	tss	rloop
total_long_indel	DO221547	4	0.562198556161668	rloop_tss	ICGC_Pancreatic	tss	rloop
total_long_indel	DO32831	0	0	rloop_tss	ICGC_Pancreatic	tss	rloop
total_long_indel	DO32833	0	0	rloop_tss	ICGC_Pancreatic	tss	rloop
total_long_indel	DO32837	1	0.140549639040417	rloop_tss	ICGC_Pancreatic	tss	rloop
total_long_indel	DO32860	0	0	rloop_tss	ICGC_Pancreatic	tss	rloop
total_long_indel	DO32863	0	0	rloop_tss	ICGC_Pancreatic	tss	rloop
total_long_indel	DO32875	0	0	rloop_tss	ICGC_Pancreatic	tss	rloop
total_long_indel	DO32878	1	0.140549639040417	rloop_tss	ICGC_Pancreatic	tss	rloop
total_long_indel	DO32893	0	0	rloop_tss	ICGC_Pancreatic	tss	rloop
total_long_indel	DO32900	1	0.140549639040417	rloop_tss	ICGC_Pancreatic	tss	rloop
total_long_indel	DO32916	0	0	rloop_tss	ICGC_Pancreatic	tss	rloop
total_long_indel	DO32960	0	0	rloop_tss	ICGC_Pancreatic	tss	rloop
total_long_indel	DO32972	1	0.140549639040417	rloop_tss	ICGC_Pancreatic	tss	rloop
total_long_indel	DO32976	0	0	rloop_tss	ICGC_Pancreatic	tss	rloop
total_long_indel	DO32980	0	0	rloop_tss	ICGC_Pancreatic	tss	rloop
total_long_indel	DO32984	0	0	rloop_tss	ICGC_Pancreatic	tss	rloop
total_long_indel	DO33000	0	0	rloop_tss	ICGC_Pancreatic	tss	rloop
total_long_indel	DO33008	1	0.140549639040417	rloop_tss	ICGC_Pancreatic	tss	rloop
total_long_indel	DO33016	1	0.140549639040417	rloop_tss	ICGC_Pancreatic	tss	rloop
total_long_indel	DO33028	0	0	rloop_tss	ICGC_Pancreatic	tss	rloop
total_long_indel	DO33032	2	0.281099278080834	rloop_tss	ICGC_Pancreatic	tss	rloop
total_long_indel	DO33042	0	0	rloop_tss	ICGC_Pancreatic	tss	rloop
total_long_indel	DO33077	0	0	rloop_tss	ICGC_Pancreatic	tss	rloop
total_long_indel	DO33128	0	0	rloop_tss	ICGC_Pancreatic	tss	rloop
total_long_indel	DO33152	0	0	rloop_tss	ICGC_Pancreatic	tss	rloop
total_long_indel	DO33160	0	0	rloop_tss	ICGC_Pancreatic	tss	rloop
total_long_indel	DO33168	0	0	rloop_tss	ICGC_Pancreatic	tss	rloop
total_long_indel	DO33184	0	0	rloop_tss	ICGC_Pancreatic	tss	rloop
total_long_indel	DO33200	1	0.140549639040417	rloop_tss	ICGC_Pancreatic	tss	rloop
total_long_indel	DO33208	0	0	rloop_tss	ICGC_Pancreatic	tss	rloop
total_long_indel	DO33248	0	0	rloop_tss	ICGC_Pancreatic	tss	rloop
total_long_indel	DO33264	1	0.140549639040417	rloop_tss	ICGC_Pancreatic	tss	rloop
total_long_indel	DO33288	0	0	rloop_tss	ICGC_Pancreatic	tss	rloop
total_long_indel	DO33344	1	0.140549639040417	rloop_tss	ICGC_Pancreatic	tss	rloop
total_long_indel	DO33368	1	0.140549639040417	rloop_tss	ICGC_Pancreatic	tss	rloop
total_long_indel	DO33376	0	0	rloop_tss	ICGC_Pancreatic	tss	rloop
total_long_indel	DO33392	0	0	rloop_tss	ICGC_Pancreatic	tss	rloop
total_long_indel	DO33400	2	0.281099278080834	rloop_tss	ICGC_Pancreatic	tss	rloop
total_long_indel	DO33408	0	0	rloop_tss	ICGC_Pancreatic	tss	rloop
total_long_indel	DO33472	0	0	rloop_tss	ICGC_Pancreatic	tss	rloop
total_long_indel	DO33480	0	0	rloop_tss	ICGC_Pancreatic	tss	rloop
total_long_indel	DO33488	0	0	rloop_tss	ICGC_Pancreatic	tss	rloop
total_long_indel	DO33512	0	0	rloop_tss	ICGC_Pancreatic	tss	rloop
total_long_indel	DO33544	1	0.140549639040417	rloop_tss	ICGC_Pancreatic	tss	rloop
total_long_indel	DO33552	6	0.843297834242502	rloop_tss	ICGC_Pancreatic	tss	rloop
total_long_indel	DO33600	1	0.140549639040417	rloop_tss	ICGC_Pancreatic	tss	rloop
total_long_indel	DO33960	1	0.140549639040417	rloop_tss	ICGC_Pancreatic	tss	rloop
total_long_indel	DO33984	1	0.140549639040417	rloop_tss	ICGC_Pancreatic	tss	rloop
total_long_indel	DO34264	1	0.140549639040417	rloop_tss	ICGC_Pancreatic	tss	rloop
total_long_indel	DO34288	0	0	rloop_tss	ICGC_Pancreatic	tss	rloop
total_long_indel	DO34312	0	0	rloop_tss	ICGC_Pancreatic	tss	rloop
total_long_indel	DO34336	2	0.281099278080834	rloop_tss	ICGC_Pancreatic	tss	rloop
total_long_indel	DO34432	0	0	rloop_tss	ICGC_Pancreatic	tss	rloop
total_long_indel	DO34448	1	0.140549639040417	rloop_tss	ICGC_Pancreatic	tss	rloop
total_long_indel	DO34504	0	0	rloop_tss	ICGC_Pancreatic	tss	rloop
total_long_indel	DO34600	0	0	rloop_tss	ICGC_Pancreatic	tss	rloop
total_long_indel	DO34608	1	0.140549639040417	rloop_tss	ICGC_Pancreatic	tss	rloop
total_long_indel	DO34616	0	0	rloop_tss	ICGC_Pancreatic	tss	rloop
total_long_indel	DO34640	3	0.421648917121251	rloop_tss	ICGC_Pancreatic	tss	rloop
total_long_indel	DO34656	1	0.140549639040417	rloop_tss	ICGC_Pancreatic	tss	rloop
total_long_indel	DO34680	5	0.702748195202085	rloop_tss	ICGC_Pancreatic	tss	rloop
total_long_indel	DO34696	2	0.281099278080834	rloop_tss	ICGC_Pancreatic	tss	rloop
total_long_indel	DO34720	1	0.140549639040417	rloop_tss	ICGC_Pancreatic	tss	rloop
total_long_indel	DO34728	0	0	rloop_tss	ICGC_Pancreatic	tss	rloop
total_long_indel	DO34736	3	0.421648917121251	rloop_tss	ICGC_Pancreatic	tss	rloop
total_long_indel	DO34785	0	0	rloop_tss	ICGC_Pancreatic	tss	rloop
total_long_indel	DO34793	0	0	rloop_tss	ICGC_Pancreatic	tss	rloop
total_long_indel	DO34801	0	0	rloop_tss	ICGC_Pancreatic	tss	rloop
total_long_indel	DO34809	1	0.140549639040417	rloop_tss	ICGC_Pancreatic	tss	rloop
total_long_indel	DO34817	0	0	rloop_tss	ICGC_Pancreatic	tss	rloop
total_long_indel	DO34849	1	0.140549639040417	rloop_tss	ICGC_Pancreatic	tss	rloop
total_long_indel	DO34905	4	0.562198556161668	rloop_tss	ICGC_Pancreatic	tss	rloop
total_long_indel	DO34961	0	0	rloop_tss	ICGC_Pancreatic	tss	rloop
total_long_indel	DO35082	1	0.140549639040417	rloop_tss	ICGC_Pancreatic	tss	rloop
total_long_indel	DO35083	10	1.40549639040417	rloop_tss	ICGC_Pancreatic	tss	rloop
total_long_indel	DO35085	0	0	rloop_tss	ICGC_Pancreatic	tss	rloop
total_long_indel	DO35098	1	0.140549639040417	rloop_tss	ICGC_Pancreatic	tss	rloop
total_long_indel	DO35114	0	0	rloop_tss	ICGC_Pancreatic	tss	rloop
total_long_indel	DO35116	0	0	rloop_tss	ICGC_Pancreatic	tss	rloop
total_long_indel	DO35118	0	0	rloop_tss	ICGC_Pancreatic	tss	rloop
total_long_indel	DO35126	1	0.140549639040417	rloop_tss	ICGC_Pancreatic	tss	rloop
total_long_indel	DO35128	0	0	rloop_tss	ICGC_Pancreatic	tss	rloop
total_long_indel	DO35132	0	0	rloop_tss	ICGC_Pancreatic	tss	rloop
total_long_indel	DO35136	1	0.140549639040417	rloop_tss	ICGC_Pancreatic	tss	rloop
total_long_indel	DO35138	0	0	rloop_tss	ICGC_Pancreatic	tss	rloop
total_long_indel	DO35144	0	0	rloop_tss	ICGC_Pancreatic	tss	rloop
total_long_indel	DO35148	0	0	rloop_tss	ICGC_Pancreatic	tss	rloop
total_long_indel	DO35152	0	0	rloop_tss	ICGC_Pancreatic	tss	rloop
total_long_indel	DO35184	1	0.140549639040417	rloop_tss	ICGC_Pancreatic	tss	rloop
total_long_indel	DO35186	0	0	rloop_tss	ICGC_Pancreatic	tss	rloop
total_long_indel	DO35198	0	0	rloop_tss	ICGC_Pancreatic	tss	rloop
total_long_indel	DO35200	0	0	rloop_tss	ICGC_Pancreatic	tss	rloop
total_long_indel	DO35216	0	0	rloop_tss	ICGC_Pancreatic	tss	rloop
total_long_indel	DO35222	0	0	rloop_tss	ICGC_Pancreatic	tss	rloop
total_long_indel	DO35228	0	0	rloop_tss	ICGC_Pancreatic	tss	rloop
total_long_indel	DO35230	0	0	rloop_tss	ICGC_Pancreatic	tss	rloop
total_long_indel	DO35236	3	0.421648917121251	rloop_tss	ICGC_Pancreatic	tss	rloop
total_long_indel	DO35258	0	0	rloop_tss	ICGC_Pancreatic	tss	rloop
total_long_indel	DO35290	1	0.140549639040417	rloop_tss	ICGC_Pancreatic	tss	rloop
total_long_indel	DO35305	2	0.281099278080834	rloop_tss	ICGC_Pancreatic	tss	rloop
total_long_indel	DO35330	0	0	rloop_tss	ICGC_Pancreatic	tss	rloop
total_long_indel	DO35350	2	0.281099278080834	rloop_tss	ICGC_Pancreatic	tss	rloop
total_long_indel	DO35360	0	0	rloop_tss	ICGC_Pancreatic	tss	rloop
total_long_indel	DO35376	0	0	rloop_tss	ICGC_Pancreatic	tss	rloop
total_long_indel	DO35406	0	0	rloop_tss	ICGC_Pancreatic	tss	rloop
total_long_indel	DO35424	1	0.140549639040417	rloop_tss	ICGC_Pancreatic	tss	rloop
total_long_indel	DO35442	2	0.281099278080834	rloop_tss	ICGC_Pancreatic	tss	rloop
total_long_indel	DO35454	1	0.140549639040417	rloop_tss	ICGC_Pancreatic	tss	rloop
total_long_indel	DO35496	1	0.140549639040417	rloop_tss	ICGC_Pancreatic	tss	rloop
total_long_indel	DO49074	1	0.140549639040417	rloop_tss	ICGC_Pancreatic	tss	rloop
total_long_indel	DO49076	1	0.140549639040417	rloop_tss	ICGC_Pancreatic	tss	rloop
total_long_indel	DO49078	0	0	rloop_tss	ICGC_Pancreatic	tss	rloop
total_long_indel	DO49079	0	0	rloop_tss	ICGC_Pancreatic	tss	rloop
total_long_indel	DO49080	0	0	rloop_tss	ICGC_Pancreatic	tss	rloop
total_long_indel	DO49087	0	0	rloop_tss	ICGC_Pancreatic	tss	rloop
total_long_indel	DO49090	0	0	rloop_tss	ICGC_Pancreatic	tss	rloop
total_long_indel	DO49113	0	0	rloop_tss	ICGC_Pancreatic	tss	rloop
total_long_indel	DO49127	0	0	rloop_tss	ICGC_Pancreatic	tss	rloop
total_long_indel	DO49129	0	0	rloop_tss	ICGC_Pancreatic	tss	rloop
total_long_indel	DO49135	1	0.140549639040417	rloop_tss	ICGC_Pancreatic	tss	rloop
total_long_indel	DO49137	0	0	rloop_tss	ICGC_Pancreatic	tss	rloop
total_long_indel	DO49138	0	0	rloop_tss	ICGC_Pancreatic	tss	rloop
total_long_indel	DO49166	0	0	rloop_tss	ICGC_Pancreatic	tss	rloop
total_long_indel	DO49168	1	0.140549639040417	rloop_tss	ICGC_Pancreatic	tss	rloop
total_long_indel	DO49172	0	0	rloop_tss	ICGC_Pancreatic	tss	rloop
total_long_indel	DO49178	0	0	rloop_tss	ICGC_Pancreatic	tss	rloop
total_long_indel	DO49181	1	0.140549639040417	rloop_tss	ICGC_Pancreatic	tss	rloop
total_long_indel	DO49183	1	0.140549639040417	rloop_tss	ICGC_Pancreatic	tss	rloop
total_long_indel	DO49184	1	0.140549639040417	rloop_tss	ICGC_Pancreatic	tss	rloop
total_long_indel	DO49193	0	0	rloop_tss	ICGC_Pancreatic	tss	rloop
total_long_indel	DO49204	2	0.281099278080834	rloop_tss	ICGC_Pancreatic	tss	rloop
total_long_indel	DO49418	1	0.140549639040417	rloop_tss	ICGC_Pancreatic	tss	rloop
total_long_indel	DO49419	4	0.562198556161668	rloop_tss	ICGC_Pancreatic	tss	rloop
total_long_indel	DO49420	0	0	rloop_tss	ICGC_Pancreatic	tss	rloop
total_long_indel	DO49421	1	0.140549639040417	rloop_tss	ICGC_Pancreatic	tss	rloop
total_long_indel	DO49422	1	0.140549639040417	rloop_tss	ICGC_Pancreatic	tss	rloop
total_long_indel	DO49424	1	0.140549639040417	rloop_tss	ICGC_Pancreatic	tss	rloop
total_long_indel	DO49427	1	0.140549639040417	rloop_tss	ICGC_Pancreatic	tss	rloop
total_long_indel	DO49430	0	0	rloop_tss	ICGC_Pancreatic	tss	rloop
total_long_indel	DO49433	0	0	rloop_tss	ICGC_Pancreatic	tss	rloop
total_long_indel	DO49436	2	0.281099278080834	rloop_tss	ICGC_Pancreatic	tss	rloop
total_long_indel	DO49439	0	0	rloop_tss	ICGC_Pancreatic	tss	rloop
total_long_indel	DO49442	1	0.140549639040417	rloop_tss	ICGC_Pancreatic	tss	rloop
total_long_indel	DO49445	1	0.140549639040417	rloop_tss	ICGC_Pancreatic	tss	rloop
total_long_indel	DO49448	0	0	rloop_tss	ICGC_Pancreatic	tss	rloop
total_long_indel	DO49451	0	0	rloop_tss	ICGC_Pancreatic	tss	rloop
total_long_indel	DO49454	0	0	rloop_tss	ICGC_Pancreatic	tss	rloop
total_long_indel	DO49457	1	0.140549639040417	rloop_tss	ICGC_Pancreatic	tss	rloop
total_long_indel	DO49460	0	0	rloop_tss	ICGC_Pancreatic	tss	rloop
total_long_indel	DO49463	1	0.140549639040417	rloop_tss	ICGC_Pancreatic	tss	rloop
total_long_indel	DO49466	0	0	rloop_tss	ICGC_Pancreatic	tss	rloop
total_long_indel	DO49478	0	0	rloop_tss	ICGC_Pancreatic	tss	rloop
total_long_indel	DO49481	0	0	rloop_tss	ICGC_Pancreatic	tss	rloop
total_long_indel	DO49484	0	0	rloop_tss	ICGC_Pancreatic	tss	rloop
total_long_indel	DO51465	1	0.140549639040417	rloop_tss	ICGC_Pancreatic	tss	rloop
total_long_indel	DO51466	1	0.140549639040417	rloop_tss	ICGC_Pancreatic	tss	rloop
total_long_indel	DO51467	2	0.281099278080834	rloop_tss	ICGC_Pancreatic	tss	rloop
total_long_indel	DO51468	1	0.140549639040417	rloop_tss	ICGC_Pancreatic	tss	rloop
total_long_indel	DO51469	0	0	rloop_tss	ICGC_Pancreatic	tss	rloop
total_long_indel	DO51470	3	0.421648917121251	rloop_tss	ICGC_Pancreatic	tss	rloop
total_long_indel	DO51472	0	0	rloop_tss	ICGC_Pancreatic	tss	rloop
total_long_indel	DO51473	0	0	rloop_tss	ICGC_Pancreatic	tss	rloop
total_long_indel	DO51474	5	0.702748195202085	rloop_tss	ICGC_Pancreatic	tss	rloop
total_long_indel	DO51475	0	0	rloop_tss	ICGC_Pancreatic	tss	rloop
total_long_indel	DO51476	2	0.281099278080834	rloop_tss	ICGC_Pancreatic	tss	rloop
total_long_indel	DO51477	0	0	rloop_tss	ICGC_Pancreatic	tss	rloop
total_long_indel	DO51478	3	0.421648917121251	rloop_tss	ICGC_Pancreatic	tss	rloop
total_long_indel	DO51479	0	0	rloop_tss	ICGC_Pancreatic	tss	rloop
total_long_indel	DO51480	0	0	rloop_tss	ICGC_Pancreatic	tss	rloop
total_long_indel	DO51481	0	0	rloop_tss	ICGC_Pancreatic	tss	rloop
total_long_indel	DO51483	0	0	rloop_tss	ICGC_Pancreatic	tss	rloop
total_long_indel	DO51484	1	0.140549639040417	rloop_tss	ICGC_Pancreatic	tss	rloop
total_long_indel	DO51485	1	0.140549639040417	rloop_tss	ICGC_Pancreatic	tss	rloop
total_long_indel	DO51486	0	0	rloop_tss	ICGC_Pancreatic	tss	rloop
total_long_indel	DO51487	1	0.140549639040417	rloop_tss	ICGC_Pancreatic	tss	rloop
total_long_indel	DO51488	0	0	rloop_tss	ICGC_Pancreatic	tss	rloop
total_long_indel	DO51489	0	0	rloop_tss	ICGC_Pancreatic	tss	rloop
total_long_indel	DO51490	0	0	rloop_tss	ICGC_Pancreatic	tss	rloop
total_long_indel	DO51491	0	0	rloop_tss	ICGC_Pancreatic	tss	rloop
total_long_indel	DO51492	1	0.140549639040417	rloop_tss	ICGC_Pancreatic	tss	rloop
total_long_indel	DO51493	6	0.843297834242502	rloop_tss	ICGC_Pancreatic	tss	rloop
total_long_indel	DO51494	1	0.140549639040417	rloop_tss	ICGC_Pancreatic	tss	rloop
total_long_indel	DO51495	2	0.281099278080834	rloop_tss	ICGC_Pancreatic	tss	rloop
total_long_indel	DO51496	2	0.281099278080834	rloop_tss	ICGC_Pancreatic	tss	rloop
total_long_indel	DO51497	1	0.140549639040417	rloop_tss	ICGC_Pancreatic	tss	rloop
total_long_indel	DO51498	1	0.140549639040417	rloop_tss	ICGC_Pancreatic	tss	rloop
total_long_indel	DO51499	0	0	rloop_tss	ICGC_Pancreatic	tss	rloop
total_long_indel	DO51500	1	0.140549639040417	rloop_tss	ICGC_Pancreatic	tss	rloop
total_long_indel	DO51501	1	0.140549639040417	rloop_tss	ICGC_Pancreatic	tss	rloop
total_long_indel	DO51502	0	0	rloop_tss	ICGC_Pancreatic	tss	rloop
total_long_indel	DO51503	0	0	rloop_tss	ICGC_Pancreatic	tss	rloop
total_long_indel	DO51504	1	0.140549639040417	rloop_tss	ICGC_Pancreatic	tss	rloop
total_long_indel	DO51505	0	0	rloop_tss	ICGC_Pancreatic	tss	rloop
total_long_indel	DO51506	0	0	rloop_tss	ICGC_Pancreatic	tss	rloop
total_long_indel	DO51507	0	0	rloop_tss	ICGC_Pancreatic	tss	rloop
total_long_indel	DO51508	0	0	rloop_tss	ICGC_Pancreatic	tss	rloop
total_long_indel	DO51509	0	0	rloop_tss	ICGC_Pancreatic	tss	rloop
total_long_indel	DO51510	1	0.140549639040417	rloop_tss	ICGC_Pancreatic	tss	rloop
total_long_indel	DO51511	1	0.140549639040417	rloop_tss	ICGC_Pancreatic	tss	rloop
total_long_indel	DO51512	0	0	rloop_tss	ICGC_Pancreatic	tss	rloop
total_long_indel	DO51513	0	0	rloop_tss	ICGC_Pancreatic	tss	rloop
total_long_indel	DO51514	1	0.140549639040417	rloop_tss	ICGC_Pancreatic	tss	rloop
total_long_indel	DO51515	0	0	rloop_tss	ICGC_Pancreatic	tss	rloop
total_long_indel	DO51518	0	0	rloop_tss	ICGC_Pancreatic	tss	rloop
total_long_indel	DO51519	0	0	rloop_tss	ICGC_Pancreatic	tss	rloop
total_long_indel	DO51520	1	0.140549639040417	rloop_tss	ICGC_Pancreatic	tss	rloop
total_long_indel	DO51521	0	0	rloop_tss	ICGC_Pancreatic	tss	rloop
total_long_indel	DO51522	0	0	rloop_tss	ICGC_Pancreatic	tss	rloop
total_long_indel	DO51523	0	0	rloop_tss	ICGC_Pancreatic	tss	rloop
total_long_indel	DO51524	1	0.140549639040417	rloop_tss	ICGC_Pancreatic	tss	rloop
total_long_indel	DO51525	0	0	rloop_tss	ICGC_Pancreatic	tss	rloop
total_long_indel	DO51527	0	0	rloop_tss	ICGC_Pancreatic	tss	rloop
total_long_indel	DO51528	1	0.140549639040417	rloop_tss	ICGC_Pancreatic	tss	rloop
total_long_indel	DO51529	0	0	rloop_tss	ICGC_Pancreatic	tss	rloop
total_long_indel	DO51530	5	0.702748195202085	rloop_tss	ICGC_Pancreatic	tss	rloop
total_long_indel	DO51531	2	0.281099278080834	rloop_tss	ICGC_Pancreatic	tss	rloop
total_long_indel	DO51532	0	0	rloop_tss	ICGC_Pancreatic	tss	rloop
total_long_indel	DO51533	0	0	rloop_tss	ICGC_Pancreatic	tss	rloop
total_long_indel	DO51534	0	0	rloop_tss	ICGC_Pancreatic	tss	rloop
total_long_indel	DO51535	0	0	rloop_tss	ICGC_Pancreatic	tss	rloop
total_long_indel	DO51536	0	0	rloop_tss	ICGC_Pancreatic	tss	rloop
total_long_indel	DO51537	0	0	rloop_tss	ICGC_Pancreatic	tss	rloop
total_long_indel	DO51538	1	0.140549639040417	rloop_tss	ICGC_Pancreatic	tss	rloop
total_long_indel	DO51540	1	0.140549639040417	rloop_tss	ICGC_Pancreatic	tss	rloop
total_long_indel	DO51541	1	0.140549639040417	rloop_tss	ICGC_Pancreatic	tss	rloop
total_long_indel	DO51542	0	0	rloop_tss	ICGC_Pancreatic	tss	rloop
total_long_indel	DO51543	2	0.281099278080834	rloop_tss	ICGC_Pancreatic	tss	rloop
total_long_indel	DO51544	0	0	rloop_tss	ICGC_Pancreatic	tss	rloop
total_long_indel	DO51546	0	0	rloop_tss	ICGC_Pancreatic	tss	rloop
total_long_indel	DO51548	1	0.140549639040417	rloop_tss	ICGC_Pancreatic	tss	rloop
total_long_indel	DO51549	0	0	rloop_tss	ICGC_Pancreatic	tss	rloop
total_Indel	DO221539	1	0.105392591090553	norloop_tss	ICGC_Pancreatic	tss	norloop
total_Indel	DO221540	3	0.316177773271659	norloop_tss	ICGC_Pancreatic	tss	norloop
total_Indel	DO221541	7	0.737748137633871	norloop_tss	ICGC_Pancreatic	tss	norloop
total_Indel	DO221542	0	0	norloop_tss	ICGC_Pancreatic	tss	norloop
total_Indel	DO221543	0	0	norloop_tss	ICGC_Pancreatic	tss	norloop
total_Indel	DO221544	4	0.421570364362212	norloop_tss	ICGC_Pancreatic	tss	norloop
total_Indel	DO221545	1	0.105392591090553	norloop_tss	ICGC_Pancreatic	tss	norloop
total_Indel	DO221546	4	0.421570364362212	norloop_tss	ICGC_Pancreatic	tss	norloop
total_Indel	DO221547	1	0.105392591090553	norloop_tss	ICGC_Pancreatic	tss	norloop
total_Indel	DO32831	5	0.526962955452765	norloop_tss	ICGC_Pancreatic	tss	norloop
total_Indel	DO32833	0	0	norloop_tss	ICGC_Pancreatic	tss	norloop
total_Indel	DO32837	0	0	norloop_tss	ICGC_Pancreatic	tss	norloop
total_Indel	DO32860	2	0.210785182181106	norloop_tss	ICGC_Pancreatic	tss	norloop
total_Indel	DO32863	0	0	norloop_tss	ICGC_Pancreatic	tss	norloop
total_Indel	DO32875	1	0.105392591090553	norloop_tss	ICGC_Pancreatic	tss	norloop
total_Indel	DO32878	0	0	norloop_tss	ICGC_Pancreatic	tss	norloop
total_Indel	DO32893	0	0	norloop_tss	ICGC_Pancreatic	tss	norloop
total_Indel	DO32900	4	0.421570364362212	norloop_tss	ICGC_Pancreatic	tss	norloop
total_Indel	DO32916	1	0.105392591090553	norloop_tss	ICGC_Pancreatic	tss	norloop
total_Indel	DO32960	0	0	norloop_tss	ICGC_Pancreatic	tss	norloop
total_Indel	DO32972	0	0	norloop_tss	ICGC_Pancreatic	tss	norloop
total_Indel	DO32976	2	0.210785182181106	norloop_tss	ICGC_Pancreatic	tss	norloop
total_Indel	DO32980	3	0.316177773271659	norloop_tss	ICGC_Pancreatic	tss	norloop
total_Indel	DO32984	2	0.210785182181106	norloop_tss	ICGC_Pancreatic	tss	norloop
total_Indel	DO33000	3	0.316177773271659	norloop_tss	ICGC_Pancreatic	tss	norloop
total_Indel	DO33008	5	0.526962955452765	norloop_tss	ICGC_Pancreatic	tss	norloop
total_Indel	DO33016	1	0.105392591090553	norloop_tss	ICGC_Pancreatic	tss	norloop
total_Indel	DO33028	1	0.105392591090553	norloop_tss	ICGC_Pancreatic	tss	norloop
total_Indel	DO33032	0	0	norloop_tss	ICGC_Pancreatic	tss	norloop
total_Indel	DO33042	1	0.105392591090553	norloop_tss	ICGC_Pancreatic	tss	norloop
total_Indel	DO33077	2	0.210785182181106	norloop_tss	ICGC_Pancreatic	tss	norloop
total_Indel	DO33128	0	0	norloop_tss	ICGC_Pancreatic	tss	norloop
total_Indel	DO33152	3	0.316177773271659	norloop_tss	ICGC_Pancreatic	tss	norloop
total_Indel	DO33160	2	0.210785182181106	norloop_tss	ICGC_Pancreatic	tss	norloop
total_Indel	DO33168	0	0	norloop_tss	ICGC_Pancreatic	tss	norloop
total_Indel	DO33184	1	0.105392591090553	norloop_tss	ICGC_Pancreatic	tss	norloop
total_Indel	DO33200	2	0.210785182181106	norloop_tss	ICGC_Pancreatic	tss	norloop
total_Indel	DO33208	0	0	norloop_tss	ICGC_Pancreatic	tss	norloop
total_Indel	DO33248	2	0.210785182181106	norloop_tss	ICGC_Pancreatic	tss	norloop
total_Indel	DO33264	3	0.316177773271659	norloop_tss	ICGC_Pancreatic	tss	norloop
total_Indel	DO33288	2	0.210785182181106	norloop_tss	ICGC_Pancreatic	tss	norloop
total_Indel	DO33344	2	0.210785182181106	norloop_tss	ICGC_Pancreatic	tss	norloop
total_Indel	DO33368	0	0	norloop_tss	ICGC_Pancreatic	tss	norloop
total_Indel	DO33376	2	0.210785182181106	norloop_tss	ICGC_Pancreatic	tss	norloop
total_Indel	DO33392	0	0	norloop_tss	ICGC_Pancreatic	tss	norloop
total_Indel	DO33400	1	0.105392591090553	norloop_tss	ICGC_Pancreatic	tss	norloop
total_Indel	DO33408	0	0	norloop_tss	ICGC_Pancreatic	tss	norloop
total_Indel	DO33472	2	0.210785182181106	norloop_tss	ICGC_Pancreatic	tss	norloop
total_Indel	DO33480	0	0	norloop_tss	ICGC_Pancreatic	tss	norloop
total_Indel	DO33488	2	0.210785182181106	norloop_tss	ICGC_Pancreatic	tss	norloop
total_Indel	DO33512	3	0.316177773271659	norloop_tss	ICGC_Pancreatic	tss	norloop
total_Indel	DO33544	1	0.105392591090553	norloop_tss	ICGC_Pancreatic	tss	norloop
total_Indel	DO33552	6	0.632355546543318	norloop_tss	ICGC_Pancreatic	tss	norloop
total_Indel	DO33600	2	0.210785182181106	norloop_tss	ICGC_Pancreatic	tss	norloop
total_Indel	DO33960	2	0.210785182181106	norloop_tss	ICGC_Pancreatic	tss	norloop
total_Indel	DO33984	0	0	norloop_tss	ICGC_Pancreatic	tss	norloop
total_Indel	DO34264	0	0	norloop_tss	ICGC_Pancreatic	tss	norloop
total_Indel	DO34288	0	0	norloop_tss	ICGC_Pancreatic	tss	norloop
total_Indel	DO34312	1	0.105392591090553	norloop_tss	ICGC_Pancreatic	tss	norloop
total_Indel	DO34336	1	0.105392591090553	norloop_tss	ICGC_Pancreatic	tss	norloop
total_Indel	DO34432	1	0.105392591090553	norloop_tss	ICGC_Pancreatic	tss	norloop
total_Indel	DO34448	3	0.316177773271659	norloop_tss	ICGC_Pancreatic	tss	norloop
total_Indel	DO34504	1	0.105392591090553	norloop_tss	ICGC_Pancreatic	tss	norloop
total_Indel	DO34600	0	0	norloop_tss	ICGC_Pancreatic	tss	norloop
total_Indel	DO34608	0	0	norloop_tss	ICGC_Pancreatic	tss	norloop
total_Indel	DO34616	1	0.105392591090553	norloop_tss	ICGC_Pancreatic	tss	norloop
total_Indel	DO34640	0	0	norloop_tss	ICGC_Pancreatic	tss	norloop
total_Indel	DO34656	0	0	norloop_tss	ICGC_Pancreatic	tss	norloop
total_Indel	DO34680	1	0.105392591090553	norloop_tss	ICGC_Pancreatic	tss	norloop
total_Indel	DO34696	0	0	norloop_tss	ICGC_Pancreatic	tss	norloop
total_Indel	DO34720	0	0	norloop_tss	ICGC_Pancreatic	tss	norloop
total_Indel	DO34728	0	0	norloop_tss	ICGC_Pancreatic	tss	norloop
total_Indel	DO34736	8	0.843140728724424	norloop_tss	ICGC_Pancreatic	tss	norloop
total_Indel	DO34785	0	0	norloop_tss	ICGC_Pancreatic	tss	norloop
total_Indel	DO34793	0	0	norloop_tss	ICGC_Pancreatic	tss	norloop
total_Indel	DO34801	0	0	norloop_tss	ICGC_Pancreatic	tss	norloop
total_Indel	DO34809	8	0.843140728724424	norloop_tss	ICGC_Pancreatic	tss	norloop
total_Indel	DO34817	1	0.105392591090553	norloop_tss	ICGC_Pancreatic	tss	norloop
total_Indel	DO34849	1	0.105392591090553	norloop_tss	ICGC_Pancreatic	tss	norloop
total_Indel	DO34905	5	0.526962955452765	norloop_tss	ICGC_Pancreatic	tss	norloop
total_Indel	DO34961	2	0.210785182181106	norloop_tss	ICGC_Pancreatic	tss	norloop
total_Indel	DO35082	5	0.526962955452765	norloop_tss	ICGC_Pancreatic	tss	norloop
total_Indel	DO35083	110	11.5931850199608	norloop_tss	ICGC_Pancreatic	tss	norloop
total_Indel	DO35085	0	0	norloop_tss	ICGC_Pancreatic	tss	norloop
total_Indel	DO35098	1	0.105392591090553	norloop_tss	ICGC_Pancreatic	tss	norloop
total_Indel	DO35114	0	0	norloop_tss	ICGC_Pancreatic	tss	norloop
total_Indel	DO35116	5	0.526962955452765	norloop_tss	ICGC_Pancreatic	tss	norloop
total_Indel	DO35118	16	1.68628145744885	norloop_tss	ICGC_Pancreatic	tss	norloop
total_Indel	DO35126	1	0.105392591090553	norloop_tss	ICGC_Pancreatic	tss	norloop
total_Indel	DO35128	2	0.210785182181106	norloop_tss	ICGC_Pancreatic	tss	norloop
total_Indel	DO35132	0	0	norloop_tss	ICGC_Pancreatic	tss	norloop
total_Indel	DO35136	2	0.210785182181106	norloop_tss	ICGC_Pancreatic	tss	norloop
total_Indel	DO35138	0	0	norloop_tss	ICGC_Pancreatic	tss	norloop
total_Indel	DO35144	2	0.210785182181106	norloop_tss	ICGC_Pancreatic	tss	norloop
total_Indel	DO35148	0	0	norloop_tss	ICGC_Pancreatic	tss	norloop
total_Indel	DO35152	1	0.105392591090553	norloop_tss	ICGC_Pancreatic	tss	norloop
total_Indel	DO35184	0	0	norloop_tss	ICGC_Pancreatic	tss	norloop
total_Indel	DO35186	0	0	norloop_tss	ICGC_Pancreatic	tss	norloop
total_Indel	DO35198	2	0.210785182181106	norloop_tss	ICGC_Pancreatic	tss	norloop
total_Indel	DO35200	0	0	norloop_tss	ICGC_Pancreatic	tss	norloop
total_Indel	DO35216	1	0.105392591090553	norloop_tss	ICGC_Pancreatic	tss	norloop
total_Indel	DO35222	0	0	norloop_tss	ICGC_Pancreatic	tss	norloop
total_Indel	DO35228	0	0	norloop_tss	ICGC_Pancreatic	tss	norloop
total_Indel	DO35230	1	0.105392591090553	norloop_tss	ICGC_Pancreatic	tss	norloop
total_Indel	DO35236	1	0.105392591090553	norloop_tss	ICGC_Pancreatic	tss	norloop
total_Indel	DO35258	0	0	norloop_tss	ICGC_Pancreatic	tss	norloop
total_Indel	DO35290	1	0.105392591090553	norloop_tss	ICGC_Pancreatic	tss	norloop
total_Indel	DO35305	3	0.316177773271659	norloop_tss	ICGC_Pancreatic	tss	norloop
total_Indel	DO35330	1	0.105392591090553	norloop_tss	ICGC_Pancreatic	tss	norloop
total_Indel	DO35350	8	0.843140728724424	norloop_tss	ICGC_Pancreatic	tss	norloop
total_Indel	DO35360	0	0	norloop_tss	ICGC_Pancreatic	tss	norloop
total_Indel	DO35376	2	0.210785182181106	norloop_tss	ICGC_Pancreatic	tss	norloop
total_Indel	DO35406	0	0	norloop_tss	ICGC_Pancreatic	tss	norloop
total_Indel	DO35424	2	0.210785182181106	norloop_tss	ICGC_Pancreatic	tss	norloop
total_Indel	DO35442	13	1.37010368417719	norloop_tss	ICGC_Pancreatic	tss	norloop
total_Indel	DO35454	1	0.105392591090553	norloop_tss	ICGC_Pancreatic	tss	norloop
total_Indel	DO35496	0	0	norloop_tss	ICGC_Pancreatic	tss	norloop
total_Indel	DO49074	1	0.105392591090553	norloop_tss	ICGC_Pancreatic	tss	norloop
total_Indel	DO49076	2	0.210785182181106	norloop_tss	ICGC_Pancreatic	tss	norloop
total_Indel	DO49078	2	0.210785182181106	norloop_tss	ICGC_Pancreatic	tss	norloop
total_Indel	DO49079	8	0.843140728724424	norloop_tss	ICGC_Pancreatic	tss	norloop
total_Indel	DO49080	4	0.421570364362212	norloop_tss	ICGC_Pancreatic	tss	norloop
total_Indel	DO49087	0	0	norloop_tss	ICGC_Pancreatic	tss	norloop
total_Indel	DO49090	2	0.210785182181106	norloop_tss	ICGC_Pancreatic	tss	norloop
total_Indel	DO49113	1	0.105392591090553	norloop_tss	ICGC_Pancreatic	tss	norloop
total_Indel	DO49127	2	0.210785182181106	norloop_tss	ICGC_Pancreatic	tss	norloop
total_Indel	DO49129	0	0	norloop_tss	ICGC_Pancreatic	tss	norloop
total_Indel	DO49135	2	0.210785182181106	norloop_tss	ICGC_Pancreatic	tss	norloop
total_Indel	DO49137	1	0.105392591090553	norloop_tss	ICGC_Pancreatic	tss	norloop
total_Indel	DO49138	2	0.210785182181106	norloop_tss	ICGC_Pancreatic	tss	norloop
total_Indel	DO49166	0	0	norloop_tss	ICGC_Pancreatic	tss	norloop
total_Indel	DO49168	2	0.210785182181106	norloop_tss	ICGC_Pancreatic	tss	norloop
total_Indel	DO49172	0	0	norloop_tss	ICGC_Pancreatic	tss	norloop
total_Indel	DO49178	1	0.105392591090553	norloop_tss	ICGC_Pancreatic	tss	norloop
total_Indel	DO49181	1	0.105392591090553	norloop_tss	ICGC_Pancreatic	tss	norloop
total_Indel	DO49183	1	0.105392591090553	norloop_tss	ICGC_Pancreatic	tss	norloop
total_Indel	DO49184	0	0	norloop_tss	ICGC_Pancreatic	tss	norloop
total_Indel	DO49193	0	0	norloop_tss	ICGC_Pancreatic	tss	norloop
total_Indel	DO49204	1	0.105392591090553	norloop_tss	ICGC_Pancreatic	tss	norloop
total_Indel	DO49418	4	0.421570364362212	norloop_tss	ICGC_Pancreatic	tss	norloop
total_Indel	DO49419	3	0.316177773271659	norloop_tss	ICGC_Pancreatic	tss	norloop
total_Indel	DO49420	1	0.105392591090553	norloop_tss	ICGC_Pancreatic	tss	norloop
total_Indel	DO49421	1	0.105392591090553	norloop_tss	ICGC_Pancreatic	tss	norloop
total_Indel	DO49422	1	0.105392591090553	norloop_tss	ICGC_Pancreatic	tss	norloop
total_Indel	DO49424	1	0.105392591090553	norloop_tss	ICGC_Pancreatic	tss	norloop
total_Indel	DO49427	1	0.105392591090553	norloop_tss	ICGC_Pancreatic	tss	norloop
total_Indel	DO49430	1	0.105392591090553	norloop_tss	ICGC_Pancreatic	tss	norloop
total_Indel	DO49433	1	0.105392591090553	norloop_tss	ICGC_Pancreatic	tss	norloop
total_Indel	DO49436	0	0	norloop_tss	ICGC_Pancreatic	tss	norloop
total_Indel	DO49439	2	0.210785182181106	norloop_tss	ICGC_Pancreatic	tss	norloop
total_Indel	DO49442	4	0.421570364362212	norloop_tss	ICGC_Pancreatic	tss	norloop
total_Indel	DO49445	1	0.105392591090553	norloop_tss	ICGC_Pancreatic	tss	norloop
total_Indel	DO49448	3	0.316177773271659	norloop_tss	ICGC_Pancreatic	tss	norloop
total_Indel	DO49451	1	0.105392591090553	norloop_tss	ICGC_Pancreatic	tss	norloop
total_Indel	DO49454	0	0	norloop_tss	ICGC_Pancreatic	tss	norloop
total_Indel	DO49457	1	0.105392591090553	norloop_tss	ICGC_Pancreatic	tss	norloop
total_Indel	DO49460	2	0.210785182181106	norloop_tss	ICGC_Pancreatic	tss	norloop
total_Indel	DO49463	2	0.210785182181106	norloop_tss	ICGC_Pancreatic	tss	norloop
total_Indel	DO49466	0	0	norloop_tss	ICGC_Pancreatic	tss	norloop
total_Indel	DO49478	1	0.105392591090553	norloop_tss	ICGC_Pancreatic	tss	norloop
total_Indel	DO49481	1	0.105392591090553	norloop_tss	ICGC_Pancreatic	tss	norloop
total_Indel	DO49484	2	0.210785182181106	norloop_tss	ICGC_Pancreatic	tss	norloop
total_Indel	DO51465	2	0.210785182181106	norloop_tss	ICGC_Pancreatic	tss	norloop
total_Indel	DO51466	0	0	norloop_tss	ICGC_Pancreatic	tss	norloop
total_Indel	DO51467	3	0.316177773271659	norloop_tss	ICGC_Pancreatic	tss	norloop
total_Indel	DO51468	1	0.105392591090553	norloop_tss	ICGC_Pancreatic	tss	norloop
total_Indel	DO51469	1	0.105392591090553	norloop_tss	ICGC_Pancreatic	tss	norloop
total_Indel	DO51470	0	0	norloop_tss	ICGC_Pancreatic	tss	norloop
total_Indel	DO51472	0	0	norloop_tss	ICGC_Pancreatic	tss	norloop
total_Indel	DO51473	6	0.632355546543318	norloop_tss	ICGC_Pancreatic	tss	norloop
total_Indel	DO51474	58	6.11277028325207	norloop_tss	ICGC_Pancreatic	tss	norloop
total_Indel	DO51475	0	0	norloop_tss	ICGC_Pancreatic	tss	norloop
total_Indel	DO51476	4	0.421570364362212	norloop_tss	ICGC_Pancreatic	tss	norloop
total_Indel	DO51477	1	0.105392591090553	norloop_tss	ICGC_Pancreatic	tss	norloop
total_Indel	DO51478	5	0.526962955452765	norloop_tss	ICGC_Pancreatic	tss	norloop
total_Indel	DO51479	0	0	norloop_tss	ICGC_Pancreatic	tss	norloop
total_Indel	DO51480	1	0.105392591090553	norloop_tss	ICGC_Pancreatic	tss	norloop
total_Indel	DO51481	0	0	norloop_tss	ICGC_Pancreatic	tss	norloop
total_Indel	DO51483	2	0.210785182181106	norloop_tss	ICGC_Pancreatic	tss	norloop
total_Indel	DO51484	1	0.105392591090553	norloop_tss	ICGC_Pancreatic	tss	norloop
total_Indel	DO51485	1	0.105392591090553	norloop_tss	ICGC_Pancreatic	tss	norloop
total_Indel	DO51486	1	0.105392591090553	norloop_tss	ICGC_Pancreatic	tss	norloop
total_Indel	DO51487	2	0.210785182181106	norloop_tss	ICGC_Pancreatic	tss	norloop
total_Indel	DO51488	0	0	norloop_tss	ICGC_Pancreatic	tss	norloop
total_Indel	DO51489	2	0.210785182181106	norloop_tss	ICGC_Pancreatic	tss	norloop
total_Indel	DO51490	0	0	norloop_tss	ICGC_Pancreatic	tss	norloop
total_Indel	DO51491	2	0.210785182181106	norloop_tss	ICGC_Pancreatic	tss	norloop
total_Indel	DO51492	1	0.105392591090553	norloop_tss	ICGC_Pancreatic	tss	norloop
total_Indel	DO51493	4	0.421570364362212	norloop_tss	ICGC_Pancreatic	tss	norloop
total_Indel	DO51494	2	0.210785182181106	norloop_tss	ICGC_Pancreatic	tss	norloop
total_Indel	DO51495	3	0.316177773271659	norloop_tss	ICGC_Pancreatic	tss	norloop
total_Indel	DO51496	2	0.210785182181106	norloop_tss	ICGC_Pancreatic	tss	norloop
total_Indel	DO51497	1	0.105392591090553	norloop_tss	ICGC_Pancreatic	tss	norloop
total_Indel	DO51498	1	0.105392591090553	norloop_tss	ICGC_Pancreatic	tss	norloop
total_Indel	DO51499	0	0	norloop_tss	ICGC_Pancreatic	tss	norloop
total_Indel	DO51500	3	0.316177773271659	norloop_tss	ICGC_Pancreatic	tss	norloop
total_Indel	DO51501	0	0	norloop_tss	ICGC_Pancreatic	tss	norloop
total_Indel	DO51502	0	0	norloop_tss	ICGC_Pancreatic	tss	norloop
total_Indel	DO51503	1	0.105392591090553	norloop_tss	ICGC_Pancreatic	tss	norloop
total_Indel	DO51504	2	0.210785182181106	norloop_tss	ICGC_Pancreatic	tss	norloop
total_Indel	DO51505	1	0.105392591090553	norloop_tss	ICGC_Pancreatic	tss	norloop
total_Indel	DO51506	3	0.316177773271659	norloop_tss	ICGC_Pancreatic	tss	norloop
total_Indel	DO51507	0	0	norloop_tss	ICGC_Pancreatic	tss	norloop
total_Indel	DO51508	1	0.105392591090553	norloop_tss	ICGC_Pancreatic	tss	norloop
total_Indel	DO51509	0	0	norloop_tss	ICGC_Pancreatic	tss	norloop
total_Indel	DO51510	5	0.526962955452765	norloop_tss	ICGC_Pancreatic	tss	norloop
total_Indel	DO51511	4	0.421570364362212	norloop_tss	ICGC_Pancreatic	tss	norloop
total_Indel	DO51512	2	0.210785182181106	norloop_tss	ICGC_Pancreatic	tss	norloop
total_Indel	DO51513	1	0.105392591090553	norloop_tss	ICGC_Pancreatic	tss	norloop
total_Indel	DO51514	3	0.316177773271659	norloop_tss	ICGC_Pancreatic	tss	norloop
total_Indel	DO51515	1	0.105392591090553	norloop_tss	ICGC_Pancreatic	tss	norloop
total_Indel	DO51518	0	0	norloop_tss	ICGC_Pancreatic	tss	norloop
total_Indel	DO51519	1	0.105392591090553	norloop_tss	ICGC_Pancreatic	tss	norloop
total_Indel	DO51520	2	0.210785182181106	norloop_tss	ICGC_Pancreatic	tss	norloop
total_Indel	DO51521	0	0	norloop_tss	ICGC_Pancreatic	tss	norloop
total_Indel	DO51522	1	0.105392591090553	norloop_tss	ICGC_Pancreatic	tss	norloop
total_Indel	DO51523	0	0	norloop_tss	ICGC_Pancreatic	tss	norloop
total_Indel	DO51524	1	0.105392591090553	norloop_tss	ICGC_Pancreatic	tss	norloop
total_Indel	DO51525	1	0.105392591090553	norloop_tss	ICGC_Pancreatic	tss	norloop
total_Indel	DO51527	2	0.210785182181106	norloop_tss	ICGC_Pancreatic	tss	norloop
total_Indel	DO51528	2	0.210785182181106	norloop_tss	ICGC_Pancreatic	tss	norloop
total_Indel	DO51529	5	0.526962955452765	norloop_tss	ICGC_Pancreatic	tss	norloop
total_Indel	DO51530	2	0.210785182181106	norloop_tss	ICGC_Pancreatic	tss	norloop
total_Indel	DO51531	0	0	norloop_tss	ICGC_Pancreatic	tss	norloop
total_Indel	DO51532	0	0	norloop_tss	ICGC_Pancreatic	tss	norloop
total_Indel	DO51533	2	0.210785182181106	norloop_tss	ICGC_Pancreatic	tss	norloop
total_Indel	DO51534	1	0.105392591090553	norloop_tss	ICGC_Pancreatic	tss	norloop
total_Indel	DO51535	1	0.105392591090553	norloop_tss	ICGC_Pancreatic	tss	norloop
total_Indel	DO51536	1	0.105392591090553	norloop_tss	ICGC_Pancreatic	tss	norloop
total_Indel	DO51537	1	0.105392591090553	norloop_tss	ICGC_Pancreatic	tss	norloop
total_Indel	DO51538	0	0	norloop_tss	ICGC_Pancreatic	tss	norloop
total_Indel	DO51540	0	0	norloop_tss	ICGC_Pancreatic	tss	norloop
total_Indel	DO51541	1	0.105392591090553	norloop_tss	ICGC_Pancreatic	tss	norloop
total_Indel	DO51542	1	0.105392591090553	norloop_tss	ICGC_Pancreatic	tss	norloop
total_Indel	DO51543	2	0.210785182181106	norloop_tss	ICGC_Pancreatic	tss	norloop
total_Indel	DO51544	0	0	norloop_tss	ICGC_Pancreatic	tss	norloop
total_Indel	DO51546	0	0	norloop_tss	ICGC_Pancreatic	tss	norloop
total_Indel	DO51548	0	0	norloop_tss	ICGC_Pancreatic	tss	norloop
total_Indel	DO51549	1	0.105392591090553	norloop_tss	ICGC_Pancreatic	tss	norloop
total_long_simple_indel	DO221539	0	0	norloop_tss	ICGC_Pancreatic	tss	norloop
total_long_simple_indel	DO221540	0	0	norloop_tss	ICGC_Pancreatic	tss	norloop
total_long_simple_indel	DO221541	4	0.421570364362212	norloop_tss	ICGC_Pancreatic	tss	norloop
total_long_simple_indel	DO221542	0	0	norloop_tss	ICGC_Pancreatic	tss	norloop
total_long_simple_indel	DO221543	0	0	norloop_tss	ICGC_Pancreatic	tss	norloop
total_long_simple_indel	DO221544	0	0	norloop_tss	ICGC_Pancreatic	tss	norloop
total_long_simple_indel	DO221545	0	0	norloop_tss	ICGC_Pancreatic	tss	norloop
total_long_simple_indel	DO221546	0	0	norloop_tss	ICGC_Pancreatic	tss	norloop
total_long_simple_indel	DO221547	1	0.105392591090553	norloop_tss	ICGC_Pancreatic	tss	norloop
total_long_simple_indel	DO32831	1	0.105392591090553	norloop_tss	ICGC_Pancreatic	tss	norloop
total_long_simple_indel	DO32833	0	0	norloop_tss	ICGC_Pancreatic	tss	norloop
total_long_simple_indel	DO32837	0	0	norloop_tss	ICGC_Pancreatic	tss	norloop
total_long_simple_indel	DO32860	0	0	norloop_tss	ICGC_Pancreatic	tss	norloop
total_long_simple_indel	DO32863	0	0	norloop_tss	ICGC_Pancreatic	tss	norloop
total_long_simple_indel	DO32875	1	0.105392591090553	norloop_tss	ICGC_Pancreatic	tss	norloop
total_long_simple_indel	DO32878	0	0	norloop_tss	ICGC_Pancreatic	tss	norloop
total_long_simple_indel	DO32893	0	0	norloop_tss	ICGC_Pancreatic	tss	norloop
total_long_simple_indel	DO32900	1	0.105392591090553	norloop_tss	ICGC_Pancreatic	tss	norloop
total_long_simple_indel	DO32916	0	0	norloop_tss	ICGC_Pancreatic	tss	norloop
total_long_simple_indel	DO32960	0	0	norloop_tss	ICGC_Pancreatic	tss	norloop
total_long_simple_indel	DO32972	0	0	norloop_tss	ICGC_Pancreatic	tss	norloop
total_long_simple_indel	DO32976	0	0	norloop_tss	ICGC_Pancreatic	tss	norloop
total_long_simple_indel	DO32980	1	0.105392591090553	norloop_tss	ICGC_Pancreatic	tss	norloop
total_long_simple_indel	DO32984	1	0.105392591090553	norloop_tss	ICGC_Pancreatic	tss	norloop
total_long_simple_indel	DO33000	1	0.105392591090553	norloop_tss	ICGC_Pancreatic	tss	norloop
total_long_simple_indel	DO33008	1	0.105392591090553	norloop_tss	ICGC_Pancreatic	tss	norloop
total_long_simple_indel	DO33016	0	0	norloop_tss	ICGC_Pancreatic	tss	norloop
total_long_simple_indel	DO33028	0	0	norloop_tss	ICGC_Pancreatic	tss	norloop
total_long_simple_indel	DO33032	0	0	norloop_tss	ICGC_Pancreatic	tss	norloop
total_long_simple_indel	DO33042	0	0	norloop_tss	ICGC_Pancreatic	tss	norloop
total_long_simple_indel	DO33077	1	0.105392591090553	norloop_tss	ICGC_Pancreatic	tss	norloop
total_long_simple_indel	DO33128	0	0	norloop_tss	ICGC_Pancreatic	tss	norloop
total_long_simple_indel	DO33152	0	0	norloop_tss	ICGC_Pancreatic	tss	norloop
total_long_simple_indel	DO33160	0	0	norloop_tss	ICGC_Pancreatic	tss	norloop
total_long_simple_indel	DO33168	0	0	norloop_tss	ICGC_Pancreatic	tss	norloop
total_long_simple_indel	DO33184	0	0	norloop_tss	ICGC_Pancreatic	tss	norloop
total_long_simple_indel	DO33200	0	0	norloop_tss	ICGC_Pancreatic	tss	norloop
total_long_simple_indel	DO33208	0	0	norloop_tss	ICGC_Pancreatic	tss	norloop
total_long_simple_indel	DO33248	2	0.210785182181106	norloop_tss	ICGC_Pancreatic	tss	norloop
total_long_simple_indel	DO33264	1	0.105392591090553	norloop_tss	ICGC_Pancreatic	tss	norloop
total_long_simple_indel	DO33288	0	0	norloop_tss	ICGC_Pancreatic	tss	norloop
total_long_simple_indel	DO33344	0	0	norloop_tss	ICGC_Pancreatic	tss	norloop
total_long_simple_indel	DO33368	0	0	norloop_tss	ICGC_Pancreatic	tss	norloop
total_long_simple_indel	DO33376	0	0	norloop_tss	ICGC_Pancreatic	tss	norloop
total_long_simple_indel	DO33392	0	0	norloop_tss	ICGC_Pancreatic	tss	norloop
total_long_simple_indel	DO33400	0	0	norloop_tss	ICGC_Pancreatic	tss	norloop
total_long_simple_indel	DO33408	0	0	norloop_tss	ICGC_Pancreatic	tss	norloop
total_long_simple_indel	DO33472	0	0	norloop_tss	ICGC_Pancreatic	tss	norloop
total_long_simple_indel	DO33480	0	0	norloop_tss	ICGC_Pancreatic	tss	norloop
total_long_simple_indel	DO33488	0	0	norloop_tss	ICGC_Pancreatic	tss	norloop
total_long_simple_indel	DO33512	1	0.105392591090553	norloop_tss	ICGC_Pancreatic	tss	norloop
total_long_simple_indel	DO33544	1	0.105392591090553	norloop_tss	ICGC_Pancreatic	tss	norloop
total_long_simple_indel	DO33552	1	0.105392591090553	norloop_tss	ICGC_Pancreatic	tss	norloop
total_long_simple_indel	DO33600	0	0	norloop_tss	ICGC_Pancreatic	tss	norloop
total_long_simple_indel	DO33960	0	0	norloop_tss	ICGC_Pancreatic	tss	norloop
total_long_simple_indel	DO33984	0	0	norloop_tss	ICGC_Pancreatic	tss	norloop
total_long_simple_indel	DO34264	0	0	norloop_tss	ICGC_Pancreatic	tss	norloop
total_long_simple_indel	DO34288	0	0	norloop_tss	ICGC_Pancreatic	tss	norloop
total_long_simple_indel	DO34312	0	0	norloop_tss	ICGC_Pancreatic	tss	norloop
total_long_simple_indel	DO34336	0	0	norloop_tss	ICGC_Pancreatic	tss	norloop
total_long_simple_indel	DO34432	0	0	norloop_tss	ICGC_Pancreatic	tss	norloop
total_long_simple_indel	DO34448	1	0.105392591090553	norloop_tss	ICGC_Pancreatic	tss	norloop
total_long_simple_indel	DO34504	0	0	norloop_tss	ICGC_Pancreatic	tss	norloop
total_long_simple_indel	DO34600	0	0	norloop_tss	ICGC_Pancreatic	tss	norloop
total_long_simple_indel	DO34608	0	0	norloop_tss	ICGC_Pancreatic	tss	norloop
total_long_simple_indel	DO34616	0	0	norloop_tss	ICGC_Pancreatic	tss	norloop
total_long_simple_indel	DO34640	0	0	norloop_tss	ICGC_Pancreatic	tss	norloop
total_long_simple_indel	DO34656	0	0	norloop_tss	ICGC_Pancreatic	tss	norloop
total_long_simple_indel	DO34680	0	0	norloop_tss	ICGC_Pancreatic	tss	norloop
total_long_simple_indel	DO34696	0	0	norloop_tss	ICGC_Pancreatic	tss	norloop
total_long_simple_indel	DO34720	0	0	norloop_tss	ICGC_Pancreatic	tss	norloop
total_long_simple_indel	DO34728	0	0	norloop_tss	ICGC_Pancreatic	tss	norloop
total_long_simple_indel	DO34736	2	0.210785182181106	norloop_tss	ICGC_Pancreatic	tss	norloop
total_long_simple_indel	DO34785	0	0	norloop_tss	ICGC_Pancreatic	tss	norloop
total_long_simple_indel	DO34793	0	0	norloop_tss	ICGC_Pancreatic	tss	norloop
total_long_simple_indel	DO34801	0	0	norloop_tss	ICGC_Pancreatic	tss	norloop
total_long_simple_indel	DO34809	4	0.421570364362212	norloop_tss	ICGC_Pancreatic	tss	norloop
total_long_simple_indel	DO34817	0	0	norloop_tss	ICGC_Pancreatic	tss	norloop
total_long_simple_indel	DO34849	0	0	norloop_tss	ICGC_Pancreatic	tss	norloop
total_long_simple_indel	DO34905	2	0.210785182181106	norloop_tss	ICGC_Pancreatic	tss	norloop
total_long_simple_indel	DO34961	0	0	norloop_tss	ICGC_Pancreatic	tss	norloop
total_long_simple_indel	DO35082	0	0	norloop_tss	ICGC_Pancreatic	tss	norloop
total_long_simple_indel	DO35083	9	0.948533319814977	norloop_tss	ICGC_Pancreatic	tss	norloop
total_long_simple_indel	DO35085	0	0	norloop_tss	ICGC_Pancreatic	tss	norloop
total_long_simple_indel	DO35098	1	0.105392591090553	norloop_tss	ICGC_Pancreatic	tss	norloop
total_long_simple_indel	DO35114	0	0	norloop_tss	ICGC_Pancreatic	tss	norloop
total_long_simple_indel	DO35116	3	0.316177773271659	norloop_tss	ICGC_Pancreatic	tss	norloop
total_long_simple_indel	DO35118	0	0	norloop_tss	ICGC_Pancreatic	tss	norloop
total_long_simple_indel	DO35126	1	0.105392591090553	norloop_tss	ICGC_Pancreatic	tss	norloop
total_long_simple_indel	DO35128	0	0	norloop_tss	ICGC_Pancreatic	tss	norloop
total_long_simple_indel	DO35132	0	0	norloop_tss	ICGC_Pancreatic	tss	norloop
total_long_simple_indel	DO35136	0	0	norloop_tss	ICGC_Pancreatic	tss	norloop
total_long_simple_indel	DO35138	0	0	norloop_tss	ICGC_Pancreatic	tss	norloop
total_long_simple_indel	DO35144	0	0	norloop_tss	ICGC_Pancreatic	tss	norloop
total_long_simple_indel	DO35148	0	0	norloop_tss	ICGC_Pancreatic	tss	norloop
total_long_simple_indel	DO35152	0	0	norloop_tss	ICGC_Pancreatic	tss	norloop
total_long_simple_indel	DO35184	0	0	norloop_tss	ICGC_Pancreatic	tss	norloop
total_long_simple_indel	DO35186	0	0	norloop_tss	ICGC_Pancreatic	tss	norloop
total_long_simple_indel	DO35198	0	0	norloop_tss	ICGC_Pancreatic	tss	norloop
total_long_simple_indel	DO35200	0	0	norloop_tss	ICGC_Pancreatic	tss	norloop
total_long_simple_indel	DO35216	0	0	norloop_tss	ICGC_Pancreatic	tss	norloop
total_long_simple_indel	DO35222	0	0	norloop_tss	ICGC_Pancreatic	tss	norloop
total_long_simple_indel	DO35228	0	0	norloop_tss	ICGC_Pancreatic	tss	norloop
total_long_simple_indel	DO35230	1	0.105392591090553	norloop_tss	ICGC_Pancreatic	tss	norloop
total_long_simple_indel	DO35236	0	0	norloop_tss	ICGC_Pancreatic	tss	norloop
total_long_simple_indel	DO35258	0	0	norloop_tss	ICGC_Pancreatic	tss	norloop
total_long_simple_indel	DO35290	1	0.105392591090553	norloop_tss	ICGC_Pancreatic	tss	norloop
total_long_simple_indel	DO35305	1	0.105392591090553	norloop_tss	ICGC_Pancreatic	tss	norloop
total_long_simple_indel	DO35330	0	0	norloop_tss	ICGC_Pancreatic	tss	norloop
total_long_simple_indel	DO35350	1	0.105392591090553	norloop_tss	ICGC_Pancreatic	tss	norloop
total_long_simple_indel	DO35360	0	0	norloop_tss	ICGC_Pancreatic	tss	norloop
total_long_simple_indel	DO35376	1	0.105392591090553	norloop_tss	ICGC_Pancreatic	tss	norloop
total_long_simple_indel	DO35406	0	0	norloop_tss	ICGC_Pancreatic	tss	norloop
total_long_simple_indel	DO35424	0	0	norloop_tss	ICGC_Pancreatic	tss	norloop
total_long_simple_indel	DO35442	0	0	norloop_tss	ICGC_Pancreatic	tss	norloop
total_long_simple_indel	DO35454	0	0	norloop_tss	ICGC_Pancreatic	tss	norloop
total_long_simple_indel	DO35496	0	0	norloop_tss	ICGC_Pancreatic	tss	norloop
total_long_simple_indel	DO49074	0	0	norloop_tss	ICGC_Pancreatic	tss	norloop
total_long_simple_indel	DO49076	0	0	norloop_tss	ICGC_Pancreatic	tss	norloop
total_long_simple_indel	DO49078	1	0.105392591090553	norloop_tss	ICGC_Pancreatic	tss	norloop
total_long_simple_indel	DO49079	0	0	norloop_tss	ICGC_Pancreatic	tss	norloop
total_long_simple_indel	DO49080	1	0.105392591090553	norloop_tss	ICGC_Pancreatic	tss	norloop
total_long_simple_indel	DO49087	0	0	norloop_tss	ICGC_Pancreatic	tss	norloop
total_long_simple_indel	DO49090	0	0	norloop_tss	ICGC_Pancreatic	tss	norloop
total_long_simple_indel	DO49113	0	0	norloop_tss	ICGC_Pancreatic	tss	norloop
total_long_simple_indel	DO49127	0	0	norloop_tss	ICGC_Pancreatic	tss	norloop
total_long_simple_indel	DO49129	0	0	norloop_tss	ICGC_Pancreatic	tss	norloop
total_long_simple_indel	DO49135	0	0	norloop_tss	ICGC_Pancreatic	tss	norloop
total_long_simple_indel	DO49137	1	0.105392591090553	norloop_tss	ICGC_Pancreatic	tss	norloop
total_long_simple_indel	DO49138	0	0	norloop_tss	ICGC_Pancreatic	tss	norloop
total_long_simple_indel	DO49166	0	0	norloop_tss	ICGC_Pancreatic	tss	norloop
total_long_simple_indel	DO49168	0	0	norloop_tss	ICGC_Pancreatic	tss	norloop
total_long_simple_indel	DO49172	0	0	norloop_tss	ICGC_Pancreatic	tss	norloop
total_long_simple_indel	DO49178	0	0	norloop_tss	ICGC_Pancreatic	tss	norloop
total_long_simple_indel	DO49181	0	0	norloop_tss	ICGC_Pancreatic	tss	norloop
total_long_simple_indel	DO49183	1	0.105392591090553	norloop_tss	ICGC_Pancreatic	tss	norloop
total_long_simple_indel	DO49184	0	0	norloop_tss	ICGC_Pancreatic	tss	norloop
total_long_simple_indel	DO49193	0	0	norloop_tss	ICGC_Pancreatic	tss	norloop
total_long_simple_indel	DO49204	0	0	norloop_tss	ICGC_Pancreatic	tss	norloop
total_long_simple_indel	DO49418	0	0	norloop_tss	ICGC_Pancreatic	tss	norloop
total_long_simple_indel	DO49419	0	0	norloop_tss	ICGC_Pancreatic	tss	norloop
total_long_simple_indel	DO49420	0	0	norloop_tss	ICGC_Pancreatic	tss	norloop
total_long_simple_indel	DO49421	0	0	norloop_tss	ICGC_Pancreatic	tss	norloop
total_long_simple_indel	DO49422	0	0	norloop_tss	ICGC_Pancreatic	tss	norloop
total_long_simple_indel	DO49424	0	0	norloop_tss	ICGC_Pancreatic	tss	norloop
total_long_simple_indel	DO49427	0	0	norloop_tss	ICGC_Pancreatic	tss	norloop
total_long_simple_indel	DO49430	1	0.105392591090553	norloop_tss	ICGC_Pancreatic	tss	norloop
total_long_simple_indel	DO49433	0	0	norloop_tss	ICGC_Pancreatic	tss	norloop
total_long_simple_indel	DO49436	0	0	norloop_tss	ICGC_Pancreatic	tss	norloop
total_long_simple_indel	DO49439	0	0	norloop_tss	ICGC_Pancreatic	tss	norloop
total_long_simple_indel	DO49442	1	0.105392591090553	norloop_tss	ICGC_Pancreatic	tss	norloop
total_long_simple_indel	DO49445	0	0	norloop_tss	ICGC_Pancreatic	tss	norloop
total_long_simple_indel	DO49448	0	0	norloop_tss	ICGC_Pancreatic	tss	norloop
total_long_simple_indel	DO49451	0	0	norloop_tss	ICGC_Pancreatic	tss	norloop
total_long_simple_indel	DO49454	0	0	norloop_tss	ICGC_Pancreatic	tss	norloop
total_long_simple_indel	DO49457	1	0.105392591090553	norloop_tss	ICGC_Pancreatic	tss	norloop
total_long_simple_indel	DO49460	0	0	norloop_tss	ICGC_Pancreatic	tss	norloop
total_long_simple_indel	DO49463	1	0.105392591090553	norloop_tss	ICGC_Pancreatic	tss	norloop
total_long_simple_indel	DO49466	0	0	norloop_tss	ICGC_Pancreatic	tss	norloop
total_long_simple_indel	DO49478	1	0.105392591090553	norloop_tss	ICGC_Pancreatic	tss	norloop
total_long_simple_indel	DO49481	1	0.105392591090553	norloop_tss	ICGC_Pancreatic	tss	norloop
total_long_simple_indel	DO49484	0	0	norloop_tss	ICGC_Pancreatic	tss	norloop
total_long_simple_indel	DO51465	1	0.105392591090553	norloop_tss	ICGC_Pancreatic	tss	norloop
total_long_simple_indel	DO51466	0	0	norloop_tss	ICGC_Pancreatic	tss	norloop
total_long_simple_indel	DO51467	0	0	norloop_tss	ICGC_Pancreatic	tss	norloop
total_long_simple_indel	DO51468	0	0	norloop_tss	ICGC_Pancreatic	tss	norloop
total_long_simple_indel	DO51469	0	0	norloop_tss	ICGC_Pancreatic	tss	norloop
total_long_simple_indel	DO51470	0	0	norloop_tss	ICGC_Pancreatic	tss	norloop
total_long_simple_indel	DO51472	0	0	norloop_tss	ICGC_Pancreatic	tss	norloop
total_long_simple_indel	DO51473	1	0.105392591090553	norloop_tss	ICGC_Pancreatic	tss	norloop
total_long_simple_indel	DO51474	1	0.105392591090553	norloop_tss	ICGC_Pancreatic	tss	norloop
total_long_simple_indel	DO51475	0	0	norloop_tss	ICGC_Pancreatic	tss	norloop
total_long_simple_indel	DO51476	4	0.421570364362212	norloop_tss	ICGC_Pancreatic	tss	norloop
total_long_simple_indel	DO51477	0	0	norloop_tss	ICGC_Pancreatic	tss	norloop
total_long_simple_indel	DO51478	0	0	norloop_tss	ICGC_Pancreatic	tss	norloop
total_long_simple_indel	DO51479	0	0	norloop_tss	ICGC_Pancreatic	tss	norloop
total_long_simple_indel	DO51480	1	0.105392591090553	norloop_tss	ICGC_Pancreatic	tss	norloop
total_long_simple_indel	DO51481	0	0	norloop_tss	ICGC_Pancreatic	tss	norloop
total_long_simple_indel	DO51483	0	0	norloop_tss	ICGC_Pancreatic	tss	norloop
total_long_simple_indel	DO51484	0	0	norloop_tss	ICGC_Pancreatic	tss	norloop
total_long_simple_indel	DO51485	1	0.105392591090553	norloop_tss	ICGC_Pancreatic	tss	norloop
total_long_simple_indel	DO51486	0	0	norloop_tss	ICGC_Pancreatic	tss	norloop
total_long_simple_indel	DO51487	0	0	norloop_tss	ICGC_Pancreatic	tss	norloop
total_long_simple_indel	DO51488	0	0	norloop_tss	ICGC_Pancreatic	tss	norloop
total_long_simple_indel	DO51489	0	0	norloop_tss	ICGC_Pancreatic	tss	norloop
total_long_simple_indel	DO51490	0	0	norloop_tss	ICGC_Pancreatic	tss	norloop
total_long_simple_indel	DO51491	0	0	norloop_tss	ICGC_Pancreatic	tss	norloop
total_long_simple_indel	DO51492	0	0	norloop_tss	ICGC_Pancreatic	tss	norloop
total_long_simple_indel	DO51493	2	0.210785182181106	norloop_tss	ICGC_Pancreatic	tss	norloop
total_long_simple_indel	DO51494	0	0	norloop_tss	ICGC_Pancreatic	tss	norloop
total_long_simple_indel	DO51495	1	0.105392591090553	norloop_tss	ICGC_Pancreatic	tss	norloop
total_long_simple_indel	DO51496	1	0.105392591090553	norloop_tss	ICGC_Pancreatic	tss	norloop
total_long_simple_indel	DO51497	1	0.105392591090553	norloop_tss	ICGC_Pancreatic	tss	norloop
total_long_simple_indel	DO51498	1	0.105392591090553	norloop_tss	ICGC_Pancreatic	tss	norloop
total_long_simple_indel	DO51499	0	0	norloop_tss	ICGC_Pancreatic	tss	norloop
total_long_simple_indel	DO51500	1	0.105392591090553	norloop_tss	ICGC_Pancreatic	tss	norloop
total_long_simple_indel	DO51501	0	0	norloop_tss	ICGC_Pancreatic	tss	norloop
total_long_simple_indel	DO51502	0	0	norloop_tss	ICGC_Pancreatic	tss	norloop
total_long_simple_indel	DO51503	0	0	norloop_tss	ICGC_Pancreatic	tss	norloop
total_long_simple_indel	DO51504	0	0	norloop_tss	ICGC_Pancreatic	tss	norloop
total_long_simple_indel	DO51505	1	0.105392591090553	norloop_tss	ICGC_Pancreatic	tss	norloop
total_long_simple_indel	DO51506	1	0.105392591090553	norloop_tss	ICGC_Pancreatic	tss	norloop
total_long_simple_indel	DO51507	0	0	norloop_tss	ICGC_Pancreatic	tss	norloop
total_long_simple_indel	DO51508	0	0	norloop_tss	ICGC_Pancreatic	tss	norloop
total_long_simple_indel	DO51509	0	0	norloop_tss	ICGC_Pancreatic	tss	norloop
total_long_simple_indel	DO51510	1	0.105392591090553	norloop_tss	ICGC_Pancreatic	tss	norloop
total_long_simple_indel	DO51511	0	0	norloop_tss	ICGC_Pancreatic	tss	norloop
total_long_simple_indel	DO51512	1	0.105392591090553	norloop_tss	ICGC_Pancreatic	tss	norloop
total_long_simple_indel	DO51513	0	0	norloop_tss	ICGC_Pancreatic	tss	norloop
total_long_simple_indel	DO51514	0	0	norloop_tss	ICGC_Pancreatic	tss	norloop
total_long_simple_indel	DO51515	1	0.105392591090553	norloop_tss	ICGC_Pancreatic	tss	norloop
total_long_simple_indel	DO51518	0	0	norloop_tss	ICGC_Pancreatic	tss	norloop
total_long_simple_indel	DO51519	0	0	norloop_tss	ICGC_Pancreatic	tss	norloop
total_long_simple_indel	DO51520	0	0	norloop_tss	ICGC_Pancreatic	tss	norloop
total_long_simple_indel	DO51521	0	0	norloop_tss	ICGC_Pancreatic	tss	norloop
total_long_simple_indel	DO51522	0	0	norloop_tss	ICGC_Pancreatic	tss	norloop
total_long_simple_indel	DO51523	0	0	norloop_tss	ICGC_Pancreatic	tss	norloop
total_long_simple_indel	DO51524	0	0	norloop_tss	ICGC_Pancreatic	tss	norloop
total_long_simple_indel	DO51525	0	0	norloop_tss	ICGC_Pancreatic	tss	norloop
total_long_simple_indel	DO51527	0	0	norloop_tss	ICGC_Pancreatic	tss	norloop
total_long_simple_indel	DO51528	0	0	norloop_tss	ICGC_Pancreatic	tss	norloop
total_long_simple_indel	DO51529	2	0.210785182181106	norloop_tss	ICGC_Pancreatic	tss	norloop
total_long_simple_indel	DO51530	0	0	norloop_tss	ICGC_Pancreatic	tss	norloop
total_long_simple_indel	DO51531	0	0	norloop_tss	ICGC_Pancreatic	tss	norloop
total_long_simple_indel	DO51532	0	0	norloop_tss	ICGC_Pancreatic	tss	norloop
total_long_simple_indel	DO51533	0	0	norloop_tss	ICGC_Pancreatic	tss	norloop
total_long_simple_indel	DO51534	0	0	norloop_tss	ICGC_Pancreatic	tss	norloop
total_long_simple_indel	DO51535	0	0	norloop_tss	ICGC_Pancreatic	tss	norloop
total_long_simple_indel	DO51536	0	0	norloop_tss	ICGC_Pancreatic	tss	norloop
total_long_simple_indel	DO51537	0	0	norloop_tss	ICGC_Pancreatic	tss	norloop
total_long_simple_indel	DO51538	0	0	norloop_tss	ICGC_Pancreatic	tss	norloop
total_long_simple_indel	DO51540	0	0	norloop_tss	ICGC_Pancreatic	tss	norloop
total_long_simple_indel	DO51541	0	0	norloop_tss	ICGC_Pancreatic	tss	norloop
total_long_simple_indel	DO51542	0	0	norloop_tss	ICGC_Pancreatic	tss	norloop
total_long_simple_indel	DO51543	1	0.105392591090553	norloop_tss	ICGC_Pancreatic	tss	norloop
total_long_simple_indel	DO51544	0	0	norloop_tss	ICGC_Pancreatic	tss	norloop
total_long_simple_indel	DO51546	0	0	norloop_tss	ICGC_Pancreatic	tss	norloop
total_long_simple_indel	DO51548	0	0	norloop_tss	ICGC_Pancreatic	tss	norloop
total_long_simple_indel	DO51549	0	0	norloop_tss	ICGC_Pancreatic	tss	norloop
total_long_indel	DO221539	0	0	norloop_tss	ICGC_Pancreatic	tss	norloop
total_long_indel	DO221540	0	0	norloop_tss	ICGC_Pancreatic	tss	norloop
total_long_indel	DO221541	5	0.526962955452765	norloop_tss	ICGC_Pancreatic	tss	norloop
total_long_indel	DO221542	0	0	norloop_tss	ICGC_Pancreatic	tss	norloop
total_long_indel	DO221543	0	0	norloop_tss	ICGC_Pancreatic	tss	norloop
total_long_indel	DO221544	2	0.210785182181106	norloop_tss	ICGC_Pancreatic	tss	norloop
total_long_indel	DO221545	1	0.105392591090553	norloop_tss	ICGC_Pancreatic	tss	norloop
total_long_indel	DO221546	0	0	norloop_tss	ICGC_Pancreatic	tss	norloop
total_long_indel	DO221547	1	0.105392591090553	norloop_tss	ICGC_Pancreatic	tss	norloop
total_long_indel	DO32831	2	0.210785182181106	norloop_tss	ICGC_Pancreatic	tss	norloop
total_long_indel	DO32833	0	0	norloop_tss	ICGC_Pancreatic	tss	norloop
total_long_indel	DO32837	0	0	norloop_tss	ICGC_Pancreatic	tss	norloop
total_long_indel	DO32860	1	0.105392591090553	norloop_tss	ICGC_Pancreatic	tss	norloop
total_long_indel	DO32863	0	0	norloop_tss	ICGC_Pancreatic	tss	norloop
total_long_indel	DO32875	1	0.105392591090553	norloop_tss	ICGC_Pancreatic	tss	norloop
total_long_indel	DO32878	0	0	norloop_tss	ICGC_Pancreatic	tss	norloop
total_long_indel	DO32893	0	0	norloop_tss	ICGC_Pancreatic	tss	norloop
total_long_indel	DO32900	1	0.105392591090553	norloop_tss	ICGC_Pancreatic	tss	norloop
total_long_indel	DO32916	0	0	norloop_tss	ICGC_Pancreatic	tss	norloop
total_long_indel	DO32960	0	0	norloop_tss	ICGC_Pancreatic	tss	norloop
total_long_indel	DO32972	0	0	norloop_tss	ICGC_Pancreatic	tss	norloop
total_long_indel	DO32976	0	0	norloop_tss	ICGC_Pancreatic	tss	norloop
total_long_indel	DO32980	1	0.105392591090553	norloop_tss	ICGC_Pancreatic	tss	norloop
total_long_indel	DO32984	2	0.210785182181106	norloop_tss	ICGC_Pancreatic	tss	norloop
total_long_indel	DO33000	2	0.210785182181106	norloop_tss	ICGC_Pancreatic	tss	norloop
total_long_indel	DO33008	4	0.421570364362212	norloop_tss	ICGC_Pancreatic	tss	norloop
total_long_indel	DO33016	0	0	norloop_tss	ICGC_Pancreatic	tss	norloop
total_long_indel	DO33028	0	0	norloop_tss	ICGC_Pancreatic	tss	norloop
total_long_indel	DO33032	0	0	norloop_tss	ICGC_Pancreatic	tss	norloop
total_long_indel	DO33042	0	0	norloop_tss	ICGC_Pancreatic	tss	norloop
total_long_indel	DO33077	2	0.210785182181106	norloop_tss	ICGC_Pancreatic	tss	norloop
total_long_indel	DO33128	0	0	norloop_tss	ICGC_Pancreatic	tss	norloop
total_long_indel	DO33152	0	0	norloop_tss	ICGC_Pancreatic	tss	norloop
total_long_indel	DO33160	0	0	norloop_tss	ICGC_Pancreatic	tss	norloop
total_long_indel	DO33168	0	0	norloop_tss	ICGC_Pancreatic	tss	norloop
total_long_indel	DO33184	0	0	norloop_tss	ICGC_Pancreatic	tss	norloop
total_long_indel	DO33200	0	0	norloop_tss	ICGC_Pancreatic	tss	norloop
total_long_indel	DO33208	0	0	norloop_tss	ICGC_Pancreatic	tss	norloop
total_long_indel	DO33248	2	0.210785182181106	norloop_tss	ICGC_Pancreatic	tss	norloop
total_long_indel	DO33264	2	0.210785182181106	norloop_tss	ICGC_Pancreatic	tss	norloop
total_long_indel	DO33288	0	0	norloop_tss	ICGC_Pancreatic	tss	norloop
total_long_indel	DO33344	1	0.105392591090553	norloop_tss	ICGC_Pancreatic	tss	norloop
total_long_indel	DO33368	0	0	norloop_tss	ICGC_Pancreatic	tss	norloop
total_long_indel	DO33376	0	0	norloop_tss	ICGC_Pancreatic	tss	norloop
total_long_indel	DO33392	0	0	norloop_tss	ICGC_Pancreatic	tss	norloop
total_long_indel	DO33400	1	0.105392591090553	norloop_tss	ICGC_Pancreatic	tss	norloop
total_long_indel	DO33408	0	0	norloop_tss	ICGC_Pancreatic	tss	norloop
total_long_indel	DO33472	0	0	norloop_tss	ICGC_Pancreatic	tss	norloop
total_long_indel	DO33480	0	0	norloop_tss	ICGC_Pancreatic	tss	norloop
total_long_indel	DO33488	1	0.105392591090553	norloop_tss	ICGC_Pancreatic	tss	norloop
total_long_indel	DO33512	2	0.210785182181106	norloop_tss	ICGC_Pancreatic	tss	norloop
total_long_indel	DO33544	1	0.105392591090553	norloop_tss	ICGC_Pancreatic	tss	norloop
total_long_indel	DO33552	4	0.421570364362212	norloop_tss	ICGC_Pancreatic	tss	norloop
total_long_indel	DO33600	1	0.105392591090553	norloop_tss	ICGC_Pancreatic	tss	norloop
total_long_indel	DO33960	0	0	norloop_tss	ICGC_Pancreatic	tss	norloop
total_long_indel	DO33984	0	0	norloop_tss	ICGC_Pancreatic	tss	norloop
total_long_indel	DO34264	0	0	norloop_tss	ICGC_Pancreatic	tss	norloop
total_long_indel	DO34288	0	0	norloop_tss	ICGC_Pancreatic	tss	norloop
total_long_indel	DO34312	0	0	norloop_tss	ICGC_Pancreatic	tss	norloop
total_long_indel	DO34336	0	0	norloop_tss	ICGC_Pancreatic	tss	norloop
total_long_indel	DO34432	1	0.105392591090553	norloop_tss	ICGC_Pancreatic	tss	norloop
total_long_indel	DO34448	1	0.105392591090553	norloop_tss	ICGC_Pancreatic	tss	norloop
total_long_indel	DO34504	0	0	norloop_tss	ICGC_Pancreatic	tss	norloop
total_long_indel	DO34600	0	0	norloop_tss	ICGC_Pancreatic	tss	norloop
total_long_indel	DO34608	0	0	norloop_tss	ICGC_Pancreatic	tss	norloop
total_long_indel	DO34616	0	0	norloop_tss	ICGC_Pancreatic	tss	norloop
total_long_indel	DO34640	0	0	norloop_tss	ICGC_Pancreatic	tss	norloop
total_long_indel	DO34656	0	0	norloop_tss	ICGC_Pancreatic	tss	norloop
total_long_indel	DO34680	1	0.105392591090553	norloop_tss	ICGC_Pancreatic	tss	norloop
total_long_indel	DO34696	0	0	norloop_tss	ICGC_Pancreatic	tss	norloop
total_long_indel	DO34720	0	0	norloop_tss	ICGC_Pancreatic	tss	norloop
total_long_indel	DO34728	0	0	norloop_tss	ICGC_Pancreatic	tss	norloop
total_long_indel	DO34736	2	0.210785182181106	norloop_tss	ICGC_Pancreatic	tss	norloop
total_long_indel	DO34785	0	0	norloop_tss	ICGC_Pancreatic	tss	norloop
total_long_indel	DO34793	0	0	norloop_tss	ICGC_Pancreatic	tss	norloop
total_long_indel	DO34801	0	0	norloop_tss	ICGC_Pancreatic	tss	norloop
total_long_indel	DO34809	5	0.526962955452765	norloop_tss	ICGC_Pancreatic	tss	norloop
total_long_indel	DO34817	0	0	norloop_tss	ICGC_Pancreatic	tss	norloop
total_long_indel	DO34849	1	0.105392591090553	norloop_tss	ICGC_Pancreatic	tss	norloop
total_long_indel	DO34905	3	0.316177773271659	norloop_tss	ICGC_Pancreatic	tss	norloop
total_long_indel	DO34961	0	0	norloop_tss	ICGC_Pancreatic	tss	norloop
total_long_indel	DO35082	1	0.105392591090553	norloop_tss	ICGC_Pancreatic	tss	norloop
total_long_indel	DO35083	14	1.47549627526774	norloop_tss	ICGC_Pancreatic	tss	norloop
total_long_indel	DO35085	0	0	norloop_tss	ICGC_Pancreatic	tss	norloop
total_long_indel	DO35098	1	0.105392591090553	norloop_tss	ICGC_Pancreatic	tss	norloop
total_long_indel	DO35114	0	0	norloop_tss	ICGC_Pancreatic	tss	norloop
total_long_indel	DO35116	3	0.316177773271659	norloop_tss	ICGC_Pancreatic	tss	norloop
total_long_indel	DO35118	0	0	norloop_tss	ICGC_Pancreatic	tss	norloop
total_long_indel	DO35126	1	0.105392591090553	norloop_tss	ICGC_Pancreatic	tss	norloop
total_long_indel	DO35128	0	0	norloop_tss	ICGC_Pancreatic	tss	norloop
total_long_indel	DO35132	0	0	norloop_tss	ICGC_Pancreatic	tss	norloop
total_long_indel	DO35136	0	0	norloop_tss	ICGC_Pancreatic	tss	norloop
total_long_indel	DO35138	0	0	norloop_tss	ICGC_Pancreatic	tss	norloop
total_long_indel	DO35144	0	0	norloop_tss	ICGC_Pancreatic	tss	norloop
total_long_indel	DO35148	0	0	norloop_tss	ICGC_Pancreatic	tss	norloop
total_long_indel	DO35152	0	0	norloop_tss	ICGC_Pancreatic	tss	norloop
total_long_indel	DO35184	0	0	norloop_tss	ICGC_Pancreatic	tss	norloop
total_long_indel	DO35186	0	0	norloop_tss	ICGC_Pancreatic	tss	norloop
total_long_indel	DO35198	1	0.105392591090553	norloop_tss	ICGC_Pancreatic	tss	norloop
total_long_indel	DO35200	0	0	norloop_tss	ICGC_Pancreatic	tss	norloop
total_long_indel	DO35216	0	0	norloop_tss	ICGC_Pancreatic	tss	norloop
total_long_indel	DO35222	0	0	norloop_tss	ICGC_Pancreatic	tss	norloop
total_long_indel	DO35228	0	0	norloop_tss	ICGC_Pancreatic	tss	norloop
total_long_indel	DO35230	1	0.105392591090553	norloop_tss	ICGC_Pancreatic	tss	norloop
total_long_indel	DO35236	1	0.105392591090553	norloop_tss	ICGC_Pancreatic	tss	norloop
total_long_indel	DO35258	0	0	norloop_tss	ICGC_Pancreatic	tss	norloop
total_long_indel	DO35290	1	0.105392591090553	norloop_tss	ICGC_Pancreatic	tss	norloop
total_long_indel	DO35305	1	0.105392591090553	norloop_tss	ICGC_Pancreatic	tss	norloop
total_long_indel	DO35330	0	0	norloop_tss	ICGC_Pancreatic	tss	norloop
total_long_indel	DO35350	2	0.210785182181106	norloop_tss	ICGC_Pancreatic	tss	norloop
total_long_indel	DO35360	0	0	norloop_tss	ICGC_Pancreatic	tss	norloop
total_long_indel	DO35376	1	0.105392591090553	norloop_tss	ICGC_Pancreatic	tss	norloop
total_long_indel	DO35406	0	0	norloop_tss	ICGC_Pancreatic	tss	norloop
total_long_indel	DO35424	0	0	norloop_tss	ICGC_Pancreatic	tss	norloop
total_long_indel	DO35442	0	0	norloop_tss	ICGC_Pancreatic	tss	norloop
total_long_indel	DO35454	0	0	norloop_tss	ICGC_Pancreatic	tss	norloop
total_long_indel	DO35496	0	0	norloop_tss	ICGC_Pancreatic	tss	norloop
total_long_indel	DO49074	0	0	norloop_tss	ICGC_Pancreatic	tss	norloop
total_long_indel	DO49076	0	0	norloop_tss	ICGC_Pancreatic	tss	norloop
total_long_indel	DO49078	2	0.210785182181106	norloop_tss	ICGC_Pancreatic	tss	norloop
total_long_indel	DO49079	0	0	norloop_tss	ICGC_Pancreatic	tss	norloop
total_long_indel	DO49080	1	0.105392591090553	norloop_tss	ICGC_Pancreatic	tss	norloop
total_long_indel	DO49087	0	0	norloop_tss	ICGC_Pancreatic	tss	norloop
total_long_indel	DO49090	0	0	norloop_tss	ICGC_Pancreatic	tss	norloop
total_long_indel	DO49113	0	0	norloop_tss	ICGC_Pancreatic	tss	norloop
total_long_indel	DO49127	0	0	norloop_tss	ICGC_Pancreatic	tss	norloop
total_long_indel	DO49129	0	0	norloop_tss	ICGC_Pancreatic	tss	norloop
total_long_indel	DO49135	0	0	norloop_tss	ICGC_Pancreatic	tss	norloop
total_long_indel	DO49137	1	0.105392591090553	norloop_tss	ICGC_Pancreatic	tss	norloop
total_long_indel	DO49138	0	0	norloop_tss	ICGC_Pancreatic	tss	norloop
total_long_indel	DO49166	0	0	norloop_tss	ICGC_Pancreatic	tss	norloop
total_long_indel	DO49168	0	0	norloop_tss	ICGC_Pancreatic	tss	norloop
total_long_indel	DO49172	0	0	norloop_tss	ICGC_Pancreatic	tss	norloop
total_long_indel	DO49178	0	0	norloop_tss	ICGC_Pancreatic	tss	norloop
total_long_indel	DO49181	0	0	norloop_tss	ICGC_Pancreatic	tss	norloop
total_long_indel	DO49183	1	0.105392591090553	norloop_tss	ICGC_Pancreatic	tss	norloop
total_long_indel	DO49184	0	0	norloop_tss	ICGC_Pancreatic	tss	norloop
total_long_indel	DO49193	0	0	norloop_tss	ICGC_Pancreatic	tss	norloop
total_long_indel	DO49204	0	0	norloop_tss	ICGC_Pancreatic	tss	norloop
total_long_indel	DO49418	0	0	norloop_tss	ICGC_Pancreatic	tss	norloop
total_long_indel	DO49419	2	0.210785182181106	norloop_tss	ICGC_Pancreatic	tss	norloop
total_long_indel	DO49420	0	0	norloop_tss	ICGC_Pancreatic	tss	norloop
total_long_indel	DO49421	0	0	norloop_tss	ICGC_Pancreatic	tss	norloop
total_long_indel	DO49422	0	0	norloop_tss	ICGC_Pancreatic	tss	norloop
total_long_indel	DO49424	0	0	norloop_tss	ICGC_Pancreatic	tss	norloop
total_long_indel	DO49427	0	0	norloop_tss	ICGC_Pancreatic	tss	norloop
total_long_indel	DO49430	1	0.105392591090553	norloop_tss	ICGC_Pancreatic	tss	norloop
total_long_indel	DO49433	0	0	norloop_tss	ICGC_Pancreatic	tss	norloop
total_long_indel	DO49436	0	0	norloop_tss	ICGC_Pancreatic	tss	norloop
total_long_indel	DO49439	0	0	norloop_tss	ICGC_Pancreatic	tss	norloop
total_long_indel	DO49442	1	0.105392591090553	norloop_tss	ICGC_Pancreatic	tss	norloop
total_long_indel	DO49445	0	0	norloop_tss	ICGC_Pancreatic	tss	norloop
total_long_indel	DO49448	1	0.105392591090553	norloop_tss	ICGC_Pancreatic	tss	norloop
total_long_indel	DO49451	0	0	norloop_tss	ICGC_Pancreatic	tss	norloop
total_long_indel	DO49454	0	0	norloop_tss	ICGC_Pancreatic	tss	norloop
total_long_indel	DO49457	1	0.105392591090553	norloop_tss	ICGC_Pancreatic	tss	norloop
total_long_indel	DO49460	0	0	norloop_tss	ICGC_Pancreatic	tss	norloop
total_long_indel	DO49463	1	0.105392591090553	norloop_tss	ICGC_Pancreatic	tss	norloop
total_long_indel	DO49466	0	0	norloop_tss	ICGC_Pancreatic	tss	norloop
total_long_indel	DO49478	1	0.105392591090553	norloop_tss	ICGC_Pancreatic	tss	norloop
total_long_indel	DO49481	1	0.105392591090553	norloop_tss	ICGC_Pancreatic	tss	norloop
total_long_indel	DO49484	0	0	norloop_tss	ICGC_Pancreatic	tss	norloop
total_long_indel	DO51465	1	0.105392591090553	norloop_tss	ICGC_Pancreatic	tss	norloop
total_long_indel	DO51466	0	0	norloop_tss	ICGC_Pancreatic	tss	norloop
total_long_indel	DO51467	1	0.105392591090553	norloop_tss	ICGC_Pancreatic	tss	norloop
total_long_indel	DO51468	0	0	norloop_tss	ICGC_Pancreatic	tss	norloop
total_long_indel	DO51469	0	0	norloop_tss	ICGC_Pancreatic	tss	norloop
total_long_indel	DO51470	0	0	norloop_tss	ICGC_Pancreatic	tss	norloop
total_long_indel	DO51472	0	0	norloop_tss	ICGC_Pancreatic	tss	norloop
total_long_indel	DO51473	2	0.210785182181106	norloop_tss	ICGC_Pancreatic	tss	norloop
total_long_indel	DO51474	4	0.421570364362212	norloop_tss	ICGC_Pancreatic	tss	norloop
total_long_indel	DO51475	0	0	norloop_tss	ICGC_Pancreatic	tss	norloop
total_long_indel	DO51476	4	0.421570364362212	norloop_tss	ICGC_Pancreatic	tss	norloop
total_long_indel	DO51477	1	0.105392591090553	norloop_tss	ICGC_Pancreatic	tss	norloop
total_long_indel	DO51478	1	0.105392591090553	norloop_tss	ICGC_Pancreatic	tss	norloop
total_long_indel	DO51479	0	0	norloop_tss	ICGC_Pancreatic	tss	norloop
total_long_indel	DO51480	1	0.105392591090553	norloop_tss	ICGC_Pancreatic	tss	norloop
total_long_indel	DO51481	0	0	norloop_tss	ICGC_Pancreatic	tss	norloop
total_long_indel	DO51483	0	0	norloop_tss	ICGC_Pancreatic	tss	norloop
total_long_indel	DO51484	0	0	norloop_tss	ICGC_Pancreatic	tss	norloop
total_long_indel	DO51485	1	0.105392591090553	norloop_tss	ICGC_Pancreatic	tss	norloop
total_long_indel	DO51486	0	0	norloop_tss	ICGC_Pancreatic	tss	norloop
total_long_indel	DO51487	2	0.210785182181106	norloop_tss	ICGC_Pancreatic	tss	norloop
total_long_indel	DO51488	0	0	norloop_tss	ICGC_Pancreatic	tss	norloop
total_long_indel	DO51489	0	0	norloop_tss	ICGC_Pancreatic	tss	norloop
total_long_indel	DO51490	0	0	norloop_tss	ICGC_Pancreatic	tss	norloop
total_long_indel	DO51491	1	0.105392591090553	norloop_tss	ICGC_Pancreatic	tss	norloop
total_long_indel	DO51492	0	0	norloop_tss	ICGC_Pancreatic	tss	norloop
total_long_indel	DO51493	2	0.210785182181106	norloop_tss	ICGC_Pancreatic	tss	norloop
total_long_indel	DO51494	0	0	norloop_tss	ICGC_Pancreatic	tss	norloop
total_long_indel	DO51495	2	0.210785182181106	norloop_tss	ICGC_Pancreatic	tss	norloop
total_long_indel	DO51496	1	0.105392591090553	norloop_tss	ICGC_Pancreatic	tss	norloop
total_long_indel	DO51497	1	0.105392591090553	norloop_tss	ICGC_Pancreatic	tss	norloop
total_long_indel	DO51498	1	0.105392591090553	norloop_tss	ICGC_Pancreatic	tss	norloop
total_long_indel	DO51499	0	0	norloop_tss	ICGC_Pancreatic	tss	norloop
total_long_indel	DO51500	1	0.105392591090553	norloop_tss	ICGC_Pancreatic	tss	norloop
total_long_indel	DO51501	0	0	norloop_tss	ICGC_Pancreatic	tss	norloop
total_long_indel	DO51502	0	0	norloop_tss	ICGC_Pancreatic	tss	norloop
total_long_indel	DO51503	1	0.105392591090553	norloop_tss	ICGC_Pancreatic	tss	norloop
total_long_indel	DO51504	1	0.105392591090553	norloop_tss	ICGC_Pancreatic	tss	norloop
total_long_indel	DO51505	1	0.105392591090553	norloop_tss	ICGC_Pancreatic	tss	norloop
total_long_indel	DO51506	1	0.105392591090553	norloop_tss	ICGC_Pancreatic	tss	norloop
total_long_indel	DO51507	0	0	norloop_tss	ICGC_Pancreatic	tss	norloop
total_long_indel	DO51508	1	0.105392591090553	norloop_tss	ICGC_Pancreatic	tss	norloop
total_long_indel	DO51509	0	0	norloop_tss	ICGC_Pancreatic	tss	norloop
total_long_indel	DO51510	1	0.105392591090553	norloop_tss	ICGC_Pancreatic	tss	norloop
total_long_indel	DO51511	0	0	norloop_tss	ICGC_Pancreatic	tss	norloop
total_long_indel	DO51512	1	0.105392591090553	norloop_tss	ICGC_Pancreatic	tss	norloop
total_long_indel	DO51513	1	0.105392591090553	norloop_tss	ICGC_Pancreatic	tss	norloop
total_long_indel	DO51514	0	0	norloop_tss	ICGC_Pancreatic	tss	norloop
total_long_indel	DO51515	1	0.105392591090553	norloop_tss	ICGC_Pancreatic	tss	norloop
total_long_indel	DO51518	0	0	norloop_tss	ICGC_Pancreatic	tss	norloop
total_long_indel	DO51519	0	0	norloop_tss	ICGC_Pancreatic	tss	norloop
total_long_indel	DO51520	0	0	norloop_tss	ICGC_Pancreatic	tss	norloop
total_long_indel	DO51521	0	0	norloop_tss	ICGC_Pancreatic	tss	norloop
total_long_indel	DO51522	0	0	norloop_tss	ICGC_Pancreatic	tss	norloop
total_long_indel	DO51523	0	0	norloop_tss	ICGC_Pancreatic	tss	norloop
total_long_indel	DO51524	0	0	norloop_tss	ICGC_Pancreatic	tss	norloop
total_long_indel	DO51525	1	0.105392591090553	norloop_tss	ICGC_Pancreatic	tss	norloop
total_long_indel	DO51527	0	0	norloop_tss	ICGC_Pancreatic	tss	norloop
total_long_indel	DO51528	0	0	norloop_tss	ICGC_Pancreatic	tss	norloop
total_long_indel	DO51529	2	0.210785182181106	norloop_tss	ICGC_Pancreatic	tss	norloop
total_long_indel	DO51530	1	0.105392591090553	norloop_tss	ICGC_Pancreatic	tss	norloop
total_long_indel	DO51531	0	0	norloop_tss	ICGC_Pancreatic	tss	norloop
total_long_indel	DO51532	0	0	norloop_tss	ICGC_Pancreatic	tss	norloop
total_long_indel	DO51533	0	0	norloop_tss	ICGC_Pancreatic	tss	norloop
total_long_indel	DO51534	0	0	norloop_tss	ICGC_Pancreatic	tss	norloop
total_long_indel	DO51535	0	0	norloop_tss	ICGC_Pancreatic	tss	norloop
total_long_indel	DO51536	0	0	norloop_tss	ICGC_Pancreatic	tss	norloop
total_long_indel	DO51537	0	0	norloop_tss	ICGC_Pancreatic	tss	norloop
total_long_indel	DO51538	0	0	norloop_tss	ICGC_Pancreatic	tss	norloop
total_long_indel	DO51540	0	0	norloop_tss	ICGC_Pancreatic	tss	norloop
total_long_indel	DO51541	0	0	norloop_tss	ICGC_Pancreatic	tss	norloop
total_long_indel	DO51542	0	0	norloop_tss	ICGC_Pancreatic	tss	norloop
total_long_indel	DO51543	1	0.105392591090553	norloop_tss	ICGC_Pancreatic	tss	norloop
total_long_indel	DO51544	0	0	norloop_tss	ICGC_Pancreatic	tss	norloop
total_long_indel	DO51546	0	0	norloop_tss	ICGC_Pancreatic	tss	norloop
total_long_indel	DO51548	0	0	norloop_tss	ICGC_Pancreatic	tss	norloop
total_long_indel	DO51549	1	0.105392591090553	norloop_tss	ICGC_Pancreatic	tss	norloop
total_Indel	DO221539	1	0.114000309624841	rloop_tts	ICGC_Pancreatic	tts	rloop
total_Indel	DO221540	1	0.114000309624841	rloop_tts	ICGC_Pancreatic	tts	rloop
total_Indel	DO221541	5	0.570001548124205	rloop_tts	ICGC_Pancreatic	tts	rloop
total_Indel	DO221542	1	0.114000309624841	rloop_tts	ICGC_Pancreatic	tts	rloop
total_Indel	DO221543	2	0.228000619249682	rloop_tts	ICGC_Pancreatic	tts	rloop
total_Indel	DO221544	4	0.456001238499364	rloop_tts	ICGC_Pancreatic	tts	rloop
total_Indel	DO221545	5	0.570001548124205	rloop_tts	ICGC_Pancreatic	tts	rloop
total_Indel	DO221546	1	0.114000309624841	rloop_tts	ICGC_Pancreatic	tts	rloop
total_Indel	DO221547	5	0.570001548124205	rloop_tts	ICGC_Pancreatic	tts	rloop
total_Indel	DO32831	4	0.456001238499364	rloop_tts	ICGC_Pancreatic	tts	rloop
total_Indel	DO32833	1	0.114000309624841	rloop_tts	ICGC_Pancreatic	tts	rloop
total_Indel	DO32837	0	0	rloop_tts	ICGC_Pancreatic	tts	rloop
total_Indel	DO32860	1	0.114000309624841	rloop_tts	ICGC_Pancreatic	tts	rloop
total_Indel	DO32863	1	0.114000309624841	rloop_tts	ICGC_Pancreatic	tts	rloop
total_Indel	DO32875	1	0.114000309624841	rloop_tts	ICGC_Pancreatic	tts	rloop
total_Indel	DO32878	1	0.114000309624841	rloop_tts	ICGC_Pancreatic	tts	rloop
total_Indel	DO32893	0	0	rloop_tts	ICGC_Pancreatic	tts	rloop
total_Indel	DO32900	1	0.114000309624841	rloop_tts	ICGC_Pancreatic	tts	rloop
total_Indel	DO32916	2	0.228000619249682	rloop_tts	ICGC_Pancreatic	tts	rloop
total_Indel	DO32960	0	0	rloop_tts	ICGC_Pancreatic	tts	rloop
total_Indel	DO32972	0	0	rloop_tts	ICGC_Pancreatic	tts	rloop
total_Indel	DO32976	1	0.114000309624841	rloop_tts	ICGC_Pancreatic	tts	rloop
total_Indel	DO32980	2	0.228000619249682	rloop_tts	ICGC_Pancreatic	tts	rloop
total_Indel	DO32984	0	0	rloop_tts	ICGC_Pancreatic	tts	rloop
total_Indel	DO33000	0	0	rloop_tts	ICGC_Pancreatic	tts	rloop
total_Indel	DO33008	2	0.228000619249682	rloop_tts	ICGC_Pancreatic	tts	rloop
total_Indel	DO33016	1	0.114000309624841	rloop_tts	ICGC_Pancreatic	tts	rloop
total_Indel	DO33028	1	0.114000309624841	rloop_tts	ICGC_Pancreatic	tts	rloop
total_Indel	DO33032	2	0.228000619249682	rloop_tts	ICGC_Pancreatic	tts	rloop
total_Indel	DO33042	0	0	rloop_tts	ICGC_Pancreatic	tts	rloop
total_Indel	DO33077	1	0.114000309624841	rloop_tts	ICGC_Pancreatic	tts	rloop
total_Indel	DO33128	0	0	rloop_tts	ICGC_Pancreatic	tts	rloop
total_Indel	DO33152	1	0.114000309624841	rloop_tts	ICGC_Pancreatic	tts	rloop
total_Indel	DO33160	1	0.114000309624841	rloop_tts	ICGC_Pancreatic	tts	rloop
total_Indel	DO33168	1	0.114000309624841	rloop_tts	ICGC_Pancreatic	tts	rloop
total_Indel	DO33184	2	0.228000619249682	rloop_tts	ICGC_Pancreatic	tts	rloop
total_Indel	DO33200	2	0.228000619249682	rloop_tts	ICGC_Pancreatic	tts	rloop
total_Indel	DO33208	0	0	rloop_tts	ICGC_Pancreatic	tts	rloop
total_Indel	DO33248	0	0	rloop_tts	ICGC_Pancreatic	tts	rloop
total_Indel	DO33264	1	0.114000309624841	rloop_tts	ICGC_Pancreatic	tts	rloop
total_Indel	DO33288	5	0.570001548124205	rloop_tts	ICGC_Pancreatic	tts	rloop
total_Indel	DO33344	2	0.228000619249682	rloop_tts	ICGC_Pancreatic	tts	rloop
total_Indel	DO33368	0	0	rloop_tts	ICGC_Pancreatic	tts	rloop
total_Indel	DO33376	0	0	rloop_tts	ICGC_Pancreatic	tts	rloop
total_Indel	DO33392	1	0.114000309624841	rloop_tts	ICGC_Pancreatic	tts	rloop
total_Indel	DO33400	3	0.342000928874523	rloop_tts	ICGC_Pancreatic	tts	rloop
total_Indel	DO33408	1	0.114000309624841	rloop_tts	ICGC_Pancreatic	tts	rloop
total_Indel	DO33472	0	0	rloop_tts	ICGC_Pancreatic	tts	rloop
total_Indel	DO33480	2	0.228000619249682	rloop_tts	ICGC_Pancreatic	tts	rloop
total_Indel	DO33488	0	0	rloop_tts	ICGC_Pancreatic	tts	rloop
total_Indel	DO33512	1	0.114000309624841	rloop_tts	ICGC_Pancreatic	tts	rloop
total_Indel	DO33544	0	0	rloop_tts	ICGC_Pancreatic	tts	rloop
total_Indel	DO33552	6	0.684001857749046	rloop_tts	ICGC_Pancreatic	tts	rloop
total_Indel	DO33600	0	0	rloop_tts	ICGC_Pancreatic	tts	rloop
total_Indel	DO33960	0	0	rloop_tts	ICGC_Pancreatic	tts	rloop
total_Indel	DO33984	1	0.114000309624841	rloop_tts	ICGC_Pancreatic	tts	rloop
total_Indel	DO34264	2	0.228000619249682	rloop_tts	ICGC_Pancreatic	tts	rloop
total_Indel	DO34288	0	0	rloop_tts	ICGC_Pancreatic	tts	rloop
total_Indel	DO34312	1	0.114000309624841	rloop_tts	ICGC_Pancreatic	tts	rloop
total_Indel	DO34336	2	0.228000619249682	rloop_tts	ICGC_Pancreatic	tts	rloop
total_Indel	DO34432	0	0	rloop_tts	ICGC_Pancreatic	tts	rloop
total_Indel	DO34448	2	0.228000619249682	rloop_tts	ICGC_Pancreatic	tts	rloop
total_Indel	DO34504	0	0	rloop_tts	ICGC_Pancreatic	tts	rloop
total_Indel	DO34600	2	0.228000619249682	rloop_tts	ICGC_Pancreatic	tts	rloop
total_Indel	DO34608	0	0	rloop_tts	ICGC_Pancreatic	tts	rloop
total_Indel	DO34616	0	0	rloop_tts	ICGC_Pancreatic	tts	rloop
total_Indel	DO34640	4	0.456001238499364	rloop_tts	ICGC_Pancreatic	tts	rloop
total_Indel	DO34656	0	0	rloop_tts	ICGC_Pancreatic	tts	rloop
total_Indel	DO34680	6	0.684001857749046	rloop_tts	ICGC_Pancreatic	tts	rloop
total_Indel	DO34696	1	0.114000309624841	rloop_tts	ICGC_Pancreatic	tts	rloop
total_Indel	DO34720	2	0.228000619249682	rloop_tts	ICGC_Pancreatic	tts	rloop
total_Indel	DO34728	1	0.114000309624841	rloop_tts	ICGC_Pancreatic	tts	rloop
total_Indel	DO34736	3	0.342000928874523	rloop_tts	ICGC_Pancreatic	tts	rloop
total_Indel	DO34785	0	0	rloop_tts	ICGC_Pancreatic	tts	rloop
total_Indel	DO34793	0	0	rloop_tts	ICGC_Pancreatic	tts	rloop
total_Indel	DO34801	0	0	rloop_tts	ICGC_Pancreatic	tts	rloop
total_Indel	DO34809	2	0.228000619249682	rloop_tts	ICGC_Pancreatic	tts	rloop
total_Indel	DO34817	1	0.114000309624841	rloop_tts	ICGC_Pancreatic	tts	rloop
total_Indel	DO34849	0	0	rloop_tts	ICGC_Pancreatic	tts	rloop
total_Indel	DO34905	9	1.02600278662357	rloop_tts	ICGC_Pancreatic	tts	rloop
total_Indel	DO34961	0	0	rloop_tts	ICGC_Pancreatic	tts	rloop
total_Indel	DO35082	1	0.114000309624841	rloop_tts	ICGC_Pancreatic	tts	rloop
total_Indel	DO35083	109	12.4260337491077	rloop_tts	ICGC_Pancreatic	tts	rloop
total_Indel	DO35085	3	0.342000928874523	rloop_tts	ICGC_Pancreatic	tts	rloop
total_Indel	DO35098	1	0.114000309624841	rloop_tts	ICGC_Pancreatic	tts	rloop
total_Indel	DO35114	0	0	rloop_tts	ICGC_Pancreatic	tts	rloop
total_Indel	DO35116	1	0.114000309624841	rloop_tts	ICGC_Pancreatic	tts	rloop
total_Indel	DO35118	12	1.36800371549809	rloop_tts	ICGC_Pancreatic	tts	rloop
total_Indel	DO35126	0	0	rloop_tts	ICGC_Pancreatic	tts	rloop
total_Indel	DO35128	0	0	rloop_tts	ICGC_Pancreatic	tts	rloop
total_Indel	DO35132	0	0	rloop_tts	ICGC_Pancreatic	tts	rloop
total_Indel	DO35136	1	0.114000309624841	rloop_tts	ICGC_Pancreatic	tts	rloop
total_Indel	DO35138	0	0	rloop_tts	ICGC_Pancreatic	tts	rloop
total_Indel	DO35144	1	0.114000309624841	rloop_tts	ICGC_Pancreatic	tts	rloop
total_Indel	DO35148	0	0	rloop_tts	ICGC_Pancreatic	tts	rloop
total_Indel	DO35152	1	0.114000309624841	rloop_tts	ICGC_Pancreatic	tts	rloop
total_Indel	DO35184	1	0.114000309624841	rloop_tts	ICGC_Pancreatic	tts	rloop
total_Indel	DO35186	1	0.114000309624841	rloop_tts	ICGC_Pancreatic	tts	rloop
total_Indel	DO35198	0	0	rloop_tts	ICGC_Pancreatic	tts	rloop
total_Indel	DO35200	0	0	rloop_tts	ICGC_Pancreatic	tts	rloop
total_Indel	DO35216	0	0	rloop_tts	ICGC_Pancreatic	tts	rloop
total_Indel	DO35222	0	0	rloop_tts	ICGC_Pancreatic	tts	rloop
total_Indel	DO35228	0	0	rloop_tts	ICGC_Pancreatic	tts	rloop
total_Indel	DO35230	1	0.114000309624841	rloop_tts	ICGC_Pancreatic	tts	rloop
total_Indel	DO35236	1	0.114000309624841	rloop_tts	ICGC_Pancreatic	tts	rloop
total_Indel	DO35258	2	0.228000619249682	rloop_tts	ICGC_Pancreatic	tts	rloop
total_Indel	DO35290	3	0.342000928874523	rloop_tts	ICGC_Pancreatic	tts	rloop
total_Indel	DO35305	0	0	rloop_tts	ICGC_Pancreatic	tts	rloop
total_Indel	DO35330	0	0	rloop_tts	ICGC_Pancreatic	tts	rloop
total_Indel	DO35350	2	0.228000619249682	rloop_tts	ICGC_Pancreatic	tts	rloop
total_Indel	DO35360	1	0.114000309624841	rloop_tts	ICGC_Pancreatic	tts	rloop
total_Indel	DO35376	0	0	rloop_tts	ICGC_Pancreatic	tts	rloop
total_Indel	DO35406	0	0	rloop_tts	ICGC_Pancreatic	tts	rloop
total_Indel	DO35424	3	0.342000928874523	rloop_tts	ICGC_Pancreatic	tts	rloop
total_Indel	DO35442	9	1.02600278662357	rloop_tts	ICGC_Pancreatic	tts	rloop
total_Indel	DO35454	0	0	rloop_tts	ICGC_Pancreatic	tts	rloop
total_Indel	DO35496	1	0.114000309624841	rloop_tts	ICGC_Pancreatic	tts	rloop
total_Indel	DO49074	0	0	rloop_tts	ICGC_Pancreatic	tts	rloop
total_Indel	DO49076	2	0.228000619249682	rloop_tts	ICGC_Pancreatic	tts	rloop
total_Indel	DO49078	0	0	rloop_tts	ICGC_Pancreatic	tts	rloop
total_Indel	DO49079	0	0	rloop_tts	ICGC_Pancreatic	tts	rloop
total_Indel	DO49080	1	0.114000309624841	rloop_tts	ICGC_Pancreatic	tts	rloop
total_Indel	DO49087	1	0.114000309624841	rloop_tts	ICGC_Pancreatic	tts	rloop
total_Indel	DO49090	2	0.228000619249682	rloop_tts	ICGC_Pancreatic	tts	rloop
total_Indel	DO49113	1	0.114000309624841	rloop_tts	ICGC_Pancreatic	tts	rloop
total_Indel	DO49127	0	0	rloop_tts	ICGC_Pancreatic	tts	rloop
total_Indel	DO49129	0	0	rloop_tts	ICGC_Pancreatic	tts	rloop
total_Indel	DO49135	4	0.456001238499364	rloop_tts	ICGC_Pancreatic	tts	rloop
total_Indel	DO49137	1	0.114000309624841	rloop_tts	ICGC_Pancreatic	tts	rloop
total_Indel	DO49138	1	0.114000309624841	rloop_tts	ICGC_Pancreatic	tts	rloop
total_Indel	DO49166	0	0	rloop_tts	ICGC_Pancreatic	tts	rloop
total_Indel	DO49168	0	0	rloop_tts	ICGC_Pancreatic	tts	rloop
total_Indel	DO49172	2	0.228000619249682	rloop_tts	ICGC_Pancreatic	tts	rloop
total_Indel	DO49178	0	0	rloop_tts	ICGC_Pancreatic	tts	rloop
total_Indel	DO49181	0	0	rloop_tts	ICGC_Pancreatic	tts	rloop
total_Indel	DO49183	3	0.342000928874523	rloop_tts	ICGC_Pancreatic	tts	rloop
total_Indel	DO49184	2	0.228000619249682	rloop_tts	ICGC_Pancreatic	tts	rloop
total_Indel	DO49193	0	0	rloop_tts	ICGC_Pancreatic	tts	rloop
total_Indel	DO49204	1	0.114000309624841	rloop_tts	ICGC_Pancreatic	tts	rloop
total_Indel	DO49418	0	0	rloop_tts	ICGC_Pancreatic	tts	rloop
total_Indel	DO49419	5	0.570001548124205	rloop_tts	ICGC_Pancreatic	tts	rloop
total_Indel	DO49420	0	0	rloop_tts	ICGC_Pancreatic	tts	rloop
total_Indel	DO49421	1	0.114000309624841	rloop_tts	ICGC_Pancreatic	tts	rloop
total_Indel	DO49422	2	0.228000619249682	rloop_tts	ICGC_Pancreatic	tts	rloop
total_Indel	DO49424	1	0.114000309624841	rloop_tts	ICGC_Pancreatic	tts	rloop
total_Indel	DO49427	0	0	rloop_tts	ICGC_Pancreatic	tts	rloop
total_Indel	DO49430	3	0.342000928874523	rloop_tts	ICGC_Pancreatic	tts	rloop
total_Indel	DO49433	1	0.114000309624841	rloop_tts	ICGC_Pancreatic	tts	rloop
total_Indel	DO49436	1	0.114000309624841	rloop_tts	ICGC_Pancreatic	tts	rloop
total_Indel	DO49439	2	0.228000619249682	rloop_tts	ICGC_Pancreatic	tts	rloop
total_Indel	DO49442	3	0.342000928874523	rloop_tts	ICGC_Pancreatic	tts	rloop
total_Indel	DO49445	1	0.114000309624841	rloop_tts	ICGC_Pancreatic	tts	rloop
total_Indel	DO49448	0	0	rloop_tts	ICGC_Pancreatic	tts	rloop
total_Indel	DO49451	1	0.114000309624841	rloop_tts	ICGC_Pancreatic	tts	rloop
total_Indel	DO49454	0	0	rloop_tts	ICGC_Pancreatic	tts	rloop
total_Indel	DO49457	1	0.114000309624841	rloop_tts	ICGC_Pancreatic	tts	rloop
total_Indel	DO49460	1	0.114000309624841	rloop_tts	ICGC_Pancreatic	tts	rloop
total_Indel	DO49463	2	0.228000619249682	rloop_tts	ICGC_Pancreatic	tts	rloop
total_Indel	DO49466	0	0	rloop_tts	ICGC_Pancreatic	tts	rloop
total_Indel	DO49478	3	0.342000928874523	rloop_tts	ICGC_Pancreatic	tts	rloop
total_Indel	DO49481	0	0	rloop_tts	ICGC_Pancreatic	tts	rloop
total_Indel	DO49484	4	0.456001238499364	rloop_tts	ICGC_Pancreatic	tts	rloop
total_Indel	DO51465	4	0.456001238499364	rloop_tts	ICGC_Pancreatic	tts	rloop
total_Indel	DO51466	0	0	rloop_tts	ICGC_Pancreatic	tts	rloop
total_Indel	DO51467	2	0.228000619249682	rloop_tts	ICGC_Pancreatic	tts	rloop
total_Indel	DO51468	1	0.114000309624841	rloop_tts	ICGC_Pancreatic	tts	rloop
total_Indel	DO51469	1	0.114000309624841	rloop_tts	ICGC_Pancreatic	tts	rloop
total_Indel	DO51470	2	0.228000619249682	rloop_tts	ICGC_Pancreatic	tts	rloop
total_Indel	DO51472	2	0.228000619249682	rloop_tts	ICGC_Pancreatic	tts	rloop
total_Indel	DO51473	0	0	rloop_tts	ICGC_Pancreatic	tts	rloop
total_Indel	DO51474	52	5.92801610049173	rloop_tts	ICGC_Pancreatic	tts	rloop
total_Indel	DO51475	1	0.114000309624841	rloop_tts	ICGC_Pancreatic	tts	rloop
total_Indel	DO51476	0	0	rloop_tts	ICGC_Pancreatic	tts	rloop
total_Indel	DO51477	1	0.114000309624841	rloop_tts	ICGC_Pancreatic	tts	rloop
total_Indel	DO51478	3	0.342000928874523	rloop_tts	ICGC_Pancreatic	tts	rloop
total_Indel	DO51479	0	0	rloop_tts	ICGC_Pancreatic	tts	rloop
total_Indel	DO51480	1	0.114000309624841	rloop_tts	ICGC_Pancreatic	tts	rloop
total_Indel	DO51481	1	0.114000309624841	rloop_tts	ICGC_Pancreatic	tts	rloop
total_Indel	DO51483	2	0.228000619249682	rloop_tts	ICGC_Pancreatic	tts	rloop
total_Indel	DO51484	0	0	rloop_tts	ICGC_Pancreatic	tts	rloop
total_Indel	DO51485	4	0.456001238499364	rloop_tts	ICGC_Pancreatic	tts	rloop
total_Indel	DO51486	2	0.228000619249682	rloop_tts	ICGC_Pancreatic	tts	rloop
total_Indel	DO51487	1	0.114000309624841	rloop_tts	ICGC_Pancreatic	tts	rloop
total_Indel	DO51489	2	0.228000619249682	rloop_tts	ICGC_Pancreatic	tts	rloop
total_Indel	DO51490	0	0	rloop_tts	ICGC_Pancreatic	tts	rloop
total_Indel	DO51491	5	0.570001548124205	rloop_tts	ICGC_Pancreatic	tts	rloop
total_Indel	DO51492	1	0.114000309624841	rloop_tts	ICGC_Pancreatic	tts	rloop
total_Indel	DO51493	2	0.228000619249682	rloop_tts	ICGC_Pancreatic	tts	rloop
total_Indel	DO51494	2	0.228000619249682	rloop_tts	ICGC_Pancreatic	tts	rloop
total_Indel	DO51495	1	0.114000309624841	rloop_tts	ICGC_Pancreatic	tts	rloop
total_Indel	DO51496	3	0.342000928874523	rloop_tts	ICGC_Pancreatic	tts	rloop
total_Indel	DO51497	0	0	rloop_tts	ICGC_Pancreatic	tts	rloop
total_Indel	DO51498	2	0.228000619249682	rloop_tts	ICGC_Pancreatic	tts	rloop
total_Indel	DO51499	0	0	rloop_tts	ICGC_Pancreatic	tts	rloop
total_Indel	DO51500	1	0.114000309624841	rloop_tts	ICGC_Pancreatic	tts	rloop
total_Indel	DO51501	2	0.228000619249682	rloop_tts	ICGC_Pancreatic	tts	rloop
total_Indel	DO51502	0	0	rloop_tts	ICGC_Pancreatic	tts	rloop
total_Indel	DO51503	2	0.228000619249682	rloop_tts	ICGC_Pancreatic	tts	rloop
total_Indel	DO51504	0	0	rloop_tts	ICGC_Pancreatic	tts	rloop
total_Indel	DO51505	0	0	rloop_tts	ICGC_Pancreatic	tts	rloop
total_Indel	DO51506	2	0.228000619249682	rloop_tts	ICGC_Pancreatic	tts	rloop
total_Indel	DO51507	1	0.114000309624841	rloop_tts	ICGC_Pancreatic	tts	rloop
total_Indel	DO51508	0	0	rloop_tts	ICGC_Pancreatic	tts	rloop
total_Indel	DO51509	1	0.114000309624841	rloop_tts	ICGC_Pancreatic	tts	rloop
total_Indel	DO51510	4	0.456001238499364	rloop_tts	ICGC_Pancreatic	tts	rloop
total_Indel	DO51511	3	0.342000928874523	rloop_tts	ICGC_Pancreatic	tts	rloop
total_Indel	DO51512	0	0	rloop_tts	ICGC_Pancreatic	tts	rloop
total_Indel	DO51513	1	0.114000309624841	rloop_tts	ICGC_Pancreatic	tts	rloop
total_Indel	DO51514	1	0.114000309624841	rloop_tts	ICGC_Pancreatic	tts	rloop
total_Indel	DO51515	4	0.456001238499364	rloop_tts	ICGC_Pancreatic	tts	rloop
total_Indel	DO51518	1	0.114000309624841	rloop_tts	ICGC_Pancreatic	tts	rloop
total_Indel	DO51519	0	0	rloop_tts	ICGC_Pancreatic	tts	rloop
total_Indel	DO51520	3	0.342000928874523	rloop_tts	ICGC_Pancreatic	tts	rloop
total_Indel	DO51521	0	0	rloop_tts	ICGC_Pancreatic	tts	rloop
total_Indel	DO51522	2	0.228000619249682	rloop_tts	ICGC_Pancreatic	tts	rloop
total_Indel	DO51523	1	0.114000309624841	rloop_tts	ICGC_Pancreatic	tts	rloop
total_Indel	DO51524	1	0.114000309624841	rloop_tts	ICGC_Pancreatic	tts	rloop
total_Indel	DO51525	0	0	rloop_tts	ICGC_Pancreatic	tts	rloop
total_Indel	DO51527	0	0	rloop_tts	ICGC_Pancreatic	tts	rloop
total_Indel	DO51528	0	0	rloop_tts	ICGC_Pancreatic	tts	rloop
total_Indel	DO51529	1	0.114000309624841	rloop_tts	ICGC_Pancreatic	tts	rloop
total_Indel	DO51530	4	0.456001238499364	rloop_tts	ICGC_Pancreatic	tts	rloop
total_Indel	DO51531	0	0	rloop_tts	ICGC_Pancreatic	tts	rloop
total_Indel	DO51532	0	0	rloop_tts	ICGC_Pancreatic	tts	rloop
total_Indel	DO51533	2	0.228000619249682	rloop_tts	ICGC_Pancreatic	tts	rloop
total_Indel	DO51534	0	0	rloop_tts	ICGC_Pancreatic	tts	rloop
total_Indel	DO51535	1	0.114000309624841	rloop_tts	ICGC_Pancreatic	tts	rloop
total_Indel	DO51536	1	0.114000309624841	rloop_tts	ICGC_Pancreatic	tts	rloop
total_Indel	DO51537	4	0.456001238499364	rloop_tts	ICGC_Pancreatic	tts	rloop
total_Indel	DO51538	0	0	rloop_tts	ICGC_Pancreatic	tts	rloop
total_Indel	DO51540	1	0.114000309624841	rloop_tts	ICGC_Pancreatic	tts	rloop
total_Indel	DO51541	3	0.342000928874523	rloop_tts	ICGC_Pancreatic	tts	rloop
total_Indel	DO51542	0	0	rloop_tts	ICGC_Pancreatic	tts	rloop
total_Indel	DO51543	1	0.114000309624841	rloop_tts	ICGC_Pancreatic	tts	rloop
total_Indel	DO51544	1	0.114000309624841	rloop_tts	ICGC_Pancreatic	tts	rloop
total_Indel	DO51546	0	0	rloop_tts	ICGC_Pancreatic	tts	rloop
total_Indel	DO51548	1	0.114000309624841	rloop_tts	ICGC_Pancreatic	tts	rloop
total_Indel	DO51549	1	0.114000309624841	rloop_tts	ICGC_Pancreatic	tts	rloop
total_long_simple_indel	DO221539	1	0.114000309624841	rloop_tts	ICGC_Pancreatic	tts	rloop
total_long_simple_indel	DO221540	0	0	rloop_tts	ICGC_Pancreatic	tts	rloop
total_long_simple_indel	DO221541	0	0	rloop_tts	ICGC_Pancreatic	tts	rloop
total_long_simple_indel	DO221542	0	0	rloop_tts	ICGC_Pancreatic	tts	rloop
total_long_simple_indel	DO221543	2	0.228000619249682	rloop_tts	ICGC_Pancreatic	tts	rloop
total_long_simple_indel	DO221544	2	0.228000619249682	rloop_tts	ICGC_Pancreatic	tts	rloop
total_long_simple_indel	DO221545	2	0.228000619249682	rloop_tts	ICGC_Pancreatic	tts	rloop
total_long_simple_indel	DO221546	0	0	rloop_tts	ICGC_Pancreatic	tts	rloop
total_long_simple_indel	DO221547	2	0.228000619249682	rloop_tts	ICGC_Pancreatic	tts	rloop
total_long_simple_indel	DO32831	3	0.342000928874523	rloop_tts	ICGC_Pancreatic	tts	rloop
total_long_simple_indel	DO32833	0	0	rloop_tts	ICGC_Pancreatic	tts	rloop
total_long_simple_indel	DO32837	0	0	rloop_tts	ICGC_Pancreatic	tts	rloop
total_long_simple_indel	DO32860	0	0	rloop_tts	ICGC_Pancreatic	tts	rloop
total_long_simple_indel	DO32863	0	0	rloop_tts	ICGC_Pancreatic	tts	rloop
total_long_simple_indel	DO32875	0	0	rloop_tts	ICGC_Pancreatic	tts	rloop
total_long_simple_indel	DO32878	1	0.114000309624841	rloop_tts	ICGC_Pancreatic	tts	rloop
total_long_simple_indel	DO32893	0	0	rloop_tts	ICGC_Pancreatic	tts	rloop
total_long_simple_indel	DO32900	1	0.114000309624841	rloop_tts	ICGC_Pancreatic	tts	rloop
total_long_simple_indel	DO32916	1	0.114000309624841	rloop_tts	ICGC_Pancreatic	tts	rloop
total_long_simple_indel	DO32960	0	0	rloop_tts	ICGC_Pancreatic	tts	rloop
total_long_simple_indel	DO32972	0	0	rloop_tts	ICGC_Pancreatic	tts	rloop
total_long_simple_indel	DO32976	1	0.114000309624841	rloop_tts	ICGC_Pancreatic	tts	rloop
total_long_simple_indel	DO32980	0	0	rloop_tts	ICGC_Pancreatic	tts	rloop
total_long_simple_indel	DO32984	0	0	rloop_tts	ICGC_Pancreatic	tts	rloop
total_long_simple_indel	DO33000	0	0	rloop_tts	ICGC_Pancreatic	tts	rloop
total_long_simple_indel	DO33008	1	0.114000309624841	rloop_tts	ICGC_Pancreatic	tts	rloop
total_long_simple_indel	DO33016	0	0	rloop_tts	ICGC_Pancreatic	tts	rloop
total_long_simple_indel	DO33028	0	0	rloop_tts	ICGC_Pancreatic	tts	rloop
total_long_simple_indel	DO33032	1	0.114000309624841	rloop_tts	ICGC_Pancreatic	tts	rloop
total_long_simple_indel	DO33042	0	0	rloop_tts	ICGC_Pancreatic	tts	rloop
total_long_simple_indel	DO33077	1	0.114000309624841	rloop_tts	ICGC_Pancreatic	tts	rloop
total_long_simple_indel	DO33128	0	0	rloop_tts	ICGC_Pancreatic	tts	rloop
total_long_simple_indel	DO33152	0	0	rloop_tts	ICGC_Pancreatic	tts	rloop
total_long_simple_indel	DO33160	0	0	rloop_tts	ICGC_Pancreatic	tts	rloop
total_long_simple_indel	DO33168	0	0	rloop_tts	ICGC_Pancreatic	tts	rloop
total_long_simple_indel	DO33184	1	0.114000309624841	rloop_tts	ICGC_Pancreatic	tts	rloop
total_long_simple_indel	DO33200	1	0.114000309624841	rloop_tts	ICGC_Pancreatic	tts	rloop
total_long_simple_indel	DO33208	0	0	rloop_tts	ICGC_Pancreatic	tts	rloop
total_long_simple_indel	DO33248	0	0	rloop_tts	ICGC_Pancreatic	tts	rloop
total_long_simple_indel	DO33264	0	0	rloop_tts	ICGC_Pancreatic	tts	rloop
total_long_simple_indel	DO33288	1	0.114000309624841	rloop_tts	ICGC_Pancreatic	tts	rloop
total_long_simple_indel	DO33344	1	0.114000309624841	rloop_tts	ICGC_Pancreatic	tts	rloop
total_long_simple_indel	DO33368	0	0	rloop_tts	ICGC_Pancreatic	tts	rloop
total_long_simple_indel	DO33376	0	0	rloop_tts	ICGC_Pancreatic	tts	rloop
total_long_simple_indel	DO33392	0	0	rloop_tts	ICGC_Pancreatic	tts	rloop
total_long_simple_indel	DO33400	1	0.114000309624841	rloop_tts	ICGC_Pancreatic	tts	rloop
total_long_simple_indel	DO33408	0	0	rloop_tts	ICGC_Pancreatic	tts	rloop
total_long_simple_indel	DO33472	0	0	rloop_tts	ICGC_Pancreatic	tts	rloop
total_long_simple_indel	DO33480	1	0.114000309624841	rloop_tts	ICGC_Pancreatic	tts	rloop
total_long_simple_indel	DO33488	0	0	rloop_tts	ICGC_Pancreatic	tts	rloop
total_long_simple_indel	DO33512	1	0.114000309624841	rloop_tts	ICGC_Pancreatic	tts	rloop
total_long_simple_indel	DO33544	0	0	rloop_tts	ICGC_Pancreatic	tts	rloop
total_long_simple_indel	DO33552	2	0.228000619249682	rloop_tts	ICGC_Pancreatic	tts	rloop
total_long_simple_indel	DO33600	0	0	rloop_tts	ICGC_Pancreatic	tts	rloop
total_long_simple_indel	DO33960	0	0	rloop_tts	ICGC_Pancreatic	tts	rloop
total_long_simple_indel	DO33984	1	0.114000309624841	rloop_tts	ICGC_Pancreatic	tts	rloop
total_long_simple_indel	DO34264	1	0.114000309624841	rloop_tts	ICGC_Pancreatic	tts	rloop
total_long_simple_indel	DO34288	0	0	rloop_tts	ICGC_Pancreatic	tts	rloop
total_long_simple_indel	DO34312	0	0	rloop_tts	ICGC_Pancreatic	tts	rloop
total_long_simple_indel	DO34336	1	0.114000309624841	rloop_tts	ICGC_Pancreatic	tts	rloop
total_long_simple_indel	DO34432	0	0	rloop_tts	ICGC_Pancreatic	tts	rloop
total_long_simple_indel	DO34448	0	0	rloop_tts	ICGC_Pancreatic	tts	rloop
total_long_simple_indel	DO34504	0	0	rloop_tts	ICGC_Pancreatic	tts	rloop
total_long_simple_indel	DO34600	1	0.114000309624841	rloop_tts	ICGC_Pancreatic	tts	rloop
total_long_simple_indel	DO34608	0	0	rloop_tts	ICGC_Pancreatic	tts	rloop
total_long_simple_indel	DO34616	0	0	rloop_tts	ICGC_Pancreatic	tts	rloop
total_long_simple_indel	DO34640	2	0.228000619249682	rloop_tts	ICGC_Pancreatic	tts	rloop
total_long_simple_indel	DO34656	0	0	rloop_tts	ICGC_Pancreatic	tts	rloop
total_long_simple_indel	DO34680	3	0.342000928874523	rloop_tts	ICGC_Pancreatic	tts	rloop
total_long_simple_indel	DO34696	1	0.114000309624841	rloop_tts	ICGC_Pancreatic	tts	rloop
total_long_simple_indel	DO34720	0	0	rloop_tts	ICGC_Pancreatic	tts	rloop
total_long_simple_indel	DO34728	0	0	rloop_tts	ICGC_Pancreatic	tts	rloop
total_long_simple_indel	DO34736	1	0.114000309624841	rloop_tts	ICGC_Pancreatic	tts	rloop
total_long_simple_indel	DO34785	0	0	rloop_tts	ICGC_Pancreatic	tts	rloop
total_long_simple_indel	DO34793	0	0	rloop_tts	ICGC_Pancreatic	tts	rloop
total_long_simple_indel	DO34801	0	0	rloop_tts	ICGC_Pancreatic	tts	rloop
total_long_simple_indel	DO34809	1	0.114000309624841	rloop_tts	ICGC_Pancreatic	tts	rloop
total_long_simple_indel	DO34817	1	0.114000309624841	rloop_tts	ICGC_Pancreatic	tts	rloop
total_long_simple_indel	DO34849	0	0	rloop_tts	ICGC_Pancreatic	tts	rloop
total_long_simple_indel	DO34905	3	0.342000928874523	rloop_tts	ICGC_Pancreatic	tts	rloop
total_long_simple_indel	DO34961	0	0	rloop_tts	ICGC_Pancreatic	tts	rloop
total_long_simple_indel	DO35082	0	0	rloop_tts	ICGC_Pancreatic	tts	rloop
total_long_simple_indel	DO35083	13	1.48200402512293	rloop_tts	ICGC_Pancreatic	tts	rloop
total_long_simple_indel	DO35085	1	0.114000309624841	rloop_tts	ICGC_Pancreatic	tts	rloop
total_long_simple_indel	DO35098	0	0	rloop_tts	ICGC_Pancreatic	tts	rloop
total_long_simple_indel	DO35114	0	0	rloop_tts	ICGC_Pancreatic	tts	rloop
total_long_simple_indel	DO35116	0	0	rloop_tts	ICGC_Pancreatic	tts	rloop
total_long_simple_indel	DO35118	0	0	rloop_tts	ICGC_Pancreatic	tts	rloop
total_long_simple_indel	DO35126	0	0	rloop_tts	ICGC_Pancreatic	tts	rloop
total_long_simple_indel	DO35128	0	0	rloop_tts	ICGC_Pancreatic	tts	rloop
total_long_simple_indel	DO35132	0	0	rloop_tts	ICGC_Pancreatic	tts	rloop
total_long_simple_indel	DO35136	1	0.114000309624841	rloop_tts	ICGC_Pancreatic	tts	rloop
total_long_simple_indel	DO35138	0	0	rloop_tts	ICGC_Pancreatic	tts	rloop
total_long_simple_indel	DO35144	0	0	rloop_tts	ICGC_Pancreatic	tts	rloop
total_long_simple_indel	DO35148	0	0	rloop_tts	ICGC_Pancreatic	tts	rloop
total_long_simple_indel	DO35152	0	0	rloop_tts	ICGC_Pancreatic	tts	rloop
total_long_simple_indel	DO35184	1	0.114000309624841	rloop_tts	ICGC_Pancreatic	tts	rloop
total_long_simple_indel	DO35186	0	0	rloop_tts	ICGC_Pancreatic	tts	rloop
total_long_simple_indel	DO35198	0	0	rloop_tts	ICGC_Pancreatic	tts	rloop
total_long_simple_indel	DO35200	0	0	rloop_tts	ICGC_Pancreatic	tts	rloop
total_long_simple_indel	DO35216	0	0	rloop_tts	ICGC_Pancreatic	tts	rloop
total_long_simple_indel	DO35222	0	0	rloop_tts	ICGC_Pancreatic	tts	rloop
total_long_simple_indel	DO35228	0	0	rloop_tts	ICGC_Pancreatic	tts	rloop
total_long_simple_indel	DO35230	0	0	rloop_tts	ICGC_Pancreatic	tts	rloop
total_long_simple_indel	DO35236	0	0	rloop_tts	ICGC_Pancreatic	tts	rloop
total_long_simple_indel	DO35258	0	0	rloop_tts	ICGC_Pancreatic	tts	rloop
total_long_simple_indel	DO35290	1	0.114000309624841	rloop_tts	ICGC_Pancreatic	tts	rloop
total_long_simple_indel	DO35305	0	0	rloop_tts	ICGC_Pancreatic	tts	rloop
total_long_simple_indel	DO35330	0	0	rloop_tts	ICGC_Pancreatic	tts	rloop
total_long_simple_indel	DO35350	1	0.114000309624841	rloop_tts	ICGC_Pancreatic	tts	rloop
total_long_simple_indel	DO35360	0	0	rloop_tts	ICGC_Pancreatic	tts	rloop
total_long_simple_indel	DO35376	0	0	rloop_tts	ICGC_Pancreatic	tts	rloop
total_long_simple_indel	DO35406	0	0	rloop_tts	ICGC_Pancreatic	tts	rloop
total_long_simple_indel	DO35424	2	0.228000619249682	rloop_tts	ICGC_Pancreatic	tts	rloop
total_long_simple_indel	DO35442	1	0.114000309624841	rloop_tts	ICGC_Pancreatic	tts	rloop
total_long_simple_indel	DO35454	0	0	rloop_tts	ICGC_Pancreatic	tts	rloop
total_long_simple_indel	DO35496	1	0.114000309624841	rloop_tts	ICGC_Pancreatic	tts	rloop
total_long_simple_indel	DO49074	0	0	rloop_tts	ICGC_Pancreatic	tts	rloop
total_long_simple_indel	DO49076	0	0	rloop_tts	ICGC_Pancreatic	tts	rloop
total_long_simple_indel	DO49078	0	0	rloop_tts	ICGC_Pancreatic	tts	rloop
total_long_simple_indel	DO49079	0	0	rloop_tts	ICGC_Pancreatic	tts	rloop
total_long_simple_indel	DO49080	1	0.114000309624841	rloop_tts	ICGC_Pancreatic	tts	rloop
total_long_simple_indel	DO49087	1	0.114000309624841	rloop_tts	ICGC_Pancreatic	tts	rloop
total_long_simple_indel	DO49090	1	0.114000309624841	rloop_tts	ICGC_Pancreatic	tts	rloop
total_long_simple_indel	DO49113	0	0	rloop_tts	ICGC_Pancreatic	tts	rloop
total_long_simple_indel	DO49127	0	0	rloop_tts	ICGC_Pancreatic	tts	rloop
total_long_simple_indel	DO49129	0	0	rloop_tts	ICGC_Pancreatic	tts	rloop
total_long_simple_indel	DO49135	2	0.228000619249682	rloop_tts	ICGC_Pancreatic	tts	rloop
total_long_simple_indel	DO49137	0	0	rloop_tts	ICGC_Pancreatic	tts	rloop
total_long_simple_indel	DO49138	0	0	rloop_tts	ICGC_Pancreatic	tts	rloop
total_long_simple_indel	DO49166	0	0	rloop_tts	ICGC_Pancreatic	tts	rloop
total_long_simple_indel	DO49168	0	0	rloop_tts	ICGC_Pancreatic	tts	rloop
total_long_simple_indel	DO49172	0	0	rloop_tts	ICGC_Pancreatic	tts	rloop
total_long_simple_indel	DO49178	0	0	rloop_tts	ICGC_Pancreatic	tts	rloop
total_long_simple_indel	DO49181	0	0	rloop_tts	ICGC_Pancreatic	tts	rloop
total_long_simple_indel	DO49183	0	0	rloop_tts	ICGC_Pancreatic	tts	rloop
total_long_simple_indel	DO49184	0	0	rloop_tts	ICGC_Pancreatic	tts	rloop
total_long_simple_indel	DO49193	0	0	rloop_tts	ICGC_Pancreatic	tts	rloop
total_long_simple_indel	DO49204	0	0	rloop_tts	ICGC_Pancreatic	tts	rloop
total_long_simple_indel	DO49418	0	0	rloop_tts	ICGC_Pancreatic	tts	rloop
total_long_simple_indel	DO49419	3	0.342000928874523	rloop_tts	ICGC_Pancreatic	tts	rloop
total_long_simple_indel	DO49420	0	0	rloop_tts	ICGC_Pancreatic	tts	rloop
total_long_simple_indel	DO49421	0	0	rloop_tts	ICGC_Pancreatic	tts	rloop
total_long_simple_indel	DO49422	0	0	rloop_tts	ICGC_Pancreatic	tts	rloop
total_long_simple_indel	DO49424	1	0.114000309624841	rloop_tts	ICGC_Pancreatic	tts	rloop
total_long_simple_indel	DO49427	0	0	rloop_tts	ICGC_Pancreatic	tts	rloop
total_long_simple_indel	DO49430	0	0	rloop_tts	ICGC_Pancreatic	tts	rloop
total_long_simple_indel	DO49433	0	0	rloop_tts	ICGC_Pancreatic	tts	rloop
total_long_simple_indel	DO49436	0	0	rloop_tts	ICGC_Pancreatic	tts	rloop
total_long_simple_indel	DO49439	0	0	rloop_tts	ICGC_Pancreatic	tts	rloop
total_long_simple_indel	DO49442	0	0	rloop_tts	ICGC_Pancreatic	tts	rloop
total_long_simple_indel	DO49445	0	0	rloop_tts	ICGC_Pancreatic	tts	rloop
total_long_simple_indel	DO49448	0	0	rloop_tts	ICGC_Pancreatic	tts	rloop
total_long_simple_indel	DO49451	0	0	rloop_tts	ICGC_Pancreatic	tts	rloop
total_long_simple_indel	DO49454	0	0	rloop_tts	ICGC_Pancreatic	tts	rloop
total_long_simple_indel	DO49457	1	0.114000309624841	rloop_tts	ICGC_Pancreatic	tts	rloop
total_long_simple_indel	DO49460	1	0.114000309624841	rloop_tts	ICGC_Pancreatic	tts	rloop
total_long_simple_indel	DO49463	1	0.114000309624841	rloop_tts	ICGC_Pancreatic	tts	rloop
total_long_simple_indel	DO49466	0	0	rloop_tts	ICGC_Pancreatic	tts	rloop
total_long_simple_indel	DO49478	1	0.114000309624841	rloop_tts	ICGC_Pancreatic	tts	rloop
total_long_simple_indel	DO49481	0	0	rloop_tts	ICGC_Pancreatic	tts	rloop
total_long_simple_indel	DO49484	2	0.228000619249682	rloop_tts	ICGC_Pancreatic	tts	rloop
total_long_simple_indel	DO51465	0	0	rloop_tts	ICGC_Pancreatic	tts	rloop
total_long_simple_indel	DO51466	0	0	rloop_tts	ICGC_Pancreatic	tts	rloop
total_long_simple_indel	DO51467	2	0.228000619249682	rloop_tts	ICGC_Pancreatic	tts	rloop
total_long_simple_indel	DO51468	0	0	rloop_tts	ICGC_Pancreatic	tts	rloop
total_long_simple_indel	DO51469	1	0.114000309624841	rloop_tts	ICGC_Pancreatic	tts	rloop
total_long_simple_indel	DO51470	1	0.114000309624841	rloop_tts	ICGC_Pancreatic	tts	rloop
total_long_simple_indel	DO51472	0	0	rloop_tts	ICGC_Pancreatic	tts	rloop
total_long_simple_indel	DO51473	0	0	rloop_tts	ICGC_Pancreatic	tts	rloop
total_long_simple_indel	DO51474	2	0.228000619249682	rloop_tts	ICGC_Pancreatic	tts	rloop
total_long_simple_indel	DO51475	0	0	rloop_tts	ICGC_Pancreatic	tts	rloop
total_long_simple_indel	DO51476	0	0	rloop_tts	ICGC_Pancreatic	tts	rloop
total_long_simple_indel	DO51477	1	0.114000309624841	rloop_tts	ICGC_Pancreatic	tts	rloop
total_long_simple_indel	DO51478	1	0.114000309624841	rloop_tts	ICGC_Pancreatic	tts	rloop
total_long_simple_indel	DO51479	0	0	rloop_tts	ICGC_Pancreatic	tts	rloop
total_long_simple_indel	DO51480	0	0	rloop_tts	ICGC_Pancreatic	tts	rloop
total_long_simple_indel	DO51481	0	0	rloop_tts	ICGC_Pancreatic	tts	rloop
total_long_simple_indel	DO51483	1	0.114000309624841	rloop_tts	ICGC_Pancreatic	tts	rloop
total_long_simple_indel	DO51484	0	0	rloop_tts	ICGC_Pancreatic	tts	rloop
total_long_simple_indel	DO51485	1	0.114000309624841	rloop_tts	ICGC_Pancreatic	tts	rloop
total_long_simple_indel	DO51486	0	0	rloop_tts	ICGC_Pancreatic	tts	rloop
total_long_simple_indel	DO51487	1	0.114000309624841	rloop_tts	ICGC_Pancreatic	tts	rloop
total_long_simple_indel	DO51489	0	0	rloop_tts	ICGC_Pancreatic	tts	rloop
total_long_simple_indel	DO51490	0	0	rloop_tts	ICGC_Pancreatic	tts	rloop
total_long_simple_indel	DO51491	1	0.114000309624841	rloop_tts	ICGC_Pancreatic	tts	rloop
total_long_simple_indel	DO51492	0	0	rloop_tts	ICGC_Pancreatic	tts	rloop
total_long_simple_indel	DO51493	0	0	rloop_tts	ICGC_Pancreatic	tts	rloop
total_long_simple_indel	DO51494	1	0.114000309624841	rloop_tts	ICGC_Pancreatic	tts	rloop
total_long_simple_indel	DO51495	0	0	rloop_tts	ICGC_Pancreatic	tts	rloop
total_long_simple_indel	DO51496	2	0.228000619249682	rloop_tts	ICGC_Pancreatic	tts	rloop
total_long_simple_indel	DO51497	0	0	rloop_tts	ICGC_Pancreatic	tts	rloop
total_long_simple_indel	DO51498	0	0	rloop_tts	ICGC_Pancreatic	tts	rloop
total_long_simple_indel	DO51499	0	0	rloop_tts	ICGC_Pancreatic	tts	rloop
total_long_simple_indel	DO51500	0	0	rloop_tts	ICGC_Pancreatic	tts	rloop
total_long_simple_indel	DO51501	0	0	rloop_tts	ICGC_Pancreatic	tts	rloop
total_long_simple_indel	DO51502	0	0	rloop_tts	ICGC_Pancreatic	tts	rloop
total_long_simple_indel	DO51503	1	0.114000309624841	rloop_tts	ICGC_Pancreatic	tts	rloop
total_long_simple_indel	DO51504	0	0	rloop_tts	ICGC_Pancreatic	tts	rloop
total_long_simple_indel	DO51505	0	0	rloop_tts	ICGC_Pancreatic	tts	rloop
total_long_simple_indel	DO51506	0	0	rloop_tts	ICGC_Pancreatic	tts	rloop
total_long_simple_indel	DO51507	1	0.114000309624841	rloop_tts	ICGC_Pancreatic	tts	rloop
total_long_simple_indel	DO51508	0	0	rloop_tts	ICGC_Pancreatic	tts	rloop
total_long_simple_indel	DO51509	0	0	rloop_tts	ICGC_Pancreatic	tts	rloop
total_long_simple_indel	DO51510	2	0.228000619249682	rloop_tts	ICGC_Pancreatic	tts	rloop
total_long_simple_indel	DO51511	1	0.114000309624841	rloop_tts	ICGC_Pancreatic	tts	rloop
total_long_simple_indel	DO51512	0	0	rloop_tts	ICGC_Pancreatic	tts	rloop
total_long_simple_indel	DO51513	0	0	rloop_tts	ICGC_Pancreatic	tts	rloop
total_long_simple_indel	DO51514	0	0	rloop_tts	ICGC_Pancreatic	tts	rloop
total_long_simple_indel	DO51515	3	0.342000928874523	rloop_tts	ICGC_Pancreatic	tts	rloop
total_long_simple_indel	DO51518	0	0	rloop_tts	ICGC_Pancreatic	tts	rloop
total_long_simple_indel	DO51519	0	0	rloop_tts	ICGC_Pancreatic	tts	rloop
total_long_simple_indel	DO51520	1	0.114000309624841	rloop_tts	ICGC_Pancreatic	tts	rloop
total_long_simple_indel	DO51521	0	0	rloop_tts	ICGC_Pancreatic	tts	rloop
total_long_simple_indel	DO51522	1	0.114000309624841	rloop_tts	ICGC_Pancreatic	tts	rloop
total_long_simple_indel	DO51523	0	0	rloop_tts	ICGC_Pancreatic	tts	rloop
total_long_simple_indel	DO51524	0	0	rloop_tts	ICGC_Pancreatic	tts	rloop
total_long_simple_indel	DO51525	0	0	rloop_tts	ICGC_Pancreatic	tts	rloop
total_long_simple_indel	DO51527	0	0	rloop_tts	ICGC_Pancreatic	tts	rloop
total_long_simple_indel	DO51528	0	0	rloop_tts	ICGC_Pancreatic	tts	rloop
total_long_simple_indel	DO51529	0	0	rloop_tts	ICGC_Pancreatic	tts	rloop
total_long_simple_indel	DO51530	2	0.228000619249682	rloop_tts	ICGC_Pancreatic	tts	rloop
total_long_simple_indel	DO51531	0	0	rloop_tts	ICGC_Pancreatic	tts	rloop
total_long_simple_indel	DO51532	0	0	rloop_tts	ICGC_Pancreatic	tts	rloop
total_long_simple_indel	DO51533	1	0.114000309624841	rloop_tts	ICGC_Pancreatic	tts	rloop
total_long_simple_indel	DO51534	0	0	rloop_tts	ICGC_Pancreatic	tts	rloop
total_long_simple_indel	DO51535	0	0	rloop_tts	ICGC_Pancreatic	tts	rloop
total_long_simple_indel	DO51536	0	0	rloop_tts	ICGC_Pancreatic	tts	rloop
total_long_simple_indel	DO51537	2	0.228000619249682	rloop_tts	ICGC_Pancreatic	tts	rloop
total_long_simple_indel	DO51538	0	0	rloop_tts	ICGC_Pancreatic	tts	rloop
total_long_simple_indel	DO51540	1	0.114000309624841	rloop_tts	ICGC_Pancreatic	tts	rloop
total_long_simple_indel	DO51541	2	0.228000619249682	rloop_tts	ICGC_Pancreatic	tts	rloop
total_long_simple_indel	DO51542	0	0	rloop_tts	ICGC_Pancreatic	tts	rloop
total_long_simple_indel	DO51543	0	0	rloop_tts	ICGC_Pancreatic	tts	rloop
total_long_simple_indel	DO51544	0	0	rloop_tts	ICGC_Pancreatic	tts	rloop
total_long_simple_indel	DO51546	0	0	rloop_tts	ICGC_Pancreatic	tts	rloop
total_long_simple_indel	DO51548	0	0	rloop_tts	ICGC_Pancreatic	tts	rloop
total_long_simple_indel	DO51549	0	0	rloop_tts	ICGC_Pancreatic	tts	rloop
total_long_indel	DO221539	1	0.114000309624841	rloop_tts	ICGC_Pancreatic	tts	rloop
total_long_indel	DO221540	0	0	rloop_tts	ICGC_Pancreatic	tts	rloop
total_long_indel	DO221541	3	0.342000928874523	rloop_tts	ICGC_Pancreatic	tts	rloop
total_long_indel	DO221542	0	0	rloop_tts	ICGC_Pancreatic	tts	rloop
total_long_indel	DO221543	2	0.228000619249682	rloop_tts	ICGC_Pancreatic	tts	rloop
total_long_indel	DO221544	4	0.456001238499364	rloop_tts	ICGC_Pancreatic	tts	rloop
total_long_indel	DO221545	4	0.456001238499364	rloop_tts	ICGC_Pancreatic	tts	rloop
total_long_indel	DO221546	0	0	rloop_tts	ICGC_Pancreatic	tts	rloop
total_long_indel	DO221547	3	0.342000928874523	rloop_tts	ICGC_Pancreatic	tts	rloop
total_long_indel	DO32831	3	0.342000928874523	rloop_tts	ICGC_Pancreatic	tts	rloop
total_long_indel	DO32833	0	0	rloop_tts	ICGC_Pancreatic	tts	rloop
total_long_indel	DO32837	0	0	rloop_tts	ICGC_Pancreatic	tts	rloop
total_long_indel	DO32860	0	0	rloop_tts	ICGC_Pancreatic	tts	rloop
total_long_indel	DO32863	1	0.114000309624841	rloop_tts	ICGC_Pancreatic	tts	rloop
total_long_indel	DO32875	0	0	rloop_tts	ICGC_Pancreatic	tts	rloop
total_long_indel	DO32878	1	0.114000309624841	rloop_tts	ICGC_Pancreatic	tts	rloop
total_long_indel	DO32893	0	0	rloop_tts	ICGC_Pancreatic	tts	rloop
total_long_indel	DO32900	1	0.114000309624841	rloop_tts	ICGC_Pancreatic	tts	rloop
total_long_indel	DO32916	1	0.114000309624841	rloop_tts	ICGC_Pancreatic	tts	rloop
total_long_indel	DO32960	0	0	rloop_tts	ICGC_Pancreatic	tts	rloop
total_long_indel	DO32972	0	0	rloop_tts	ICGC_Pancreatic	tts	rloop
total_long_indel	DO32976	1	0.114000309624841	rloop_tts	ICGC_Pancreatic	tts	rloop
total_long_indel	DO32980	0	0	rloop_tts	ICGC_Pancreatic	tts	rloop
total_long_indel	DO32984	0	0	rloop_tts	ICGC_Pancreatic	tts	rloop
total_long_indel	DO33000	0	0	rloop_tts	ICGC_Pancreatic	tts	rloop
total_long_indel	DO33008	2	0.228000619249682	rloop_tts	ICGC_Pancreatic	tts	rloop
total_long_indel	DO33016	0	0	rloop_tts	ICGC_Pancreatic	tts	rloop
total_long_indel	DO33028	0	0	rloop_tts	ICGC_Pancreatic	tts	rloop
total_long_indel	DO33032	2	0.228000619249682	rloop_tts	ICGC_Pancreatic	tts	rloop
total_long_indel	DO33042	0	0	rloop_tts	ICGC_Pancreatic	tts	rloop
total_long_indel	DO33077	1	0.114000309624841	rloop_tts	ICGC_Pancreatic	tts	rloop
total_long_indel	DO33128	0	0	rloop_tts	ICGC_Pancreatic	tts	rloop
total_long_indel	DO33152	0	0	rloop_tts	ICGC_Pancreatic	tts	rloop
total_long_indel	DO33160	1	0.114000309624841	rloop_tts	ICGC_Pancreatic	tts	rloop
total_long_indel	DO33168	0	0	rloop_tts	ICGC_Pancreatic	tts	rloop
total_long_indel	DO33184	2	0.228000619249682	rloop_tts	ICGC_Pancreatic	tts	rloop
total_long_indel	DO33200	1	0.114000309624841	rloop_tts	ICGC_Pancreatic	tts	rloop
total_long_indel	DO33208	0	0	rloop_tts	ICGC_Pancreatic	tts	rloop
total_long_indel	DO33248	0	0	rloop_tts	ICGC_Pancreatic	tts	rloop
total_long_indel	DO33264	0	0	rloop_tts	ICGC_Pancreatic	tts	rloop
total_long_indel	DO33288	1	0.114000309624841	rloop_tts	ICGC_Pancreatic	tts	rloop
total_long_indel	DO33344	1	0.114000309624841	rloop_tts	ICGC_Pancreatic	tts	rloop
total_long_indel	DO33368	0	0	rloop_tts	ICGC_Pancreatic	tts	rloop
total_long_indel	DO33376	0	0	rloop_tts	ICGC_Pancreatic	tts	rloop
total_long_indel	DO33392	0	0	rloop_tts	ICGC_Pancreatic	tts	rloop
total_long_indel	DO33400	1	0.114000309624841	rloop_tts	ICGC_Pancreatic	tts	rloop
total_long_indel	DO33408	0	0	rloop_tts	ICGC_Pancreatic	tts	rloop
total_long_indel	DO33472	0	0	rloop_tts	ICGC_Pancreatic	tts	rloop
total_long_indel	DO33480	2	0.228000619249682	rloop_tts	ICGC_Pancreatic	tts	rloop
total_long_indel	DO33488	0	0	rloop_tts	ICGC_Pancreatic	tts	rloop
total_long_indel	DO33512	1	0.114000309624841	rloop_tts	ICGC_Pancreatic	tts	rloop
total_long_indel	DO33544	0	0	rloop_tts	ICGC_Pancreatic	tts	rloop
total_long_indel	DO33552	3	0.342000928874523	rloop_tts	ICGC_Pancreatic	tts	rloop
total_long_indel	DO33600	0	0	rloop_tts	ICGC_Pancreatic	tts	rloop
total_long_indel	DO33960	0	0	rloop_tts	ICGC_Pancreatic	tts	rloop
total_long_indel	DO33984	1	0.114000309624841	rloop_tts	ICGC_Pancreatic	tts	rloop
total_long_indel	DO34264	1	0.114000309624841	rloop_tts	ICGC_Pancreatic	tts	rloop
total_long_indel	DO34288	0	0	rloop_tts	ICGC_Pancreatic	tts	rloop
total_long_indel	DO34312	0	0	rloop_tts	ICGC_Pancreatic	tts	rloop
total_long_indel	DO34336	1	0.114000309624841	rloop_tts	ICGC_Pancreatic	tts	rloop
total_long_indel	DO34432	0	0	rloop_tts	ICGC_Pancreatic	tts	rloop
total_long_indel	DO34448	2	0.228000619249682	rloop_tts	ICGC_Pancreatic	tts	rloop
total_long_indel	DO34504	0	0	rloop_tts	ICGC_Pancreatic	tts	rloop
total_long_indel	DO34600	2	0.228000619249682	rloop_tts	ICGC_Pancreatic	tts	rloop
total_long_indel	DO34608	0	0	rloop_tts	ICGC_Pancreatic	tts	rloop
total_long_indel	DO34616	0	0	rloop_tts	ICGC_Pancreatic	tts	rloop
total_long_indel	DO34640	3	0.342000928874523	rloop_tts	ICGC_Pancreatic	tts	rloop
total_long_indel	DO34656	0	0	rloop_tts	ICGC_Pancreatic	tts	rloop
total_long_indel	DO34680	4	0.456001238499364	rloop_tts	ICGC_Pancreatic	tts	rloop
total_long_indel	DO34696	1	0.114000309624841	rloop_tts	ICGC_Pancreatic	tts	rloop
total_long_indel	DO34720	1	0.114000309624841	rloop_tts	ICGC_Pancreatic	tts	rloop
total_long_indel	DO34728	1	0.114000309624841	rloop_tts	ICGC_Pancreatic	tts	rloop
total_long_indel	DO34736	3	0.342000928874523	rloop_tts	ICGC_Pancreatic	tts	rloop
total_long_indel	DO34785	0	0	rloop_tts	ICGC_Pancreatic	tts	rloop
total_long_indel	DO34793	0	0	rloop_tts	ICGC_Pancreatic	tts	rloop
total_long_indel	DO34801	0	0	rloop_tts	ICGC_Pancreatic	tts	rloop
total_long_indel	DO34809	1	0.114000309624841	rloop_tts	ICGC_Pancreatic	tts	rloop
total_long_indel	DO34817	1	0.114000309624841	rloop_tts	ICGC_Pancreatic	tts	rloop
total_long_indel	DO34849	0	0	rloop_tts	ICGC_Pancreatic	tts	rloop
total_long_indel	DO34905	6	0.684001857749046	rloop_tts	ICGC_Pancreatic	tts	rloop
total_long_indel	DO34961	0	0	rloop_tts	ICGC_Pancreatic	tts	rloop
total_long_indel	DO35082	0	0	rloop_tts	ICGC_Pancreatic	tts	rloop
total_long_indel	DO35083	17	1.9380052636223	rloop_tts	ICGC_Pancreatic	tts	rloop
total_long_indel	DO35085	1	0.114000309624841	rloop_tts	ICGC_Pancreatic	tts	rloop
total_long_indel	DO35098	0	0	rloop_tts	ICGC_Pancreatic	tts	rloop
total_long_indel	DO35114	0	0	rloop_tts	ICGC_Pancreatic	tts	rloop
total_long_indel	DO35116	0	0	rloop_tts	ICGC_Pancreatic	tts	rloop
total_long_indel	DO35118	0	0	rloop_tts	ICGC_Pancreatic	tts	rloop
total_long_indel	DO35126	0	0	rloop_tts	ICGC_Pancreatic	tts	rloop
total_long_indel	DO35128	0	0	rloop_tts	ICGC_Pancreatic	tts	rloop
total_long_indel	DO35132	0	0	rloop_tts	ICGC_Pancreatic	tts	rloop
total_long_indel	DO35136	1	0.114000309624841	rloop_tts	ICGC_Pancreatic	tts	rloop
total_long_indel	DO35138	0	0	rloop_tts	ICGC_Pancreatic	tts	rloop
total_long_indel	DO35144	1	0.114000309624841	rloop_tts	ICGC_Pancreatic	tts	rloop
total_long_indel	DO35148	0	0	rloop_tts	ICGC_Pancreatic	tts	rloop
total_long_indel	DO35152	1	0.114000309624841	rloop_tts	ICGC_Pancreatic	tts	rloop
total_long_indel	DO35184	1	0.114000309624841	rloop_tts	ICGC_Pancreatic	tts	rloop
total_long_indel	DO35186	0	0	rloop_tts	ICGC_Pancreatic	tts	rloop
total_long_indel	DO35198	0	0	rloop_tts	ICGC_Pancreatic	tts	rloop
total_long_indel	DO35200	0	0	rloop_tts	ICGC_Pancreatic	tts	rloop
total_long_indel	DO35216	0	0	rloop_tts	ICGC_Pancreatic	tts	rloop
total_long_indel	DO35222	0	0	rloop_tts	ICGC_Pancreatic	tts	rloop
total_long_indel	DO35228	0	0	rloop_tts	ICGC_Pancreatic	tts	rloop
total_long_indel	DO35230	0	0	rloop_tts	ICGC_Pancreatic	tts	rloop
total_long_indel	DO35236	0	0	rloop_tts	ICGC_Pancreatic	tts	rloop
total_long_indel	DO35258	0	0	rloop_tts	ICGC_Pancreatic	tts	rloop
total_long_indel	DO35290	2	0.228000619249682	rloop_tts	ICGC_Pancreatic	tts	rloop
total_long_indel	DO35305	0	0	rloop_tts	ICGC_Pancreatic	tts	rloop
total_long_indel	DO35330	0	0	rloop_tts	ICGC_Pancreatic	tts	rloop
total_long_indel	DO35350	1	0.114000309624841	rloop_tts	ICGC_Pancreatic	tts	rloop
total_long_indel	DO35360	0	0	rloop_tts	ICGC_Pancreatic	tts	rloop
total_long_indel	DO35376	0	0	rloop_tts	ICGC_Pancreatic	tts	rloop
total_long_indel	DO35406	0	0	rloop_tts	ICGC_Pancreatic	tts	rloop
total_long_indel	DO35424	3	0.342000928874523	rloop_tts	ICGC_Pancreatic	tts	rloop
total_long_indel	DO35442	1	0.114000309624841	rloop_tts	ICGC_Pancreatic	tts	rloop
total_long_indel	DO35454	0	0	rloop_tts	ICGC_Pancreatic	tts	rloop
total_long_indel	DO35496	1	0.114000309624841	rloop_tts	ICGC_Pancreatic	tts	rloop
total_long_indel	DO49074	0	0	rloop_tts	ICGC_Pancreatic	tts	rloop
total_long_indel	DO49076	1	0.114000309624841	rloop_tts	ICGC_Pancreatic	tts	rloop
total_long_indel	DO49078	0	0	rloop_tts	ICGC_Pancreatic	tts	rloop
total_long_indel	DO49079	0	0	rloop_tts	ICGC_Pancreatic	tts	rloop
total_long_indel	DO49080	1	0.114000309624841	rloop_tts	ICGC_Pancreatic	tts	rloop
total_long_indel	DO49087	1	0.114000309624841	rloop_tts	ICGC_Pancreatic	tts	rloop
total_long_indel	DO49090	1	0.114000309624841	rloop_tts	ICGC_Pancreatic	tts	rloop
total_long_indel	DO49113	0	0	rloop_tts	ICGC_Pancreatic	tts	rloop
total_long_indel	DO49127	0	0	rloop_tts	ICGC_Pancreatic	tts	rloop
total_long_indel	DO49129	0	0	rloop_tts	ICGC_Pancreatic	tts	rloop
total_long_indel	DO49135	3	0.342000928874523	rloop_tts	ICGC_Pancreatic	tts	rloop
total_long_indel	DO49137	1	0.114000309624841	rloop_tts	ICGC_Pancreatic	tts	rloop
total_long_indel	DO49138	1	0.114000309624841	rloop_tts	ICGC_Pancreatic	tts	rloop
total_long_indel	DO49166	0	0	rloop_tts	ICGC_Pancreatic	tts	rloop
total_long_indel	DO49168	0	0	rloop_tts	ICGC_Pancreatic	tts	rloop
total_long_indel	DO49172	1	0.114000309624841	rloop_tts	ICGC_Pancreatic	tts	rloop
total_long_indel	DO49178	0	0	rloop_tts	ICGC_Pancreatic	tts	rloop
total_long_indel	DO49181	0	0	rloop_tts	ICGC_Pancreatic	tts	rloop
total_long_indel	DO49183	0	0	rloop_tts	ICGC_Pancreatic	tts	rloop
total_long_indel	DO49184	1	0.114000309624841	rloop_tts	ICGC_Pancreatic	tts	rloop
total_long_indel	DO49193	0	0	rloop_tts	ICGC_Pancreatic	tts	rloop
total_long_indel	DO49204	1	0.114000309624841	rloop_tts	ICGC_Pancreatic	tts	rloop
total_long_indel	DO49418	0	0	rloop_tts	ICGC_Pancreatic	tts	rloop
total_long_indel	DO49419	5	0.570001548124205	rloop_tts	ICGC_Pancreatic	tts	rloop
total_long_indel	DO49420	0	0	rloop_tts	ICGC_Pancreatic	tts	rloop
total_long_indel	DO49421	1	0.114000309624841	rloop_tts	ICGC_Pancreatic	tts	rloop
total_long_indel	DO49422	0	0	rloop_tts	ICGC_Pancreatic	tts	rloop
total_long_indel	DO49424	1	0.114000309624841	rloop_tts	ICGC_Pancreatic	tts	rloop
total_long_indel	DO49427	0	0	rloop_tts	ICGC_Pancreatic	tts	rloop
total_long_indel	DO49430	1	0.114000309624841	rloop_tts	ICGC_Pancreatic	tts	rloop
total_long_indel	DO49433	0	0	rloop_tts	ICGC_Pancreatic	tts	rloop
total_long_indel	DO49436	0	0	rloop_tts	ICGC_Pancreatic	tts	rloop
total_long_indel	DO49439	1	0.114000309624841	rloop_tts	ICGC_Pancreatic	tts	rloop
total_long_indel	DO49442	0	0	rloop_tts	ICGC_Pancreatic	tts	rloop
total_long_indel	DO49445	0	0	rloop_tts	ICGC_Pancreatic	tts	rloop
total_long_indel	DO49448	0	0	rloop_tts	ICGC_Pancreatic	tts	rloop
total_long_indel	DO49451	0	0	rloop_tts	ICGC_Pancreatic	tts	rloop
total_long_indel	DO49454	0	0	rloop_tts	ICGC_Pancreatic	tts	rloop
total_long_indel	DO49457	1	0.114000309624841	rloop_tts	ICGC_Pancreatic	tts	rloop
total_long_indel	DO49460	1	0.114000309624841	rloop_tts	ICGC_Pancreatic	tts	rloop
total_long_indel	DO49463	1	0.114000309624841	rloop_tts	ICGC_Pancreatic	tts	rloop
total_long_indel	DO49466	0	0	rloop_tts	ICGC_Pancreatic	tts	rloop
total_long_indel	DO49478	1	0.114000309624841	rloop_tts	ICGC_Pancreatic	tts	rloop
total_long_indel	DO49481	0	0	rloop_tts	ICGC_Pancreatic	tts	rloop
total_long_indel	DO49484	3	0.342000928874523	rloop_tts	ICGC_Pancreatic	tts	rloop
total_long_indel	DO51465	1	0.114000309624841	rloop_tts	ICGC_Pancreatic	tts	rloop
total_long_indel	DO51466	0	0	rloop_tts	ICGC_Pancreatic	tts	rloop
total_long_indel	DO51467	2	0.228000619249682	rloop_tts	ICGC_Pancreatic	tts	rloop
total_long_indel	DO51468	1	0.114000309624841	rloop_tts	ICGC_Pancreatic	tts	rloop
total_long_indel	DO51469	1	0.114000309624841	rloop_tts	ICGC_Pancreatic	tts	rloop
total_long_indel	DO51470	1	0.114000309624841	rloop_tts	ICGC_Pancreatic	tts	rloop
total_long_indel	DO51472	1	0.114000309624841	rloop_tts	ICGC_Pancreatic	tts	rloop
total_long_indel	DO51473	0	0	rloop_tts	ICGC_Pancreatic	tts	rloop
total_long_indel	DO51474	6	0.684001857749046	rloop_tts	ICGC_Pancreatic	tts	rloop
total_long_indel	DO51475	0	0	rloop_tts	ICGC_Pancreatic	tts	rloop
total_long_indel	DO51476	0	0	rloop_tts	ICGC_Pancreatic	tts	rloop
total_long_indel	DO51477	1	0.114000309624841	rloop_tts	ICGC_Pancreatic	tts	rloop
total_long_indel	DO51478	1	0.114000309624841	rloop_tts	ICGC_Pancreatic	tts	rloop
total_long_indel	DO51479	0	0	rloop_tts	ICGC_Pancreatic	tts	rloop
total_long_indel	DO51480	1	0.114000309624841	rloop_tts	ICGC_Pancreatic	tts	rloop
total_long_indel	DO51481	1	0.114000309624841	rloop_tts	ICGC_Pancreatic	tts	rloop
total_long_indel	DO51483	1	0.114000309624841	rloop_tts	ICGC_Pancreatic	tts	rloop
total_long_indel	DO51484	0	0	rloop_tts	ICGC_Pancreatic	tts	rloop
total_long_indel	DO51485	1	0.114000309624841	rloop_tts	ICGC_Pancreatic	tts	rloop
total_long_indel	DO51486	1	0.114000309624841	rloop_tts	ICGC_Pancreatic	tts	rloop
total_long_indel	DO51487	1	0.114000309624841	rloop_tts	ICGC_Pancreatic	tts	rloop
total_long_indel	DO51489	0	0	rloop_tts	ICGC_Pancreatic	tts	rloop
total_long_indel	DO51490	0	0	rloop_tts	ICGC_Pancreatic	tts	rloop
total_long_indel	DO51491	1	0.114000309624841	rloop_tts	ICGC_Pancreatic	tts	rloop
total_long_indel	DO51492	1	0.114000309624841	rloop_tts	ICGC_Pancreatic	tts	rloop
total_long_indel	DO51493	1	0.114000309624841	rloop_tts	ICGC_Pancreatic	tts	rloop
total_long_indel	DO51494	2	0.228000619249682	rloop_tts	ICGC_Pancreatic	tts	rloop
total_long_indel	DO51495	0	0	rloop_tts	ICGC_Pancreatic	tts	rloop
total_long_indel	DO51496	2	0.228000619249682	rloop_tts	ICGC_Pancreatic	tts	rloop
total_long_indel	DO51497	0	0	rloop_tts	ICGC_Pancreatic	tts	rloop
total_long_indel	DO51498	0	0	rloop_tts	ICGC_Pancreatic	tts	rloop
total_long_indel	DO51499	0	0	rloop_tts	ICGC_Pancreatic	tts	rloop
total_long_indel	DO51500	0	0	rloop_tts	ICGC_Pancreatic	tts	rloop
total_long_indel	DO51501	1	0.114000309624841	rloop_tts	ICGC_Pancreatic	tts	rloop
total_long_indel	DO51502	0	0	rloop_tts	ICGC_Pancreatic	tts	rloop
total_long_indel	DO51503	1	0.114000309624841	rloop_tts	ICGC_Pancreatic	tts	rloop
total_long_indel	DO51504	0	0	rloop_tts	ICGC_Pancreatic	tts	rloop
total_long_indel	DO51505	0	0	rloop_tts	ICGC_Pancreatic	tts	rloop
total_long_indel	DO51506	0	0	rloop_tts	ICGC_Pancreatic	tts	rloop
total_long_indel	DO51507	1	0.114000309624841	rloop_tts	ICGC_Pancreatic	tts	rloop
total_long_indel	DO51508	0	0	rloop_tts	ICGC_Pancreatic	tts	rloop
total_long_indel	DO51509	0	0	rloop_tts	ICGC_Pancreatic	tts	rloop
total_long_indel	DO51510	3	0.342000928874523	rloop_tts	ICGC_Pancreatic	tts	rloop
total_long_indel	DO51511	1	0.114000309624841	rloop_tts	ICGC_Pancreatic	tts	rloop
total_long_indel	DO51512	0	0	rloop_tts	ICGC_Pancreatic	tts	rloop
total_long_indel	DO51513	1	0.114000309624841	rloop_tts	ICGC_Pancreatic	tts	rloop
total_long_indel	DO51514	0	0	rloop_tts	ICGC_Pancreatic	tts	rloop
total_long_indel	DO51515	3	0.342000928874523	rloop_tts	ICGC_Pancreatic	tts	rloop
total_long_indel	DO51518	0	0	rloop_tts	ICGC_Pancreatic	tts	rloop
total_long_indel	DO51519	0	0	rloop_tts	ICGC_Pancreatic	tts	rloop
total_long_indel	DO51520	3	0.342000928874523	rloop_tts	ICGC_Pancreatic	tts	rloop
total_long_indel	DO51521	0	0	rloop_tts	ICGC_Pancreatic	tts	rloop
total_long_indel	DO51522	1	0.114000309624841	rloop_tts	ICGC_Pancreatic	tts	rloop
total_long_indel	DO51523	0	0	rloop_tts	ICGC_Pancreatic	tts	rloop
total_long_indel	DO51524	1	0.114000309624841	rloop_tts	ICGC_Pancreatic	tts	rloop
total_long_indel	DO51525	0	0	rloop_tts	ICGC_Pancreatic	tts	rloop
total_long_indel	DO51527	0	0	rloop_tts	ICGC_Pancreatic	tts	rloop
total_long_indel	DO51528	0	0	rloop_tts	ICGC_Pancreatic	tts	rloop
total_long_indel	DO51529	1	0.114000309624841	rloop_tts	ICGC_Pancreatic	tts	rloop
total_long_indel	DO51530	4	0.456001238499364	rloop_tts	ICGC_Pancreatic	tts	rloop
total_long_indel	DO51531	0	0	rloop_tts	ICGC_Pancreatic	tts	rloop
total_long_indel	DO51532	0	0	rloop_tts	ICGC_Pancreatic	tts	rloop
total_long_indel	DO51533	2	0.228000619249682	rloop_tts	ICGC_Pancreatic	tts	rloop
total_long_indel	DO51534	0	0	rloop_tts	ICGC_Pancreatic	tts	rloop
total_long_indel	DO51535	1	0.114000309624841	rloop_tts	ICGC_Pancreatic	tts	rloop
total_long_indel	DO51536	1	0.114000309624841	rloop_tts	ICGC_Pancreatic	tts	rloop
total_long_indel	DO51537	2	0.228000619249682	rloop_tts	ICGC_Pancreatic	tts	rloop
total_long_indel	DO51538	0	0	rloop_tts	ICGC_Pancreatic	tts	rloop
total_long_indel	DO51540	1	0.114000309624841	rloop_tts	ICGC_Pancreatic	tts	rloop
total_long_indel	DO51541	3	0.342000928874523	rloop_tts	ICGC_Pancreatic	tts	rloop
total_long_indel	DO51542	0	0	rloop_tts	ICGC_Pancreatic	tts	rloop
total_long_indel	DO51543	0	0	rloop_tts	ICGC_Pancreatic	tts	rloop
total_long_indel	DO51544	0	0	rloop_tts	ICGC_Pancreatic	tts	rloop
total_long_indel	DO51546	0	0	rloop_tts	ICGC_Pancreatic	tts	rloop
total_long_indel	DO51548	1	0.114000309624841	rloop_tts	ICGC_Pancreatic	tts	rloop
total_long_indel	DO51549	0	0	rloop_tts	ICGC_Pancreatic	tts	rloop
total_Indel	DO221539	3	0.280199034714325	norloop_tts	ICGC_Pancreatic	tts	norloop
total_Indel	DO221540	1	0.0933996782381085	norloop_tts	ICGC_Pancreatic	tts	norloop
total_Indel	DO221541	6	0.560398069428651	norloop_tts	ICGC_Pancreatic	tts	norloop
total_Indel	DO221542	0	0	norloop_tts	ICGC_Pancreatic	tts	norloop
total_Indel	DO221543	1	0.0933996782381085	norloop_tts	ICGC_Pancreatic	tts	norloop
total_Indel	DO221544	4	0.373598712952434	norloop_tts	ICGC_Pancreatic	tts	norloop
total_Indel	DO221545	7	0.653797747666759	norloop_tts	ICGC_Pancreatic	tts	norloop
total_Indel	DO221546	0	0	norloop_tts	ICGC_Pancreatic	tts	norloop
total_Indel	DO221547	5	0.466998391190542	norloop_tts	ICGC_Pancreatic	tts	norloop
total_Indel	DO32831	5	0.466998391190542	norloop_tts	ICGC_Pancreatic	tts	norloop
total_Indel	DO32833	1	0.0933996782381085	norloop_tts	ICGC_Pancreatic	tts	norloop
total_Indel	DO32837	0	0	norloop_tts	ICGC_Pancreatic	tts	norloop
total_Indel	DO32860	2	0.186799356476217	norloop_tts	ICGC_Pancreatic	tts	norloop
total_Indel	DO32863	1	0.0933996782381085	norloop_tts	ICGC_Pancreatic	tts	norloop
total_Indel	DO32875	2	0.186799356476217	norloop_tts	ICGC_Pancreatic	tts	norloop
total_Indel	DO32878	2	0.186799356476217	norloop_tts	ICGC_Pancreatic	tts	norloop
total_Indel	DO32893	1	0.0933996782381085	norloop_tts	ICGC_Pancreatic	tts	norloop
total_Indel	DO32900	4	0.373598712952434	norloop_tts	ICGC_Pancreatic	tts	norloop
total_Indel	DO32916	3	0.280199034714325	norloop_tts	ICGC_Pancreatic	tts	norloop
total_Indel	DO32960	0	0	norloop_tts	ICGC_Pancreatic	tts	norloop
total_Indel	DO32972	0	0	norloop_tts	ICGC_Pancreatic	tts	norloop
total_Indel	DO32976	3	0.280199034714325	norloop_tts	ICGC_Pancreatic	tts	norloop
total_Indel	DO32980	1	0.0933996782381085	norloop_tts	ICGC_Pancreatic	tts	norloop
total_Indel	DO32984	3	0.280199034714325	norloop_tts	ICGC_Pancreatic	tts	norloop
total_Indel	DO33000	1	0.0933996782381085	norloop_tts	ICGC_Pancreatic	tts	norloop
total_Indel	DO33008	4	0.373598712952434	norloop_tts	ICGC_Pancreatic	tts	norloop
total_Indel	DO33016	1	0.0933996782381085	norloop_tts	ICGC_Pancreatic	tts	norloop
total_Indel	DO33028	1	0.0933996782381085	norloop_tts	ICGC_Pancreatic	tts	norloop
total_Indel	DO33032	2	0.186799356476217	norloop_tts	ICGC_Pancreatic	tts	norloop
total_Indel	DO33042	2	0.186799356476217	norloop_tts	ICGC_Pancreatic	tts	norloop
total_Indel	DO33077	0	0	norloop_tts	ICGC_Pancreatic	tts	norloop
total_Indel	DO33128	0	0	norloop_tts	ICGC_Pancreatic	tts	norloop
total_Indel	DO33152	3	0.280199034714325	norloop_tts	ICGC_Pancreatic	tts	norloop
total_Indel	DO33160	0	0	norloop_tts	ICGC_Pancreatic	tts	norloop
total_Indel	DO33168	0	0	norloop_tts	ICGC_Pancreatic	tts	norloop
total_Indel	DO33184	4	0.373598712952434	norloop_tts	ICGC_Pancreatic	tts	norloop
total_Indel	DO33200	1	0.0933996782381085	norloop_tts	ICGC_Pancreatic	tts	norloop
total_Indel	DO33208	1	0.0933996782381085	norloop_tts	ICGC_Pancreatic	tts	norloop
total_Indel	DO33248	0	0	norloop_tts	ICGC_Pancreatic	tts	norloop
total_Indel	DO33264	1	0.0933996782381085	norloop_tts	ICGC_Pancreatic	tts	norloop
total_Indel	DO33288	3	0.280199034714325	norloop_tts	ICGC_Pancreatic	tts	norloop
total_Indel	DO33344	3	0.280199034714325	norloop_tts	ICGC_Pancreatic	tts	norloop
total_Indel	DO33368	4	0.373598712952434	norloop_tts	ICGC_Pancreatic	tts	norloop
total_Indel	DO33376	1	0.0933996782381085	norloop_tts	ICGC_Pancreatic	tts	norloop
total_Indel	DO33392	2	0.186799356476217	norloop_tts	ICGC_Pancreatic	tts	norloop
total_Indel	DO33400	1	0.0933996782381085	norloop_tts	ICGC_Pancreatic	tts	norloop
total_Indel	DO33408	0	0	norloop_tts	ICGC_Pancreatic	tts	norloop
total_Indel	DO33472	0	0	norloop_tts	ICGC_Pancreatic	tts	norloop
total_Indel	DO33480	1	0.0933996782381085	norloop_tts	ICGC_Pancreatic	tts	norloop
total_Indel	DO33488	3	0.280199034714325	norloop_tts	ICGC_Pancreatic	tts	norloop
total_Indel	DO33512	0	0	norloop_tts	ICGC_Pancreatic	tts	norloop
total_Indel	DO33544	4	0.373598712952434	norloop_tts	ICGC_Pancreatic	tts	norloop
total_Indel	DO33552	3	0.280199034714325	norloop_tts	ICGC_Pancreatic	tts	norloop
total_Indel	DO33600	2	0.186799356476217	norloop_tts	ICGC_Pancreatic	tts	norloop
total_Indel	DO33960	2	0.186799356476217	norloop_tts	ICGC_Pancreatic	tts	norloop
total_Indel	DO33984	1	0.0933996782381085	norloop_tts	ICGC_Pancreatic	tts	norloop
total_Indel	DO34264	1	0.0933996782381085	norloop_tts	ICGC_Pancreatic	tts	norloop
total_Indel	DO34288	1	0.0933996782381085	norloop_tts	ICGC_Pancreatic	tts	norloop
total_Indel	DO34312	2	0.186799356476217	norloop_tts	ICGC_Pancreatic	tts	norloop
total_Indel	DO34336	1	0.0933996782381085	norloop_tts	ICGC_Pancreatic	tts	norloop
total_Indel	DO34432	0	0	norloop_tts	ICGC_Pancreatic	tts	norloop
total_Indel	DO34448	6	0.560398069428651	norloop_tts	ICGC_Pancreatic	tts	norloop
total_Indel	DO34504	2	0.186799356476217	norloop_tts	ICGC_Pancreatic	tts	norloop
total_Indel	DO34600	2	0.186799356476217	norloop_tts	ICGC_Pancreatic	tts	norloop
total_Indel	DO34608	2	0.186799356476217	norloop_tts	ICGC_Pancreatic	tts	norloop
total_Indel	DO34616	2	0.186799356476217	norloop_tts	ICGC_Pancreatic	tts	norloop
total_Indel	DO34640	3	0.280199034714325	norloop_tts	ICGC_Pancreatic	tts	norloop
total_Indel	DO34656	1	0.0933996782381085	norloop_tts	ICGC_Pancreatic	tts	norloop
total_Indel	DO34680	3	0.280199034714325	norloop_tts	ICGC_Pancreatic	tts	norloop
total_Indel	DO34696	1	0.0933996782381085	norloop_tts	ICGC_Pancreatic	tts	norloop
total_Indel	DO34720	2	0.186799356476217	norloop_tts	ICGC_Pancreatic	tts	norloop
total_Indel	DO34728	1	0.0933996782381085	norloop_tts	ICGC_Pancreatic	tts	norloop
total_Indel	DO34736	1	0.0933996782381085	norloop_tts	ICGC_Pancreatic	tts	norloop
total_Indel	DO34785	1	0.0933996782381085	norloop_tts	ICGC_Pancreatic	tts	norloop
total_Indel	DO34793	1	0.0933996782381085	norloop_tts	ICGC_Pancreatic	tts	norloop
total_Indel	DO34801	1	0.0933996782381085	norloop_tts	ICGC_Pancreatic	tts	norloop
total_Indel	DO34809	3	0.280199034714325	norloop_tts	ICGC_Pancreatic	tts	norloop
total_Indel	DO34817	1	0.0933996782381085	norloop_tts	ICGC_Pancreatic	tts	norloop
total_Indel	DO34849	1	0.0933996782381085	norloop_tts	ICGC_Pancreatic	tts	norloop
total_Indel	DO34905	15	1.40099517357163	norloop_tts	ICGC_Pancreatic	tts	norloop
total_Indel	DO34961	2	0.186799356476217	norloop_tts	ICGC_Pancreatic	tts	norloop
total_Indel	DO35082	4	0.373598712952434	norloop_tts	ICGC_Pancreatic	tts	norloop
total_Indel	DO35083	132	12.3287575274303	norloop_tts	ICGC_Pancreatic	tts	norloop
total_Indel	DO35085	1	0.0933996782381085	norloop_tts	ICGC_Pancreatic	tts	norloop
total_Indel	DO35098	2	0.186799356476217	norloop_tts	ICGC_Pancreatic	tts	norloop
total_Indel	DO35114	0	0	norloop_tts	ICGC_Pancreatic	tts	norloop
total_Indel	DO35116	4	0.373598712952434	norloop_tts	ICGC_Pancreatic	tts	norloop
total_Indel	DO35118	13	1.21419581709541	norloop_tts	ICGC_Pancreatic	tts	norloop
total_Indel	DO35126	2	0.186799356476217	norloop_tts	ICGC_Pancreatic	tts	norloop
total_Indel	DO35128	0	0	norloop_tts	ICGC_Pancreatic	tts	norloop
total_Indel	DO35132	0	0	norloop_tts	ICGC_Pancreatic	tts	norloop
total_Indel	DO35136	3	0.280199034714325	norloop_tts	ICGC_Pancreatic	tts	norloop
total_Indel	DO35138	0	0	norloop_tts	ICGC_Pancreatic	tts	norloop
total_Indel	DO35144	4	0.373598712952434	norloop_tts	ICGC_Pancreatic	tts	norloop
total_Indel	DO35148	0	0	norloop_tts	ICGC_Pancreatic	tts	norloop
total_Indel	DO35152	4	0.373598712952434	norloop_tts	ICGC_Pancreatic	tts	norloop
total_Indel	DO35184	1	0.0933996782381085	norloop_tts	ICGC_Pancreatic	tts	norloop
total_Indel	DO35186	4	0.373598712952434	norloop_tts	ICGC_Pancreatic	tts	norloop
total_Indel	DO35198	3	0.280199034714325	norloop_tts	ICGC_Pancreatic	tts	norloop
total_Indel	DO35200	0	0	norloop_tts	ICGC_Pancreatic	tts	norloop
total_Indel	DO35216	0	0	norloop_tts	ICGC_Pancreatic	tts	norloop
total_Indel	DO35222	1	0.0933996782381085	norloop_tts	ICGC_Pancreatic	tts	norloop
total_Indel	DO35228	2	0.186799356476217	norloop_tts	ICGC_Pancreatic	tts	norloop
total_Indel	DO35230	1	0.0933996782381085	norloop_tts	ICGC_Pancreatic	tts	norloop
total_Indel	DO35236	2	0.186799356476217	norloop_tts	ICGC_Pancreatic	tts	norloop
total_Indel	DO35258	2	0.186799356476217	norloop_tts	ICGC_Pancreatic	tts	norloop
total_Indel	DO35290	4	0.373598712952434	norloop_tts	ICGC_Pancreatic	tts	norloop
total_Indel	DO35305	4	0.373598712952434	norloop_tts	ICGC_Pancreatic	tts	norloop
total_Indel	DO35330	1	0.0933996782381085	norloop_tts	ICGC_Pancreatic	tts	norloop
total_Indel	DO35350	3	0.280199034714325	norloop_tts	ICGC_Pancreatic	tts	norloop
total_Indel	DO35360	1	0.0933996782381085	norloop_tts	ICGC_Pancreatic	tts	norloop
total_Indel	DO35376	0	0	norloop_tts	ICGC_Pancreatic	tts	norloop
total_Indel	DO35406	2	0.186799356476217	norloop_tts	ICGC_Pancreatic	tts	norloop
total_Indel	DO35424	0	0	norloop_tts	ICGC_Pancreatic	tts	norloop
total_Indel	DO35442	17	1.58779453004784	norloop_tts	ICGC_Pancreatic	tts	norloop
total_Indel	DO35454	0	0	norloop_tts	ICGC_Pancreatic	tts	norloop
total_Indel	DO35496	0	0	norloop_tts	ICGC_Pancreatic	tts	norloop
total_Indel	DO49074	1	0.0933996782381085	norloop_tts	ICGC_Pancreatic	tts	norloop
total_Indel	DO49076	4	0.373598712952434	norloop_tts	ICGC_Pancreatic	tts	norloop
total_Indel	DO49078	1	0.0933996782381085	norloop_tts	ICGC_Pancreatic	tts	norloop
total_Indel	DO49079	0	0	norloop_tts	ICGC_Pancreatic	tts	norloop
total_Indel	DO49080	2	0.186799356476217	norloop_tts	ICGC_Pancreatic	tts	norloop
total_Indel	DO49087	1	0.0933996782381085	norloop_tts	ICGC_Pancreatic	tts	norloop
total_Indel	DO49090	2	0.186799356476217	norloop_tts	ICGC_Pancreatic	tts	norloop
total_Indel	DO49113	2	0.186799356476217	norloop_tts	ICGC_Pancreatic	tts	norloop
total_Indel	DO49127	1	0.0933996782381085	norloop_tts	ICGC_Pancreatic	tts	norloop
total_Indel	DO49129	2	0.186799356476217	norloop_tts	ICGC_Pancreatic	tts	norloop
total_Indel	DO49135	2	0.186799356476217	norloop_tts	ICGC_Pancreatic	tts	norloop
total_Indel	DO49137	5	0.466998391190542	norloop_tts	ICGC_Pancreatic	tts	norloop
total_Indel	DO49138	3	0.280199034714325	norloop_tts	ICGC_Pancreatic	tts	norloop
total_Indel	DO49166	0	0	norloop_tts	ICGC_Pancreatic	tts	norloop
total_Indel	DO49168	1	0.0933996782381085	norloop_tts	ICGC_Pancreatic	tts	norloop
total_Indel	DO49172	0	0	norloop_tts	ICGC_Pancreatic	tts	norloop
total_Indel	DO49178	1	0.0933996782381085	norloop_tts	ICGC_Pancreatic	tts	norloop
total_Indel	DO49181	1	0.0933996782381085	norloop_tts	ICGC_Pancreatic	tts	norloop
total_Indel	DO49183	1	0.0933996782381085	norloop_tts	ICGC_Pancreatic	tts	norloop
total_Indel	DO49184	2	0.186799356476217	norloop_tts	ICGC_Pancreatic	tts	norloop
total_Indel	DO49193	1	0.0933996782381085	norloop_tts	ICGC_Pancreatic	tts	norloop
total_Indel	DO49204	2	0.186799356476217	norloop_tts	ICGC_Pancreatic	tts	norloop
total_Indel	DO49418	2	0.186799356476217	norloop_tts	ICGC_Pancreatic	tts	norloop
total_Indel	DO49419	10	0.933996782381085	norloop_tts	ICGC_Pancreatic	tts	norloop
total_Indel	DO49420	0	0	norloop_tts	ICGC_Pancreatic	tts	norloop
total_Indel	DO49421	2	0.186799356476217	norloop_tts	ICGC_Pancreatic	tts	norloop
total_Indel	DO49422	0	0	norloop_tts	ICGC_Pancreatic	tts	norloop
total_Indel	DO49424	3	0.280199034714325	norloop_tts	ICGC_Pancreatic	tts	norloop
total_Indel	DO49427	2	0.186799356476217	norloop_tts	ICGC_Pancreatic	tts	norloop
total_Indel	DO49430	0	0	norloop_tts	ICGC_Pancreatic	tts	norloop
total_Indel	DO49433	0	0	norloop_tts	ICGC_Pancreatic	tts	norloop
total_Indel	DO49436	3	0.280199034714325	norloop_tts	ICGC_Pancreatic	tts	norloop
total_Indel	DO49439	1	0.0933996782381085	norloop_tts	ICGC_Pancreatic	tts	norloop
total_Indel	DO49442	3	0.280199034714325	norloop_tts	ICGC_Pancreatic	tts	norloop
total_Indel	DO49445	3	0.280199034714325	norloop_tts	ICGC_Pancreatic	tts	norloop
total_Indel	DO49448	1	0.0933996782381085	norloop_tts	ICGC_Pancreatic	tts	norloop
total_Indel	DO49451	1	0.0933996782381085	norloop_tts	ICGC_Pancreatic	tts	norloop
total_Indel	DO49454	1	0.0933996782381085	norloop_tts	ICGC_Pancreatic	tts	norloop
total_Indel	DO49457	2	0.186799356476217	norloop_tts	ICGC_Pancreatic	tts	norloop
total_Indel	DO49460	0	0	norloop_tts	ICGC_Pancreatic	tts	norloop
total_Indel	DO49463	4	0.373598712952434	norloop_tts	ICGC_Pancreatic	tts	norloop
total_Indel	DO49466	0	0	norloop_tts	ICGC_Pancreatic	tts	norloop
total_Indel	DO49478	3	0.280199034714325	norloop_tts	ICGC_Pancreatic	tts	norloop
total_Indel	DO49481	2	0.186799356476217	norloop_tts	ICGC_Pancreatic	tts	norloop
total_Indel	DO49484	1	0.0933996782381085	norloop_tts	ICGC_Pancreatic	tts	norloop
total_Indel	DO51465	3	0.280199034714325	norloop_tts	ICGC_Pancreatic	tts	norloop
total_Indel	DO51466	0	0	norloop_tts	ICGC_Pancreatic	tts	norloop
total_Indel	DO51467	1	0.0933996782381085	norloop_tts	ICGC_Pancreatic	tts	norloop
total_Indel	DO51468	1	0.0933996782381085	norloop_tts	ICGC_Pancreatic	tts	norloop
total_Indel	DO51469	2	0.186799356476217	norloop_tts	ICGC_Pancreatic	tts	norloop
total_Indel	DO51470	3	0.280199034714325	norloop_tts	ICGC_Pancreatic	tts	norloop
total_Indel	DO51472	0	0	norloop_tts	ICGC_Pancreatic	tts	norloop
total_Indel	DO51473	2	0.186799356476217	norloop_tts	ICGC_Pancreatic	tts	norloop
total_Indel	DO51474	81	7.56537393728679	norloop_tts	ICGC_Pancreatic	tts	norloop
total_Indel	DO51475	1	0.0933996782381085	norloop_tts	ICGC_Pancreatic	tts	norloop
total_Indel	DO51476	8	0.747197425904868	norloop_tts	ICGC_Pancreatic	tts	norloop
total_Indel	DO51477	0	0	norloop_tts	ICGC_Pancreatic	tts	norloop
total_Indel	DO51478	8	0.747197425904868	norloop_tts	ICGC_Pancreatic	tts	norloop
total_Indel	DO51479	0	0	norloop_tts	ICGC_Pancreatic	tts	norloop
total_Indel	DO51480	0	0	norloop_tts	ICGC_Pancreatic	tts	norloop
total_Indel	DO51481	4	0.373598712952434	norloop_tts	ICGC_Pancreatic	tts	norloop
total_Indel	DO51483	1	0.0933996782381085	norloop_tts	ICGC_Pancreatic	tts	norloop
total_Indel	DO51484	0	0	norloop_tts	ICGC_Pancreatic	tts	norloop
total_Indel	DO51485	0	0	norloop_tts	ICGC_Pancreatic	tts	norloop
total_Indel	DO51486	2	0.186799356476217	norloop_tts	ICGC_Pancreatic	tts	norloop
total_Indel	DO51487	2	0.186799356476217	norloop_tts	ICGC_Pancreatic	tts	norloop
total_Indel	DO51488	0	0	norloop_tts	ICGC_Pancreatic	tts	norloop
total_Indel	DO51489	1	0.0933996782381085	norloop_tts	ICGC_Pancreatic	tts	norloop
total_Indel	DO51490	1	0.0933996782381085	norloop_tts	ICGC_Pancreatic	tts	norloop
total_Indel	DO51491	4	0.373598712952434	norloop_tts	ICGC_Pancreatic	tts	norloop
total_Indel	DO51492	1	0.0933996782381085	norloop_tts	ICGC_Pancreatic	tts	norloop
total_Indel	DO51493	7	0.653797747666759	norloop_tts	ICGC_Pancreatic	tts	norloop
total_Indel	DO51494	1	0.0933996782381085	norloop_tts	ICGC_Pancreatic	tts	norloop
total_Indel	DO51495	0	0	norloop_tts	ICGC_Pancreatic	tts	norloop
total_Indel	DO51496	1	0.0933996782381085	norloop_tts	ICGC_Pancreatic	tts	norloop
total_Indel	DO51497	1	0.0933996782381085	norloop_tts	ICGC_Pancreatic	tts	norloop
total_Indel	DO51498	4	0.373598712952434	norloop_tts	ICGC_Pancreatic	tts	norloop
total_Indel	DO51499	0	0	norloop_tts	ICGC_Pancreatic	tts	norloop
total_Indel	DO51500	2	0.186799356476217	norloop_tts	ICGC_Pancreatic	tts	norloop
total_Indel	DO51501	1	0.0933996782381085	norloop_tts	ICGC_Pancreatic	tts	norloop
total_Indel	DO51502	0	0	norloop_tts	ICGC_Pancreatic	tts	norloop
total_Indel	DO51503	0	0	norloop_tts	ICGC_Pancreatic	tts	norloop
total_Indel	DO51504	1	0.0933996782381085	norloop_tts	ICGC_Pancreatic	tts	norloop
total_Indel	DO51505	0	0	norloop_tts	ICGC_Pancreatic	tts	norloop
total_Indel	DO51506	2	0.186799356476217	norloop_tts	ICGC_Pancreatic	tts	norloop
total_Indel	DO51507	2	0.186799356476217	norloop_tts	ICGC_Pancreatic	tts	norloop
total_Indel	DO51508	0	0	norloop_tts	ICGC_Pancreatic	tts	norloop
total_Indel	DO51509	1	0.0933996782381085	norloop_tts	ICGC_Pancreatic	tts	norloop
total_Indel	DO51510	4	0.373598712952434	norloop_tts	ICGC_Pancreatic	tts	norloop
total_Indel	DO51511	5	0.466998391190542	norloop_tts	ICGC_Pancreatic	tts	norloop
total_Indel	DO51512	0	0	norloop_tts	ICGC_Pancreatic	tts	norloop
total_Indel	DO51513	1	0.0933996782381085	norloop_tts	ICGC_Pancreatic	tts	norloop
total_Indel	DO51514	3	0.280199034714325	norloop_tts	ICGC_Pancreatic	tts	norloop
total_Indel	DO51515	3	0.280199034714325	norloop_tts	ICGC_Pancreatic	tts	norloop
total_Indel	DO51518	3	0.280199034714325	norloop_tts	ICGC_Pancreatic	tts	norloop
total_Indel	DO51519	3	0.280199034714325	norloop_tts	ICGC_Pancreatic	tts	norloop
total_Indel	DO51520	2	0.186799356476217	norloop_tts	ICGC_Pancreatic	tts	norloop
total_Indel	DO51522	2	0.186799356476217	norloop_tts	ICGC_Pancreatic	tts	norloop
total_Indel	DO51523	1	0.0933996782381085	norloop_tts	ICGC_Pancreatic	tts	norloop
total_Indel	DO51524	2	0.186799356476217	norloop_tts	ICGC_Pancreatic	tts	norloop
total_Indel	DO51525	0	0	norloop_tts	ICGC_Pancreatic	tts	norloop
total_Indel	DO51527	7	0.653797747666759	norloop_tts	ICGC_Pancreatic	tts	norloop
total_Indel	DO51528	0	0	norloop_tts	ICGC_Pancreatic	tts	norloop
total_Indel	DO51529	5	0.466998391190542	norloop_tts	ICGC_Pancreatic	tts	norloop
total_Indel	DO51530	3	0.280199034714325	norloop_tts	ICGC_Pancreatic	tts	norloop
total_Indel	DO51531	2	0.186799356476217	norloop_tts	ICGC_Pancreatic	tts	norloop
total_Indel	DO51532	2	0.186799356476217	norloop_tts	ICGC_Pancreatic	tts	norloop
total_Indel	DO51533	2	0.186799356476217	norloop_tts	ICGC_Pancreatic	tts	norloop
total_Indel	DO51534	2	0.186799356476217	norloop_tts	ICGC_Pancreatic	tts	norloop
total_Indel	DO51535	0	0	norloop_tts	ICGC_Pancreatic	tts	norloop
total_Indel	DO51536	2	0.186799356476217	norloop_tts	ICGC_Pancreatic	tts	norloop
total_Indel	DO51537	1	0.0933996782381085	norloop_tts	ICGC_Pancreatic	tts	norloop
total_Indel	DO51538	1	0.0933996782381085	norloop_tts	ICGC_Pancreatic	tts	norloop
total_Indel	DO51540	0	0	norloop_tts	ICGC_Pancreatic	tts	norloop
total_Indel	DO51541	2	0.186799356476217	norloop_tts	ICGC_Pancreatic	tts	norloop
total_Indel	DO51542	1	0.0933996782381085	norloop_tts	ICGC_Pancreatic	tts	norloop
total_Indel	DO51543	5	0.466998391190542	norloop_tts	ICGC_Pancreatic	tts	norloop
total_Indel	DO51544	2	0.186799356476217	norloop_tts	ICGC_Pancreatic	tts	norloop
total_Indel	DO51546	0	0	norloop_tts	ICGC_Pancreatic	tts	norloop
total_Indel	DO51548	3	0.280199034714325	norloop_tts	ICGC_Pancreatic	tts	norloop
total_Indel	DO51549	3	0.280199034714325	norloop_tts	ICGC_Pancreatic	tts	norloop
total_long_simple_indel	DO221539	0	0	norloop_tts	ICGC_Pancreatic	tts	norloop
total_long_simple_indel	DO221540	0	0	norloop_tts	ICGC_Pancreatic	tts	norloop
total_long_simple_indel	DO221541	1	0.0933996782381085	norloop_tts	ICGC_Pancreatic	tts	norloop
total_long_simple_indel	DO221542	0	0	norloop_tts	ICGC_Pancreatic	tts	norloop
total_long_simple_indel	DO221543	0	0	norloop_tts	ICGC_Pancreatic	tts	norloop
total_long_simple_indel	DO221544	1	0.0933996782381085	norloop_tts	ICGC_Pancreatic	tts	norloop
total_long_simple_indel	DO221545	3	0.280199034714325	norloop_tts	ICGC_Pancreatic	tts	norloop
total_long_simple_indel	DO221546	0	0	norloop_tts	ICGC_Pancreatic	tts	norloop
total_long_simple_indel	DO221547	3	0.280199034714325	norloop_tts	ICGC_Pancreatic	tts	norloop
total_long_simple_indel	DO32831	2	0.186799356476217	norloop_tts	ICGC_Pancreatic	tts	norloop
total_long_simple_indel	DO32833	0	0	norloop_tts	ICGC_Pancreatic	tts	norloop
total_long_simple_indel	DO32837	0	0	norloop_tts	ICGC_Pancreatic	tts	norloop
total_long_simple_indel	DO32860	1	0.0933996782381085	norloop_tts	ICGC_Pancreatic	tts	norloop
total_long_simple_indel	DO32863	1	0.0933996782381085	norloop_tts	ICGC_Pancreatic	tts	norloop
total_long_simple_indel	DO32875	1	0.0933996782381085	norloop_tts	ICGC_Pancreatic	tts	norloop
total_long_simple_indel	DO32878	0	0	norloop_tts	ICGC_Pancreatic	tts	norloop
total_long_simple_indel	DO32893	0	0	norloop_tts	ICGC_Pancreatic	tts	norloop
total_long_simple_indel	DO32900	0	0	norloop_tts	ICGC_Pancreatic	tts	norloop
total_long_simple_indel	DO32916	1	0.0933996782381085	norloop_tts	ICGC_Pancreatic	tts	norloop
total_long_simple_indel	DO32960	0	0	norloop_tts	ICGC_Pancreatic	tts	norloop
total_long_simple_indel	DO32972	0	0	norloop_tts	ICGC_Pancreatic	tts	norloop
total_long_simple_indel	DO32976	1	0.0933996782381085	norloop_tts	ICGC_Pancreatic	tts	norloop
total_long_simple_indel	DO32980	0	0	norloop_tts	ICGC_Pancreatic	tts	norloop
total_long_simple_indel	DO32984	1	0.0933996782381085	norloop_tts	ICGC_Pancreatic	tts	norloop
total_long_simple_indel	DO33000	0	0	norloop_tts	ICGC_Pancreatic	tts	norloop
total_long_simple_indel	DO33008	1	0.0933996782381085	norloop_tts	ICGC_Pancreatic	tts	norloop
total_long_simple_indel	DO33016	0	0	norloop_tts	ICGC_Pancreatic	tts	norloop
total_long_simple_indel	DO33028	0	0	norloop_tts	ICGC_Pancreatic	tts	norloop
total_long_simple_indel	DO33032	1	0.0933996782381085	norloop_tts	ICGC_Pancreatic	tts	norloop
total_long_simple_indel	DO33042	1	0.0933996782381085	norloop_tts	ICGC_Pancreatic	tts	norloop
total_long_simple_indel	DO33077	0	0	norloop_tts	ICGC_Pancreatic	tts	norloop
total_long_simple_indel	DO33128	0	0	norloop_tts	ICGC_Pancreatic	tts	norloop
total_long_simple_indel	DO33152	1	0.0933996782381085	norloop_tts	ICGC_Pancreatic	tts	norloop
total_long_simple_indel	DO33160	0	0	norloop_tts	ICGC_Pancreatic	tts	norloop
total_long_simple_indel	DO33168	0	0	norloop_tts	ICGC_Pancreatic	tts	norloop
total_long_simple_indel	DO33184	1	0.0933996782381085	norloop_tts	ICGC_Pancreatic	tts	norloop
total_long_simple_indel	DO33200	0	0	norloop_tts	ICGC_Pancreatic	tts	norloop
total_long_simple_indel	DO33208	0	0	norloop_tts	ICGC_Pancreatic	tts	norloop
total_long_simple_indel	DO33248	0	0	norloop_tts	ICGC_Pancreatic	tts	norloop
total_long_simple_indel	DO33264	0	0	norloop_tts	ICGC_Pancreatic	tts	norloop
total_long_simple_indel	DO33288	0	0	norloop_tts	ICGC_Pancreatic	tts	norloop
total_long_simple_indel	DO33344	0	0	norloop_tts	ICGC_Pancreatic	tts	norloop
total_long_simple_indel	DO33368	2	0.186799356476217	norloop_tts	ICGC_Pancreatic	tts	norloop
total_long_simple_indel	DO33376	0	0	norloop_tts	ICGC_Pancreatic	tts	norloop
total_long_simple_indel	DO33392	0	0	norloop_tts	ICGC_Pancreatic	tts	norloop
total_long_simple_indel	DO33400	0	0	norloop_tts	ICGC_Pancreatic	tts	norloop
total_long_simple_indel	DO33408	0	0	norloop_tts	ICGC_Pancreatic	tts	norloop
total_long_simple_indel	DO33472	0	0	norloop_tts	ICGC_Pancreatic	tts	norloop
total_long_simple_indel	DO33480	1	0.0933996782381085	norloop_tts	ICGC_Pancreatic	tts	norloop
total_long_simple_indel	DO33488	0	0	norloop_tts	ICGC_Pancreatic	tts	norloop
total_long_simple_indel	DO33512	0	0	norloop_tts	ICGC_Pancreatic	tts	norloop
total_long_simple_indel	DO33544	0	0	norloop_tts	ICGC_Pancreatic	tts	norloop
total_long_simple_indel	DO33552	2	0.186799356476217	norloop_tts	ICGC_Pancreatic	tts	norloop
total_long_simple_indel	DO33600	1	0.0933996782381085	norloop_tts	ICGC_Pancreatic	tts	norloop
total_long_simple_indel	DO33960	0	0	norloop_tts	ICGC_Pancreatic	tts	norloop
total_long_simple_indel	DO33984	0	0	norloop_tts	ICGC_Pancreatic	tts	norloop
total_long_simple_indel	DO34264	0	0	norloop_tts	ICGC_Pancreatic	tts	norloop
total_long_simple_indel	DO34288	0	0	norloop_tts	ICGC_Pancreatic	tts	norloop
total_long_simple_indel	DO34312	0	0	norloop_tts	ICGC_Pancreatic	tts	norloop
total_long_simple_indel	DO34336	0	0	norloop_tts	ICGC_Pancreatic	tts	norloop
total_long_simple_indel	DO34432	0	0	norloop_tts	ICGC_Pancreatic	tts	norloop
total_long_simple_indel	DO34448	0	0	norloop_tts	ICGC_Pancreatic	tts	norloop
total_long_simple_indel	DO34504	0	0	norloop_tts	ICGC_Pancreatic	tts	norloop
total_long_simple_indel	DO34600	1	0.0933996782381085	norloop_tts	ICGC_Pancreatic	tts	norloop
total_long_simple_indel	DO34608	0	0	norloop_tts	ICGC_Pancreatic	tts	norloop
total_long_simple_indel	DO34616	0	0	norloop_tts	ICGC_Pancreatic	tts	norloop
total_long_simple_indel	DO34640	0	0	norloop_tts	ICGC_Pancreatic	tts	norloop
total_long_simple_indel	DO34656	0	0	norloop_tts	ICGC_Pancreatic	tts	norloop
total_long_simple_indel	DO34680	3	0.280199034714325	norloop_tts	ICGC_Pancreatic	tts	norloop
total_long_simple_indel	DO34696	0	0	norloop_tts	ICGC_Pancreatic	tts	norloop
total_long_simple_indel	DO34720	1	0.0933996782381085	norloop_tts	ICGC_Pancreatic	tts	norloop
total_long_simple_indel	DO34728	0	0	norloop_tts	ICGC_Pancreatic	tts	norloop
total_long_simple_indel	DO34736	0	0	norloop_tts	ICGC_Pancreatic	tts	norloop
total_long_simple_indel	DO34785	0	0	norloop_tts	ICGC_Pancreatic	tts	norloop
total_long_simple_indel	DO34793	0	0	norloop_tts	ICGC_Pancreatic	tts	norloop
total_long_simple_indel	DO34801	0	0	norloop_tts	ICGC_Pancreatic	tts	norloop
total_long_simple_indel	DO34809	2	0.186799356476217	norloop_tts	ICGC_Pancreatic	tts	norloop
total_long_simple_indel	DO34817	0	0	norloop_tts	ICGC_Pancreatic	tts	norloop
total_long_simple_indel	DO34849	0	0	norloop_tts	ICGC_Pancreatic	tts	norloop
total_long_simple_indel	DO34905	3	0.280199034714325	norloop_tts	ICGC_Pancreatic	tts	norloop
total_long_simple_indel	DO34961	1	0.0933996782381085	norloop_tts	ICGC_Pancreatic	tts	norloop
total_long_simple_indel	DO35082	1	0.0933996782381085	norloop_tts	ICGC_Pancreatic	tts	norloop
total_long_simple_indel	DO35083	5	0.466998391190542	norloop_tts	ICGC_Pancreatic	tts	norloop
total_long_simple_indel	DO35085	0	0	norloop_tts	ICGC_Pancreatic	tts	norloop
total_long_simple_indel	DO35098	0	0	norloop_tts	ICGC_Pancreatic	tts	norloop
total_long_simple_indel	DO35114	0	0	norloop_tts	ICGC_Pancreatic	tts	norloop
total_long_simple_indel	DO35116	1	0.0933996782381085	norloop_tts	ICGC_Pancreatic	tts	norloop
total_long_simple_indel	DO35118	0	0	norloop_tts	ICGC_Pancreatic	tts	norloop
total_long_simple_indel	DO35126	0	0	norloop_tts	ICGC_Pancreatic	tts	norloop
total_long_simple_indel	DO35128	0	0	norloop_tts	ICGC_Pancreatic	tts	norloop
total_long_simple_indel	DO35132	0	0	norloop_tts	ICGC_Pancreatic	tts	norloop
total_long_simple_indel	DO35136	0	0	norloop_tts	ICGC_Pancreatic	tts	norloop
total_long_simple_indel	DO35138	0	0	norloop_tts	ICGC_Pancreatic	tts	norloop
total_long_simple_indel	DO35144	0	0	norloop_tts	ICGC_Pancreatic	tts	norloop
total_long_simple_indel	DO35148	0	0	norloop_tts	ICGC_Pancreatic	tts	norloop
total_long_simple_indel	DO35152	1	0.0933996782381085	norloop_tts	ICGC_Pancreatic	tts	norloop
total_long_simple_indel	DO35184	0	0	norloop_tts	ICGC_Pancreatic	tts	norloop
total_long_simple_indel	DO35186	1	0.0933996782381085	norloop_tts	ICGC_Pancreatic	tts	norloop
total_long_simple_indel	DO35198	0	0	norloop_tts	ICGC_Pancreatic	tts	norloop
total_long_simple_indel	DO35200	0	0	norloop_tts	ICGC_Pancreatic	tts	norloop
total_long_simple_indel	DO35216	0	0	norloop_tts	ICGC_Pancreatic	tts	norloop
total_long_simple_indel	DO35222	0	0	norloop_tts	ICGC_Pancreatic	tts	norloop
total_long_simple_indel	DO35228	0	0	norloop_tts	ICGC_Pancreatic	tts	norloop
total_long_simple_indel	DO35230	1	0.0933996782381085	norloop_tts	ICGC_Pancreatic	tts	norloop
total_long_simple_indel	DO35236	1	0.0933996782381085	norloop_tts	ICGC_Pancreatic	tts	norloop
total_long_simple_indel	DO35258	0	0	norloop_tts	ICGC_Pancreatic	tts	norloop
total_long_simple_indel	DO35290	2	0.186799356476217	norloop_tts	ICGC_Pancreatic	tts	norloop
total_long_simple_indel	DO35305	0	0	norloop_tts	ICGC_Pancreatic	tts	norloop
total_long_simple_indel	DO35330	0	0	norloop_tts	ICGC_Pancreatic	tts	norloop
total_long_simple_indel	DO35350	0	0	norloop_tts	ICGC_Pancreatic	tts	norloop
total_long_simple_indel	DO35360	0	0	norloop_tts	ICGC_Pancreatic	tts	norloop
total_long_simple_indel	DO35376	0	0	norloop_tts	ICGC_Pancreatic	tts	norloop
total_long_simple_indel	DO35406	1	0.0933996782381085	norloop_tts	ICGC_Pancreatic	tts	norloop
total_long_simple_indel	DO35424	0	0	norloop_tts	ICGC_Pancreatic	tts	norloop
total_long_simple_indel	DO35442	0	0	norloop_tts	ICGC_Pancreatic	tts	norloop
total_long_simple_indel	DO35454	0	0	norloop_tts	ICGC_Pancreatic	tts	norloop
total_long_simple_indel	DO35496	0	0	norloop_tts	ICGC_Pancreatic	tts	norloop
total_long_simple_indel	DO49074	0	0	norloop_tts	ICGC_Pancreatic	tts	norloop
total_long_simple_indel	DO49076	0	0	norloop_tts	ICGC_Pancreatic	tts	norloop
total_long_simple_indel	DO49078	0	0	norloop_tts	ICGC_Pancreatic	tts	norloop
total_long_simple_indel	DO49079	0	0	norloop_tts	ICGC_Pancreatic	tts	norloop
total_long_simple_indel	DO49080	0	0	norloop_tts	ICGC_Pancreatic	tts	norloop
total_long_simple_indel	DO49087	1	0.0933996782381085	norloop_tts	ICGC_Pancreatic	tts	norloop
total_long_simple_indel	DO49090	0	0	norloop_tts	ICGC_Pancreatic	tts	norloop
total_long_simple_indel	DO49113	0	0	norloop_tts	ICGC_Pancreatic	tts	norloop
total_long_simple_indel	DO49127	0	0	norloop_tts	ICGC_Pancreatic	tts	norloop
total_long_simple_indel	DO49129	1	0.0933996782381085	norloop_tts	ICGC_Pancreatic	tts	norloop
total_long_simple_indel	DO49135	0	0	norloop_tts	ICGC_Pancreatic	tts	norloop
total_long_simple_indel	DO49137	0	0	norloop_tts	ICGC_Pancreatic	tts	norloop
total_long_simple_indel	DO49138	0	0	norloop_tts	ICGC_Pancreatic	tts	norloop
total_long_simple_indel	DO49166	0	0	norloop_tts	ICGC_Pancreatic	tts	norloop
total_long_simple_indel	DO49168	0	0	norloop_tts	ICGC_Pancreatic	tts	norloop
total_long_simple_indel	DO49172	0	0	norloop_tts	ICGC_Pancreatic	tts	norloop
total_long_simple_indel	DO49178	0	0	norloop_tts	ICGC_Pancreatic	tts	norloop
total_long_simple_indel	DO49181	0	0	norloop_tts	ICGC_Pancreatic	tts	norloop
total_long_simple_indel	DO49183	0	0	norloop_tts	ICGC_Pancreatic	tts	norloop
total_long_simple_indel	DO49184	0	0	norloop_tts	ICGC_Pancreatic	tts	norloop
total_long_simple_indel	DO49193	0	0	norloop_tts	ICGC_Pancreatic	tts	norloop
total_long_simple_indel	DO49204	0	0	norloop_tts	ICGC_Pancreatic	tts	norloop
total_long_simple_indel	DO49418	0	0	norloop_tts	ICGC_Pancreatic	tts	norloop
total_long_simple_indel	DO49419	3	0.280199034714325	norloop_tts	ICGC_Pancreatic	tts	norloop
total_long_simple_indel	DO49420	0	0	norloop_tts	ICGC_Pancreatic	tts	norloop
total_long_simple_indel	DO49421	0	0	norloop_tts	ICGC_Pancreatic	tts	norloop
total_long_simple_indel	DO49422	0	0	norloop_tts	ICGC_Pancreatic	tts	norloop
total_long_simple_indel	DO49424	0	0	norloop_tts	ICGC_Pancreatic	tts	norloop
total_long_simple_indel	DO49427	0	0	norloop_tts	ICGC_Pancreatic	tts	norloop
total_long_simple_indel	DO49430	0	0	norloop_tts	ICGC_Pancreatic	tts	norloop
total_long_simple_indel	DO49433	0	0	norloop_tts	ICGC_Pancreatic	tts	norloop
total_long_simple_indel	DO49436	0	0	norloop_tts	ICGC_Pancreatic	tts	norloop
total_long_simple_indel	DO49439	0	0	norloop_tts	ICGC_Pancreatic	tts	norloop
total_long_simple_indel	DO49442	1	0.0933996782381085	norloop_tts	ICGC_Pancreatic	tts	norloop
total_long_simple_indel	DO49445	0	0	norloop_tts	ICGC_Pancreatic	tts	norloop
total_long_simple_indel	DO49448	1	0.0933996782381085	norloop_tts	ICGC_Pancreatic	tts	norloop
total_long_simple_indel	DO49451	0	0	norloop_tts	ICGC_Pancreatic	tts	norloop
total_long_simple_indel	DO49454	0	0	norloop_tts	ICGC_Pancreatic	tts	norloop
total_long_simple_indel	DO49457	1	0.0933996782381085	norloop_tts	ICGC_Pancreatic	tts	norloop
total_long_simple_indel	DO49460	0	0	norloop_tts	ICGC_Pancreatic	tts	norloop
total_long_simple_indel	DO49463	0	0	norloop_tts	ICGC_Pancreatic	tts	norloop
total_long_simple_indel	DO49466	0	0	norloop_tts	ICGC_Pancreatic	tts	norloop
total_long_simple_indel	DO49478	0	0	norloop_tts	ICGC_Pancreatic	tts	norloop
total_long_simple_indel	DO49481	0	0	norloop_tts	ICGC_Pancreatic	tts	norloop
total_long_simple_indel	DO49484	0	0	norloop_tts	ICGC_Pancreatic	tts	norloop
total_long_simple_indel	DO51465	1	0.0933996782381085	norloop_tts	ICGC_Pancreatic	tts	norloop
total_long_simple_indel	DO51466	0	0	norloop_tts	ICGC_Pancreatic	tts	norloop
total_long_simple_indel	DO51467	0	0	norloop_tts	ICGC_Pancreatic	tts	norloop
total_long_simple_indel	DO51468	0	0	norloop_tts	ICGC_Pancreatic	tts	norloop
total_long_simple_indel	DO51469	1	0.0933996782381085	norloop_tts	ICGC_Pancreatic	tts	norloop
total_long_simple_indel	DO51470	0	0	norloop_tts	ICGC_Pancreatic	tts	norloop
total_long_simple_indel	DO51472	0	0	norloop_tts	ICGC_Pancreatic	tts	norloop
total_long_simple_indel	DO51473	0	0	norloop_tts	ICGC_Pancreatic	tts	norloop
total_long_simple_indel	DO51474	5	0.466998391190542	norloop_tts	ICGC_Pancreatic	tts	norloop
total_long_simple_indel	DO51475	0	0	norloop_tts	ICGC_Pancreatic	tts	norloop
total_long_simple_indel	DO51476	3	0.280199034714325	norloop_tts	ICGC_Pancreatic	tts	norloop
total_long_simple_indel	DO51477	0	0	norloop_tts	ICGC_Pancreatic	tts	norloop
total_long_simple_indel	DO51478	2	0.186799356476217	norloop_tts	ICGC_Pancreatic	tts	norloop
total_long_simple_indel	DO51479	0	0	norloop_tts	ICGC_Pancreatic	tts	norloop
total_long_simple_indel	DO51480	0	0	norloop_tts	ICGC_Pancreatic	tts	norloop
total_long_simple_indel	DO51481	1	0.0933996782381085	norloop_tts	ICGC_Pancreatic	tts	norloop
total_long_simple_indel	DO51483	0	0	norloop_tts	ICGC_Pancreatic	tts	norloop
total_long_simple_indel	DO51484	0	0	norloop_tts	ICGC_Pancreatic	tts	norloop
total_long_simple_indel	DO51485	0	0	norloop_tts	ICGC_Pancreatic	tts	norloop
total_long_simple_indel	DO51486	2	0.186799356476217	norloop_tts	ICGC_Pancreatic	tts	norloop
total_long_simple_indel	DO51487	0	0	norloop_tts	ICGC_Pancreatic	tts	norloop
total_long_simple_indel	DO51488	0	0	norloop_tts	ICGC_Pancreatic	tts	norloop
total_long_simple_indel	DO51489	1	0.0933996782381085	norloop_tts	ICGC_Pancreatic	tts	norloop
total_long_simple_indel	DO51490	0	0	norloop_tts	ICGC_Pancreatic	tts	norloop
total_long_simple_indel	DO51491	0	0	norloop_tts	ICGC_Pancreatic	tts	norloop
total_long_simple_indel	DO51492	0	0	norloop_tts	ICGC_Pancreatic	tts	norloop
total_long_simple_indel	DO51493	3	0.280199034714325	norloop_tts	ICGC_Pancreatic	tts	norloop
total_long_simple_indel	DO51494	0	0	norloop_tts	ICGC_Pancreatic	tts	norloop
total_long_simple_indel	DO51495	0	0	norloop_tts	ICGC_Pancreatic	tts	norloop
total_long_simple_indel	DO51496	0	0	norloop_tts	ICGC_Pancreatic	tts	norloop
total_long_simple_indel	DO51497	1	0.0933996782381085	norloop_tts	ICGC_Pancreatic	tts	norloop
total_long_simple_indel	DO51498	3	0.280199034714325	norloop_tts	ICGC_Pancreatic	tts	norloop
total_long_simple_indel	DO51499	0	0	norloop_tts	ICGC_Pancreatic	tts	norloop
total_long_simple_indel	DO51500	1	0.0933996782381085	norloop_tts	ICGC_Pancreatic	tts	norloop
total_long_simple_indel	DO51501	0	0	norloop_tts	ICGC_Pancreatic	tts	norloop
total_long_simple_indel	DO51502	0	0	norloop_tts	ICGC_Pancreatic	tts	norloop
total_long_simple_indel	DO51503	0	0	norloop_tts	ICGC_Pancreatic	tts	norloop
total_long_simple_indel	DO51504	0	0	norloop_tts	ICGC_Pancreatic	tts	norloop
total_long_simple_indel	DO51505	0	0	norloop_tts	ICGC_Pancreatic	tts	norloop
total_long_simple_indel	DO51506	1	0.0933996782381085	norloop_tts	ICGC_Pancreatic	tts	norloop
total_long_simple_indel	DO51507	1	0.0933996782381085	norloop_tts	ICGC_Pancreatic	tts	norloop
total_long_simple_indel	DO51508	0	0	norloop_tts	ICGC_Pancreatic	tts	norloop
total_long_simple_indel	DO51509	0	0	norloop_tts	ICGC_Pancreatic	tts	norloop
total_long_simple_indel	DO51510	2	0.186799356476217	norloop_tts	ICGC_Pancreatic	tts	norloop
total_long_simple_indel	DO51511	1	0.0933996782381085	norloop_tts	ICGC_Pancreatic	tts	norloop
total_long_simple_indel	DO51512	0	0	norloop_tts	ICGC_Pancreatic	tts	norloop
total_long_simple_indel	DO51513	0	0	norloop_tts	ICGC_Pancreatic	tts	norloop
total_long_simple_indel	DO51514	0	0	norloop_tts	ICGC_Pancreatic	tts	norloop
total_long_simple_indel	DO51515	0	0	norloop_tts	ICGC_Pancreatic	tts	norloop
total_long_simple_indel	DO51518	1	0.0933996782381085	norloop_tts	ICGC_Pancreatic	tts	norloop
total_long_simple_indel	DO51519	1	0.0933996782381085	norloop_tts	ICGC_Pancreatic	tts	norloop
total_long_simple_indel	DO51520	0	0	norloop_tts	ICGC_Pancreatic	tts	norloop
total_long_simple_indel	DO51522	0	0	norloop_tts	ICGC_Pancreatic	tts	norloop
total_long_simple_indel	DO51523	1	0.0933996782381085	norloop_tts	ICGC_Pancreatic	tts	norloop
total_long_simple_indel	DO51524	0	0	norloop_tts	ICGC_Pancreatic	tts	norloop
total_long_simple_indel	DO51525	0	0	norloop_tts	ICGC_Pancreatic	tts	norloop
total_long_simple_indel	DO51527	1	0.0933996782381085	norloop_tts	ICGC_Pancreatic	tts	norloop
total_long_simple_indel	DO51528	0	0	norloop_tts	ICGC_Pancreatic	tts	norloop
total_long_simple_indel	DO51529	0	0	norloop_tts	ICGC_Pancreatic	tts	norloop
total_long_simple_indel	DO51530	1	0.0933996782381085	norloop_tts	ICGC_Pancreatic	tts	norloop
total_long_simple_indel	DO51531	0	0	norloop_tts	ICGC_Pancreatic	tts	norloop
total_long_simple_indel	DO51532	0	0	norloop_tts	ICGC_Pancreatic	tts	norloop
total_long_simple_indel	DO51533	1	0.0933996782381085	norloop_tts	ICGC_Pancreatic	tts	norloop
total_long_simple_indel	DO51534	1	0.0933996782381085	norloop_tts	ICGC_Pancreatic	tts	norloop
total_long_simple_indel	DO51535	0	0	norloop_tts	ICGC_Pancreatic	tts	norloop
total_long_simple_indel	DO51536	0	0	norloop_tts	ICGC_Pancreatic	tts	norloop
total_long_simple_indel	DO51537	0	0	norloop_tts	ICGC_Pancreatic	tts	norloop
total_long_simple_indel	DO51538	0	0	norloop_tts	ICGC_Pancreatic	tts	norloop
total_long_simple_indel	DO51540	0	0	norloop_tts	ICGC_Pancreatic	tts	norloop
total_long_simple_indel	DO51541	2	0.186799356476217	norloop_tts	ICGC_Pancreatic	tts	norloop
total_long_simple_indel	DO51542	0	0	norloop_tts	ICGC_Pancreatic	tts	norloop
total_long_simple_indel	DO51543	0	0	norloop_tts	ICGC_Pancreatic	tts	norloop
total_long_simple_indel	DO51544	0	0	norloop_tts	ICGC_Pancreatic	tts	norloop
total_long_simple_indel	DO51546	0	0	norloop_tts	ICGC_Pancreatic	tts	norloop
total_long_simple_indel	DO51548	0	0	norloop_tts	ICGC_Pancreatic	tts	norloop
total_long_simple_indel	DO51549	1	0.0933996782381085	norloop_tts	ICGC_Pancreatic	tts	norloop
total_long_indel	DO221539	0	0	norloop_tts	ICGC_Pancreatic	tts	norloop
total_long_indel	DO221540	0	0	norloop_tts	ICGC_Pancreatic	tts	norloop
total_long_indel	DO221541	4	0.373598712952434	norloop_tts	ICGC_Pancreatic	tts	norloop
total_long_indel	DO221542	0	0	norloop_tts	ICGC_Pancreatic	tts	norloop
total_long_indel	DO221543	0	0	norloop_tts	ICGC_Pancreatic	tts	norloop
total_long_indel	DO221544	3	0.280199034714325	norloop_tts	ICGC_Pancreatic	tts	norloop
total_long_indel	DO221545	5	0.466998391190542	norloop_tts	ICGC_Pancreatic	tts	norloop
total_long_indel	DO221546	0	0	norloop_tts	ICGC_Pancreatic	tts	norloop
total_long_indel	DO221547	4	0.373598712952434	norloop_tts	ICGC_Pancreatic	tts	norloop
total_long_indel	DO32831	3	0.280199034714325	norloop_tts	ICGC_Pancreatic	tts	norloop
total_long_indel	DO32833	0	0	norloop_tts	ICGC_Pancreatic	tts	norloop
total_long_indel	DO32837	0	0	norloop_tts	ICGC_Pancreatic	tts	norloop
total_long_indel	DO32860	1	0.0933996782381085	norloop_tts	ICGC_Pancreatic	tts	norloop
total_long_indel	DO32863	1	0.0933996782381085	norloop_tts	ICGC_Pancreatic	tts	norloop
total_long_indel	DO32875	1	0.0933996782381085	norloop_tts	ICGC_Pancreatic	tts	norloop
total_long_indel	DO32878	0	0	norloop_tts	ICGC_Pancreatic	tts	norloop
total_long_indel	DO32893	0	0	norloop_tts	ICGC_Pancreatic	tts	norloop
total_long_indel	DO32900	1	0.0933996782381085	norloop_tts	ICGC_Pancreatic	tts	norloop
total_long_indel	DO32916	2	0.186799356476217	norloop_tts	ICGC_Pancreatic	tts	norloop
total_long_indel	DO32960	0	0	norloop_tts	ICGC_Pancreatic	tts	norloop
total_long_indel	DO32972	0	0	norloop_tts	ICGC_Pancreatic	tts	norloop
total_long_indel	DO32976	1	0.0933996782381085	norloop_tts	ICGC_Pancreatic	tts	norloop
total_long_indel	DO32980	0	0	norloop_tts	ICGC_Pancreatic	tts	norloop
total_long_indel	DO32984	2	0.186799356476217	norloop_tts	ICGC_Pancreatic	tts	norloop
total_long_indel	DO33000	0	0	norloop_tts	ICGC_Pancreatic	tts	norloop
total_long_indel	DO33008	4	0.373598712952434	norloop_tts	ICGC_Pancreatic	tts	norloop
total_long_indel	DO33016	0	0	norloop_tts	ICGC_Pancreatic	tts	norloop
total_long_indel	DO33028	0	0	norloop_tts	ICGC_Pancreatic	tts	norloop
total_long_indel	DO33032	1	0.0933996782381085	norloop_tts	ICGC_Pancreatic	tts	norloop
total_long_indel	DO33042	1	0.0933996782381085	norloop_tts	ICGC_Pancreatic	tts	norloop
total_long_indel	DO33077	0	0	norloop_tts	ICGC_Pancreatic	tts	norloop
total_long_indel	DO33128	0	0	norloop_tts	ICGC_Pancreatic	tts	norloop
total_long_indel	DO33152	1	0.0933996782381085	norloop_tts	ICGC_Pancreatic	tts	norloop
total_long_indel	DO33160	0	0	norloop_tts	ICGC_Pancreatic	tts	norloop
total_long_indel	DO33168	0	0	norloop_tts	ICGC_Pancreatic	tts	norloop
total_long_indel	DO33184	2	0.186799356476217	norloop_tts	ICGC_Pancreatic	tts	norloop
total_long_indel	DO33200	0	0	norloop_tts	ICGC_Pancreatic	tts	norloop
total_long_indel	DO33208	0	0	norloop_tts	ICGC_Pancreatic	tts	norloop
total_long_indel	DO33248	0	0	norloop_tts	ICGC_Pancreatic	tts	norloop
total_long_indel	DO33264	1	0.0933996782381085	norloop_tts	ICGC_Pancreatic	tts	norloop
total_long_indel	DO33288	0	0	norloop_tts	ICGC_Pancreatic	tts	norloop
total_long_indel	DO33344	0	0	norloop_tts	ICGC_Pancreatic	tts	norloop
total_long_indel	DO33368	2	0.186799356476217	norloop_tts	ICGC_Pancreatic	tts	norloop
total_long_indel	DO33376	0	0	norloop_tts	ICGC_Pancreatic	tts	norloop
total_long_indel	DO33392	0	0	norloop_tts	ICGC_Pancreatic	tts	norloop
total_long_indel	DO33400	0	0	norloop_tts	ICGC_Pancreatic	tts	norloop
total_long_indel	DO33408	0	0	norloop_tts	ICGC_Pancreatic	tts	norloop
total_long_indel	DO33472	0	0	norloop_tts	ICGC_Pancreatic	tts	norloop
total_long_indel	DO33480	1	0.0933996782381085	norloop_tts	ICGC_Pancreatic	tts	norloop
total_long_indel	DO33488	2	0.186799356476217	norloop_tts	ICGC_Pancreatic	tts	norloop
total_long_indel	DO33512	0	0	norloop_tts	ICGC_Pancreatic	tts	norloop
total_long_indel	DO33544	0	0	norloop_tts	ICGC_Pancreatic	tts	norloop
total_long_indel	DO33552	2	0.186799356476217	norloop_tts	ICGC_Pancreatic	tts	norloop
total_long_indel	DO33600	1	0.0933996782381085	norloop_tts	ICGC_Pancreatic	tts	norloop
total_long_indel	DO33960	0	0	norloop_tts	ICGC_Pancreatic	tts	norloop
total_long_indel	DO33984	0	0	norloop_tts	ICGC_Pancreatic	tts	norloop
total_long_indel	DO34264	0	0	norloop_tts	ICGC_Pancreatic	tts	norloop
total_long_indel	DO34288	0	0	norloop_tts	ICGC_Pancreatic	tts	norloop
total_long_indel	DO34312	0	0	norloop_tts	ICGC_Pancreatic	tts	norloop
total_long_indel	DO34336	0	0	norloop_tts	ICGC_Pancreatic	tts	norloop
total_long_indel	DO34432	0	0	norloop_tts	ICGC_Pancreatic	tts	norloop
total_long_indel	DO34448	1	0.0933996782381085	norloop_tts	ICGC_Pancreatic	tts	norloop
total_long_indel	DO34504	1	0.0933996782381085	norloop_tts	ICGC_Pancreatic	tts	norloop
total_long_indel	DO34600	1	0.0933996782381085	norloop_tts	ICGC_Pancreatic	tts	norloop
total_long_indel	DO34608	0	0	norloop_tts	ICGC_Pancreatic	tts	norloop
total_long_indel	DO34616	0	0	norloop_tts	ICGC_Pancreatic	tts	norloop
total_long_indel	DO34640	0	0	norloop_tts	ICGC_Pancreatic	tts	norloop
total_long_indel	DO34656	0	0	norloop_tts	ICGC_Pancreatic	tts	norloop
total_long_indel	DO34680	3	0.280199034714325	norloop_tts	ICGC_Pancreatic	tts	norloop
total_long_indel	DO34696	0	0	norloop_tts	ICGC_Pancreatic	tts	norloop
total_long_indel	DO34720	1	0.0933996782381085	norloop_tts	ICGC_Pancreatic	tts	norloop
total_long_indel	DO34728	0	0	norloop_tts	ICGC_Pancreatic	tts	norloop
total_long_indel	DO34736	0	0	norloop_tts	ICGC_Pancreatic	tts	norloop
total_long_indel	DO34785	0	0	norloop_tts	ICGC_Pancreatic	tts	norloop
total_long_indel	DO34793	0	0	norloop_tts	ICGC_Pancreatic	tts	norloop
total_long_indel	DO34801	0	0	norloop_tts	ICGC_Pancreatic	tts	norloop
total_long_indel	DO34809	2	0.186799356476217	norloop_tts	ICGC_Pancreatic	tts	norloop
total_long_indel	DO34817	0	0	norloop_tts	ICGC_Pancreatic	tts	norloop
total_long_indel	DO34849	0	0	norloop_tts	ICGC_Pancreatic	tts	norloop
total_long_indel	DO34905	8	0.747197425904868	norloop_tts	ICGC_Pancreatic	tts	norloop
total_long_indel	DO34961	1	0.0933996782381085	norloop_tts	ICGC_Pancreatic	tts	norloop
total_long_indel	DO35082	1	0.0933996782381085	norloop_tts	ICGC_Pancreatic	tts	norloop
total_long_indel	DO35083	13	1.21419581709541	norloop_tts	ICGC_Pancreatic	tts	norloop
total_long_indel	DO35085	0	0	norloop_tts	ICGC_Pancreatic	tts	norloop
total_long_indel	DO35098	0	0	norloop_tts	ICGC_Pancreatic	tts	norloop
total_long_indel	DO35114	0	0	norloop_tts	ICGC_Pancreatic	tts	norloop
total_long_indel	DO35116	1	0.0933996782381085	norloop_tts	ICGC_Pancreatic	tts	norloop
total_long_indel	DO35118	0	0	norloop_tts	ICGC_Pancreatic	tts	norloop
total_long_indel	DO35126	1	0.0933996782381085	norloop_tts	ICGC_Pancreatic	tts	norloop
total_long_indel	DO35128	0	0	norloop_tts	ICGC_Pancreatic	tts	norloop
total_long_indel	DO35132	0	0	norloop_tts	ICGC_Pancreatic	tts	norloop
total_long_indel	DO35136	1	0.0933996782381085	norloop_tts	ICGC_Pancreatic	tts	norloop
total_long_indel	DO35138	0	0	norloop_tts	ICGC_Pancreatic	tts	norloop
total_long_indel	DO35144	0	0	norloop_tts	ICGC_Pancreatic	tts	norloop
total_long_indel	DO35148	0	0	norloop_tts	ICGC_Pancreatic	tts	norloop
total_long_indel	DO35152	1	0.0933996782381085	norloop_tts	ICGC_Pancreatic	tts	norloop
total_long_indel	DO35184	1	0.0933996782381085	norloop_tts	ICGC_Pancreatic	tts	norloop
total_long_indel	DO35186	1	0.0933996782381085	norloop_tts	ICGC_Pancreatic	tts	norloop
total_long_indel	DO35198	1	0.0933996782381085	norloop_tts	ICGC_Pancreatic	tts	norloop
total_long_indel	DO35200	0	0	norloop_tts	ICGC_Pancreatic	tts	norloop
total_long_indel	DO35216	0	0	norloop_tts	ICGC_Pancreatic	tts	norloop
total_long_indel	DO35222	0	0	norloop_tts	ICGC_Pancreatic	tts	norloop
total_long_indel	DO35228	0	0	norloop_tts	ICGC_Pancreatic	tts	norloop
total_long_indel	DO35230	1	0.0933996782381085	norloop_tts	ICGC_Pancreatic	tts	norloop
total_long_indel	DO35236	1	0.0933996782381085	norloop_tts	ICGC_Pancreatic	tts	norloop
total_long_indel	DO35258	0	0	norloop_tts	ICGC_Pancreatic	tts	norloop
total_long_indel	DO35290	2	0.186799356476217	norloop_tts	ICGC_Pancreatic	tts	norloop
total_long_indel	DO35305	0	0	norloop_tts	ICGC_Pancreatic	tts	norloop
total_long_indel	DO35330	0	0	norloop_tts	ICGC_Pancreatic	tts	norloop
total_long_indel	DO35350	1	0.0933996782381085	norloop_tts	ICGC_Pancreatic	tts	norloop
total_long_indel	DO35360	0	0	norloop_tts	ICGC_Pancreatic	tts	norloop
total_long_indel	DO35376	0	0	norloop_tts	ICGC_Pancreatic	tts	norloop
total_long_indel	DO35406	1	0.0933996782381085	norloop_tts	ICGC_Pancreatic	tts	norloop
total_long_indel	DO35424	0	0	norloop_tts	ICGC_Pancreatic	tts	norloop
total_long_indel	DO35442	0	0	norloop_tts	ICGC_Pancreatic	tts	norloop
total_long_indel	DO35454	0	0	norloop_tts	ICGC_Pancreatic	tts	norloop
total_long_indel	DO35496	0	0	norloop_tts	ICGC_Pancreatic	tts	norloop
total_long_indel	DO49074	0	0	norloop_tts	ICGC_Pancreatic	tts	norloop
total_long_indel	DO49076	0	0	norloop_tts	ICGC_Pancreatic	tts	norloop
total_long_indel	DO49078	0	0	norloop_tts	ICGC_Pancreatic	tts	norloop
total_long_indel	DO49079	0	0	norloop_tts	ICGC_Pancreatic	tts	norloop
total_long_indel	DO49080	0	0	norloop_tts	ICGC_Pancreatic	tts	norloop
total_long_indel	DO49087	1	0.0933996782381085	norloop_tts	ICGC_Pancreatic	tts	norloop
total_long_indel	DO49090	0	0	norloop_tts	ICGC_Pancreatic	tts	norloop
total_long_indel	DO49113	0	0	norloop_tts	ICGC_Pancreatic	tts	norloop
total_long_indel	DO49127	0	0	norloop_tts	ICGC_Pancreatic	tts	norloop
total_long_indel	DO49129	2	0.186799356476217	norloop_tts	ICGC_Pancreatic	tts	norloop
total_long_indel	DO49135	1	0.0933996782381085	norloop_tts	ICGC_Pancreatic	tts	norloop
total_long_indel	DO49137	1	0.0933996782381085	norloop_tts	ICGC_Pancreatic	tts	norloop
total_long_indel	DO49138	0	0	norloop_tts	ICGC_Pancreatic	tts	norloop
total_long_indel	DO49166	0	0	norloop_tts	ICGC_Pancreatic	tts	norloop
total_long_indel	DO49168	0	0	norloop_tts	ICGC_Pancreatic	tts	norloop
total_long_indel	DO49172	0	0	norloop_tts	ICGC_Pancreatic	tts	norloop
total_long_indel	DO49178	0	0	norloop_tts	ICGC_Pancreatic	tts	norloop
total_long_indel	DO49181	0	0	norloop_tts	ICGC_Pancreatic	tts	norloop
total_long_indel	DO49183	0	0	norloop_tts	ICGC_Pancreatic	tts	norloop
total_long_indel	DO49184	0	0	norloop_tts	ICGC_Pancreatic	tts	norloop
total_long_indel	DO49193	0	0	norloop_tts	ICGC_Pancreatic	tts	norloop
total_long_indel	DO49204	0	0	norloop_tts	ICGC_Pancreatic	tts	norloop
total_long_indel	DO49418	0	0	norloop_tts	ICGC_Pancreatic	tts	norloop
total_long_indel	DO49419	6	0.560398069428651	norloop_tts	ICGC_Pancreatic	tts	norloop
total_long_indel	DO49420	0	0	norloop_tts	ICGC_Pancreatic	tts	norloop
total_long_indel	DO49421	0	0	norloop_tts	ICGC_Pancreatic	tts	norloop
total_long_indel	DO49422	0	0	norloop_tts	ICGC_Pancreatic	tts	norloop
total_long_indel	DO49424	0	0	norloop_tts	ICGC_Pancreatic	tts	norloop
total_long_indel	DO49427	0	0	norloop_tts	ICGC_Pancreatic	tts	norloop
total_long_indel	DO49430	0	0	norloop_tts	ICGC_Pancreatic	tts	norloop
total_long_indel	DO49433	0	0	norloop_tts	ICGC_Pancreatic	tts	norloop
total_long_indel	DO49436	0	0	norloop_tts	ICGC_Pancreatic	tts	norloop
total_long_indel	DO49439	0	0	norloop_tts	ICGC_Pancreatic	tts	norloop
total_long_indel	DO49442	1	0.0933996782381085	norloop_tts	ICGC_Pancreatic	tts	norloop
total_long_indel	DO49445	0	0	norloop_tts	ICGC_Pancreatic	tts	norloop
total_long_indel	DO49448	1	0.0933996782381085	norloop_tts	ICGC_Pancreatic	tts	norloop
total_long_indel	DO49451	0	0	norloop_tts	ICGC_Pancreatic	tts	norloop
total_long_indel	DO49454	0	0	norloop_tts	ICGC_Pancreatic	tts	norloop
total_long_indel	DO49457	1	0.0933996782381085	norloop_tts	ICGC_Pancreatic	tts	norloop
total_long_indel	DO49460	0	0	norloop_tts	ICGC_Pancreatic	tts	norloop
total_long_indel	DO49463	0	0	norloop_tts	ICGC_Pancreatic	tts	norloop
total_long_indel	DO49466	0	0	norloop_tts	ICGC_Pancreatic	tts	norloop
total_long_indel	DO49478	0	0	norloop_tts	ICGC_Pancreatic	tts	norloop
total_long_indel	DO49481	0	0	norloop_tts	ICGC_Pancreatic	tts	norloop
total_long_indel	DO49484	1	0.0933996782381085	norloop_tts	ICGC_Pancreatic	tts	norloop
total_long_indel	DO51465	1	0.0933996782381085	norloop_tts	ICGC_Pancreatic	tts	norloop
total_long_indel	DO51466	0	0	norloop_tts	ICGC_Pancreatic	tts	norloop
total_long_indel	DO51467	0	0	norloop_tts	ICGC_Pancreatic	tts	norloop
total_long_indel	DO51468	0	0	norloop_tts	ICGC_Pancreatic	tts	norloop
total_long_indel	DO51469	1	0.0933996782381085	norloop_tts	ICGC_Pancreatic	tts	norloop
total_long_indel	DO51470	0	0	norloop_tts	ICGC_Pancreatic	tts	norloop
total_long_indel	DO51472	0	0	norloop_tts	ICGC_Pancreatic	tts	norloop
total_long_indel	DO51473	0	0	norloop_tts	ICGC_Pancreatic	tts	norloop
total_long_indel	DO51474	7	0.653797747666759	norloop_tts	ICGC_Pancreatic	tts	norloop
total_long_indel	DO51475	0	0	norloop_tts	ICGC_Pancreatic	tts	norloop
total_long_indel	DO51476	3	0.280199034714325	norloop_tts	ICGC_Pancreatic	tts	norloop
total_long_indel	DO51477	0	0	norloop_tts	ICGC_Pancreatic	tts	norloop
total_long_indel	DO51478	3	0.280199034714325	norloop_tts	ICGC_Pancreatic	tts	norloop
total_long_indel	DO51479	0	0	norloop_tts	ICGC_Pancreatic	tts	norloop
total_long_indel	DO51480	0	0	norloop_tts	ICGC_Pancreatic	tts	norloop
total_long_indel	DO51481	1	0.0933996782381085	norloop_tts	ICGC_Pancreatic	tts	norloop
total_long_indel	DO51483	0	0	norloop_tts	ICGC_Pancreatic	tts	norloop
total_long_indel	DO51484	0	0	norloop_tts	ICGC_Pancreatic	tts	norloop
total_long_indel	DO51485	0	0	norloop_tts	ICGC_Pancreatic	tts	norloop
total_long_indel	DO51486	2	0.186799356476217	norloop_tts	ICGC_Pancreatic	tts	norloop
total_long_indel	DO51487	0	0	norloop_tts	ICGC_Pancreatic	tts	norloop
total_long_indel	DO51488	0	0	norloop_tts	ICGC_Pancreatic	tts	norloop
total_long_indel	DO51489	1	0.0933996782381085	norloop_tts	ICGC_Pancreatic	tts	norloop
total_long_indel	DO51490	1	0.0933996782381085	norloop_tts	ICGC_Pancreatic	tts	norloop
total_long_indel	DO51491	0	0	norloop_tts	ICGC_Pancreatic	tts	norloop
total_long_indel	DO51492	0	0	norloop_tts	ICGC_Pancreatic	tts	norloop
total_long_indel	DO51493	4	0.373598712952434	norloop_tts	ICGC_Pancreatic	tts	norloop
total_long_indel	DO51494	0	0	norloop_tts	ICGC_Pancreatic	tts	norloop
total_long_indel	DO51495	0	0	norloop_tts	ICGC_Pancreatic	tts	norloop
total_long_indel	DO51496	0	0	norloop_tts	ICGC_Pancreatic	tts	norloop
total_long_indel	DO51497	1	0.0933996782381085	norloop_tts	ICGC_Pancreatic	tts	norloop
total_long_indel	DO51498	4	0.373598712952434	norloop_tts	ICGC_Pancreatic	tts	norloop
total_long_indel	DO51499	0	0	norloop_tts	ICGC_Pancreatic	tts	norloop
total_long_indel	DO51500	1	0.0933996782381085	norloop_tts	ICGC_Pancreatic	tts	norloop
total_long_indel	DO51501	0	0	norloop_tts	ICGC_Pancreatic	tts	norloop
total_long_indel	DO51502	0	0	norloop_tts	ICGC_Pancreatic	tts	norloop
total_long_indel	DO51503	0	0	norloop_tts	ICGC_Pancreatic	tts	norloop
total_long_indel	DO51504	0	0	norloop_tts	ICGC_Pancreatic	tts	norloop
total_long_indel	DO51505	0	0	norloop_tts	ICGC_Pancreatic	tts	norloop
total_long_indel	DO51506	1	0.0933996782381085	norloop_tts	ICGC_Pancreatic	tts	norloop
total_long_indel	DO51507	1	0.0933996782381085	norloop_tts	ICGC_Pancreatic	tts	norloop
total_long_indel	DO51508	0	0	norloop_tts	ICGC_Pancreatic	tts	norloop
total_long_indel	DO51509	0	0	norloop_tts	ICGC_Pancreatic	tts	norloop
total_long_indel	DO51510	2	0.186799356476217	norloop_tts	ICGC_Pancreatic	tts	norloop
total_long_indel	DO51511	5	0.466998391190542	norloop_tts	ICGC_Pancreatic	tts	norloop
total_long_indel	DO51512	0	0	norloop_tts	ICGC_Pancreatic	tts	norloop
total_long_indel	DO51513	0	0	norloop_tts	ICGC_Pancreatic	tts	norloop
total_long_indel	DO51514	2	0.186799356476217	norloop_tts	ICGC_Pancreatic	tts	norloop
total_long_indel	DO51515	1	0.0933996782381085	norloop_tts	ICGC_Pancreatic	tts	norloop
total_long_indel	DO51518	1	0.0933996782381085	norloop_tts	ICGC_Pancreatic	tts	norloop
total_long_indel	DO51519	1	0.0933996782381085	norloop_tts	ICGC_Pancreatic	tts	norloop
total_long_indel	DO51520	0	0	norloop_tts	ICGC_Pancreatic	tts	norloop
total_long_indel	DO51522	1	0.0933996782381085	norloop_tts	ICGC_Pancreatic	tts	norloop
total_long_indel	DO51523	1	0.0933996782381085	norloop_tts	ICGC_Pancreatic	tts	norloop
total_long_indel	DO51524	0	0	norloop_tts	ICGC_Pancreatic	tts	norloop
total_long_indel	DO51525	0	0	norloop_tts	ICGC_Pancreatic	tts	norloop
total_long_indel	DO51527	3	0.280199034714325	norloop_tts	ICGC_Pancreatic	tts	norloop
total_long_indel	DO51528	0	0	norloop_tts	ICGC_Pancreatic	tts	norloop
total_long_indel	DO51529	0	0	norloop_tts	ICGC_Pancreatic	tts	norloop
total_long_indel	DO51530	2	0.186799356476217	norloop_tts	ICGC_Pancreatic	tts	norloop
total_long_indel	DO51531	0	0	norloop_tts	ICGC_Pancreatic	tts	norloop
total_long_indel	DO51532	0	0	norloop_tts	ICGC_Pancreatic	tts	norloop
total_long_indel	DO51533	1	0.0933996782381085	norloop_tts	ICGC_Pancreatic	tts	norloop
total_long_indel	DO51534	2	0.186799356476217	norloop_tts	ICGC_Pancreatic	tts	norloop
total_long_indel	DO51535	0	0	norloop_tts	ICGC_Pancreatic	tts	norloop
total_long_indel	DO51536	0	0	norloop_tts	ICGC_Pancreatic	tts	norloop
total_long_indel	DO51537	0	0	norloop_tts	ICGC_Pancreatic	tts	norloop
total_long_indel	DO51538	0	0	norloop_tts	ICGC_Pancreatic	tts	norloop
total_long_indel	DO51540	0	0	norloop_tts	ICGC_Pancreatic	tts	norloop
total_long_indel	DO51541	2	0.186799356476217	norloop_tts	ICGC_Pancreatic	tts	norloop
total_long_indel	DO51542	0	0	norloop_tts	ICGC_Pancreatic	tts	norloop
total_long_indel	DO51543	0	0	norloop_tts	ICGC_Pancreatic	tts	norloop
total_long_indel	DO51544	1	0.0933996782381085	norloop_tts	ICGC_Pancreatic	tts	norloop
total_long_indel	DO51546	0	0	norloop_tts	ICGC_Pancreatic	tts	norloop
total_long_indel	DO51548	1	0.0933996782381085	norloop_tts	ICGC_Pancreatic	tts	norloop
total_long_indel	DO51549	1	0.0933996782381085	norloop_tts	ICGC_Pancreatic	tts	norloop
total_Indel	DO10806	1	0.140549639040417	rloop_tss	ICGC_Prostate	tss	rloop
total_Indel	DO10807	0	0	rloop_tss	ICGC_Prostate	tss	rloop
total_Indel	DO10809	2	0.281099278080834	rloop_tss	ICGC_Prostate	tss	rloop
total_Indel	DO10811	0	0	rloop_tss	ICGC_Prostate	tss	rloop
total_Indel	DO10813	0	0	rloop_tss	ICGC_Prostate	tss	rloop
total_Indel	DO10815	0	0	rloop_tss	ICGC_Prostate	tss	rloop
total_Indel	DO10817	0	0	rloop_tss	ICGC_Prostate	tss	rloop
total_Indel	DO10819	0	0	rloop_tss	ICGC_Prostate	tss	rloop
total_Indel	DO10821	0	0	rloop_tss	ICGC_Prostate	tss	rloop
total_Indel	DO10823	1	0.140549639040417	rloop_tss	ICGC_Prostate	tss	rloop
total_Indel	DO10825	1	0.140549639040417	rloop_tss	ICGC_Prostate	tss	rloop
total_Indel	DO10829	0	0	rloop_tss	ICGC_Prostate	tss	rloop
total_Indel	DO10831	0	0	rloop_tss	ICGC_Prostate	tss	rloop
total_Indel	DO10833	1	0.140549639040417	rloop_tss	ICGC_Prostate	tss	rloop
total_Indel	DO10835	0	0	rloop_tss	ICGC_Prostate	tss	rloop
total_Indel	DO36221	3	0.421648917121251	rloop_tss	ICGC_Prostate	tss	rloop
total_Indel	DO36223	2	0.281099278080834	rloop_tss	ICGC_Prostate	tss	rloop
total_Indel	DO46787	1	0.140549639040417	rloop_tss	ICGC_Prostate	tss	rloop
total_Indel	DO46788	0	0	rloop_tss	ICGC_Prostate	tss	rloop
total_Indel	DO46792	2	0.281099278080834	rloop_tss	ICGC_Prostate	tss	rloop
total_Indel	DO46793	1	0.140549639040417	rloop_tss	ICGC_Prostate	tss	rloop
total_Indel	DO46795	0	0	rloop_tss	ICGC_Prostate	tss	rloop
total_Indel	DO46796	0	0	rloop_tss	ICGC_Prostate	tss	rloop
total_Indel	DO48577	4	0.562198556161668	rloop_tss	ICGC_Prostate	tss	rloop
total_Indel	DO50415	0	0	rloop_tss	ICGC_Prostate	tss	rloop
total_Indel	DO50416	2	0.281099278080834	rloop_tss	ICGC_Prostate	tss	rloop
total_Indel	DO50417	0	0	rloop_tss	ICGC_Prostate	tss	rloop
total_Indel	DO50418	1	0.140549639040417	rloop_tss	ICGC_Prostate	tss	rloop
total_Indel	DO50419	2	0.281099278080834	rloop_tss	ICGC_Prostate	tss	rloop
total_Indel	DO50420	2	0.281099278080834	rloop_tss	ICGC_Prostate	tss	rloop
total_Indel	DO50421	0	0	rloop_tss	ICGC_Prostate	tss	rloop
total_Indel	DO50422	0	0	rloop_tss	ICGC_Prostate	tss	rloop
total_Indel	DO50423	0	0	rloop_tss	ICGC_Prostate	tss	rloop
total_Indel	DO50424	0	0	rloop_tss	ICGC_Prostate	tss	rloop
total_Indel	DO50425	1	0.140549639040417	rloop_tss	ICGC_Prostate	tss	rloop
total_Indel	DO50426	2	0.281099278080834	rloop_tss	ICGC_Prostate	tss	rloop
total_Indel	DO50427	1	0.140549639040417	rloop_tss	ICGC_Prostate	tss	rloop
total_Indel	DO50428	0	0	rloop_tss	ICGC_Prostate	tss	rloop
total_Indel	DO50430	1	0.140549639040417	rloop_tss	ICGC_Prostate	tss	rloop
total_Indel	DO50431	3	0.421648917121251	rloop_tss	ICGC_Prostate	tss	rloop
total_Indel	DO50432	0	0	rloop_tss	ICGC_Prostate	tss	rloop
total_Indel	DO51044	0	0	rloop_tss	ICGC_Prostate	tss	rloop
total_Indel	DO51045	0	0	rloop_tss	ICGC_Prostate	tss	rloop
total_Indel	DO51046	1	0.140549639040417	rloop_tss	ICGC_Prostate	tss	rloop
total_Indel	DO51047	1	0.140549639040417	rloop_tss	ICGC_Prostate	tss	rloop
total_Indel	DO51048	0	0	rloop_tss	ICGC_Prostate	tss	rloop
total_Indel	DO51049	0	0	rloop_tss	ICGC_Prostate	tss	rloop
total_Indel	DO51050	1	0.140549639040417	rloop_tss	ICGC_Prostate	tss	rloop
total_Indel	DO51051	1	0.140549639040417	rloop_tss	ICGC_Prostate	tss	rloop
total_Indel	DO51052	1	0.140549639040417	rloop_tss	ICGC_Prostate	tss	rloop
total_Indel	DO51053	0	0	rloop_tss	ICGC_Prostate	tss	rloop
total_Indel	DO51054	0	0	rloop_tss	ICGC_Prostate	tss	rloop
total_Indel	DO51055	1	0.140549639040417	rloop_tss	ICGC_Prostate	tss	rloop
total_Indel	DO51056	1	0.140549639040417	rloop_tss	ICGC_Prostate	tss	rloop
total_Indel	DO51057	0	0	rloop_tss	ICGC_Prostate	tss	rloop
total_Indel	DO51060	1	0.140549639040417	rloop_tss	ICGC_Prostate	tss	rloop
total_Indel	DO51061	0	0	rloop_tss	ICGC_Prostate	tss	rloop
total_Indel	DO51062	0	0	rloop_tss	ICGC_Prostate	tss	rloop
total_Indel	DO51063	0	0	rloop_tss	ICGC_Prostate	tss	rloop
total_Indel	DO51064	0	0	rloop_tss	ICGC_Prostate	tss	rloop
total_Indel	DO51065	2	0.281099278080834	rloop_tss	ICGC_Prostate	tss	rloop
total_Indel	DO51066	0	0	rloop_tss	ICGC_Prostate	tss	rloop
total_Indel	DO51067	0	0	rloop_tss	ICGC_Prostate	tss	rloop
total_Indel	DO51068	1	0.140549639040417	rloop_tss	ICGC_Prostate	tss	rloop
total_Indel	DO51069	1	0.140549639040417	rloop_tss	ICGC_Prostate	tss	rloop
total_Indel	DO51070	0	0	rloop_tss	ICGC_Prostate	tss	rloop
total_Indel	DO51071	2	0.281099278080834	rloop_tss	ICGC_Prostate	tss	rloop
total_Indel	DO51072	0	0	rloop_tss	ICGC_Prostate	tss	rloop
total_Indel	DO51073	1	0.140549639040417	rloop_tss	ICGC_Prostate	tss	rloop
total_Indel	DO51074	1	0.140549639040417	rloop_tss	ICGC_Prostate	tss	rloop
total_Indel	DO51075	2	0.281099278080834	rloop_tss	ICGC_Prostate	tss	rloop
total_Indel	DO51078	1	0.140549639040417	rloop_tss	ICGC_Prostate	tss	rloop
total_Indel	DO51079	1	0.140549639040417	rloop_tss	ICGC_Prostate	tss	rloop
total_Indel	DO51080	0	0	rloop_tss	ICGC_Prostate	tss	rloop
total_Indel	DO51081	0	0	rloop_tss	ICGC_Prostate	tss	rloop
total_Indel	DO51083	1	0.140549639040417	rloop_tss	ICGC_Prostate	tss	rloop
total_Indel	DO51084	2	0.281099278080834	rloop_tss	ICGC_Prostate	tss	rloop
total_Indel	DO51085	0	0	rloop_tss	ICGC_Prostate	tss	rloop
total_Indel	DO51086	2	0.281099278080834	rloop_tss	ICGC_Prostate	tss	rloop
total_Indel	DO51087	0	0	rloop_tss	ICGC_Prostate	tss	rloop
total_Indel	DO51088	3	0.421648917121251	rloop_tss	ICGC_Prostate	tss	rloop
total_Indel	DO51089	0	0	rloop_tss	ICGC_Prostate	tss	rloop
total_Indel	DO51090	1	0.140549639040417	rloop_tss	ICGC_Prostate	tss	rloop
total_Indel	DO51091	1	0.140549639040417	rloop_tss	ICGC_Prostate	tss	rloop
total_Indel	DO51092	0	0	rloop_tss	ICGC_Prostate	tss	rloop
total_Indel	DO51093	0	0	rloop_tss	ICGC_Prostate	tss	rloop
total_Indel	DO51094	0	0	rloop_tss	ICGC_Prostate	tss	rloop
total_Indel	DO51095	0	0	rloop_tss	ICGC_Prostate	tss	rloop
total_Indel	DO51096	1	0.140549639040417	rloop_tss	ICGC_Prostate	tss	rloop
total_Indel	DO51097	1	0.140549639040417	rloop_tss	ICGC_Prostate	tss	rloop
total_Indel	DO51098	1	0.140549639040417	rloop_tss	ICGC_Prostate	tss	rloop
total_Indel	DO51099	0	0	rloop_tss	ICGC_Prostate	tss	rloop
total_Indel	DO51100	0	0	rloop_tss	ICGC_Prostate	tss	rloop
total_Indel	DO51102	1	0.140549639040417	rloop_tss	ICGC_Prostate	tss	rloop
total_Indel	DO51103	1	0.140549639040417	rloop_tss	ICGC_Prostate	tss	rloop
total_Indel	DO51104	0	0	rloop_tss	ICGC_Prostate	tss	rloop
total_Indel	DO51105	1	0.140549639040417	rloop_tss	ICGC_Prostate	tss	rloop
total_Indel	DO51106	4	0.562198556161668	rloop_tss	ICGC_Prostate	tss	rloop
total_Indel	DO51107	2	0.281099278080834	rloop_tss	ICGC_Prostate	tss	rloop
total_Indel	DO51108	2	0.281099278080834	rloop_tss	ICGC_Prostate	tss	rloop
total_Indel	DO51109	0	0	rloop_tss	ICGC_Prostate	tss	rloop
total_Indel	DO51110	2	0.281099278080834	rloop_tss	ICGC_Prostate	tss	rloop
total_Indel	DO51111	0	0	rloop_tss	ICGC_Prostate	tss	rloop
total_Indel	DO51112	0	0	rloop_tss	ICGC_Prostate	tss	rloop
total_Indel	DO51113	0	0	rloop_tss	ICGC_Prostate	tss	rloop
total_Indel	DO51114	0	0	rloop_tss	ICGC_Prostate	tss	rloop
total_Indel	DO51115	0	0	rloop_tss	ICGC_Prostate	tss	rloop
total_Indel	DO51116	0	0	rloop_tss	ICGC_Prostate	tss	rloop
total_Indel	DO51117	0	0	rloop_tss	ICGC_Prostate	tss	rloop
total_Indel	DO51118	0	0	rloop_tss	ICGC_Prostate	tss	rloop
total_Indel	DO51119	0	0	rloop_tss	ICGC_Prostate	tss	rloop
total_Indel	DO51120	1	0.140549639040417	rloop_tss	ICGC_Prostate	tss	rloop
total_Indel	DO51121	1	0.140549639040417	rloop_tss	ICGC_Prostate	tss	rloop
total_Indel	DO51122	0	0	rloop_tss	ICGC_Prostate	tss	rloop
total_Indel	DO51123	1	0.140549639040417	rloop_tss	ICGC_Prostate	tss	rloop
total_Indel	DO51124	1	0.140549639040417	rloop_tss	ICGC_Prostate	tss	rloop
total_Indel	DO51125	1	0.140549639040417	rloop_tss	ICGC_Prostate	tss	rloop
total_Indel	DO51126	0	0	rloop_tss	ICGC_Prostate	tss	rloop
total_Indel	DO51127	1	0.140549639040417	rloop_tss	ICGC_Prostate	tss	rloop
total_Indel	DO51128	0	0	rloop_tss	ICGC_Prostate	tss	rloop
total_Indel	DO51129	0	0	rloop_tss	ICGC_Prostate	tss	rloop
total_Indel	DO51130	0	0	rloop_tss	ICGC_Prostate	tss	rloop
total_Indel	DO51131	1	0.140549639040417	rloop_tss	ICGC_Prostate	tss	rloop
total_Indel	DO51132	0	0	rloop_tss	ICGC_Prostate	tss	rloop
total_Indel	DO51133	0	0	rloop_tss	ICGC_Prostate	tss	rloop
total_Indel	DO51134	1	0.140549639040417	rloop_tss	ICGC_Prostate	tss	rloop
total_Indel	DO51135	0	0	rloop_tss	ICGC_Prostate	tss	rloop
total_Indel	DO51136	0	0	rloop_tss	ICGC_Prostate	tss	rloop
total_Indel	DO51137	0	0	rloop_tss	ICGC_Prostate	tss	rloop
total_Indel	DO51138	0	0	rloop_tss	ICGC_Prostate	tss	rloop
total_Indel	DO51139	1	0.140549639040417	rloop_tss	ICGC_Prostate	tss	rloop
total_Indel	DO51140	0	0	rloop_tss	ICGC_Prostate	tss	rloop
total_Indel	DO51141	1	0.140549639040417	rloop_tss	ICGC_Prostate	tss	rloop
total_Indel	DO51142	1	0.140549639040417	rloop_tss	ICGC_Prostate	tss	rloop
total_Indel	DO51143	2	0.281099278080834	rloop_tss	ICGC_Prostate	tss	rloop
total_Indel	DO51144	0	0	rloop_tss	ICGC_Prostate	tss	rloop
total_Indel	DO51145	2	0.281099278080834	rloop_tss	ICGC_Prostate	tss	rloop
total_Indel	DO51147	1	0.140549639040417	rloop_tss	ICGC_Prostate	tss	rloop
total_Indel	DO51148	3	0.421648917121251	rloop_tss	ICGC_Prostate	tss	rloop
total_Indel	DO51150	1	0.140549639040417	rloop_tss	ICGC_Prostate	tss	rloop
total_Indel	DO51151	0	0	rloop_tss	ICGC_Prostate	tss	rloop
total_Indel	DO51152	0	0	rloop_tss	ICGC_Prostate	tss	rloop
total_Indel	DO51153	2	0.281099278080834	rloop_tss	ICGC_Prostate	tss	rloop
total_Indel	DO51154	0	0	rloop_tss	ICGC_Prostate	tss	rloop
total_Indel	DO51155	1	0.140549639040417	rloop_tss	ICGC_Prostate	tss	rloop
total_Indel	DO51156	0	0	rloop_tss	ICGC_Prostate	tss	rloop
total_Indel	DO51157	0	0	rloop_tss	ICGC_Prostate	tss	rloop
total_Indel	DO51158	0	0	rloop_tss	ICGC_Prostate	tss	rloop
total_Indel	DO51159	0	0	rloop_tss	ICGC_Prostate	tss	rloop
total_Indel	DO51953	8	1.12439711232334	rloop_tss	ICGC_Prostate	tss	rloop
total_Indel	DO51954	4	0.562198556161668	rloop_tss	ICGC_Prostate	tss	rloop
total_Indel	DO51955	1	0.140549639040417	rloop_tss	ICGC_Prostate	tss	rloop
total_Indel	DO51956	4	0.562198556161668	rloop_tss	ICGC_Prostate	tss	rloop
total_Indel	DO51958	3	0.421648917121251	rloop_tss	ICGC_Prostate	tss	rloop
total_Indel	DO51959	1	0.140549639040417	rloop_tss	ICGC_Prostate	tss	rloop
total_Indel	DO51960	6	0.843297834242502	rloop_tss	ICGC_Prostate	tss	rloop
total_Indel	DO51962	11	1.54604602944459	rloop_tss	ICGC_Prostate	tss	rloop
total_Indel	DO51964	1	0.140549639040417	rloop_tss	ICGC_Prostate	tss	rloop
total_Indel	DO51965	4	0.562198556161668	rloop_tss	ICGC_Prostate	tss	rloop
total_Indel	DO52498	0	0	rloop_tss	ICGC_Prostate	tss	rloop
total_Indel	DO52500	0	0	rloop_tss	ICGC_Prostate	tss	rloop
total_Indel	DO52501	1	0.140549639040417	rloop_tss	ICGC_Prostate	tss	rloop
total_Indel	DO52502	0	0	rloop_tss	ICGC_Prostate	tss	rloop
total_Indel	DO52503	0	0	rloop_tss	ICGC_Prostate	tss	rloop
total_Indel	DO52504	1	0.140549639040417	rloop_tss	ICGC_Prostate	tss	rloop
total_Indel	DO52505	1	0.140549639040417	rloop_tss	ICGC_Prostate	tss	rloop
total_Indel	DO52506	0	0	rloop_tss	ICGC_Prostate	tss	rloop
total_Indel	DO52508	0	0	rloop_tss	ICGC_Prostate	tss	rloop
total_Indel	DO52509	1	0.140549639040417	rloop_tss	ICGC_Prostate	tss	rloop
total_Indel	DO52510	2	0.281099278080834	rloop_tss	ICGC_Prostate	tss	rloop
total_Indel	DO52511	0	0	rloop_tss	ICGC_Prostate	tss	rloop
total_Indel	DO52512	2	0.281099278080834	rloop_tss	ICGC_Prostate	tss	rloop
total_Indel	DO52513	0	0	rloop_tss	ICGC_Prostate	tss	rloop
total_Indel	DO52514	0	0	rloop_tss	ICGC_Prostate	tss	rloop
total_Indel	DO52516	2	0.281099278080834	rloop_tss	ICGC_Prostate	tss	rloop
total_Indel	DO52518	1	0.140549639040417	rloop_tss	ICGC_Prostate	tss	rloop
total_Indel	DO52520	1	0.140549639040417	rloop_tss	ICGC_Prostate	tss	rloop
total_Indel	DO52522	0	0	rloop_tss	ICGC_Prostate	tss	rloop
total_Indel	DO52524	0	0	rloop_tss	ICGC_Prostate	tss	rloop
total_Indel	DO52526	0	0	rloop_tss	ICGC_Prostate	tss	rloop
total_Indel	DO52528	0	0	rloop_tss	ICGC_Prostate	tss	rloop
total_Indel	DO52532	0	0	rloop_tss	ICGC_Prostate	tss	rloop
total_Indel	DO52534	0	0	rloop_tss	ICGC_Prostate	tss	rloop
total_long_simple_indel	DO10806	0	0	rloop_tss	ICGC_Prostate	tss	rloop
total_long_simple_indel	DO10807	0	0	rloop_tss	ICGC_Prostate	tss	rloop
total_long_simple_indel	DO10809	0	0	rloop_tss	ICGC_Prostate	tss	rloop
total_long_simple_indel	DO10811	0	0	rloop_tss	ICGC_Prostate	tss	rloop
total_long_simple_indel	DO10813	0	0	rloop_tss	ICGC_Prostate	tss	rloop
total_long_simple_indel	DO10815	0	0	rloop_tss	ICGC_Prostate	tss	rloop
total_long_simple_indel	DO10817	0	0	rloop_tss	ICGC_Prostate	tss	rloop
total_long_simple_indel	DO10819	0	0	rloop_tss	ICGC_Prostate	tss	rloop
total_long_simple_indel	DO10821	0	0	rloop_tss	ICGC_Prostate	tss	rloop
total_long_simple_indel	DO10823	0	0	rloop_tss	ICGC_Prostate	tss	rloop
total_long_simple_indel	DO10825	1	0.140549639040417	rloop_tss	ICGC_Prostate	tss	rloop
total_long_simple_indel	DO10829	0	0	rloop_tss	ICGC_Prostate	tss	rloop
total_long_simple_indel	DO10831	0	0	rloop_tss	ICGC_Prostate	tss	rloop
total_long_simple_indel	DO10833	0	0	rloop_tss	ICGC_Prostate	tss	rloop
total_long_simple_indel	DO10835	0	0	rloop_tss	ICGC_Prostate	tss	rloop
total_long_simple_indel	DO36221	0	0	rloop_tss	ICGC_Prostate	tss	rloop
total_long_simple_indel	DO36223	0	0	rloop_tss	ICGC_Prostate	tss	rloop
total_long_simple_indel	DO46787	0	0	rloop_tss	ICGC_Prostate	tss	rloop
total_long_simple_indel	DO46788	0	0	rloop_tss	ICGC_Prostate	tss	rloop
total_long_simple_indel	DO46792	0	0	rloop_tss	ICGC_Prostate	tss	rloop
total_long_simple_indel	DO46793	0	0	rloop_tss	ICGC_Prostate	tss	rloop
total_long_simple_indel	DO46795	0	0	rloop_tss	ICGC_Prostate	tss	rloop
total_long_simple_indel	DO46796	0	0	rloop_tss	ICGC_Prostate	tss	rloop
total_long_simple_indel	DO48577	0	0	rloop_tss	ICGC_Prostate	tss	rloop
total_long_simple_indel	DO50415	0	0	rloop_tss	ICGC_Prostate	tss	rloop
total_long_simple_indel	DO50416	1	0.140549639040417	rloop_tss	ICGC_Prostate	tss	rloop
total_long_simple_indel	DO50417	0	0	rloop_tss	ICGC_Prostate	tss	rloop
total_long_simple_indel	DO50418	1	0.140549639040417	rloop_tss	ICGC_Prostate	tss	rloop
total_long_simple_indel	DO50419	1	0.140549639040417	rloop_tss	ICGC_Prostate	tss	rloop
total_long_simple_indel	DO50420	1	0.140549639040417	rloop_tss	ICGC_Prostate	tss	rloop
total_long_simple_indel	DO50421	0	0	rloop_tss	ICGC_Prostate	tss	rloop
total_long_simple_indel	DO50422	0	0	rloop_tss	ICGC_Prostate	tss	rloop
total_long_simple_indel	DO50423	0	0	rloop_tss	ICGC_Prostate	tss	rloop
total_long_simple_indel	DO50424	0	0	rloop_tss	ICGC_Prostate	tss	rloop
total_long_simple_indel	DO50425	1	0.140549639040417	rloop_tss	ICGC_Prostate	tss	rloop
total_long_simple_indel	DO50426	1	0.140549639040417	rloop_tss	ICGC_Prostate	tss	rloop
total_long_simple_indel	DO50427	0	0	rloop_tss	ICGC_Prostate	tss	rloop
total_long_simple_indel	DO50428	0	0	rloop_tss	ICGC_Prostate	tss	rloop
total_long_simple_indel	DO50430	0	0	rloop_tss	ICGC_Prostate	tss	rloop
total_long_simple_indel	DO50431	1	0.140549639040417	rloop_tss	ICGC_Prostate	tss	rloop
total_long_simple_indel	DO50432	0	0	rloop_tss	ICGC_Prostate	tss	rloop
total_long_simple_indel	DO51044	0	0	rloop_tss	ICGC_Prostate	tss	rloop
total_long_simple_indel	DO51045	0	0	rloop_tss	ICGC_Prostate	tss	rloop
total_long_simple_indel	DO51046	1	0.140549639040417	rloop_tss	ICGC_Prostate	tss	rloop
total_long_simple_indel	DO51047	1	0.140549639040417	rloop_tss	ICGC_Prostate	tss	rloop
total_long_simple_indel	DO51048	0	0	rloop_tss	ICGC_Prostate	tss	rloop
total_long_simple_indel	DO51049	0	0	rloop_tss	ICGC_Prostate	tss	rloop
total_long_simple_indel	DO51050	0	0	rloop_tss	ICGC_Prostate	tss	rloop
total_long_simple_indel	DO51051	0	0	rloop_tss	ICGC_Prostate	tss	rloop
total_long_simple_indel	DO51052	0	0	rloop_tss	ICGC_Prostate	tss	rloop
total_long_simple_indel	DO51053	0	0	rloop_tss	ICGC_Prostate	tss	rloop
total_long_simple_indel	DO51054	0	0	rloop_tss	ICGC_Prostate	tss	rloop
total_long_simple_indel	DO51055	0	0	rloop_tss	ICGC_Prostate	tss	rloop
total_long_simple_indel	DO51056	1	0.140549639040417	rloop_tss	ICGC_Prostate	tss	rloop
total_long_simple_indel	DO51057	0	0	rloop_tss	ICGC_Prostate	tss	rloop
total_long_simple_indel	DO51060	0	0	rloop_tss	ICGC_Prostate	tss	rloop
total_long_simple_indel	DO51061	0	0	rloop_tss	ICGC_Prostate	tss	rloop
total_long_simple_indel	DO51062	0	0	rloop_tss	ICGC_Prostate	tss	rloop
total_long_simple_indel	DO51063	0	0	rloop_tss	ICGC_Prostate	tss	rloop
total_long_simple_indel	DO51064	0	0	rloop_tss	ICGC_Prostate	tss	rloop
total_long_simple_indel	DO51065	0	0	rloop_tss	ICGC_Prostate	tss	rloop
total_long_simple_indel	DO51066	0	0	rloop_tss	ICGC_Prostate	tss	rloop
total_long_simple_indel	DO51067	0	0	rloop_tss	ICGC_Prostate	tss	rloop
total_long_simple_indel	DO51068	1	0.140549639040417	rloop_tss	ICGC_Prostate	tss	rloop
total_long_simple_indel	DO51069	1	0.140549639040417	rloop_tss	ICGC_Prostate	tss	rloop
total_long_simple_indel	DO51070	0	0	rloop_tss	ICGC_Prostate	tss	rloop
total_long_simple_indel	DO51071	0	0	rloop_tss	ICGC_Prostate	tss	rloop
total_long_simple_indel	DO51072	0	0	rloop_tss	ICGC_Prostate	tss	rloop
total_long_simple_indel	DO51073	1	0.140549639040417	rloop_tss	ICGC_Prostate	tss	rloop
total_long_simple_indel	DO51074	0	0	rloop_tss	ICGC_Prostate	tss	rloop
total_long_simple_indel	DO51075	1	0.140549639040417	rloop_tss	ICGC_Prostate	tss	rloop
total_long_simple_indel	DO51078	0	0	rloop_tss	ICGC_Prostate	tss	rloop
total_long_simple_indel	DO51079	1	0.140549639040417	rloop_tss	ICGC_Prostate	tss	rloop
total_long_simple_indel	DO51080	0	0	rloop_tss	ICGC_Prostate	tss	rloop
total_long_simple_indel	DO51081	0	0	rloop_tss	ICGC_Prostate	tss	rloop
total_long_simple_indel	DO51083	0	0	rloop_tss	ICGC_Prostate	tss	rloop
total_long_simple_indel	DO51084	0	0	rloop_tss	ICGC_Prostate	tss	rloop
total_long_simple_indel	DO51085	0	0	rloop_tss	ICGC_Prostate	tss	rloop
total_long_simple_indel	DO51086	0	0	rloop_tss	ICGC_Prostate	tss	rloop
total_long_simple_indel	DO51087	0	0	rloop_tss	ICGC_Prostate	tss	rloop
total_long_simple_indel	DO51088	1	0.140549639040417	rloop_tss	ICGC_Prostate	tss	rloop
total_long_simple_indel	DO51089	0	0	rloop_tss	ICGC_Prostate	tss	rloop
total_long_simple_indel	DO51090	0	0	rloop_tss	ICGC_Prostate	tss	rloop
total_long_simple_indel	DO51091	0	0	rloop_tss	ICGC_Prostate	tss	rloop
total_long_simple_indel	DO51092	0	0	rloop_tss	ICGC_Prostate	tss	rloop
total_long_simple_indel	DO51093	0	0	rloop_tss	ICGC_Prostate	tss	rloop
total_long_simple_indel	DO51094	0	0	rloop_tss	ICGC_Prostate	tss	rloop
total_long_simple_indel	DO51095	0	0	rloop_tss	ICGC_Prostate	tss	rloop
total_long_simple_indel	DO51096	0	0	rloop_tss	ICGC_Prostate	tss	rloop
total_long_simple_indel	DO51097	0	0	rloop_tss	ICGC_Prostate	tss	rloop
total_long_simple_indel	DO51098	1	0.140549639040417	rloop_tss	ICGC_Prostate	tss	rloop
total_long_simple_indel	DO51099	0	0	rloop_tss	ICGC_Prostate	tss	rloop
total_long_simple_indel	DO51100	0	0	rloop_tss	ICGC_Prostate	tss	rloop
total_long_simple_indel	DO51102	1	0.140549639040417	rloop_tss	ICGC_Prostate	tss	rloop
total_long_simple_indel	DO51103	0	0	rloop_tss	ICGC_Prostate	tss	rloop
total_long_simple_indel	DO51104	0	0	rloop_tss	ICGC_Prostate	tss	rloop
total_long_simple_indel	DO51105	0	0	rloop_tss	ICGC_Prostate	tss	rloop
total_long_simple_indel	DO51106	2	0.281099278080834	rloop_tss	ICGC_Prostate	tss	rloop
total_long_simple_indel	DO51107	2	0.281099278080834	rloop_tss	ICGC_Prostate	tss	rloop
total_long_simple_indel	DO51108	1	0.140549639040417	rloop_tss	ICGC_Prostate	tss	rloop
total_long_simple_indel	DO51109	0	0	rloop_tss	ICGC_Prostate	tss	rloop
total_long_simple_indel	DO51110	0	0	rloop_tss	ICGC_Prostate	tss	rloop
total_long_simple_indel	DO51111	0	0	rloop_tss	ICGC_Prostate	tss	rloop
total_long_simple_indel	DO51112	0	0	rloop_tss	ICGC_Prostate	tss	rloop
total_long_simple_indel	DO51113	0	0	rloop_tss	ICGC_Prostate	tss	rloop
total_long_simple_indel	DO51114	0	0	rloop_tss	ICGC_Prostate	tss	rloop
total_long_simple_indel	DO51115	0	0	rloop_tss	ICGC_Prostate	tss	rloop
total_long_simple_indel	DO51116	0	0	rloop_tss	ICGC_Prostate	tss	rloop
total_long_simple_indel	DO51117	0	0	rloop_tss	ICGC_Prostate	tss	rloop
total_long_simple_indel	DO51118	0	0	rloop_tss	ICGC_Prostate	tss	rloop
total_long_simple_indel	DO51119	0	0	rloop_tss	ICGC_Prostate	tss	rloop
total_long_simple_indel	DO51120	0	0	rloop_tss	ICGC_Prostate	tss	rloop
total_long_simple_indel	DO51121	0	0	rloop_tss	ICGC_Prostate	tss	rloop
total_long_simple_indel	DO51122	0	0	rloop_tss	ICGC_Prostate	tss	rloop
total_long_simple_indel	DO51123	0	0	rloop_tss	ICGC_Prostate	tss	rloop
total_long_simple_indel	DO51124	1	0.140549639040417	rloop_tss	ICGC_Prostate	tss	rloop
total_long_simple_indel	DO51125	0	0	rloop_tss	ICGC_Prostate	tss	rloop
total_long_simple_indel	DO51126	0	0	rloop_tss	ICGC_Prostate	tss	rloop
total_long_simple_indel	DO51127	0	0	rloop_tss	ICGC_Prostate	tss	rloop
total_long_simple_indel	DO51128	0	0	rloop_tss	ICGC_Prostate	tss	rloop
total_long_simple_indel	DO51129	0	0	rloop_tss	ICGC_Prostate	tss	rloop
total_long_simple_indel	DO51130	0	0	rloop_tss	ICGC_Prostate	tss	rloop
total_long_simple_indel	DO51131	0	0	rloop_tss	ICGC_Prostate	tss	rloop
total_long_simple_indel	DO51132	0	0	rloop_tss	ICGC_Prostate	tss	rloop
total_long_simple_indel	DO51133	0	0	rloop_tss	ICGC_Prostate	tss	rloop
total_long_simple_indel	DO51134	0	0	rloop_tss	ICGC_Prostate	tss	rloop
total_long_simple_indel	DO51135	0	0	rloop_tss	ICGC_Prostate	tss	rloop
total_long_simple_indel	DO51136	0	0	rloop_tss	ICGC_Prostate	tss	rloop
total_long_simple_indel	DO51137	0	0	rloop_tss	ICGC_Prostate	tss	rloop
total_long_simple_indel	DO51138	0	0	rloop_tss	ICGC_Prostate	tss	rloop
total_long_simple_indel	DO51139	1	0.140549639040417	rloop_tss	ICGC_Prostate	tss	rloop
total_long_simple_indel	DO51140	0	0	rloop_tss	ICGC_Prostate	tss	rloop
total_long_simple_indel	DO51141	0	0	rloop_tss	ICGC_Prostate	tss	rloop
total_long_simple_indel	DO51142	0	0	rloop_tss	ICGC_Prostate	tss	rloop
total_long_simple_indel	DO51143	0	0	rloop_tss	ICGC_Prostate	tss	rloop
total_long_simple_indel	DO51144	0	0	rloop_tss	ICGC_Prostate	tss	rloop
total_long_simple_indel	DO51145	0	0	rloop_tss	ICGC_Prostate	tss	rloop
total_long_simple_indel	DO51147	0	0	rloop_tss	ICGC_Prostate	tss	rloop
total_long_simple_indel	DO51148	1	0.140549639040417	rloop_tss	ICGC_Prostate	tss	rloop
total_long_simple_indel	DO51150	0	0	rloop_tss	ICGC_Prostate	tss	rloop
total_long_simple_indel	DO51151	0	0	rloop_tss	ICGC_Prostate	tss	rloop
total_long_simple_indel	DO51152	0	0	rloop_tss	ICGC_Prostate	tss	rloop
total_long_simple_indel	DO51153	0	0	rloop_tss	ICGC_Prostate	tss	rloop
total_long_simple_indel	DO51154	0	0	rloop_tss	ICGC_Prostate	tss	rloop
total_long_simple_indel	DO51155	0	0	rloop_tss	ICGC_Prostate	tss	rloop
total_long_simple_indel	DO51156	0	0	rloop_tss	ICGC_Prostate	tss	rloop
total_long_simple_indel	DO51157	0	0	rloop_tss	ICGC_Prostate	tss	rloop
total_long_simple_indel	DO51158	0	0	rloop_tss	ICGC_Prostate	tss	rloop
total_long_simple_indel	DO51159	0	0	rloop_tss	ICGC_Prostate	tss	rloop
total_long_simple_indel	DO51953	3	0.421648917121251	rloop_tss	ICGC_Prostate	tss	rloop
total_long_simple_indel	DO51954	1	0.140549639040417	rloop_tss	ICGC_Prostate	tss	rloop
total_long_simple_indel	DO51955	1	0.140549639040417	rloop_tss	ICGC_Prostate	tss	rloop
total_long_simple_indel	DO51956	2	0.281099278080834	rloop_tss	ICGC_Prostate	tss	rloop
total_long_simple_indel	DO51958	1	0.140549639040417	rloop_tss	ICGC_Prostate	tss	rloop
total_long_simple_indel	DO51959	0	0	rloop_tss	ICGC_Prostate	tss	rloop
total_long_simple_indel	DO51960	1	0.140549639040417	rloop_tss	ICGC_Prostate	tss	rloop
total_long_simple_indel	DO51962	2	0.281099278080834	rloop_tss	ICGC_Prostate	tss	rloop
total_long_simple_indel	DO51964	0	0	rloop_tss	ICGC_Prostate	tss	rloop
total_long_simple_indel	DO51965	3	0.421648917121251	rloop_tss	ICGC_Prostate	tss	rloop
total_long_simple_indel	DO52498	0	0	rloop_tss	ICGC_Prostate	tss	rloop
total_long_simple_indel	DO52500	0	0	rloop_tss	ICGC_Prostate	tss	rloop
total_long_simple_indel	DO52501	1	0.140549639040417	rloop_tss	ICGC_Prostate	tss	rloop
total_long_simple_indel	DO52502	0	0	rloop_tss	ICGC_Prostate	tss	rloop
total_long_simple_indel	DO52503	0	0	rloop_tss	ICGC_Prostate	tss	rloop
total_long_simple_indel	DO52504	0	0	rloop_tss	ICGC_Prostate	tss	rloop
total_long_simple_indel	DO52505	0	0	rloop_tss	ICGC_Prostate	tss	rloop
total_long_simple_indel	DO52506	0	0	rloop_tss	ICGC_Prostate	tss	rloop
total_long_simple_indel	DO52508	0	0	rloop_tss	ICGC_Prostate	tss	rloop
total_long_simple_indel	DO52509	0	0	rloop_tss	ICGC_Prostate	tss	rloop
total_long_simple_indel	DO52510	2	0.281099278080834	rloop_tss	ICGC_Prostate	tss	rloop
total_long_simple_indel	DO52511	0	0	rloop_tss	ICGC_Prostate	tss	rloop
total_long_simple_indel	DO52512	0	0	rloop_tss	ICGC_Prostate	tss	rloop
total_long_simple_indel	DO52513	0	0	rloop_tss	ICGC_Prostate	tss	rloop
total_long_simple_indel	DO52514	0	0	rloop_tss	ICGC_Prostate	tss	rloop
total_long_simple_indel	DO52516	0	0	rloop_tss	ICGC_Prostate	tss	rloop
total_long_simple_indel	DO52518	0	0	rloop_tss	ICGC_Prostate	tss	rloop
total_long_simple_indel	DO52520	0	0	rloop_tss	ICGC_Prostate	tss	rloop
total_long_simple_indel	DO52522	0	0	rloop_tss	ICGC_Prostate	tss	rloop
total_long_simple_indel	DO52524	0	0	rloop_tss	ICGC_Prostate	tss	rloop
total_long_simple_indel	DO52526	0	0	rloop_tss	ICGC_Prostate	tss	rloop
total_long_simple_indel	DO52528	0	0	rloop_tss	ICGC_Prostate	tss	rloop
total_long_simple_indel	DO52532	0	0	rloop_tss	ICGC_Prostate	tss	rloop
total_long_simple_indel	DO52534	0	0	rloop_tss	ICGC_Prostate	tss	rloop
total_long_indel	DO10806	0	0	rloop_tss	ICGC_Prostate	tss	rloop
total_long_indel	DO10807	0	0	rloop_tss	ICGC_Prostate	tss	rloop
total_long_indel	DO10809	1	0.140549639040417	rloop_tss	ICGC_Prostate	tss	rloop
total_long_indel	DO10811	0	0	rloop_tss	ICGC_Prostate	tss	rloop
total_long_indel	DO10813	0	0	rloop_tss	ICGC_Prostate	tss	rloop
total_long_indel	DO10815	0	0	rloop_tss	ICGC_Prostate	tss	rloop
total_long_indel	DO10817	0	0	rloop_tss	ICGC_Prostate	tss	rloop
total_long_indel	DO10819	0	0	rloop_tss	ICGC_Prostate	tss	rloop
total_long_indel	DO10821	0	0	rloop_tss	ICGC_Prostate	tss	rloop
total_long_indel	DO10823	1	0.140549639040417	rloop_tss	ICGC_Prostate	tss	rloop
total_long_indel	DO10825	1	0.140549639040417	rloop_tss	ICGC_Prostate	tss	rloop
total_long_indel	DO10829	0	0	rloop_tss	ICGC_Prostate	tss	rloop
total_long_indel	DO10831	0	0	rloop_tss	ICGC_Prostate	tss	rloop
total_long_indel	DO10833	0	0	rloop_tss	ICGC_Prostate	tss	rloop
total_long_indel	DO10835	0	0	rloop_tss	ICGC_Prostate	tss	rloop
total_long_indel	DO36221	1	0.140549639040417	rloop_tss	ICGC_Prostate	tss	rloop
total_long_indel	DO36223	1	0.140549639040417	rloop_tss	ICGC_Prostate	tss	rloop
total_long_indel	DO46787	0	0	rloop_tss	ICGC_Prostate	tss	rloop
total_long_indel	DO46788	0	0	rloop_tss	ICGC_Prostate	tss	rloop
total_long_indel	DO46792	2	0.281099278080834	rloop_tss	ICGC_Prostate	tss	rloop
total_long_indel	DO46793	0	0	rloop_tss	ICGC_Prostate	tss	rloop
total_long_indel	DO46795	0	0	rloop_tss	ICGC_Prostate	tss	rloop
total_long_indel	DO46796	0	0	rloop_tss	ICGC_Prostate	tss	rloop
total_long_indel	DO48577	1	0.140549639040417	rloop_tss	ICGC_Prostate	tss	rloop
total_long_indel	DO50415	0	0	rloop_tss	ICGC_Prostate	tss	rloop
total_long_indel	DO50416	2	0.281099278080834	rloop_tss	ICGC_Prostate	tss	rloop
total_long_indel	DO50417	0	0	rloop_tss	ICGC_Prostate	tss	rloop
total_long_indel	DO50418	1	0.140549639040417	rloop_tss	ICGC_Prostate	tss	rloop
total_long_indel	DO50419	1	0.140549639040417	rloop_tss	ICGC_Prostate	tss	rloop
total_long_indel	DO50420	1	0.140549639040417	rloop_tss	ICGC_Prostate	tss	rloop
total_long_indel	DO50421	0	0	rloop_tss	ICGC_Prostate	tss	rloop
total_long_indel	DO50422	0	0	rloop_tss	ICGC_Prostate	tss	rloop
total_long_indel	DO50423	0	0	rloop_tss	ICGC_Prostate	tss	rloop
total_long_indel	DO50424	0	0	rloop_tss	ICGC_Prostate	tss	rloop
total_long_indel	DO50425	1	0.140549639040417	rloop_tss	ICGC_Prostate	tss	rloop
total_long_indel	DO50426	1	0.140549639040417	rloop_tss	ICGC_Prostate	tss	rloop
total_long_indel	DO50427	0	0	rloop_tss	ICGC_Prostate	tss	rloop
total_long_indel	DO50428	0	0	rloop_tss	ICGC_Prostate	tss	rloop
total_long_indel	DO50430	0	0	rloop_tss	ICGC_Prostate	tss	rloop
total_long_indel	DO50431	1	0.140549639040417	rloop_tss	ICGC_Prostate	tss	rloop
total_long_indel	DO50432	0	0	rloop_tss	ICGC_Prostate	tss	rloop
total_long_indel	DO51044	0	0	rloop_tss	ICGC_Prostate	tss	rloop
total_long_indel	DO51045	0	0	rloop_tss	ICGC_Prostate	tss	rloop
total_long_indel	DO51046	1	0.140549639040417	rloop_tss	ICGC_Prostate	tss	rloop
total_long_indel	DO51047	1	0.140549639040417	rloop_tss	ICGC_Prostate	tss	rloop
total_long_indel	DO51048	0	0	rloop_tss	ICGC_Prostate	tss	rloop
total_long_indel	DO51049	0	0	rloop_tss	ICGC_Prostate	tss	rloop
total_long_indel	DO51050	0	0	rloop_tss	ICGC_Prostate	tss	rloop
total_long_indel	DO51051	0	0	rloop_tss	ICGC_Prostate	tss	rloop
total_long_indel	DO51052	0	0	rloop_tss	ICGC_Prostate	tss	rloop
total_long_indel	DO51053	0	0	rloop_tss	ICGC_Prostate	tss	rloop
total_long_indel	DO51054	0	0	rloop_tss	ICGC_Prostate	tss	rloop
total_long_indel	DO51055	0	0	rloop_tss	ICGC_Prostate	tss	rloop
total_long_indel	DO51056	1	0.140549639040417	rloop_tss	ICGC_Prostate	tss	rloop
total_long_indel	DO51057	0	0	rloop_tss	ICGC_Prostate	tss	rloop
total_long_indel	DO51060	1	0.140549639040417	rloop_tss	ICGC_Prostate	tss	rloop
total_long_indel	DO51061	0	0	rloop_tss	ICGC_Prostate	tss	rloop
total_long_indel	DO51062	0	0	rloop_tss	ICGC_Prostate	tss	rloop
total_long_indel	DO51063	0	0	rloop_tss	ICGC_Prostate	tss	rloop
total_long_indel	DO51064	0	0	rloop_tss	ICGC_Prostate	tss	rloop
total_long_indel	DO51065	1	0.140549639040417	rloop_tss	ICGC_Prostate	tss	rloop
total_long_indel	DO51066	0	0	rloop_tss	ICGC_Prostate	tss	rloop
total_long_indel	DO51067	0	0	rloop_tss	ICGC_Prostate	tss	rloop
total_long_indel	DO51068	1	0.140549639040417	rloop_tss	ICGC_Prostate	tss	rloop
total_long_indel	DO51069	1	0.140549639040417	rloop_tss	ICGC_Prostate	tss	rloop
total_long_indel	DO51070	0	0	rloop_tss	ICGC_Prostate	tss	rloop
total_long_indel	DO51071	0	0	rloop_tss	ICGC_Prostate	tss	rloop
total_long_indel	DO51072	0	0	rloop_tss	ICGC_Prostate	tss	rloop
total_long_indel	DO51073	1	0.140549639040417	rloop_tss	ICGC_Prostate	tss	rloop
total_long_indel	DO51074	0	0	rloop_tss	ICGC_Prostate	tss	rloop
total_long_indel	DO51075	1	0.140549639040417	rloop_tss	ICGC_Prostate	tss	rloop
total_long_indel	DO51078	0	0	rloop_tss	ICGC_Prostate	tss	rloop
total_long_indel	DO51079	1	0.140549639040417	rloop_tss	ICGC_Prostate	tss	rloop
total_long_indel	DO51080	0	0	rloop_tss	ICGC_Prostate	tss	rloop
total_long_indel	DO51081	0	0	rloop_tss	ICGC_Prostate	tss	rloop
total_long_indel	DO51083	1	0.140549639040417	rloop_tss	ICGC_Prostate	tss	rloop
total_long_indel	DO51084	0	0	rloop_tss	ICGC_Prostate	tss	rloop
total_long_indel	DO51085	0	0	rloop_tss	ICGC_Prostate	tss	rloop
total_long_indel	DO51086	0	0	rloop_tss	ICGC_Prostate	tss	rloop
total_long_indel	DO51087	0	0	rloop_tss	ICGC_Prostate	tss	rloop
total_long_indel	DO51088	2	0.281099278080834	rloop_tss	ICGC_Prostate	tss	rloop
total_long_indel	DO51089	0	0	rloop_tss	ICGC_Prostate	tss	rloop
total_long_indel	DO51090	1	0.140549639040417	rloop_tss	ICGC_Prostate	tss	rloop
total_long_indel	DO51091	0	0	rloop_tss	ICGC_Prostate	tss	rloop
total_long_indel	DO51092	0	0	rloop_tss	ICGC_Prostate	tss	rloop
total_long_indel	DO51093	0	0	rloop_tss	ICGC_Prostate	tss	rloop
total_long_indel	DO51094	0	0	rloop_tss	ICGC_Prostate	tss	rloop
total_long_indel	DO51095	0	0	rloop_tss	ICGC_Prostate	tss	rloop
total_long_indel	DO51096	0	0	rloop_tss	ICGC_Prostate	tss	rloop
total_long_indel	DO51097	0	0	rloop_tss	ICGC_Prostate	tss	rloop
total_long_indel	DO51098	1	0.140549639040417	rloop_tss	ICGC_Prostate	tss	rloop
total_long_indel	DO51099	0	0	rloop_tss	ICGC_Prostate	tss	rloop
total_long_indel	DO51100	0	0	rloop_tss	ICGC_Prostate	tss	rloop
total_long_indel	DO51102	1	0.140549639040417	rloop_tss	ICGC_Prostate	tss	rloop
total_long_indel	DO51103	0	0	rloop_tss	ICGC_Prostate	tss	rloop
total_long_indel	DO51104	0	0	rloop_tss	ICGC_Prostate	tss	rloop
total_long_indel	DO51105	0	0	rloop_tss	ICGC_Prostate	tss	rloop
total_long_indel	DO51106	3	0.421648917121251	rloop_tss	ICGC_Prostate	tss	rloop
total_long_indel	DO51107	2	0.281099278080834	rloop_tss	ICGC_Prostate	tss	rloop
total_long_indel	DO51108	1	0.140549639040417	rloop_tss	ICGC_Prostate	tss	rloop
total_long_indel	DO51109	0	0	rloop_tss	ICGC_Prostate	tss	rloop
total_long_indel	DO51110	1	0.140549639040417	rloop_tss	ICGC_Prostate	tss	rloop
total_long_indel	DO51111	0	0	rloop_tss	ICGC_Prostate	tss	rloop
total_long_indel	DO51112	0	0	rloop_tss	ICGC_Prostate	tss	rloop
total_long_indel	DO51113	0	0	rloop_tss	ICGC_Prostate	tss	rloop
total_long_indel	DO51114	0	0	rloop_tss	ICGC_Prostate	tss	rloop
total_long_indel	DO51115	0	0	rloop_tss	ICGC_Prostate	tss	rloop
total_long_indel	DO51116	0	0	rloop_tss	ICGC_Prostate	tss	rloop
total_long_indel	DO51117	0	0	rloop_tss	ICGC_Prostate	tss	rloop
total_long_indel	DO51118	0	0	rloop_tss	ICGC_Prostate	tss	rloop
total_long_indel	DO51119	0	0	rloop_tss	ICGC_Prostate	tss	rloop
total_long_indel	DO51120	0	0	rloop_tss	ICGC_Prostate	tss	rloop
total_long_indel	DO51121	0	0	rloop_tss	ICGC_Prostate	tss	rloop
total_long_indel	DO51122	0	0	rloop_tss	ICGC_Prostate	tss	rloop
total_long_indel	DO51123	0	0	rloop_tss	ICGC_Prostate	tss	rloop
total_long_indel	DO51124	1	0.140549639040417	rloop_tss	ICGC_Prostate	tss	rloop
total_long_indel	DO51125	0	0	rloop_tss	ICGC_Prostate	tss	rloop
total_long_indel	DO51126	0	0	rloop_tss	ICGC_Prostate	tss	rloop
total_long_indel	DO51127	0	0	rloop_tss	ICGC_Prostate	tss	rloop
total_long_indel	DO51128	0	0	rloop_tss	ICGC_Prostate	tss	rloop
total_long_indel	DO51129	0	0	rloop_tss	ICGC_Prostate	tss	rloop
total_long_indel	DO51130	0	0	rloop_tss	ICGC_Prostate	tss	rloop
total_long_indel	DO51131	1	0.140549639040417	rloop_tss	ICGC_Prostate	tss	rloop
total_long_indel	DO51132	0	0	rloop_tss	ICGC_Prostate	tss	rloop
total_long_indel	DO51133	0	0	rloop_tss	ICGC_Prostate	tss	rloop
total_long_indel	DO51134	0	0	rloop_tss	ICGC_Prostate	tss	rloop
total_long_indel	DO51135	0	0	rloop_tss	ICGC_Prostate	tss	rloop
total_long_indel	DO51136	0	0	rloop_tss	ICGC_Prostate	tss	rloop
total_long_indel	DO51137	0	0	rloop_tss	ICGC_Prostate	tss	rloop
total_long_indel	DO51138	0	0	rloop_tss	ICGC_Prostate	tss	rloop
total_long_indel	DO51139	1	0.140549639040417	rloop_tss	ICGC_Prostate	tss	rloop
total_long_indel	DO51140	0	0	rloop_tss	ICGC_Prostate	tss	rloop
total_long_indel	DO51141	0	0	rloop_tss	ICGC_Prostate	tss	rloop
total_long_indel	DO51142	1	0.140549639040417	rloop_tss	ICGC_Prostate	tss	rloop
total_long_indel	DO51143	0	0	rloop_tss	ICGC_Prostate	tss	rloop
total_long_indel	DO51144	0	0	rloop_tss	ICGC_Prostate	tss	rloop
total_long_indel	DO51145	1	0.140549639040417	rloop_tss	ICGC_Prostate	tss	rloop
total_long_indel	DO51147	1	0.140549639040417	rloop_tss	ICGC_Prostate	tss	rloop
total_long_indel	DO51148	1	0.140549639040417	rloop_tss	ICGC_Prostate	tss	rloop
total_long_indel	DO51150	0	0	rloop_tss	ICGC_Prostate	tss	rloop
total_long_indel	DO51151	0	0	rloop_tss	ICGC_Prostate	tss	rloop
total_long_indel	DO51152	0	0	rloop_tss	ICGC_Prostate	tss	rloop
total_long_indel	DO51153	0	0	rloop_tss	ICGC_Prostate	tss	rloop
total_long_indel	DO51154	0	0	rloop_tss	ICGC_Prostate	tss	rloop
total_long_indel	DO51155	0	0	rloop_tss	ICGC_Prostate	tss	rloop
total_long_indel	DO51156	0	0	rloop_tss	ICGC_Prostate	tss	rloop
total_long_indel	DO51157	0	0	rloop_tss	ICGC_Prostate	tss	rloop
total_long_indel	DO51158	0	0	rloop_tss	ICGC_Prostate	tss	rloop
total_long_indel	DO51159	0	0	rloop_tss	ICGC_Prostate	tss	rloop
total_long_indel	DO51953	6	0.843297834242502	rloop_tss	ICGC_Prostate	tss	rloop
total_long_indel	DO51954	3	0.421648917121251	rloop_tss	ICGC_Prostate	tss	rloop
total_long_indel	DO51955	1	0.140549639040417	rloop_tss	ICGC_Prostate	tss	rloop
total_long_indel	DO51956	3	0.421648917121251	rloop_tss	ICGC_Prostate	tss	rloop
total_long_indel	DO51958	2	0.281099278080834	rloop_tss	ICGC_Prostate	tss	rloop
total_long_indel	DO51959	1	0.140549639040417	rloop_tss	ICGC_Prostate	tss	rloop
total_long_indel	DO51960	3	0.421648917121251	rloop_tss	ICGC_Prostate	tss	rloop
total_long_indel	DO51962	9	1.26494675136375	rloop_tss	ICGC_Prostate	tss	rloop
total_long_indel	DO51964	1	0.140549639040417	rloop_tss	ICGC_Prostate	tss	rloop
total_long_indel	DO51965	4	0.562198556161668	rloop_tss	ICGC_Prostate	tss	rloop
total_long_indel	DO52498	0	0	rloop_tss	ICGC_Prostate	tss	rloop
total_long_indel	DO52500	0	0	rloop_tss	ICGC_Prostate	tss	rloop
total_long_indel	DO52501	1	0.140549639040417	rloop_tss	ICGC_Prostate	tss	rloop
total_long_indel	DO52502	0	0	rloop_tss	ICGC_Prostate	tss	rloop
total_long_indel	DO52503	0	0	rloop_tss	ICGC_Prostate	tss	rloop
total_long_indel	DO52504	0	0	rloop_tss	ICGC_Prostate	tss	rloop
total_long_indel	DO52505	1	0.140549639040417	rloop_tss	ICGC_Prostate	tss	rloop
total_long_indel	DO52506	0	0	rloop_tss	ICGC_Prostate	tss	rloop
total_long_indel	DO52508	0	0	rloop_tss	ICGC_Prostate	tss	rloop
total_long_indel	DO52509	1	0.140549639040417	rloop_tss	ICGC_Prostate	tss	rloop
total_long_indel	DO52510	2	0.281099278080834	rloop_tss	ICGC_Prostate	tss	rloop
total_long_indel	DO52511	0	0	rloop_tss	ICGC_Prostate	tss	rloop
total_long_indel	DO52512	1	0.140549639040417	rloop_tss	ICGC_Prostate	tss	rloop
total_long_indel	DO52513	0	0	rloop_tss	ICGC_Prostate	tss	rloop
total_long_indel	DO52514	0	0	rloop_tss	ICGC_Prostate	tss	rloop
total_long_indel	DO52516	0	0	rloop_tss	ICGC_Prostate	tss	rloop
total_long_indel	DO52518	0	0	rloop_tss	ICGC_Prostate	tss	rloop
total_long_indel	DO52520	0	0	rloop_tss	ICGC_Prostate	tss	rloop
total_long_indel	DO52522	0	0	rloop_tss	ICGC_Prostate	tss	rloop
total_long_indel	DO52524	0	0	rloop_tss	ICGC_Prostate	tss	rloop
total_long_indel	DO52526	0	0	rloop_tss	ICGC_Prostate	tss	rloop
total_long_indel	DO52528	0	0	rloop_tss	ICGC_Prostate	tss	rloop
total_long_indel	DO52532	0	0	rloop_tss	ICGC_Prostate	tss	rloop
total_long_indel	DO52534	0	0	rloop_tss	ICGC_Prostate	tss	rloop
total_Indel	DO10806	1	0.105392591090553	norloop_tss	ICGC_Prostate	tss	norloop
total_Indel	DO10807	0	0	norloop_tss	ICGC_Prostate	tss	norloop
total_Indel	DO10809	4	0.421570364362212	norloop_tss	ICGC_Prostate	tss	norloop
total_Indel	DO10811	2	0.210785182181106	norloop_tss	ICGC_Prostate	tss	norloop
total_Indel	DO10813	2	0.210785182181106	norloop_tss	ICGC_Prostate	tss	norloop
total_Indel	DO10815	0	0	norloop_tss	ICGC_Prostate	tss	norloop
total_Indel	DO10817	0	0	norloop_tss	ICGC_Prostate	tss	norloop
total_Indel	DO10819	1	0.105392591090553	norloop_tss	ICGC_Prostate	tss	norloop
total_Indel	DO10821	0	0	norloop_tss	ICGC_Prostate	tss	norloop
total_Indel	DO10823	1	0.105392591090553	norloop_tss	ICGC_Prostate	tss	norloop
total_Indel	DO10825	0	0	norloop_tss	ICGC_Prostate	tss	norloop
total_Indel	DO10829	0	0	norloop_tss	ICGC_Prostate	tss	norloop
total_Indel	DO10831	0	0	norloop_tss	ICGC_Prostate	tss	norloop
total_Indel	DO10833	0	0	norloop_tss	ICGC_Prostate	tss	norloop
total_Indel	DO10835	0	0	norloop_tss	ICGC_Prostate	tss	norloop
total_Indel	DO10837	0	0	norloop_tss	ICGC_Prostate	tss	norloop
total_Indel	DO36221	0	0	norloop_tss	ICGC_Prostate	tss	norloop
total_Indel	DO36223	1	0.105392591090553	norloop_tss	ICGC_Prostate	tss	norloop
total_Indel	DO46787	0	0	norloop_tss	ICGC_Prostate	tss	norloop
total_Indel	DO46788	0	0	norloop_tss	ICGC_Prostate	tss	norloop
total_Indel	DO46790	1	0.105392591090553	norloop_tss	ICGC_Prostate	tss	norloop
total_Indel	DO46792	1	0.105392591090553	norloop_tss	ICGC_Prostate	tss	norloop
total_Indel	DO46793	1	0.105392591090553	norloop_tss	ICGC_Prostate	tss	norloop
total_Indel	DO46795	1	0.105392591090553	norloop_tss	ICGC_Prostate	tss	norloop
total_Indel	DO46796	1	0.105392591090553	norloop_tss	ICGC_Prostate	tss	norloop
total_Indel	DO48577	0	0	norloop_tss	ICGC_Prostate	tss	norloop
total_Indel	DO50414	1	0.105392591090553	norloop_tss	ICGC_Prostate	tss	norloop
total_Indel	DO50415	1	0.105392591090553	norloop_tss	ICGC_Prostate	tss	norloop
total_Indel	DO50416	0	0	norloop_tss	ICGC_Prostate	tss	norloop
total_Indel	DO50417	0	0	norloop_tss	ICGC_Prostate	tss	norloop
total_Indel	DO50418	0	0	norloop_tss	ICGC_Prostate	tss	norloop
total_Indel	DO50419	4	0.421570364362212	norloop_tss	ICGC_Prostate	tss	norloop
total_Indel	DO50420	1	0.105392591090553	norloop_tss	ICGC_Prostate	tss	norloop
total_Indel	DO50421	2	0.210785182181106	norloop_tss	ICGC_Prostate	tss	norloop
total_Indel	DO50422	3	0.316177773271659	norloop_tss	ICGC_Prostate	tss	norloop
total_Indel	DO50423	1	0.105392591090553	norloop_tss	ICGC_Prostate	tss	norloop
total_Indel	DO50424	2	0.210785182181106	norloop_tss	ICGC_Prostate	tss	norloop
total_Indel	DO50425	0	0	norloop_tss	ICGC_Prostate	tss	norloop
total_Indel	DO50426	0	0	norloop_tss	ICGC_Prostate	tss	norloop
total_Indel	DO50427	1	0.105392591090553	norloop_tss	ICGC_Prostate	tss	norloop
total_Indel	DO50428	0	0	norloop_tss	ICGC_Prostate	tss	norloop
total_Indel	DO50430	1	0.105392591090553	norloop_tss	ICGC_Prostate	tss	norloop
total_Indel	DO50431	1	0.105392591090553	norloop_tss	ICGC_Prostate	tss	norloop
total_Indel	DO50432	0	0	norloop_tss	ICGC_Prostate	tss	norloop
total_Indel	DO51044	2	0.210785182181106	norloop_tss	ICGC_Prostate	tss	norloop
total_Indel	DO51045	2	0.210785182181106	norloop_tss	ICGC_Prostate	tss	norloop
total_Indel	DO51046	1	0.105392591090553	norloop_tss	ICGC_Prostate	tss	norloop
total_Indel	DO51047	0	0	norloop_tss	ICGC_Prostate	tss	norloop
total_Indel	DO51048	0	0	norloop_tss	ICGC_Prostate	tss	norloop
total_Indel	DO51049	2	0.210785182181106	norloop_tss	ICGC_Prostate	tss	norloop
total_Indel	DO51050	0	0	norloop_tss	ICGC_Prostate	tss	norloop
total_Indel	DO51051	2	0.210785182181106	norloop_tss	ICGC_Prostate	tss	norloop
total_Indel	DO51052	2	0.210785182181106	norloop_tss	ICGC_Prostate	tss	norloop
total_Indel	DO51053	1	0.105392591090553	norloop_tss	ICGC_Prostate	tss	norloop
total_Indel	DO51054	1	0.105392591090553	norloop_tss	ICGC_Prostate	tss	norloop
total_Indel	DO51055	0	0	norloop_tss	ICGC_Prostate	tss	norloop
total_Indel	DO51056	0	0	norloop_tss	ICGC_Prostate	tss	norloop
total_Indel	DO51057	0	0	norloop_tss	ICGC_Prostate	tss	norloop
total_Indel	DO51060	0	0	norloop_tss	ICGC_Prostate	tss	norloop
total_Indel	DO51061	0	0	norloop_tss	ICGC_Prostate	tss	norloop
total_Indel	DO51062	0	0	norloop_tss	ICGC_Prostate	tss	norloop
total_Indel	DO51063	0	0	norloop_tss	ICGC_Prostate	tss	norloop
total_Indel	DO51064	3	0.316177773271659	norloop_tss	ICGC_Prostate	tss	norloop
total_Indel	DO51065	2	0.210785182181106	norloop_tss	ICGC_Prostate	tss	norloop
total_Indel	DO51066	1	0.105392591090553	norloop_tss	ICGC_Prostate	tss	norloop
total_Indel	DO51067	0	0	norloop_tss	ICGC_Prostate	tss	norloop
total_Indel	DO51068	0	0	norloop_tss	ICGC_Prostate	tss	norloop
total_Indel	DO51069	2	0.210785182181106	norloop_tss	ICGC_Prostate	tss	norloop
total_Indel	DO51070	2	0.210785182181106	norloop_tss	ICGC_Prostate	tss	norloop
total_Indel	DO51071	2	0.210785182181106	norloop_tss	ICGC_Prostate	tss	norloop
total_Indel	DO51072	2	0.210785182181106	norloop_tss	ICGC_Prostate	tss	norloop
total_Indel	DO51073	0	0	norloop_tss	ICGC_Prostate	tss	norloop
total_Indel	DO51074	0	0	norloop_tss	ICGC_Prostate	tss	norloop
total_Indel	DO51075	2	0.210785182181106	norloop_tss	ICGC_Prostate	tss	norloop
total_Indel	DO51078	2	0.210785182181106	norloop_tss	ICGC_Prostate	tss	norloop
total_Indel	DO51079	1	0.105392591090553	norloop_tss	ICGC_Prostate	tss	norloop
total_Indel	DO51080	1	0.105392591090553	norloop_tss	ICGC_Prostate	tss	norloop
total_Indel	DO51081	2	0.210785182181106	norloop_tss	ICGC_Prostate	tss	norloop
total_Indel	DO51083	0	0	norloop_tss	ICGC_Prostate	tss	norloop
total_Indel	DO51084	0	0	norloop_tss	ICGC_Prostate	tss	norloop
total_Indel	DO51085	0	0	norloop_tss	ICGC_Prostate	tss	norloop
total_Indel	DO51086	1	0.105392591090553	norloop_tss	ICGC_Prostate	tss	norloop
total_Indel	DO51087	1	0.105392591090553	norloop_tss	ICGC_Prostate	tss	norloop
total_Indel	DO51088	1	0.105392591090553	norloop_tss	ICGC_Prostate	tss	norloop
total_Indel	DO51089	1	0.105392591090553	norloop_tss	ICGC_Prostate	tss	norloop
total_Indel	DO51090	0	0	norloop_tss	ICGC_Prostate	tss	norloop
total_Indel	DO51091	0	0	norloop_tss	ICGC_Prostate	tss	norloop
total_Indel	DO51092	0	0	norloop_tss	ICGC_Prostate	tss	norloop
total_Indel	DO51093	0	0	norloop_tss	ICGC_Prostate	tss	norloop
total_Indel	DO51094	0	0	norloop_tss	ICGC_Prostate	tss	norloop
total_Indel	DO51095	1	0.105392591090553	norloop_tss	ICGC_Prostate	tss	norloop
total_Indel	DO51096	1	0.105392591090553	norloop_tss	ICGC_Prostate	tss	norloop
total_Indel	DO51097	1	0.105392591090553	norloop_tss	ICGC_Prostate	tss	norloop
total_Indel	DO51098	1	0.105392591090553	norloop_tss	ICGC_Prostate	tss	norloop
total_Indel	DO51099	1	0.105392591090553	norloop_tss	ICGC_Prostate	tss	norloop
total_Indel	DO51100	1	0.105392591090553	norloop_tss	ICGC_Prostate	tss	norloop
total_Indel	DO51102	1	0.105392591090553	norloop_tss	ICGC_Prostate	tss	norloop
total_Indel	DO51103	1	0.105392591090553	norloop_tss	ICGC_Prostate	tss	norloop
total_Indel	DO51104	0	0	norloop_tss	ICGC_Prostate	tss	norloop
total_Indel	DO51105	0	0	norloop_tss	ICGC_Prostate	tss	norloop
total_Indel	DO51106	0	0	norloop_tss	ICGC_Prostate	tss	norloop
total_Indel	DO51107	1	0.105392591090553	norloop_tss	ICGC_Prostate	tss	norloop
total_Indel	DO51108	1	0.105392591090553	norloop_tss	ICGC_Prostate	tss	norloop
total_Indel	DO51109	1	0.105392591090553	norloop_tss	ICGC_Prostate	tss	norloop
total_Indel	DO51110	1	0.105392591090553	norloop_tss	ICGC_Prostate	tss	norloop
total_Indel	DO51111	2	0.210785182181106	norloop_tss	ICGC_Prostate	tss	norloop
total_Indel	DO51112	0	0	norloop_tss	ICGC_Prostate	tss	norloop
total_Indel	DO51113	0	0	norloop_tss	ICGC_Prostate	tss	norloop
total_Indel	DO51114	1	0.105392591090553	norloop_tss	ICGC_Prostate	tss	norloop
total_Indel	DO51115	1	0.105392591090553	norloop_tss	ICGC_Prostate	tss	norloop
total_Indel	DO51116	3	0.316177773271659	norloop_tss	ICGC_Prostate	tss	norloop
total_Indel	DO51117	0	0	norloop_tss	ICGC_Prostate	tss	norloop
total_Indel	DO51118	0	0	norloop_tss	ICGC_Prostate	tss	norloop
total_Indel	DO51119	2	0.210785182181106	norloop_tss	ICGC_Prostate	tss	norloop
total_Indel	DO51120	1	0.105392591090553	norloop_tss	ICGC_Prostate	tss	norloop
total_Indel	DO51121	0	0	norloop_tss	ICGC_Prostate	tss	norloop
total_Indel	DO51122	0	0	norloop_tss	ICGC_Prostate	tss	norloop
total_Indel	DO51123	0	0	norloop_tss	ICGC_Prostate	tss	norloop
total_Indel	DO51124	0	0	norloop_tss	ICGC_Prostate	tss	norloop
total_Indel	DO51125	0	0	norloop_tss	ICGC_Prostate	tss	norloop
total_Indel	DO51126	2	0.210785182181106	norloop_tss	ICGC_Prostate	tss	norloop
total_Indel	DO51127	2	0.210785182181106	norloop_tss	ICGC_Prostate	tss	norloop
total_Indel	DO51128	0	0	norloop_tss	ICGC_Prostate	tss	norloop
total_Indel	DO51129	0	0	norloop_tss	ICGC_Prostate	tss	norloop
total_Indel	DO51130	1	0.105392591090553	norloop_tss	ICGC_Prostate	tss	norloop
total_Indel	DO51131	0	0	norloop_tss	ICGC_Prostate	tss	norloop
total_Indel	DO51132	0	0	norloop_tss	ICGC_Prostate	tss	norloop
total_Indel	DO51133	1	0.105392591090553	norloop_tss	ICGC_Prostate	tss	norloop
total_Indel	DO51134	2	0.210785182181106	norloop_tss	ICGC_Prostate	tss	norloop
total_Indel	DO51135	0	0	norloop_tss	ICGC_Prostate	tss	norloop
total_Indel	DO51136	0	0	norloop_tss	ICGC_Prostate	tss	norloop
total_Indel	DO51137	0	0	norloop_tss	ICGC_Prostate	tss	norloop
total_Indel	DO51138	2	0.210785182181106	norloop_tss	ICGC_Prostate	tss	norloop
total_Indel	DO51139	1	0.105392591090553	norloop_tss	ICGC_Prostate	tss	norloop
total_Indel	DO51141	2	0.210785182181106	norloop_tss	ICGC_Prostate	tss	norloop
total_Indel	DO51142	0	0	norloop_tss	ICGC_Prostate	tss	norloop
total_Indel	DO51143	1	0.105392591090553	norloop_tss	ICGC_Prostate	tss	norloop
total_Indel	DO51144	1	0.105392591090553	norloop_tss	ICGC_Prostate	tss	norloop
total_Indel	DO51145	1	0.105392591090553	norloop_tss	ICGC_Prostate	tss	norloop
total_Indel	DO51147	4	0.421570364362212	norloop_tss	ICGC_Prostate	tss	norloop
total_Indel	DO51148	2	0.210785182181106	norloop_tss	ICGC_Prostate	tss	norloop
total_Indel	DO51149	0	0	norloop_tss	ICGC_Prostate	tss	norloop
total_Indel	DO51150	0	0	norloop_tss	ICGC_Prostate	tss	norloop
total_Indel	DO51151	1	0.105392591090553	norloop_tss	ICGC_Prostate	tss	norloop
total_Indel	DO51152	1	0.105392591090553	norloop_tss	ICGC_Prostate	tss	norloop
total_Indel	DO51153	2	0.210785182181106	norloop_tss	ICGC_Prostate	tss	norloop
total_Indel	DO51154	1	0.105392591090553	norloop_tss	ICGC_Prostate	tss	norloop
total_Indel	DO51155	0	0	norloop_tss	ICGC_Prostate	tss	norloop
total_Indel	DO51156	0	0	norloop_tss	ICGC_Prostate	tss	norloop
total_Indel	DO51157	0	0	norloop_tss	ICGC_Prostate	tss	norloop
total_Indel	DO51158	1	0.105392591090553	norloop_tss	ICGC_Prostate	tss	norloop
total_Indel	DO51159	0	0	norloop_tss	ICGC_Prostate	tss	norloop
total_Indel	DO51953	3	0.316177773271659	norloop_tss	ICGC_Prostate	tss	norloop
total_Indel	DO51954	5	0.526962955452765	norloop_tss	ICGC_Prostate	tss	norloop
total_Indel	DO51955	2	0.210785182181106	norloop_tss	ICGC_Prostate	tss	norloop
total_Indel	DO51956	2	0.210785182181106	norloop_tss	ICGC_Prostate	tss	norloop
total_Indel	DO51958	9	0.948533319814977	norloop_tss	ICGC_Prostate	tss	norloop
total_Indel	DO51959	1	0.105392591090553	norloop_tss	ICGC_Prostate	tss	norloop
total_Indel	DO51960	2	0.210785182181106	norloop_tss	ICGC_Prostate	tss	norloop
total_Indel	DO51962	17	1.7916740485394	norloop_tss	ICGC_Prostate	tss	norloop
total_Indel	DO51964	4	0.421570364362212	norloop_tss	ICGC_Prostate	tss	norloop
total_Indel	DO51965	3	0.316177773271659	norloop_tss	ICGC_Prostate	tss	norloop
total_Indel	DO52498	0	0	norloop_tss	ICGC_Prostate	tss	norloop
total_Indel	DO52499	0	0	norloop_tss	ICGC_Prostate	tss	norloop
total_Indel	DO52500	0	0	norloop_tss	ICGC_Prostate	tss	norloop
total_Indel	DO52501	0	0	norloop_tss	ICGC_Prostate	tss	norloop
total_Indel	DO52502	0	0	norloop_tss	ICGC_Prostate	tss	norloop
total_Indel	DO52503	0	0	norloop_tss	ICGC_Prostate	tss	norloop
total_Indel	DO52504	1	0.105392591090553	norloop_tss	ICGC_Prostate	tss	norloop
total_Indel	DO52505	1	0.105392591090553	norloop_tss	ICGC_Prostate	tss	norloop
total_Indel	DO52506	0	0	norloop_tss	ICGC_Prostate	tss	norloop
total_Indel	DO52508	0	0	norloop_tss	ICGC_Prostate	tss	norloop
total_Indel	DO52509	0	0	norloop_tss	ICGC_Prostate	tss	norloop
total_Indel	DO52510	0	0	norloop_tss	ICGC_Prostate	tss	norloop
total_Indel	DO52511	0	0	norloop_tss	ICGC_Prostate	tss	norloop
total_Indel	DO52512	2	0.210785182181106	norloop_tss	ICGC_Prostate	tss	norloop
total_Indel	DO52513	2	0.210785182181106	norloop_tss	ICGC_Prostate	tss	norloop
total_Indel	DO52514	0	0	norloop_tss	ICGC_Prostate	tss	norloop
total_Indel	DO52516	1	0.105392591090553	norloop_tss	ICGC_Prostate	tss	norloop
total_Indel	DO52518	0	0	norloop_tss	ICGC_Prostate	tss	norloop
total_Indel	DO52520	0	0	norloop_tss	ICGC_Prostate	tss	norloop
total_Indel	DO52524	0	0	norloop_tss	ICGC_Prostate	tss	norloop
total_Indel	DO52526	0	0	norloop_tss	ICGC_Prostate	tss	norloop
total_Indel	DO52528	0	0	norloop_tss	ICGC_Prostate	tss	norloop
total_Indel	DO52530	0	0	norloop_tss	ICGC_Prostate	tss	norloop
total_Indel	DO52532	0	0	norloop_tss	ICGC_Prostate	tss	norloop
total_Indel	DO52534	1	0.105392591090553	norloop_tss	ICGC_Prostate	tss	norloop
total_long_simple_indel	DO10806	0	0	norloop_tss	ICGC_Prostate	tss	norloop
total_long_simple_indel	DO10807	0	0	norloop_tss	ICGC_Prostate	tss	norloop
total_long_simple_indel	DO10809	0	0	norloop_tss	ICGC_Prostate	tss	norloop
total_long_simple_indel	DO10811	0	0	norloop_tss	ICGC_Prostate	tss	norloop
total_long_simple_indel	DO10813	1	0.105392591090553	norloop_tss	ICGC_Prostate	tss	norloop
total_long_simple_indel	DO10815	0	0	norloop_tss	ICGC_Prostate	tss	norloop
total_long_simple_indel	DO10817	0	0	norloop_tss	ICGC_Prostate	tss	norloop
total_long_simple_indel	DO10819	0	0	norloop_tss	ICGC_Prostate	tss	norloop
total_long_simple_indel	DO10821	0	0	norloop_tss	ICGC_Prostate	tss	norloop
total_long_simple_indel	DO10823	1	0.105392591090553	norloop_tss	ICGC_Prostate	tss	norloop
total_long_simple_indel	DO10825	0	0	norloop_tss	ICGC_Prostate	tss	norloop
total_long_simple_indel	DO10829	0	0	norloop_tss	ICGC_Prostate	tss	norloop
total_long_simple_indel	DO10831	0	0	norloop_tss	ICGC_Prostate	tss	norloop
total_long_simple_indel	DO10833	0	0	norloop_tss	ICGC_Prostate	tss	norloop
total_long_simple_indel	DO10835	0	0	norloop_tss	ICGC_Prostate	tss	norloop
total_long_simple_indel	DO10837	0	0	norloop_tss	ICGC_Prostate	tss	norloop
total_long_simple_indel	DO36221	0	0	norloop_tss	ICGC_Prostate	tss	norloop
total_long_simple_indel	DO36223	0	0	norloop_tss	ICGC_Prostate	tss	norloop
total_long_simple_indel	DO46787	0	0	norloop_tss	ICGC_Prostate	tss	norloop
total_long_simple_indel	DO46788	0	0	norloop_tss	ICGC_Prostate	tss	norloop
total_long_simple_indel	DO46790	0	0	norloop_tss	ICGC_Prostate	tss	norloop
total_long_simple_indel	DO46792	0	0	norloop_tss	ICGC_Prostate	tss	norloop
total_long_simple_indel	DO46793	0	0	norloop_tss	ICGC_Prostate	tss	norloop
total_long_simple_indel	DO46795	0	0	norloop_tss	ICGC_Prostate	tss	norloop
total_long_simple_indel	DO46796	0	0	norloop_tss	ICGC_Prostate	tss	norloop
total_long_simple_indel	DO48577	0	0	norloop_tss	ICGC_Prostate	tss	norloop
total_long_simple_indel	DO50414	0	0	norloop_tss	ICGC_Prostate	tss	norloop
total_long_simple_indel	DO50415	0	0	norloop_tss	ICGC_Prostate	tss	norloop
total_long_simple_indel	DO50416	0	0	norloop_tss	ICGC_Prostate	tss	norloop
total_long_simple_indel	DO50417	0	0	norloop_tss	ICGC_Prostate	tss	norloop
total_long_simple_indel	DO50418	0	0	norloop_tss	ICGC_Prostate	tss	norloop
total_long_simple_indel	DO50419	1	0.105392591090553	norloop_tss	ICGC_Prostate	tss	norloop
total_long_simple_indel	DO50420	0	0	norloop_tss	ICGC_Prostate	tss	norloop
total_long_simple_indel	DO50421	0	0	norloop_tss	ICGC_Prostate	tss	norloop
total_long_simple_indel	DO50422	0	0	norloop_tss	ICGC_Prostate	tss	norloop
total_long_simple_indel	DO50423	0	0	norloop_tss	ICGC_Prostate	tss	norloop
total_long_simple_indel	DO50424	0	0	norloop_tss	ICGC_Prostate	tss	norloop
total_long_simple_indel	DO50425	0	0	norloop_tss	ICGC_Prostate	tss	norloop
total_long_simple_indel	DO50426	0	0	norloop_tss	ICGC_Prostate	tss	norloop
total_long_simple_indel	DO50427	0	0	norloop_tss	ICGC_Prostate	tss	norloop
total_long_simple_indel	DO50428	0	0	norloop_tss	ICGC_Prostate	tss	norloop
total_long_simple_indel	DO50430	1	0.105392591090553	norloop_tss	ICGC_Prostate	tss	norloop
total_long_simple_indel	DO50431	1	0.105392591090553	norloop_tss	ICGC_Prostate	tss	norloop
total_long_simple_indel	DO50432	0	0	norloop_tss	ICGC_Prostate	tss	norloop
total_long_simple_indel	DO51044	1	0.105392591090553	norloop_tss	ICGC_Prostate	tss	norloop
total_long_simple_indel	DO51045	1	0.105392591090553	norloop_tss	ICGC_Prostate	tss	norloop
total_long_simple_indel	DO51046	0	0	norloop_tss	ICGC_Prostate	tss	norloop
total_long_simple_indel	DO51047	0	0	norloop_tss	ICGC_Prostate	tss	norloop
total_long_simple_indel	DO51048	0	0	norloop_tss	ICGC_Prostate	tss	norloop
total_long_simple_indel	DO51049	1	0.105392591090553	norloop_tss	ICGC_Prostate	tss	norloop
total_long_simple_indel	DO51050	0	0	norloop_tss	ICGC_Prostate	tss	norloop
total_long_simple_indel	DO51051	1	0.105392591090553	norloop_tss	ICGC_Prostate	tss	norloop
total_long_simple_indel	DO51052	0	0	norloop_tss	ICGC_Prostate	tss	norloop
total_long_simple_indel	DO51053	1	0.105392591090553	norloop_tss	ICGC_Prostate	tss	norloop
total_long_simple_indel	DO51054	0	0	norloop_tss	ICGC_Prostate	tss	norloop
total_long_simple_indel	DO51055	0	0	norloop_tss	ICGC_Prostate	tss	norloop
total_long_simple_indel	DO51056	0	0	norloop_tss	ICGC_Prostate	tss	norloop
total_long_simple_indel	DO51057	0	0	norloop_tss	ICGC_Prostate	tss	norloop
total_long_simple_indel	DO51060	0	0	norloop_tss	ICGC_Prostate	tss	norloop
total_long_simple_indel	DO51061	0	0	norloop_tss	ICGC_Prostate	tss	norloop
total_long_simple_indel	DO51062	0	0	norloop_tss	ICGC_Prostate	tss	norloop
total_long_simple_indel	DO51063	0	0	norloop_tss	ICGC_Prostate	tss	norloop
total_long_simple_indel	DO51064	0	0	norloop_tss	ICGC_Prostate	tss	norloop
total_long_simple_indel	DO51065	0	0	norloop_tss	ICGC_Prostate	tss	norloop
total_long_simple_indel	DO51066	0	0	norloop_tss	ICGC_Prostate	tss	norloop
total_long_simple_indel	DO51067	0	0	norloop_tss	ICGC_Prostate	tss	norloop
total_long_simple_indel	DO51068	0	0	norloop_tss	ICGC_Prostate	tss	norloop
total_long_simple_indel	DO51069	0	0	norloop_tss	ICGC_Prostate	tss	norloop
total_long_simple_indel	DO51070	0	0	norloop_tss	ICGC_Prostate	tss	norloop
total_long_simple_indel	DO51071	2	0.210785182181106	norloop_tss	ICGC_Prostate	tss	norloop
total_long_simple_indel	DO51072	1	0.105392591090553	norloop_tss	ICGC_Prostate	tss	norloop
total_long_simple_indel	DO51073	0	0	norloop_tss	ICGC_Prostate	tss	norloop
total_long_simple_indel	DO51074	0	0	norloop_tss	ICGC_Prostate	tss	norloop
total_long_simple_indel	DO51075	1	0.105392591090553	norloop_tss	ICGC_Prostate	tss	norloop
total_long_simple_indel	DO51078	0	0	norloop_tss	ICGC_Prostate	tss	norloop
total_long_simple_indel	DO51079	0	0	norloop_tss	ICGC_Prostate	tss	norloop
total_long_simple_indel	DO51080	0	0	norloop_tss	ICGC_Prostate	tss	norloop
total_long_simple_indel	DO51081	2	0.210785182181106	norloop_tss	ICGC_Prostate	tss	norloop
total_long_simple_indel	DO51083	0	0	norloop_tss	ICGC_Prostate	tss	norloop
total_long_simple_indel	DO51084	0	0	norloop_tss	ICGC_Prostate	tss	norloop
total_long_simple_indel	DO51085	0	0	norloop_tss	ICGC_Prostate	tss	norloop
total_long_simple_indel	DO51086	0	0	norloop_tss	ICGC_Prostate	tss	norloop
total_long_simple_indel	DO51087	0	0	norloop_tss	ICGC_Prostate	tss	norloop
total_long_simple_indel	DO51088	0	0	norloop_tss	ICGC_Prostate	tss	norloop
total_long_simple_indel	DO51089	0	0	norloop_tss	ICGC_Prostate	tss	norloop
total_long_simple_indel	DO51090	0	0	norloop_tss	ICGC_Prostate	tss	norloop
total_long_simple_indel	DO51091	0	0	norloop_tss	ICGC_Prostate	tss	norloop
total_long_simple_indel	DO51092	0	0	norloop_tss	ICGC_Prostate	tss	norloop
total_long_simple_indel	DO51093	0	0	norloop_tss	ICGC_Prostate	tss	norloop
total_long_simple_indel	DO51094	0	0	norloop_tss	ICGC_Prostate	tss	norloop
total_long_simple_indel	DO51095	1	0.105392591090553	norloop_tss	ICGC_Prostate	tss	norloop
total_long_simple_indel	DO51096	0	0	norloop_tss	ICGC_Prostate	tss	norloop
total_long_simple_indel	DO51097	0	0	norloop_tss	ICGC_Prostate	tss	norloop
total_long_simple_indel	DO51098	0	0	norloop_tss	ICGC_Prostate	tss	norloop
total_long_simple_indel	DO51099	0	0	norloop_tss	ICGC_Prostate	tss	norloop
total_long_simple_indel	DO51100	0	0	norloop_tss	ICGC_Prostate	tss	norloop
total_long_simple_indel	DO51102	1	0.105392591090553	norloop_tss	ICGC_Prostate	tss	norloop
total_long_simple_indel	DO51103	0	0	norloop_tss	ICGC_Prostate	tss	norloop
total_long_simple_indel	DO51104	0	0	norloop_tss	ICGC_Prostate	tss	norloop
total_long_simple_indel	DO51105	0	0	norloop_tss	ICGC_Prostate	tss	norloop
total_long_simple_indel	DO51106	0	0	norloop_tss	ICGC_Prostate	tss	norloop
total_long_simple_indel	DO51107	0	0	norloop_tss	ICGC_Prostate	tss	norloop
total_long_simple_indel	DO51108	0	0	norloop_tss	ICGC_Prostate	tss	norloop
total_long_simple_indel	DO51109	0	0	norloop_tss	ICGC_Prostate	tss	norloop
total_long_simple_indel	DO51110	0	0	norloop_tss	ICGC_Prostate	tss	norloop
total_long_simple_indel	DO51111	1	0.105392591090553	norloop_tss	ICGC_Prostate	tss	norloop
total_long_simple_indel	DO51112	0	0	norloop_tss	ICGC_Prostate	tss	norloop
total_long_simple_indel	DO51113	0	0	norloop_tss	ICGC_Prostate	tss	norloop
total_long_simple_indel	DO51114	0	0	norloop_tss	ICGC_Prostate	tss	norloop
total_long_simple_indel	DO51115	0	0	norloop_tss	ICGC_Prostate	tss	norloop
total_long_simple_indel	DO51116	0	0	norloop_tss	ICGC_Prostate	tss	norloop
total_long_simple_indel	DO51117	0	0	norloop_tss	ICGC_Prostate	tss	norloop
total_long_simple_indel	DO51118	0	0	norloop_tss	ICGC_Prostate	tss	norloop
total_long_simple_indel	DO51119	1	0.105392591090553	norloop_tss	ICGC_Prostate	tss	norloop
total_long_simple_indel	DO51120	1	0.105392591090553	norloop_tss	ICGC_Prostate	tss	norloop
total_long_simple_indel	DO51121	0	0	norloop_tss	ICGC_Prostate	tss	norloop
total_long_simple_indel	DO51122	0	0	norloop_tss	ICGC_Prostate	tss	norloop
total_long_simple_indel	DO51123	0	0	norloop_tss	ICGC_Prostate	tss	norloop
total_long_simple_indel	DO51124	0	0	norloop_tss	ICGC_Prostate	tss	norloop
total_long_simple_indel	DO51125	0	0	norloop_tss	ICGC_Prostate	tss	norloop
total_long_simple_indel	DO51126	0	0	norloop_tss	ICGC_Prostate	tss	norloop
total_long_simple_indel	DO51127	0	0	norloop_tss	ICGC_Prostate	tss	norloop
total_long_simple_indel	DO51128	0	0	norloop_tss	ICGC_Prostate	tss	norloop
total_long_simple_indel	DO51129	0	0	norloop_tss	ICGC_Prostate	tss	norloop
total_long_simple_indel	DO51130	0	0	norloop_tss	ICGC_Prostate	tss	norloop
total_long_simple_indel	DO51131	0	0	norloop_tss	ICGC_Prostate	tss	norloop
total_long_simple_indel	DO51132	0	0	norloop_tss	ICGC_Prostate	tss	norloop
total_long_simple_indel	DO51133	0	0	norloop_tss	ICGC_Prostate	tss	norloop
total_long_simple_indel	DO51134	1	0.105392591090553	norloop_tss	ICGC_Prostate	tss	norloop
total_long_simple_indel	DO51135	0	0	norloop_tss	ICGC_Prostate	tss	norloop
total_long_simple_indel	DO51136	0	0	norloop_tss	ICGC_Prostate	tss	norloop
total_long_simple_indel	DO51137	0	0	norloop_tss	ICGC_Prostate	tss	norloop
total_long_simple_indel	DO51138	0	0	norloop_tss	ICGC_Prostate	tss	norloop
total_long_simple_indel	DO51139	0	0	norloop_tss	ICGC_Prostate	tss	norloop
total_long_simple_indel	DO51141	1	0.105392591090553	norloop_tss	ICGC_Prostate	tss	norloop
total_long_simple_indel	DO51142	0	0	norloop_tss	ICGC_Prostate	tss	norloop
total_long_simple_indel	DO51143	1	0.105392591090553	norloop_tss	ICGC_Prostate	tss	norloop
total_long_simple_indel	DO51144	0	0	norloop_tss	ICGC_Prostate	tss	norloop
total_long_simple_indel	DO51145	1	0.105392591090553	norloop_tss	ICGC_Prostate	tss	norloop
total_long_simple_indel	DO51147	1	0.105392591090553	norloop_tss	ICGC_Prostate	tss	norloop
total_long_simple_indel	DO51148	0	0	norloop_tss	ICGC_Prostate	tss	norloop
total_long_simple_indel	DO51149	0	0	norloop_tss	ICGC_Prostate	tss	norloop
total_long_simple_indel	DO51150	0	0	norloop_tss	ICGC_Prostate	tss	norloop
total_long_simple_indel	DO51151	1	0.105392591090553	norloop_tss	ICGC_Prostate	tss	norloop
total_long_simple_indel	DO51152	0	0	norloop_tss	ICGC_Prostate	tss	norloop
total_long_simple_indel	DO51153	1	0.105392591090553	norloop_tss	ICGC_Prostate	tss	norloop
total_long_simple_indel	DO51154	0	0	norloop_tss	ICGC_Prostate	tss	norloop
total_long_simple_indel	DO51155	0	0	norloop_tss	ICGC_Prostate	tss	norloop
total_long_simple_indel	DO51156	0	0	norloop_tss	ICGC_Prostate	tss	norloop
total_long_simple_indel	DO51157	0	0	norloop_tss	ICGC_Prostate	tss	norloop
total_long_simple_indel	DO51158	0	0	norloop_tss	ICGC_Prostate	tss	norloop
total_long_simple_indel	DO51159	0	0	norloop_tss	ICGC_Prostate	tss	norloop
total_long_simple_indel	DO51953	0	0	norloop_tss	ICGC_Prostate	tss	norloop
total_long_simple_indel	DO51954	1	0.105392591090553	norloop_tss	ICGC_Prostate	tss	norloop
total_long_simple_indel	DO51955	2	0.210785182181106	norloop_tss	ICGC_Prostate	tss	norloop
total_long_simple_indel	DO51956	2	0.210785182181106	norloop_tss	ICGC_Prostate	tss	norloop
total_long_simple_indel	DO51958	3	0.316177773271659	norloop_tss	ICGC_Prostate	tss	norloop
total_long_simple_indel	DO51959	0	0	norloop_tss	ICGC_Prostate	tss	norloop
total_long_simple_indel	DO51960	0	0	norloop_tss	ICGC_Prostate	tss	norloop
total_long_simple_indel	DO51962	3	0.316177773271659	norloop_tss	ICGC_Prostate	tss	norloop
total_long_simple_indel	DO51964	3	0.316177773271659	norloop_tss	ICGC_Prostate	tss	norloop
total_long_simple_indel	DO51965	2	0.210785182181106	norloop_tss	ICGC_Prostate	tss	norloop
total_long_simple_indel	DO52498	0	0	norloop_tss	ICGC_Prostate	tss	norloop
total_long_simple_indel	DO52499	0	0	norloop_tss	ICGC_Prostate	tss	norloop
total_long_simple_indel	DO52500	0	0	norloop_tss	ICGC_Prostate	tss	norloop
total_long_simple_indel	DO52501	0	0	norloop_tss	ICGC_Prostate	tss	norloop
total_long_simple_indel	DO52502	0	0	norloop_tss	ICGC_Prostate	tss	norloop
total_long_simple_indel	DO52503	0	0	norloop_tss	ICGC_Prostate	tss	norloop
total_long_simple_indel	DO52504	0	0	norloop_tss	ICGC_Prostate	tss	norloop
total_long_simple_indel	DO52505	0	0	norloop_tss	ICGC_Prostate	tss	norloop
total_long_simple_indel	DO52506	0	0	norloop_tss	ICGC_Prostate	tss	norloop
total_long_simple_indel	DO52508	0	0	norloop_tss	ICGC_Prostate	tss	norloop
total_long_simple_indel	DO52509	0	0	norloop_tss	ICGC_Prostate	tss	norloop
total_long_simple_indel	DO52510	0	0	norloop_tss	ICGC_Prostate	tss	norloop
total_long_simple_indel	DO52511	0	0	norloop_tss	ICGC_Prostate	tss	norloop
total_long_simple_indel	DO52512	1	0.105392591090553	norloop_tss	ICGC_Prostate	tss	norloop
total_long_simple_indel	DO52513	0	0	norloop_tss	ICGC_Prostate	tss	norloop
total_long_simple_indel	DO52514	0	0	norloop_tss	ICGC_Prostate	tss	norloop
total_long_simple_indel	DO52516	1	0.105392591090553	norloop_tss	ICGC_Prostate	tss	norloop
total_long_simple_indel	DO52518	0	0	norloop_tss	ICGC_Prostate	tss	norloop
total_long_simple_indel	DO52520	0	0	norloop_tss	ICGC_Prostate	tss	norloop
total_long_simple_indel	DO52524	0	0	norloop_tss	ICGC_Prostate	tss	norloop
total_long_simple_indel	DO52526	0	0	norloop_tss	ICGC_Prostate	tss	norloop
total_long_simple_indel	DO52528	0	0	norloop_tss	ICGC_Prostate	tss	norloop
total_long_simple_indel	DO52530	0	0	norloop_tss	ICGC_Prostate	tss	norloop
total_long_simple_indel	DO52532	0	0	norloop_tss	ICGC_Prostate	tss	norloop
total_long_simple_indel	DO52534	1	0.105392591090553	norloop_tss	ICGC_Prostate	tss	norloop
total_long_indel	DO10806	0	0	norloop_tss	ICGC_Prostate	tss	norloop
total_long_indel	DO10807	0	0	norloop_tss	ICGC_Prostate	tss	norloop
total_long_indel	DO10809	0	0	norloop_tss	ICGC_Prostate	tss	norloop
total_long_indel	DO10811	0	0	norloop_tss	ICGC_Prostate	tss	norloop
total_long_indel	DO10813	1	0.105392591090553	norloop_tss	ICGC_Prostate	tss	norloop
total_long_indel	DO10815	0	0	norloop_tss	ICGC_Prostate	tss	norloop
total_long_indel	DO10817	0	0	norloop_tss	ICGC_Prostate	tss	norloop
total_long_indel	DO10819	0	0	norloop_tss	ICGC_Prostate	tss	norloop
total_long_indel	DO10821	0	0	norloop_tss	ICGC_Prostate	tss	norloop
total_long_indel	DO10823	1	0.105392591090553	norloop_tss	ICGC_Prostate	tss	norloop
total_long_indel	DO10825	0	0	norloop_tss	ICGC_Prostate	tss	norloop
total_long_indel	DO10829	0	0	norloop_tss	ICGC_Prostate	tss	norloop
total_long_indel	DO10831	0	0	norloop_tss	ICGC_Prostate	tss	norloop
total_long_indel	DO10833	0	0	norloop_tss	ICGC_Prostate	tss	norloop
total_long_indel	DO10835	0	0	norloop_tss	ICGC_Prostate	tss	norloop
total_long_indel	DO10837	0	0	norloop_tss	ICGC_Prostate	tss	norloop
total_long_indel	DO36221	0	0	norloop_tss	ICGC_Prostate	tss	norloop
total_long_indel	DO36223	0	0	norloop_tss	ICGC_Prostate	tss	norloop
total_long_indel	DO46787	0	0	norloop_tss	ICGC_Prostate	tss	norloop
total_long_indel	DO46788	0	0	norloop_tss	ICGC_Prostate	tss	norloop
total_long_indel	DO46790	1	0.105392591090553	norloop_tss	ICGC_Prostate	tss	norloop
total_long_indel	DO46792	0	0	norloop_tss	ICGC_Prostate	tss	norloop
total_long_indel	DO46793	0	0	norloop_tss	ICGC_Prostate	tss	norloop
total_long_indel	DO46795	0	0	norloop_tss	ICGC_Prostate	tss	norloop
total_long_indel	DO46796	0	0	norloop_tss	ICGC_Prostate	tss	norloop
total_long_indel	DO48577	0	0	norloop_tss	ICGC_Prostate	tss	norloop
total_long_indel	DO50414	0	0	norloop_tss	ICGC_Prostate	tss	norloop
total_long_indel	DO50415	0	0	norloop_tss	ICGC_Prostate	tss	norloop
total_long_indel	DO50416	0	0	norloop_tss	ICGC_Prostate	tss	norloop
total_long_indel	DO50417	0	0	norloop_tss	ICGC_Prostate	tss	norloop
total_long_indel	DO50418	0	0	norloop_tss	ICGC_Prostate	tss	norloop
total_long_indel	DO50419	3	0.316177773271659	norloop_tss	ICGC_Prostate	tss	norloop
total_long_indel	DO50420	0	0	norloop_tss	ICGC_Prostate	tss	norloop
total_long_indel	DO50421	0	0	norloop_tss	ICGC_Prostate	tss	norloop
total_long_indel	DO50422	0	0	norloop_tss	ICGC_Prostate	tss	norloop
total_long_indel	DO50423	0	0	norloop_tss	ICGC_Prostate	tss	norloop
total_long_indel	DO50424	0	0	norloop_tss	ICGC_Prostate	tss	norloop
total_long_indel	DO50425	0	0	norloop_tss	ICGC_Prostate	tss	norloop
total_long_indel	DO50426	0	0	norloop_tss	ICGC_Prostate	tss	norloop
total_long_indel	DO50427	0	0	norloop_tss	ICGC_Prostate	tss	norloop
total_long_indel	DO50428	0	0	norloop_tss	ICGC_Prostate	tss	norloop
total_long_indel	DO50430	1	0.105392591090553	norloop_tss	ICGC_Prostate	tss	norloop
total_long_indel	DO50431	1	0.105392591090553	norloop_tss	ICGC_Prostate	tss	norloop
total_long_indel	DO50432	0	0	norloop_tss	ICGC_Prostate	tss	norloop
total_long_indel	DO51044	2	0.210785182181106	norloop_tss	ICGC_Prostate	tss	norloop
total_long_indel	DO51045	1	0.105392591090553	norloop_tss	ICGC_Prostate	tss	norloop
total_long_indel	DO51046	0	0	norloop_tss	ICGC_Prostate	tss	norloop
total_long_indel	DO51047	0	0	norloop_tss	ICGC_Prostate	tss	norloop
total_long_indel	DO51048	0	0	norloop_tss	ICGC_Prostate	tss	norloop
total_long_indel	DO51049	1	0.105392591090553	norloop_tss	ICGC_Prostate	tss	norloop
total_long_indel	DO51050	0	0	norloop_tss	ICGC_Prostate	tss	norloop
total_long_indel	DO51051	1	0.105392591090553	norloop_tss	ICGC_Prostate	tss	norloop
total_long_indel	DO51052	0	0	norloop_tss	ICGC_Prostate	tss	norloop
total_long_indel	DO51053	1	0.105392591090553	norloop_tss	ICGC_Prostate	tss	norloop
total_long_indel	DO51054	0	0	norloop_tss	ICGC_Prostate	tss	norloop
total_long_indel	DO51055	0	0	norloop_tss	ICGC_Prostate	tss	norloop
total_long_indel	DO51056	0	0	norloop_tss	ICGC_Prostate	tss	norloop
total_long_indel	DO51057	0	0	norloop_tss	ICGC_Prostate	tss	norloop
total_long_indel	DO51060	0	0	norloop_tss	ICGC_Prostate	tss	norloop
total_long_indel	DO51061	0	0	norloop_tss	ICGC_Prostate	tss	norloop
total_long_indel	DO51062	0	0	norloop_tss	ICGC_Prostate	tss	norloop
total_long_indel	DO51063	0	0	norloop_tss	ICGC_Prostate	tss	norloop
total_long_indel	DO51064	1	0.105392591090553	norloop_tss	ICGC_Prostate	tss	norloop
total_long_indel	DO51065	1	0.105392591090553	norloop_tss	ICGC_Prostate	tss	norloop
total_long_indel	DO51066	1	0.105392591090553	norloop_tss	ICGC_Prostate	tss	norloop
total_long_indel	DO51067	0	0	norloop_tss	ICGC_Prostate	tss	norloop
total_long_indel	DO51068	0	0	norloop_tss	ICGC_Prostate	tss	norloop
total_long_indel	DO51069	0	0	norloop_tss	ICGC_Prostate	tss	norloop
total_long_indel	DO51070	0	0	norloop_tss	ICGC_Prostate	tss	norloop
total_long_indel	DO51071	2	0.210785182181106	norloop_tss	ICGC_Prostate	tss	norloop
total_long_indel	DO51072	1	0.105392591090553	norloop_tss	ICGC_Prostate	tss	norloop
total_long_indel	DO51073	0	0	norloop_tss	ICGC_Prostate	tss	norloop
total_long_indel	DO51074	0	0	norloop_tss	ICGC_Prostate	tss	norloop
total_long_indel	DO51075	2	0.210785182181106	norloop_tss	ICGC_Prostate	tss	norloop
total_long_indel	DO51078	0	0	norloop_tss	ICGC_Prostate	tss	norloop
total_long_indel	DO51079	0	0	norloop_tss	ICGC_Prostate	tss	norloop
total_long_indel	DO51080	0	0	norloop_tss	ICGC_Prostate	tss	norloop
total_long_indel	DO51081	2	0.210785182181106	norloop_tss	ICGC_Prostate	tss	norloop
total_long_indel	DO51083	0	0	norloop_tss	ICGC_Prostate	tss	norloop
total_long_indel	DO51084	0	0	norloop_tss	ICGC_Prostate	tss	norloop
total_long_indel	DO51085	0	0	norloop_tss	ICGC_Prostate	tss	norloop
total_long_indel	DO51086	0	0	norloop_tss	ICGC_Prostate	tss	norloop
total_long_indel	DO51087	1	0.105392591090553	norloop_tss	ICGC_Prostate	tss	norloop
total_long_indel	DO51088	1	0.105392591090553	norloop_tss	ICGC_Prostate	tss	norloop
total_long_indel	DO51089	0	0	norloop_tss	ICGC_Prostate	tss	norloop
total_long_indel	DO51090	0	0	norloop_tss	ICGC_Prostate	tss	norloop
total_long_indel	DO51091	0	0	norloop_tss	ICGC_Prostate	tss	norloop
total_long_indel	DO51092	0	0	norloop_tss	ICGC_Prostate	tss	norloop
total_long_indel	DO51093	0	0	norloop_tss	ICGC_Prostate	tss	norloop
total_long_indel	DO51094	0	0	norloop_tss	ICGC_Prostate	tss	norloop
total_long_indel	DO51095	1	0.105392591090553	norloop_tss	ICGC_Prostate	tss	norloop
total_long_indel	DO51096	0	0	norloop_tss	ICGC_Prostate	tss	norloop
total_long_indel	DO51097	1	0.105392591090553	norloop_tss	ICGC_Prostate	tss	norloop
total_long_indel	DO51098	0	0	norloop_tss	ICGC_Prostate	tss	norloop
total_long_indel	DO51099	0	0	norloop_tss	ICGC_Prostate	tss	norloop
total_long_indel	DO51100	1	0.105392591090553	norloop_tss	ICGC_Prostate	tss	norloop
total_long_indel	DO51102	1	0.105392591090553	norloop_tss	ICGC_Prostate	tss	norloop
total_long_indel	DO51103	0	0	norloop_tss	ICGC_Prostate	tss	norloop
total_long_indel	DO51104	0	0	norloop_tss	ICGC_Prostate	tss	norloop
total_long_indel	DO51105	0	0	norloop_tss	ICGC_Prostate	tss	norloop
total_long_indel	DO51106	0	0	norloop_tss	ICGC_Prostate	tss	norloop
total_long_indel	DO51107	0	0	norloop_tss	ICGC_Prostate	tss	norloop
total_long_indel	DO51108	0	0	norloop_tss	ICGC_Prostate	tss	norloop
total_long_indel	DO51109	0	0	norloop_tss	ICGC_Prostate	tss	norloop
total_long_indel	DO51110	0	0	norloop_tss	ICGC_Prostate	tss	norloop
total_long_indel	DO51111	1	0.105392591090553	norloop_tss	ICGC_Prostate	tss	norloop
total_long_indel	DO51112	0	0	norloop_tss	ICGC_Prostate	tss	norloop
total_long_indel	DO51113	0	0	norloop_tss	ICGC_Prostate	tss	norloop
total_long_indel	DO51114	1	0.105392591090553	norloop_tss	ICGC_Prostate	tss	norloop
total_long_indel	DO51115	0	0	norloop_tss	ICGC_Prostate	tss	norloop
total_long_indel	DO51116	0	0	norloop_tss	ICGC_Prostate	tss	norloop
total_long_indel	DO51117	0	0	norloop_tss	ICGC_Prostate	tss	norloop
total_long_indel	DO51118	0	0	norloop_tss	ICGC_Prostate	tss	norloop
total_long_indel	DO51119	2	0.210785182181106	norloop_tss	ICGC_Prostate	tss	norloop
total_long_indel	DO51120	1	0.105392591090553	norloop_tss	ICGC_Prostate	tss	norloop
total_long_indel	DO51121	0	0	norloop_tss	ICGC_Prostate	tss	norloop
total_long_indel	DO51122	0	0	norloop_tss	ICGC_Prostate	tss	norloop
total_long_indel	DO51123	0	0	norloop_tss	ICGC_Prostate	tss	norloop
total_long_indel	DO51124	0	0	norloop_tss	ICGC_Prostate	tss	norloop
total_long_indel	DO51125	0	0	norloop_tss	ICGC_Prostate	tss	norloop
total_long_indel	DO51126	1	0.105392591090553	norloop_tss	ICGC_Prostate	tss	norloop
total_long_indel	DO51127	0	0	norloop_tss	ICGC_Prostate	tss	norloop
total_long_indel	DO51128	0	0	norloop_tss	ICGC_Prostate	tss	norloop
total_long_indel	DO51129	0	0	norloop_tss	ICGC_Prostate	tss	norloop
total_long_indel	DO51130	0	0	norloop_tss	ICGC_Prostate	tss	norloop
total_long_indel	DO51131	0	0	norloop_tss	ICGC_Prostate	tss	norloop
total_long_indel	DO51132	0	0	norloop_tss	ICGC_Prostate	tss	norloop
total_long_indel	DO51133	0	0	norloop_tss	ICGC_Prostate	tss	norloop
total_long_indel	DO51134	1	0.105392591090553	norloop_tss	ICGC_Prostate	tss	norloop
total_long_indel	DO51135	0	0	norloop_tss	ICGC_Prostate	tss	norloop
total_long_indel	DO51136	0	0	norloop_tss	ICGC_Prostate	tss	norloop
total_long_indel	DO51137	0	0	norloop_tss	ICGC_Prostate	tss	norloop
total_long_indel	DO51138	0	0	norloop_tss	ICGC_Prostate	tss	norloop
total_long_indel	DO51139	0	0	norloop_tss	ICGC_Prostate	tss	norloop
total_long_indel	DO51141	2	0.210785182181106	norloop_tss	ICGC_Prostate	tss	norloop
total_long_indel	DO51142	0	0	norloop_tss	ICGC_Prostate	tss	norloop
total_long_indel	DO51143	1	0.105392591090553	norloop_tss	ICGC_Prostate	tss	norloop
total_long_indel	DO51144	0	0	norloop_tss	ICGC_Prostate	tss	norloop
total_long_indel	DO51145	1	0.105392591090553	norloop_tss	ICGC_Prostate	tss	norloop
total_long_indel	DO51147	3	0.316177773271659	norloop_tss	ICGC_Prostate	tss	norloop
total_long_indel	DO51148	1	0.105392591090553	norloop_tss	ICGC_Prostate	tss	norloop
total_long_indel	DO51149	0	0	norloop_tss	ICGC_Prostate	tss	norloop
total_long_indel	DO51150	0	0	norloop_tss	ICGC_Prostate	tss	norloop
total_long_indel	DO51151	1	0.105392591090553	norloop_tss	ICGC_Prostate	tss	norloop
total_long_indel	DO51152	0	0	norloop_tss	ICGC_Prostate	tss	norloop
total_long_indel	DO51153	1	0.105392591090553	norloop_tss	ICGC_Prostate	tss	norloop
total_long_indel	DO51154	0	0	norloop_tss	ICGC_Prostate	tss	norloop
total_long_indel	DO51155	0	0	norloop_tss	ICGC_Prostate	tss	norloop
total_long_indel	DO51156	0	0	norloop_tss	ICGC_Prostate	tss	norloop
total_long_indel	DO51157	0	0	norloop_tss	ICGC_Prostate	tss	norloop
total_long_indel	DO51158	0	0	norloop_tss	ICGC_Prostate	tss	norloop
total_long_indel	DO51159	0	0	norloop_tss	ICGC_Prostate	tss	norloop
total_long_indel	DO51953	1	0.105392591090553	norloop_tss	ICGC_Prostate	tss	norloop
total_long_indel	DO51954	1	0.105392591090553	norloop_tss	ICGC_Prostate	tss	norloop
total_long_indel	DO51955	2	0.210785182181106	norloop_tss	ICGC_Prostate	tss	norloop
total_long_indel	DO51956	2	0.210785182181106	norloop_tss	ICGC_Prostate	tss	norloop
total_long_indel	DO51958	3	0.316177773271659	norloop_tss	ICGC_Prostate	tss	norloop
total_long_indel	DO51959	0	0	norloop_tss	ICGC_Prostate	tss	norloop
total_long_indel	DO51960	0	0	norloop_tss	ICGC_Prostate	tss	norloop
total_long_indel	DO51962	8	0.843140728724424	norloop_tss	ICGC_Prostate	tss	norloop
total_long_indel	DO51964	3	0.316177773271659	norloop_tss	ICGC_Prostate	tss	norloop
total_long_indel	DO51965	3	0.316177773271659	norloop_tss	ICGC_Prostate	tss	norloop
total_long_indel	DO52498	0	0	norloop_tss	ICGC_Prostate	tss	norloop
total_long_indel	DO52499	0	0	norloop_tss	ICGC_Prostate	tss	norloop
total_long_indel	DO52500	0	0	norloop_tss	ICGC_Prostate	tss	norloop
total_long_indel	DO52501	0	0	norloop_tss	ICGC_Prostate	tss	norloop
total_long_indel	DO52502	0	0	norloop_tss	ICGC_Prostate	tss	norloop
total_long_indel	DO52503	0	0	norloop_tss	ICGC_Prostate	tss	norloop
total_long_indel	DO52504	0	0	norloop_tss	ICGC_Prostate	tss	norloop
total_long_indel	DO52505	0	0	norloop_tss	ICGC_Prostate	tss	norloop
total_long_indel	DO52506	0	0	norloop_tss	ICGC_Prostate	tss	norloop
total_long_indel	DO52508	0	0	norloop_tss	ICGC_Prostate	tss	norloop
total_long_indel	DO52509	0	0	norloop_tss	ICGC_Prostate	tss	norloop
total_long_indel	DO52510	0	0	norloop_tss	ICGC_Prostate	tss	norloop
total_long_indel	DO52511	0	0	norloop_tss	ICGC_Prostate	tss	norloop
total_long_indel	DO52512	1	0.105392591090553	norloop_tss	ICGC_Prostate	tss	norloop
total_long_indel	DO52513	0	0	norloop_tss	ICGC_Prostate	tss	norloop
total_long_indel	DO52514	0	0	norloop_tss	ICGC_Prostate	tss	norloop
total_long_indel	DO52516	1	0.105392591090553	norloop_tss	ICGC_Prostate	tss	norloop
total_long_indel	DO52518	0	0	norloop_tss	ICGC_Prostate	tss	norloop
total_long_indel	DO52520	0	0	norloop_tss	ICGC_Prostate	tss	norloop
total_long_indel	DO52524	0	0	norloop_tss	ICGC_Prostate	tss	norloop
total_long_indel	DO52526	0	0	norloop_tss	ICGC_Prostate	tss	norloop
total_long_indel	DO52528	0	0	norloop_tss	ICGC_Prostate	tss	norloop
total_long_indel	DO52530	0	0	norloop_tss	ICGC_Prostate	tss	norloop
total_long_indel	DO52532	0	0	norloop_tss	ICGC_Prostate	tss	norloop
total_long_indel	DO52534	1	0.105392591090553	norloop_tss	ICGC_Prostate	tss	norloop
total_Indel	DO10806	1	0.114000309624841	rloop_tts	ICGC_Prostate	tts	rloop
total_Indel	DO10807	1	0.114000309624841	rloop_tts	ICGC_Prostate	tts	rloop
total_Indel	DO10809	1	0.114000309624841	rloop_tts	ICGC_Prostate	tts	rloop
total_Indel	DO10811	0	0	rloop_tts	ICGC_Prostate	tts	rloop
total_Indel	DO10813	0	0	rloop_tts	ICGC_Prostate	tts	rloop
total_Indel	DO10815	0	0	rloop_tts	ICGC_Prostate	tts	rloop
total_Indel	DO10817	0	0	rloop_tts	ICGC_Prostate	tts	rloop
total_Indel	DO10819	1	0.114000309624841	rloop_tts	ICGC_Prostate	tts	rloop
total_Indel	DO10821	3	0.342000928874523	rloop_tts	ICGC_Prostate	tts	rloop
total_Indel	DO10823	0	0	rloop_tts	ICGC_Prostate	tts	rloop
total_Indel	DO10825	0	0	rloop_tts	ICGC_Prostate	tts	rloop
total_Indel	DO10829	0	0	rloop_tts	ICGC_Prostate	tts	rloop
total_Indel	DO10831	0	0	rloop_tts	ICGC_Prostate	tts	rloop
total_Indel	DO10833	0	0	rloop_tts	ICGC_Prostate	tts	rloop
total_Indel	DO10835	0	0	rloop_tts	ICGC_Prostate	tts	rloop
total_Indel	DO36221	1	0.114000309624841	rloop_tts	ICGC_Prostate	tts	rloop
total_Indel	DO36223	1	0.114000309624841	rloop_tts	ICGC_Prostate	tts	rloop
total_Indel	DO46787	0	0	rloop_tts	ICGC_Prostate	tts	rloop
total_Indel	DO46788	0	0	rloop_tts	ICGC_Prostate	tts	rloop
total_Indel	DO46790	1	0.114000309624841	rloop_tts	ICGC_Prostate	tts	rloop
total_Indel	DO46792	1	0.114000309624841	rloop_tts	ICGC_Prostate	tts	rloop
total_Indel	DO46793	2	0.228000619249682	rloop_tts	ICGC_Prostate	tts	rloop
total_Indel	DO46795	1	0.114000309624841	rloop_tts	ICGC_Prostate	tts	rloop
total_Indel	DO46796	3	0.342000928874523	rloop_tts	ICGC_Prostate	tts	rloop
total_Indel	DO48577	5	0.570001548124205	rloop_tts	ICGC_Prostate	tts	rloop
total_Indel	DO50414	0	0	rloop_tts	ICGC_Prostate	tts	rloop
total_Indel	DO50415	0	0	rloop_tts	ICGC_Prostate	tts	rloop
total_Indel	DO50416	2	0.228000619249682	rloop_tts	ICGC_Prostate	tts	rloop
total_Indel	DO50417	0	0	rloop_tts	ICGC_Prostate	tts	rloop
total_Indel	DO50418	1	0.114000309624841	rloop_tts	ICGC_Prostate	tts	rloop
total_Indel	DO50419	2	0.228000619249682	rloop_tts	ICGC_Prostate	tts	rloop
total_Indel	DO50420	1	0.114000309624841	rloop_tts	ICGC_Prostate	tts	rloop
total_Indel	DO50421	0	0	rloop_tts	ICGC_Prostate	tts	rloop
total_Indel	DO50422	0	0	rloop_tts	ICGC_Prostate	tts	rloop
total_Indel	DO50423	3	0.342000928874523	rloop_tts	ICGC_Prostate	tts	rloop
total_Indel	DO50424	0	0	rloop_tts	ICGC_Prostate	tts	rloop
total_Indel	DO50425	3	0.342000928874523	rloop_tts	ICGC_Prostate	tts	rloop
total_Indel	DO50426	3	0.342000928874523	rloop_tts	ICGC_Prostate	tts	rloop
total_Indel	DO50427	0	0	rloop_tts	ICGC_Prostate	tts	rloop
total_Indel	DO50428	1	0.114000309624841	rloop_tts	ICGC_Prostate	tts	rloop
total_Indel	DO50430	2	0.228000619249682	rloop_tts	ICGC_Prostate	tts	rloop
total_Indel	DO50431	1	0.114000309624841	rloop_tts	ICGC_Prostate	tts	rloop
total_Indel	DO50432	0	0	rloop_tts	ICGC_Prostate	tts	rloop
total_Indel	DO51044	0	0	rloop_tts	ICGC_Prostate	tts	rloop
total_Indel	DO51045	1	0.114000309624841	rloop_tts	ICGC_Prostate	tts	rloop
total_Indel	DO51046	0	0	rloop_tts	ICGC_Prostate	tts	rloop
total_Indel	DO51047	1	0.114000309624841	rloop_tts	ICGC_Prostate	tts	rloop
total_Indel	DO51048	1	0.114000309624841	rloop_tts	ICGC_Prostate	tts	rloop
total_Indel	DO51049	0	0	rloop_tts	ICGC_Prostate	tts	rloop
total_Indel	DO51050	0	0	rloop_tts	ICGC_Prostate	tts	rloop
total_Indel	DO51051	3	0.342000928874523	rloop_tts	ICGC_Prostate	tts	rloop
total_Indel	DO51052	1	0.114000309624841	rloop_tts	ICGC_Prostate	tts	rloop
total_Indel	DO51053	0	0	rloop_tts	ICGC_Prostate	tts	rloop
total_Indel	DO51054	0	0	rloop_tts	ICGC_Prostate	tts	rloop
total_Indel	DO51055	1	0.114000309624841	rloop_tts	ICGC_Prostate	tts	rloop
total_Indel	DO51056	0	0	rloop_tts	ICGC_Prostate	tts	rloop
total_Indel	DO51057	0	0	rloop_tts	ICGC_Prostate	tts	rloop
total_Indel	DO51060	1	0.114000309624841	rloop_tts	ICGC_Prostate	tts	rloop
total_Indel	DO51061	1	0.114000309624841	rloop_tts	ICGC_Prostate	tts	rloop
total_Indel	DO51062	1	0.114000309624841	rloop_tts	ICGC_Prostate	tts	rloop
total_Indel	DO51063	0	0	rloop_tts	ICGC_Prostate	tts	rloop
total_Indel	DO51064	0	0	rloop_tts	ICGC_Prostate	tts	rloop
total_Indel	DO51065	1	0.114000309624841	rloop_tts	ICGC_Prostate	tts	rloop
total_Indel	DO51066	0	0	rloop_tts	ICGC_Prostate	tts	rloop
total_Indel	DO51067	1	0.114000309624841	rloop_tts	ICGC_Prostate	tts	rloop
total_Indel	DO51068	0	0	rloop_tts	ICGC_Prostate	tts	rloop
total_Indel	DO51069	1	0.114000309624841	rloop_tts	ICGC_Prostate	tts	rloop
total_Indel	DO51070	0	0	rloop_tts	ICGC_Prostate	tts	rloop
total_Indel	DO51071	1	0.114000309624841	rloop_tts	ICGC_Prostate	tts	rloop
total_Indel	DO51072	0	0	rloop_tts	ICGC_Prostate	tts	rloop
total_Indel	DO51073	0	0	rloop_tts	ICGC_Prostate	tts	rloop
total_Indel	DO51074	0	0	rloop_tts	ICGC_Prostate	tts	rloop
total_Indel	DO51075	0	0	rloop_tts	ICGC_Prostate	tts	rloop
total_Indel	DO51078	0	0	rloop_tts	ICGC_Prostate	tts	rloop
total_Indel	DO51079	0	0	rloop_tts	ICGC_Prostate	tts	rloop
total_Indel	DO51080	0	0	rloop_tts	ICGC_Prostate	tts	rloop
total_Indel	DO51081	0	0	rloop_tts	ICGC_Prostate	tts	rloop
total_Indel	DO51083	1	0.114000309624841	rloop_tts	ICGC_Prostate	tts	rloop
total_Indel	DO51084	2	0.228000619249682	rloop_tts	ICGC_Prostate	tts	rloop
total_Indel	DO51085	0	0	rloop_tts	ICGC_Prostate	tts	rloop
total_Indel	DO51086	4	0.456001238499364	rloop_tts	ICGC_Prostate	tts	rloop
total_Indel	DO51087	0	0	rloop_tts	ICGC_Prostate	tts	rloop
total_Indel	DO51088	2	0.228000619249682	rloop_tts	ICGC_Prostate	tts	rloop
total_Indel	DO51089	0	0	rloop_tts	ICGC_Prostate	tts	rloop
total_Indel	DO51090	1	0.114000309624841	rloop_tts	ICGC_Prostate	tts	rloop
total_Indel	DO51091	0	0	rloop_tts	ICGC_Prostate	tts	rloop
total_Indel	DO51092	0	0	rloop_tts	ICGC_Prostate	tts	rloop
total_Indel	DO51093	1	0.114000309624841	rloop_tts	ICGC_Prostate	tts	rloop
total_Indel	DO51094	2	0.228000619249682	rloop_tts	ICGC_Prostate	tts	rloop
total_Indel	DO51095	0	0	rloop_tts	ICGC_Prostate	tts	rloop
total_Indel	DO51096	1	0.114000309624841	rloop_tts	ICGC_Prostate	tts	rloop
total_Indel	DO51097	1	0.114000309624841	rloop_tts	ICGC_Prostate	tts	rloop
total_Indel	DO51098	2	0.228000619249682	rloop_tts	ICGC_Prostate	tts	rloop
total_Indel	DO51099	0	0	rloop_tts	ICGC_Prostate	tts	rloop
total_Indel	DO51100	1	0.114000309624841	rloop_tts	ICGC_Prostate	tts	rloop
total_Indel	DO51102	2	0.228000619249682	rloop_tts	ICGC_Prostate	tts	rloop
total_Indel	DO51103	0	0	rloop_tts	ICGC_Prostate	tts	rloop
total_Indel	DO51104	0	0	rloop_tts	ICGC_Prostate	tts	rloop
total_Indel	DO51105	0	0	rloop_tts	ICGC_Prostate	tts	rloop
total_Indel	DO51106	3	0.342000928874523	rloop_tts	ICGC_Prostate	tts	rloop
total_Indel	DO51107	0	0	rloop_tts	ICGC_Prostate	tts	rloop
total_Indel	DO51108	2	0.228000619249682	rloop_tts	ICGC_Prostate	tts	rloop
total_Indel	DO51109	0	0	rloop_tts	ICGC_Prostate	tts	rloop
total_Indel	DO51110	2	0.228000619249682	rloop_tts	ICGC_Prostate	tts	rloop
total_Indel	DO51111	1	0.114000309624841	rloop_tts	ICGC_Prostate	tts	rloop
total_Indel	DO51112	0	0	rloop_tts	ICGC_Prostate	tts	rloop
total_Indel	DO51113	1	0.114000309624841	rloop_tts	ICGC_Prostate	tts	rloop
total_Indel	DO51114	0	0	rloop_tts	ICGC_Prostate	tts	rloop
total_Indel	DO51115	3	0.342000928874523	rloop_tts	ICGC_Prostate	tts	rloop
total_Indel	DO51116	0	0	rloop_tts	ICGC_Prostate	tts	rloop
total_Indel	DO51117	1	0.114000309624841	rloop_tts	ICGC_Prostate	tts	rloop
total_Indel	DO51118	0	0	rloop_tts	ICGC_Prostate	tts	rloop
total_Indel	DO51119	2	0.228000619249682	rloop_tts	ICGC_Prostate	tts	rloop
total_Indel	DO51120	0	0	rloop_tts	ICGC_Prostate	tts	rloop
total_Indel	DO51121	1	0.114000309624841	rloop_tts	ICGC_Prostate	tts	rloop
total_Indel	DO51122	0	0	rloop_tts	ICGC_Prostate	tts	rloop
total_Indel	DO51123	0	0	rloop_tts	ICGC_Prostate	tts	rloop
total_Indel	DO51124	3	0.342000928874523	rloop_tts	ICGC_Prostate	tts	rloop
total_Indel	DO51125	1	0.114000309624841	rloop_tts	ICGC_Prostate	tts	rloop
total_Indel	DO51126	0	0	rloop_tts	ICGC_Prostate	tts	rloop
total_Indel	DO51127	0	0	rloop_tts	ICGC_Prostate	tts	rloop
total_Indel	DO51128	0	0	rloop_tts	ICGC_Prostate	tts	rloop
total_Indel	DO51129	0	0	rloop_tts	ICGC_Prostate	tts	rloop
total_Indel	DO51130	1	0.114000309624841	rloop_tts	ICGC_Prostate	tts	rloop
total_Indel	DO51131	1	0.114000309624841	rloop_tts	ICGC_Prostate	tts	rloop
total_Indel	DO51132	0	0	rloop_tts	ICGC_Prostate	tts	rloop
total_Indel	DO51133	0	0	rloop_tts	ICGC_Prostate	tts	rloop
total_Indel	DO51134	0	0	rloop_tts	ICGC_Prostate	tts	rloop
total_Indel	DO51135	0	0	rloop_tts	ICGC_Prostate	tts	rloop
total_Indel	DO51137	0	0	rloop_tts	ICGC_Prostate	tts	rloop
total_Indel	DO51138	1	0.114000309624841	rloop_tts	ICGC_Prostate	tts	rloop
total_Indel	DO51139	1	0.114000309624841	rloop_tts	ICGC_Prostate	tts	rloop
total_Indel	DO51141	1	0.114000309624841	rloop_tts	ICGC_Prostate	tts	rloop
total_Indel	DO51142	0	0	rloop_tts	ICGC_Prostate	tts	rloop
total_Indel	DO51143	0	0	rloop_tts	ICGC_Prostate	tts	rloop
total_Indel	DO51144	0	0	rloop_tts	ICGC_Prostate	tts	rloop
total_Indel	DO51145	1	0.114000309624841	rloop_tts	ICGC_Prostate	tts	rloop
total_Indel	DO51147	0	0	rloop_tts	ICGC_Prostate	tts	rloop
total_Indel	DO51148	0	0	rloop_tts	ICGC_Prostate	tts	rloop
total_Indel	DO51149	0	0	rloop_tts	ICGC_Prostate	tts	rloop
total_Indel	DO51150	1	0.114000309624841	rloop_tts	ICGC_Prostate	tts	rloop
total_Indel	DO51151	0	0	rloop_tts	ICGC_Prostate	tts	rloop
total_Indel	DO51152	0	0	rloop_tts	ICGC_Prostate	tts	rloop
total_Indel	DO51153	0	0	rloop_tts	ICGC_Prostate	tts	rloop
total_Indel	DO51154	0	0	rloop_tts	ICGC_Prostate	tts	rloop
total_Indel	DO51155	1	0.114000309624841	rloop_tts	ICGC_Prostate	tts	rloop
total_Indel	DO51157	1	0.114000309624841	rloop_tts	ICGC_Prostate	tts	rloop
total_Indel	DO51158	0	0	rloop_tts	ICGC_Prostate	tts	rloop
total_Indel	DO51159	0	0	rloop_tts	ICGC_Prostate	tts	rloop
total_Indel	DO51953	5	0.570001548124205	rloop_tts	ICGC_Prostate	tts	rloop
total_Indel	DO51954	1	0.114000309624841	rloop_tts	ICGC_Prostate	tts	rloop
total_Indel	DO51955	1	0.114000309624841	rloop_tts	ICGC_Prostate	tts	rloop
total_Indel	DO51956	6	0.684001857749046	rloop_tts	ICGC_Prostate	tts	rloop
total_Indel	DO51958	1	0.114000309624841	rloop_tts	ICGC_Prostate	tts	rloop
total_Indel	DO51959	2	0.228000619249682	rloop_tts	ICGC_Prostate	tts	rloop
total_Indel	DO51960	4	0.456001238499364	rloop_tts	ICGC_Prostate	tts	rloop
total_Indel	DO51962	20	2.28000619249682	rloop_tts	ICGC_Prostate	tts	rloop
total_Indel	DO51964	0	0	rloop_tts	ICGC_Prostate	tts	rloop
total_Indel	DO51965	5	0.570001548124205	rloop_tts	ICGC_Prostate	tts	rloop
total_Indel	DO52498	0	0	rloop_tts	ICGC_Prostate	tts	rloop
total_Indel	DO52499	0	0	rloop_tts	ICGC_Prostate	tts	rloop
total_Indel	DO52500	1	0.114000309624841	rloop_tts	ICGC_Prostate	tts	rloop
total_Indel	DO52501	1	0.114000309624841	rloop_tts	ICGC_Prostate	tts	rloop
total_Indel	DO52502	1	0.114000309624841	rloop_tts	ICGC_Prostate	tts	rloop
total_Indel	DO52503	0	0	rloop_tts	ICGC_Prostate	tts	rloop
total_Indel	DO52504	2	0.228000619249682	rloop_tts	ICGC_Prostate	tts	rloop
total_Indel	DO52505	4	0.456001238499364	rloop_tts	ICGC_Prostate	tts	rloop
total_Indel	DO52506	0	0	rloop_tts	ICGC_Prostate	tts	rloop
total_Indel	DO52509	1	0.114000309624841	rloop_tts	ICGC_Prostate	tts	rloop
total_Indel	DO52510	2	0.228000619249682	rloop_tts	ICGC_Prostate	tts	rloop
total_Indel	DO52511	2	0.228000619249682	rloop_tts	ICGC_Prostate	tts	rloop
total_Indel	DO52512	1	0.114000309624841	rloop_tts	ICGC_Prostate	tts	rloop
total_Indel	DO52513	1	0.114000309624841	rloop_tts	ICGC_Prostate	tts	rloop
total_Indel	DO52514	0	0	rloop_tts	ICGC_Prostate	tts	rloop
total_Indel	DO52516	1	0.114000309624841	rloop_tts	ICGC_Prostate	tts	rloop
total_Indel	DO52518	0	0	rloop_tts	ICGC_Prostate	tts	rloop
total_Indel	DO52520	0	0	rloop_tts	ICGC_Prostate	tts	rloop
total_Indel	DO52522	1	0.114000309624841	rloop_tts	ICGC_Prostate	tts	rloop
total_Indel	DO52526	0	0	rloop_tts	ICGC_Prostate	tts	rloop
total_Indel	DO52528	0	0	rloop_tts	ICGC_Prostate	tts	rloop
total_Indel	DO52530	0	0	rloop_tts	ICGC_Prostate	tts	rloop
total_Indel	DO52534	0	0	rloop_tts	ICGC_Prostate	tts	rloop
total_long_simple_indel	DO10806	1	0.114000309624841	rloop_tts	ICGC_Prostate	tts	rloop
total_long_simple_indel	DO10807	1	0.114000309624841	rloop_tts	ICGC_Prostate	tts	rloop
total_long_simple_indel	DO10809	0	0	rloop_tts	ICGC_Prostate	tts	rloop
total_long_simple_indel	DO10811	0	0	rloop_tts	ICGC_Prostate	tts	rloop
total_long_simple_indel	DO10813	0	0	rloop_tts	ICGC_Prostate	tts	rloop
total_long_simple_indel	DO10815	0	0	rloop_tts	ICGC_Prostate	tts	rloop
total_long_simple_indel	DO10817	0	0	rloop_tts	ICGC_Prostate	tts	rloop
total_long_simple_indel	DO10819	0	0	rloop_tts	ICGC_Prostate	tts	rloop
total_long_simple_indel	DO10821	1	0.114000309624841	rloop_tts	ICGC_Prostate	tts	rloop
total_long_simple_indel	DO10823	0	0	rloop_tts	ICGC_Prostate	tts	rloop
total_long_simple_indel	DO10825	0	0	rloop_tts	ICGC_Prostate	tts	rloop
total_long_simple_indel	DO10829	0	0	rloop_tts	ICGC_Prostate	tts	rloop
total_long_simple_indel	DO10831	0	0	rloop_tts	ICGC_Prostate	tts	rloop
total_long_simple_indel	DO10833	0	0	rloop_tts	ICGC_Prostate	tts	rloop
total_long_simple_indel	DO10835	0	0	rloop_tts	ICGC_Prostate	tts	rloop
total_long_simple_indel	DO36221	0	0	rloop_tts	ICGC_Prostate	tts	rloop
total_long_simple_indel	DO36223	0	0	rloop_tts	ICGC_Prostate	tts	rloop
total_long_simple_indel	DO46787	0	0	rloop_tts	ICGC_Prostate	tts	rloop
total_long_simple_indel	DO46788	0	0	rloop_tts	ICGC_Prostate	tts	rloop
total_long_simple_indel	DO46790	0	0	rloop_tts	ICGC_Prostate	tts	rloop
total_long_simple_indel	DO46792	0	0	rloop_tts	ICGC_Prostate	tts	rloop
total_long_simple_indel	DO46793	0	0	rloop_tts	ICGC_Prostate	tts	rloop
total_long_simple_indel	DO46795	0	0	rloop_tts	ICGC_Prostate	tts	rloop
total_long_simple_indel	DO46796	0	0	rloop_tts	ICGC_Prostate	tts	rloop
total_long_simple_indel	DO48577	0	0	rloop_tts	ICGC_Prostate	tts	rloop
total_long_simple_indel	DO50414	0	0	rloop_tts	ICGC_Prostate	tts	rloop
total_long_simple_indel	DO50415	0	0	rloop_tts	ICGC_Prostate	tts	rloop
total_long_simple_indel	DO50416	0	0	rloop_tts	ICGC_Prostate	tts	rloop
total_long_simple_indel	DO50417	0	0	rloop_tts	ICGC_Prostate	tts	rloop
total_long_simple_indel	DO50418	0	0	rloop_tts	ICGC_Prostate	tts	rloop
total_long_simple_indel	DO50419	1	0.114000309624841	rloop_tts	ICGC_Prostate	tts	rloop
total_long_simple_indel	DO50420	0	0	rloop_tts	ICGC_Prostate	tts	rloop
total_long_simple_indel	DO50421	0	0	rloop_tts	ICGC_Prostate	tts	rloop
total_long_simple_indel	DO50422	0	0	rloop_tts	ICGC_Prostate	tts	rloop
total_long_simple_indel	DO50423	2	0.228000619249682	rloop_tts	ICGC_Prostate	tts	rloop
total_long_simple_indel	DO50424	0	0	rloop_tts	ICGC_Prostate	tts	rloop
total_long_simple_indel	DO50425	1	0.114000309624841	rloop_tts	ICGC_Prostate	tts	rloop
total_long_simple_indel	DO50426	0	0	rloop_tts	ICGC_Prostate	tts	rloop
total_long_simple_indel	DO50427	0	0	rloop_tts	ICGC_Prostate	tts	rloop
total_long_simple_indel	DO50428	0	0	rloop_tts	ICGC_Prostate	tts	rloop
total_long_simple_indel	DO50430	0	0	rloop_tts	ICGC_Prostate	tts	rloop
total_long_simple_indel	DO50431	1	0.114000309624841	rloop_tts	ICGC_Prostate	tts	rloop
total_long_simple_indel	DO50432	0	0	rloop_tts	ICGC_Prostate	tts	rloop
total_long_simple_indel	DO51044	0	0	rloop_tts	ICGC_Prostate	tts	rloop
total_long_simple_indel	DO51045	0	0	rloop_tts	ICGC_Prostate	tts	rloop
total_long_simple_indel	DO51046	0	0	rloop_tts	ICGC_Prostate	tts	rloop
total_long_simple_indel	DO51047	1	0.114000309624841	rloop_tts	ICGC_Prostate	tts	rloop
total_long_simple_indel	DO51048	1	0.114000309624841	rloop_tts	ICGC_Prostate	tts	rloop
total_long_simple_indel	DO51049	0	0	rloop_tts	ICGC_Prostate	tts	rloop
total_long_simple_indel	DO51050	0	0	rloop_tts	ICGC_Prostate	tts	rloop
total_long_simple_indel	DO51051	2	0.228000619249682	rloop_tts	ICGC_Prostate	tts	rloop
total_long_simple_indel	DO51052	0	0	rloop_tts	ICGC_Prostate	tts	rloop
total_long_simple_indel	DO51053	0	0	rloop_tts	ICGC_Prostate	tts	rloop
total_long_simple_indel	DO51054	0	0	rloop_tts	ICGC_Prostate	tts	rloop
total_long_simple_indel	DO51055	0	0	rloop_tts	ICGC_Prostate	tts	rloop
total_long_simple_indel	DO51056	0	0	rloop_tts	ICGC_Prostate	tts	rloop
total_long_simple_indel	DO51057	0	0	rloop_tts	ICGC_Prostate	tts	rloop
total_long_simple_indel	DO51060	0	0	rloop_tts	ICGC_Prostate	tts	rloop
total_long_simple_indel	DO51061	0	0	rloop_tts	ICGC_Prostate	tts	rloop
total_long_simple_indel	DO51062	0	0	rloop_tts	ICGC_Prostate	tts	rloop
total_long_simple_indel	DO51063	0	0	rloop_tts	ICGC_Prostate	tts	rloop
total_long_simple_indel	DO51064	0	0	rloop_tts	ICGC_Prostate	tts	rloop
total_long_simple_indel	DO51065	0	0	rloop_tts	ICGC_Prostate	tts	rloop
total_long_simple_indel	DO51066	0	0	rloop_tts	ICGC_Prostate	tts	rloop
total_long_simple_indel	DO51067	0	0	rloop_tts	ICGC_Prostate	tts	rloop
total_long_simple_indel	DO51068	0	0	rloop_tts	ICGC_Prostate	tts	rloop
total_long_simple_indel	DO51069	1	0.114000309624841	rloop_tts	ICGC_Prostate	tts	rloop
total_long_simple_indel	DO51070	0	0	rloop_tts	ICGC_Prostate	tts	rloop
total_long_simple_indel	DO51071	0	0	rloop_tts	ICGC_Prostate	tts	rloop
total_long_simple_indel	DO51072	0	0	rloop_tts	ICGC_Prostate	tts	rloop
total_long_simple_indel	DO51073	0	0	rloop_tts	ICGC_Prostate	tts	rloop
total_long_simple_indel	DO51074	0	0	rloop_tts	ICGC_Prostate	tts	rloop
total_long_simple_indel	DO51075	0	0	rloop_tts	ICGC_Prostate	tts	rloop
total_long_simple_indel	DO51078	0	0	rloop_tts	ICGC_Prostate	tts	rloop
total_long_simple_indel	DO51079	0	0	rloop_tts	ICGC_Prostate	tts	rloop
total_long_simple_indel	DO51080	0	0	rloop_tts	ICGC_Prostate	tts	rloop
total_long_simple_indel	DO51081	0	0	rloop_tts	ICGC_Prostate	tts	rloop
total_long_simple_indel	DO51083	0	0	rloop_tts	ICGC_Prostate	tts	rloop
total_long_simple_indel	DO51084	0	0	rloop_tts	ICGC_Prostate	tts	rloop
total_long_simple_indel	DO51085	0	0	rloop_tts	ICGC_Prostate	tts	rloop
total_long_simple_indel	DO51086	0	0	rloop_tts	ICGC_Prostate	tts	rloop
total_long_simple_indel	DO51087	0	0	rloop_tts	ICGC_Prostate	tts	rloop
total_long_simple_indel	DO51088	0	0	rloop_tts	ICGC_Prostate	tts	rloop
total_long_simple_indel	DO51089	0	0	rloop_tts	ICGC_Prostate	tts	rloop
total_long_simple_indel	DO51090	0	0	rloop_tts	ICGC_Prostate	tts	rloop
total_long_simple_indel	DO51091	0	0	rloop_tts	ICGC_Prostate	tts	rloop
total_long_simple_indel	DO51092	0	0	rloop_tts	ICGC_Prostate	tts	rloop
total_long_simple_indel	DO51093	0	0	rloop_tts	ICGC_Prostate	tts	rloop
total_long_simple_indel	DO51094	0	0	rloop_tts	ICGC_Prostate	tts	rloop
total_long_simple_indel	DO51095	0	0	rloop_tts	ICGC_Prostate	tts	rloop
total_long_simple_indel	DO51096	0	0	rloop_tts	ICGC_Prostate	tts	rloop
total_long_simple_indel	DO51097	1	0.114000309624841	rloop_tts	ICGC_Prostate	tts	rloop
total_long_simple_indel	DO51098	1	0.114000309624841	rloop_tts	ICGC_Prostate	tts	rloop
total_long_simple_indel	DO51099	0	0	rloop_tts	ICGC_Prostate	tts	rloop
total_long_simple_indel	DO51100	1	0.114000309624841	rloop_tts	ICGC_Prostate	tts	rloop
total_long_simple_indel	DO51102	1	0.114000309624841	rloop_tts	ICGC_Prostate	tts	rloop
total_long_simple_indel	DO51103	0	0	rloop_tts	ICGC_Prostate	tts	rloop
total_long_simple_indel	DO51104	0	0	rloop_tts	ICGC_Prostate	tts	rloop
total_long_simple_indel	DO51105	0	0	rloop_tts	ICGC_Prostate	tts	rloop
total_long_simple_indel	DO51106	2	0.228000619249682	rloop_tts	ICGC_Prostate	tts	rloop
total_long_simple_indel	DO51107	0	0	rloop_tts	ICGC_Prostate	tts	rloop
total_long_simple_indel	DO51108	1	0.114000309624841	rloop_tts	ICGC_Prostate	tts	rloop
total_long_simple_indel	DO51109	0	0	rloop_tts	ICGC_Prostate	tts	rloop
total_long_simple_indel	DO51110	0	0	rloop_tts	ICGC_Prostate	tts	rloop
total_long_simple_indel	DO51111	1	0.114000309624841	rloop_tts	ICGC_Prostate	tts	rloop
total_long_simple_indel	DO51112	0	0	rloop_tts	ICGC_Prostate	tts	rloop
total_long_simple_indel	DO51113	0	0	rloop_tts	ICGC_Prostate	tts	rloop
total_long_simple_indel	DO51114	0	0	rloop_tts	ICGC_Prostate	tts	rloop
total_long_simple_indel	DO51115	1	0.114000309624841	rloop_tts	ICGC_Prostate	tts	rloop
total_long_simple_indel	DO51116	0	0	rloop_tts	ICGC_Prostate	tts	rloop
total_long_simple_indel	DO51117	0	0	rloop_tts	ICGC_Prostate	tts	rloop
total_long_simple_indel	DO51118	0	0	rloop_tts	ICGC_Prostate	tts	rloop
total_long_simple_indel	DO51119	1	0.114000309624841	rloop_tts	ICGC_Prostate	tts	rloop
total_long_simple_indel	DO51120	0	0	rloop_tts	ICGC_Prostate	tts	rloop
total_long_simple_indel	DO51121	0	0	rloop_tts	ICGC_Prostate	tts	rloop
total_long_simple_indel	DO51122	0	0	rloop_tts	ICGC_Prostate	tts	rloop
total_long_simple_indel	DO51123	0	0	rloop_tts	ICGC_Prostate	tts	rloop
total_long_simple_indel	DO51124	1	0.114000309624841	rloop_tts	ICGC_Prostate	tts	rloop
total_long_simple_indel	DO51125	0	0	rloop_tts	ICGC_Prostate	tts	rloop
total_long_simple_indel	DO51126	0	0	rloop_tts	ICGC_Prostate	tts	rloop
total_long_simple_indel	DO51127	0	0	rloop_tts	ICGC_Prostate	tts	rloop
total_long_simple_indel	DO51128	0	0	rloop_tts	ICGC_Prostate	tts	rloop
total_long_simple_indel	DO51129	0	0	rloop_tts	ICGC_Prostate	tts	rloop
total_long_simple_indel	DO51130	0	0	rloop_tts	ICGC_Prostate	tts	rloop
total_long_simple_indel	DO51131	0	0	rloop_tts	ICGC_Prostate	tts	rloop
total_long_simple_indel	DO51132	0	0	rloop_tts	ICGC_Prostate	tts	rloop
total_long_simple_indel	DO51133	0	0	rloop_tts	ICGC_Prostate	tts	rloop
total_long_simple_indel	DO51134	0	0	rloop_tts	ICGC_Prostate	tts	rloop
total_long_simple_indel	DO51135	0	0	rloop_tts	ICGC_Prostate	tts	rloop
total_long_simple_indel	DO51137	0	0	rloop_tts	ICGC_Prostate	tts	rloop
total_long_simple_indel	DO51138	0	0	rloop_tts	ICGC_Prostate	tts	rloop
total_long_simple_indel	DO51139	1	0.114000309624841	rloop_tts	ICGC_Prostate	tts	rloop
total_long_simple_indel	DO51141	0	0	rloop_tts	ICGC_Prostate	tts	rloop
total_long_simple_indel	DO51142	0	0	rloop_tts	ICGC_Prostate	tts	rloop
total_long_simple_indel	DO51143	0	0	rloop_tts	ICGC_Prostate	tts	rloop
total_long_simple_indel	DO51144	0	0	rloop_tts	ICGC_Prostate	tts	rloop
total_long_simple_indel	DO51145	0	0	rloop_tts	ICGC_Prostate	tts	rloop
total_long_simple_indel	DO51147	0	0	rloop_tts	ICGC_Prostate	tts	rloop
total_long_simple_indel	DO51148	0	0	rloop_tts	ICGC_Prostate	tts	rloop
total_long_simple_indel	DO51149	0	0	rloop_tts	ICGC_Prostate	tts	rloop
total_long_simple_indel	DO51150	1	0.114000309624841	rloop_tts	ICGC_Prostate	tts	rloop
total_long_simple_indel	DO51151	0	0	rloop_tts	ICGC_Prostate	tts	rloop
total_long_simple_indel	DO51152	0	0	rloop_tts	ICGC_Prostate	tts	rloop
total_long_simple_indel	DO51153	0	0	rloop_tts	ICGC_Prostate	tts	rloop
total_long_simple_indel	DO51154	0	0	rloop_tts	ICGC_Prostate	tts	rloop
total_long_simple_indel	DO51155	0	0	rloop_tts	ICGC_Prostate	tts	rloop
total_long_simple_indel	DO51157	0	0	rloop_tts	ICGC_Prostate	tts	rloop
total_long_simple_indel	DO51158	0	0	rloop_tts	ICGC_Prostate	tts	rloop
total_long_simple_indel	DO51159	0	0	rloop_tts	ICGC_Prostate	tts	rloop
total_long_simple_indel	DO51953	3	0.342000928874523	rloop_tts	ICGC_Prostate	tts	rloop
total_long_simple_indel	DO51954	0	0	rloop_tts	ICGC_Prostate	tts	rloop
total_long_simple_indel	DO51955	0	0	rloop_tts	ICGC_Prostate	tts	rloop
total_long_simple_indel	DO51956	1	0.114000309624841	rloop_tts	ICGC_Prostate	tts	rloop
total_long_simple_indel	DO51958	0	0	rloop_tts	ICGC_Prostate	tts	rloop
total_long_simple_indel	DO51959	0	0	rloop_tts	ICGC_Prostate	tts	rloop
total_long_simple_indel	DO51960	1	0.114000309624841	rloop_tts	ICGC_Prostate	tts	rloop
total_long_simple_indel	DO51962	5	0.570001548124205	rloop_tts	ICGC_Prostate	tts	rloop
total_long_simple_indel	DO51964	0	0	rloop_tts	ICGC_Prostate	tts	rloop
total_long_simple_indel	DO51965	3	0.342000928874523	rloop_tts	ICGC_Prostate	tts	rloop
total_long_simple_indel	DO52498	0	0	rloop_tts	ICGC_Prostate	tts	rloop
total_long_simple_indel	DO52499	0	0	rloop_tts	ICGC_Prostate	tts	rloop
total_long_simple_indel	DO52500	0	0	rloop_tts	ICGC_Prostate	tts	rloop
total_long_simple_indel	DO52501	1	0.114000309624841	rloop_tts	ICGC_Prostate	tts	rloop
total_long_simple_indel	DO52502	0	0	rloop_tts	ICGC_Prostate	tts	rloop
total_long_simple_indel	DO52503	0	0	rloop_tts	ICGC_Prostate	tts	rloop
total_long_simple_indel	DO52504	0	0	rloop_tts	ICGC_Prostate	tts	rloop
total_long_simple_indel	DO52505	2	0.228000619249682	rloop_tts	ICGC_Prostate	tts	rloop
total_long_simple_indel	DO52506	0	0	rloop_tts	ICGC_Prostate	tts	rloop
total_long_simple_indel	DO52509	1	0.114000309624841	rloop_tts	ICGC_Prostate	tts	rloop
total_long_simple_indel	DO52510	2	0.228000619249682	rloop_tts	ICGC_Prostate	tts	rloop
total_long_simple_indel	DO52511	1	0.114000309624841	rloop_tts	ICGC_Prostate	tts	rloop
total_long_simple_indel	DO52512	1	0.114000309624841	rloop_tts	ICGC_Prostate	tts	rloop
total_long_simple_indel	DO52513	0	0	rloop_tts	ICGC_Prostate	tts	rloop
total_long_simple_indel	DO52514	0	0	rloop_tts	ICGC_Prostate	tts	rloop
total_long_simple_indel	DO52516	1	0.114000309624841	rloop_tts	ICGC_Prostate	tts	rloop
total_long_simple_indel	DO52518	0	0	rloop_tts	ICGC_Prostate	tts	rloop
total_long_simple_indel	DO52520	0	0	rloop_tts	ICGC_Prostate	tts	rloop
total_long_simple_indel	DO52522	0	0	rloop_tts	ICGC_Prostate	tts	rloop
total_long_simple_indel	DO52526	0	0	rloop_tts	ICGC_Prostate	tts	rloop
total_long_simple_indel	DO52528	0	0	rloop_tts	ICGC_Prostate	tts	rloop
total_long_simple_indel	DO52530	0	0	rloop_tts	ICGC_Prostate	tts	rloop
total_long_simple_indel	DO52534	0	0	rloop_tts	ICGC_Prostate	tts	rloop
total_long_indel	DO10806	1	0.114000309624841	rloop_tts	ICGC_Prostate	tts	rloop
total_long_indel	DO10807	1	0.114000309624841	rloop_tts	ICGC_Prostate	tts	rloop
total_long_indel	DO10809	1	0.114000309624841	rloop_tts	ICGC_Prostate	tts	rloop
total_long_indel	DO10811	0	0	rloop_tts	ICGC_Prostate	tts	rloop
total_long_indel	DO10813	0	0	rloop_tts	ICGC_Prostate	tts	rloop
total_long_indel	DO10815	0	0	rloop_tts	ICGC_Prostate	tts	rloop
total_long_indel	DO10817	0	0	rloop_tts	ICGC_Prostate	tts	rloop
total_long_indel	DO10819	0	0	rloop_tts	ICGC_Prostate	tts	rloop
total_long_indel	DO10821	1	0.114000309624841	rloop_tts	ICGC_Prostate	tts	rloop
total_long_indel	DO10823	0	0	rloop_tts	ICGC_Prostate	tts	rloop
total_long_indel	DO10825	0	0	rloop_tts	ICGC_Prostate	tts	rloop
total_long_indel	DO10829	0	0	rloop_tts	ICGC_Prostate	tts	rloop
total_long_indel	DO10831	0	0	rloop_tts	ICGC_Prostate	tts	rloop
total_long_indel	DO10833	0	0	rloop_tts	ICGC_Prostate	tts	rloop
total_long_indel	DO10835	0	0	rloop_tts	ICGC_Prostate	tts	rloop
total_long_indel	DO36221	1	0.114000309624841	rloop_tts	ICGC_Prostate	tts	rloop
total_long_indel	DO36223	0	0	rloop_tts	ICGC_Prostate	tts	rloop
total_long_indel	DO46787	0	0	rloop_tts	ICGC_Prostate	tts	rloop
total_long_indel	DO46788	0	0	rloop_tts	ICGC_Prostate	tts	rloop
total_long_indel	DO46790	0	0	rloop_tts	ICGC_Prostate	tts	rloop
total_long_indel	DO46792	0	0	rloop_tts	ICGC_Prostate	tts	rloop
total_long_indel	DO46793	0	0	rloop_tts	ICGC_Prostate	tts	rloop
total_long_indel	DO46795	1	0.114000309624841	rloop_tts	ICGC_Prostate	tts	rloop
total_long_indel	DO46796	1	0.114000309624841	rloop_tts	ICGC_Prostate	tts	rloop
total_long_indel	DO48577	2	0.228000619249682	rloop_tts	ICGC_Prostate	tts	rloop
total_long_indel	DO50414	0	0	rloop_tts	ICGC_Prostate	tts	rloop
total_long_indel	DO50415	0	0	rloop_tts	ICGC_Prostate	tts	rloop
total_long_indel	DO50416	2	0.228000619249682	rloop_tts	ICGC_Prostate	tts	rloop
total_long_indel	DO50417	0	0	rloop_tts	ICGC_Prostate	tts	rloop
total_long_indel	DO50418	1	0.114000309624841	rloop_tts	ICGC_Prostate	tts	rloop
total_long_indel	DO50419	1	0.114000309624841	rloop_tts	ICGC_Prostate	tts	rloop
total_long_indel	DO50420	0	0	rloop_tts	ICGC_Prostate	tts	rloop
total_long_indel	DO50421	0	0	rloop_tts	ICGC_Prostate	tts	rloop
total_long_indel	DO50422	0	0	rloop_tts	ICGC_Prostate	tts	rloop
total_long_indel	DO50423	3	0.342000928874523	rloop_tts	ICGC_Prostate	tts	rloop
total_long_indel	DO50424	0	0	rloop_tts	ICGC_Prostate	tts	rloop
total_long_indel	DO50425	1	0.114000309624841	rloop_tts	ICGC_Prostate	tts	rloop
total_long_indel	DO50426	1	0.114000309624841	rloop_tts	ICGC_Prostate	tts	rloop
total_long_indel	DO50427	0	0	rloop_tts	ICGC_Prostate	tts	rloop
total_long_indel	DO50428	1	0.114000309624841	rloop_tts	ICGC_Prostate	tts	rloop
total_long_indel	DO50430	1	0.114000309624841	rloop_tts	ICGC_Prostate	tts	rloop
total_long_indel	DO50431	1	0.114000309624841	rloop_tts	ICGC_Prostate	tts	rloop
total_long_indel	DO50432	0	0	rloop_tts	ICGC_Prostate	tts	rloop
total_long_indel	DO51044	0	0	rloop_tts	ICGC_Prostate	tts	rloop
total_long_indel	DO51045	0	0	rloop_tts	ICGC_Prostate	tts	rloop
total_long_indel	DO51046	0	0	rloop_tts	ICGC_Prostate	tts	rloop
total_long_indel	DO51047	1	0.114000309624841	rloop_tts	ICGC_Prostate	tts	rloop
total_long_indel	DO51048	1	0.114000309624841	rloop_tts	ICGC_Prostate	tts	rloop
total_long_indel	DO51049	0	0	rloop_tts	ICGC_Prostate	tts	rloop
total_long_indel	DO51050	0	0	rloop_tts	ICGC_Prostate	tts	rloop
total_long_indel	DO51051	3	0.342000928874523	rloop_tts	ICGC_Prostate	tts	rloop
total_long_indel	DO51052	0	0	rloop_tts	ICGC_Prostate	tts	rloop
total_long_indel	DO51053	0	0	rloop_tts	ICGC_Prostate	tts	rloop
total_long_indel	DO51054	0	0	rloop_tts	ICGC_Prostate	tts	rloop
total_long_indel	DO51055	1	0.114000309624841	rloop_tts	ICGC_Prostate	tts	rloop
total_long_indel	DO51056	0	0	rloop_tts	ICGC_Prostate	tts	rloop
total_long_indel	DO51057	0	0	rloop_tts	ICGC_Prostate	tts	rloop
total_long_indel	DO51060	1	0.114000309624841	rloop_tts	ICGC_Prostate	tts	rloop
total_long_indel	DO51061	0	0	rloop_tts	ICGC_Prostate	tts	rloop
total_long_indel	DO51062	0	0	rloop_tts	ICGC_Prostate	tts	rloop
total_long_indel	DO51063	0	0	rloop_tts	ICGC_Prostate	tts	rloop
total_long_indel	DO51064	0	0	rloop_tts	ICGC_Prostate	tts	rloop
total_long_indel	DO51065	0	0	rloop_tts	ICGC_Prostate	tts	rloop
total_long_indel	DO51066	0	0	rloop_tts	ICGC_Prostate	tts	rloop
total_long_indel	DO51067	0	0	rloop_tts	ICGC_Prostate	tts	rloop
total_long_indel	DO51068	0	0	rloop_tts	ICGC_Prostate	tts	rloop
total_long_indel	DO51069	1	0.114000309624841	rloop_tts	ICGC_Prostate	tts	rloop
total_long_indel	DO51070	0	0	rloop_tts	ICGC_Prostate	tts	rloop
total_long_indel	DO51071	0	0	rloop_tts	ICGC_Prostate	tts	rloop
total_long_indel	DO51072	0	0	rloop_tts	ICGC_Prostate	tts	rloop
total_long_indel	DO51073	0	0	rloop_tts	ICGC_Prostate	tts	rloop
total_long_indel	DO51074	0	0	rloop_tts	ICGC_Prostate	tts	rloop
total_long_indel	DO51075	0	0	rloop_tts	ICGC_Prostate	tts	rloop
total_long_indel	DO51078	0	0	rloop_tts	ICGC_Prostate	tts	rloop
total_long_indel	DO51079	0	0	rloop_tts	ICGC_Prostate	tts	rloop
total_long_indel	DO51080	0	0	rloop_tts	ICGC_Prostate	tts	rloop
total_long_indel	DO51081	0	0	rloop_tts	ICGC_Prostate	tts	rloop
total_long_indel	DO51083	0	0	rloop_tts	ICGC_Prostate	tts	rloop
total_long_indel	DO51084	1	0.114000309624841	rloop_tts	ICGC_Prostate	tts	rloop
total_long_indel	DO51085	0	0	rloop_tts	ICGC_Prostate	tts	rloop
total_long_indel	DO51086	1	0.114000309624841	rloop_tts	ICGC_Prostate	tts	rloop
total_long_indel	DO51087	0	0	rloop_tts	ICGC_Prostate	tts	rloop
total_long_indel	DO51088	1	0.114000309624841	rloop_tts	ICGC_Prostate	tts	rloop
total_long_indel	DO51089	0	0	rloop_tts	ICGC_Prostate	tts	rloop
total_long_indel	DO51090	1	0.114000309624841	rloop_tts	ICGC_Prostate	tts	rloop
total_long_indel	DO51091	0	0	rloop_tts	ICGC_Prostate	tts	rloop
total_long_indel	DO51092	0	0	rloop_tts	ICGC_Prostate	tts	rloop
total_long_indel	DO51093	0	0	rloop_tts	ICGC_Prostate	tts	rloop
total_long_indel	DO51094	0	0	rloop_tts	ICGC_Prostate	tts	rloop
total_long_indel	DO51095	0	0	rloop_tts	ICGC_Prostate	tts	rloop
total_long_indel	DO51096	0	0	rloop_tts	ICGC_Prostate	tts	rloop
total_long_indel	DO51097	1	0.114000309624841	rloop_tts	ICGC_Prostate	tts	rloop
total_long_indel	DO51098	1	0.114000309624841	rloop_tts	ICGC_Prostate	tts	rloop
total_long_indel	DO51099	0	0	rloop_tts	ICGC_Prostate	tts	rloop
total_long_indel	DO51100	1	0.114000309624841	rloop_tts	ICGC_Prostate	tts	rloop
total_long_indel	DO51102	1	0.114000309624841	rloop_tts	ICGC_Prostate	tts	rloop
total_long_indel	DO51103	0	0	rloop_tts	ICGC_Prostate	tts	rloop
total_long_indel	DO51104	0	0	rloop_tts	ICGC_Prostate	tts	rloop
total_long_indel	DO51105	0	0	rloop_tts	ICGC_Prostate	tts	rloop
total_long_indel	DO51106	2	0.228000619249682	rloop_tts	ICGC_Prostate	tts	rloop
total_long_indel	DO51107	0	0	rloop_tts	ICGC_Prostate	tts	rloop
total_long_indel	DO51108	1	0.114000309624841	rloop_tts	ICGC_Prostate	tts	rloop
total_long_indel	DO51109	0	0	rloop_tts	ICGC_Prostate	tts	rloop
total_long_indel	DO51110	1	0.114000309624841	rloop_tts	ICGC_Prostate	tts	rloop
total_long_indel	DO51111	1	0.114000309624841	rloop_tts	ICGC_Prostate	tts	rloop
total_long_indel	DO51112	0	0	rloop_tts	ICGC_Prostate	tts	rloop
total_long_indel	DO51113	1	0.114000309624841	rloop_tts	ICGC_Prostate	tts	rloop
total_long_indel	DO51114	0	0	rloop_tts	ICGC_Prostate	tts	rloop
total_long_indel	DO51115	2	0.228000619249682	rloop_tts	ICGC_Prostate	tts	rloop
total_long_indel	DO51116	0	0	rloop_tts	ICGC_Prostate	tts	rloop
total_long_indel	DO51117	0	0	rloop_tts	ICGC_Prostate	tts	rloop
total_long_indel	DO51118	0	0	rloop_tts	ICGC_Prostate	tts	rloop
total_long_indel	DO51119	2	0.228000619249682	rloop_tts	ICGC_Prostate	tts	rloop
total_long_indel	DO51120	0	0	rloop_tts	ICGC_Prostate	tts	rloop
total_long_indel	DO51121	0	0	rloop_tts	ICGC_Prostate	tts	rloop
total_long_indel	DO51122	0	0	rloop_tts	ICGC_Prostate	tts	rloop
total_long_indel	DO51123	0	0	rloop_tts	ICGC_Prostate	tts	rloop
total_long_indel	DO51124	2	0.228000619249682	rloop_tts	ICGC_Prostate	tts	rloop
total_long_indel	DO51125	0	0	rloop_tts	ICGC_Prostate	tts	rloop
total_long_indel	DO51126	0	0	rloop_tts	ICGC_Prostate	tts	rloop
total_long_indel	DO51127	0	0	rloop_tts	ICGC_Prostate	tts	rloop
total_long_indel	DO51128	0	0	rloop_tts	ICGC_Prostate	tts	rloop
total_long_indel	DO51129	0	0	rloop_tts	ICGC_Prostate	tts	rloop
total_long_indel	DO51130	1	0.114000309624841	rloop_tts	ICGC_Prostate	tts	rloop
total_long_indel	DO51131	0	0	rloop_tts	ICGC_Prostate	tts	rloop
total_long_indel	DO51132	0	0	rloop_tts	ICGC_Prostate	tts	rloop
total_long_indel	DO51133	0	0	rloop_tts	ICGC_Prostate	tts	rloop
total_long_indel	DO51134	0	0	rloop_tts	ICGC_Prostate	tts	rloop
total_long_indel	DO51135	0	0	rloop_tts	ICGC_Prostate	tts	rloop
total_long_indel	DO51137	0	0	rloop_tts	ICGC_Prostate	tts	rloop
total_long_indel	DO51138	0	0	rloop_tts	ICGC_Prostate	tts	rloop
total_long_indel	DO51139	1	0.114000309624841	rloop_tts	ICGC_Prostate	tts	rloop
total_long_indel	DO51141	1	0.114000309624841	rloop_tts	ICGC_Prostate	tts	rloop
total_long_indel	DO51142	0	0	rloop_tts	ICGC_Prostate	tts	rloop
total_long_indel	DO51143	0	0	rloop_tts	ICGC_Prostate	tts	rloop
total_long_indel	DO51144	0	0	rloop_tts	ICGC_Prostate	tts	rloop
total_long_indel	DO51145	0	0	rloop_tts	ICGC_Prostate	tts	rloop
total_long_indel	DO51147	0	0	rloop_tts	ICGC_Prostate	tts	rloop
total_long_indel	DO51148	0	0	rloop_tts	ICGC_Prostate	tts	rloop
total_long_indel	DO51149	0	0	rloop_tts	ICGC_Prostate	tts	rloop
total_long_indel	DO51150	1	0.114000309624841	rloop_tts	ICGC_Prostate	tts	rloop
total_long_indel	DO51151	0	0	rloop_tts	ICGC_Prostate	tts	rloop
total_long_indel	DO51152	0	0	rloop_tts	ICGC_Prostate	tts	rloop
total_long_indel	DO51153	0	0	rloop_tts	ICGC_Prostate	tts	rloop
total_long_indel	DO51154	0	0	rloop_tts	ICGC_Prostate	tts	rloop
total_long_indel	DO51155	1	0.114000309624841	rloop_tts	ICGC_Prostate	tts	rloop
total_long_indel	DO51157	1	0.114000309624841	rloop_tts	ICGC_Prostate	tts	rloop
total_long_indel	DO51158	0	0	rloop_tts	ICGC_Prostate	tts	rloop
total_long_indel	DO51159	0	0	rloop_tts	ICGC_Prostate	tts	rloop
total_long_indel	DO51953	4	0.456001238499364	rloop_tts	ICGC_Prostate	tts	rloop
total_long_indel	DO51954	0	0	rloop_tts	ICGC_Prostate	tts	rloop
total_long_indel	DO51955	1	0.114000309624841	rloop_tts	ICGC_Prostate	tts	rloop
total_long_indel	DO51956	1	0.114000309624841	rloop_tts	ICGC_Prostate	tts	rloop
total_long_indel	DO51958	0	0	rloop_tts	ICGC_Prostate	tts	rloop
total_long_indel	DO51959	0	0	rloop_tts	ICGC_Prostate	tts	rloop
total_long_indel	DO51960	1	0.114000309624841	rloop_tts	ICGC_Prostate	tts	rloop
total_long_indel	DO51962	19	2.16600588287198	rloop_tts	ICGC_Prostate	tts	rloop
total_long_indel	DO51964	0	0	rloop_tts	ICGC_Prostate	tts	rloop
total_long_indel	DO51965	3	0.342000928874523	rloop_tts	ICGC_Prostate	tts	rloop
total_long_indel	DO52498	0	0	rloop_tts	ICGC_Prostate	tts	rloop
total_long_indel	DO52499	0	0	rloop_tts	ICGC_Prostate	tts	rloop
total_long_indel	DO52500	0	0	rloop_tts	ICGC_Prostate	tts	rloop
total_long_indel	DO52501	1	0.114000309624841	rloop_tts	ICGC_Prostate	tts	rloop
total_long_indel	DO52502	1	0.114000309624841	rloop_tts	ICGC_Prostate	tts	rloop
total_long_indel	DO52503	0	0	rloop_tts	ICGC_Prostate	tts	rloop
total_long_indel	DO52504	0	0	rloop_tts	ICGC_Prostate	tts	rloop
total_long_indel	DO52505	4	0.456001238499364	rloop_tts	ICGC_Prostate	tts	rloop
total_long_indel	DO52506	0	0	rloop_tts	ICGC_Prostate	tts	rloop
total_long_indel	DO52509	1	0.114000309624841	rloop_tts	ICGC_Prostate	tts	rloop
total_long_indel	DO52510	2	0.228000619249682	rloop_tts	ICGC_Prostate	tts	rloop
total_long_indel	DO52511	1	0.114000309624841	rloop_tts	ICGC_Prostate	tts	rloop
total_long_indel	DO52512	1	0.114000309624841	rloop_tts	ICGC_Prostate	tts	rloop
total_long_indel	DO52513	0	0	rloop_tts	ICGC_Prostate	tts	rloop
total_long_indel	DO52514	0	0	rloop_tts	ICGC_Prostate	tts	rloop
total_long_indel	DO52516	1	0.114000309624841	rloop_tts	ICGC_Prostate	tts	rloop
total_long_indel	DO52518	0	0	rloop_tts	ICGC_Prostate	tts	rloop
total_long_indel	DO52520	0	0	rloop_tts	ICGC_Prostate	tts	rloop
total_long_indel	DO52522	0	0	rloop_tts	ICGC_Prostate	tts	rloop
total_long_indel	DO52526	0	0	rloop_tts	ICGC_Prostate	tts	rloop
total_long_indel	DO52528	0	0	rloop_tts	ICGC_Prostate	tts	rloop
total_long_indel	DO52530	0	0	rloop_tts	ICGC_Prostate	tts	rloop
total_long_indel	DO52534	0	0	rloop_tts	ICGC_Prostate	tts	rloop
total_Indel	DO10806	5	0.466998391190542	norloop_tts	ICGC_Prostate	tts	norloop
total_Indel	DO10807	0	0	norloop_tts	ICGC_Prostate	tts	norloop
total_Indel	DO10809	1	0.0933996782381085	norloop_tts	ICGC_Prostate	tts	norloop
total_Indel	DO10811	1	0.0933996782381085	norloop_tts	ICGC_Prostate	tts	norloop
total_Indel	DO10813	1	0.0933996782381085	norloop_tts	ICGC_Prostate	tts	norloop
total_Indel	DO10815	0	0	norloop_tts	ICGC_Prostate	tts	norloop
total_Indel	DO10817	0	0	norloop_tts	ICGC_Prostate	tts	norloop
total_Indel	DO10819	0	0	norloop_tts	ICGC_Prostate	tts	norloop
total_Indel	DO10821	0	0	norloop_tts	ICGC_Prostate	tts	norloop
total_Indel	DO10823	0	0	norloop_tts	ICGC_Prostate	tts	norloop
total_Indel	DO10825	1	0.0933996782381085	norloop_tts	ICGC_Prostate	tts	norloop
total_Indel	DO10829	0	0	norloop_tts	ICGC_Prostate	tts	norloop
total_Indel	DO10831	0	0	norloop_tts	ICGC_Prostate	tts	norloop
total_Indel	DO10833	0	0	norloop_tts	ICGC_Prostate	tts	norloop
total_Indel	DO10835	0	0	norloop_tts	ICGC_Prostate	tts	norloop
total_Indel	DO10837	0	0	norloop_tts	ICGC_Prostate	tts	norloop
total_Indel	DO36221	1	0.0933996782381085	norloop_tts	ICGC_Prostate	tts	norloop
total_Indel	DO36223	2	0.186799356476217	norloop_tts	ICGC_Prostate	tts	norloop
total_Indel	DO46787	0	0	norloop_tts	ICGC_Prostate	tts	norloop
total_Indel	DO46788	1	0.0933996782381085	norloop_tts	ICGC_Prostate	tts	norloop
total_Indel	DO46790	2	0.186799356476217	norloop_tts	ICGC_Prostate	tts	norloop
total_Indel	DO46792	1	0.0933996782381085	norloop_tts	ICGC_Prostate	tts	norloop
total_Indel	DO46795	2	0.186799356476217	norloop_tts	ICGC_Prostate	tts	norloop
total_Indel	DO46796	1	0.0933996782381085	norloop_tts	ICGC_Prostate	tts	norloop
total_Indel	DO48577	3	0.280199034714325	norloop_tts	ICGC_Prostate	tts	norloop
total_Indel	DO50414	0	0	norloop_tts	ICGC_Prostate	tts	norloop
total_Indel	DO50415	2	0.186799356476217	norloop_tts	ICGC_Prostate	tts	norloop
total_Indel	DO50416	1	0.0933996782381085	norloop_tts	ICGC_Prostate	tts	norloop
total_Indel	DO50417	0	0	norloop_tts	ICGC_Prostate	tts	norloop
total_Indel	DO50418	1	0.0933996782381085	norloop_tts	ICGC_Prostate	tts	norloop
total_Indel	DO50419	1	0.0933996782381085	norloop_tts	ICGC_Prostate	tts	norloop
total_Indel	DO50420	0	0	norloop_tts	ICGC_Prostate	tts	norloop
total_Indel	DO50421	0	0	norloop_tts	ICGC_Prostate	tts	norloop
total_Indel	DO50422	1	0.0933996782381085	norloop_tts	ICGC_Prostate	tts	norloop
total_Indel	DO50423	4	0.373598712952434	norloop_tts	ICGC_Prostate	tts	norloop
total_Indel	DO50424	2	0.186799356476217	norloop_tts	ICGC_Prostate	tts	norloop
total_Indel	DO50425	0	0	norloop_tts	ICGC_Prostate	tts	norloop
total_Indel	DO50426	1	0.0933996782381085	norloop_tts	ICGC_Prostate	tts	norloop
total_Indel	DO50427	0	0	norloop_tts	ICGC_Prostate	tts	norloop
total_Indel	DO50428	0	0	norloop_tts	ICGC_Prostate	tts	norloop
total_Indel	DO50430	1	0.0933996782381085	norloop_tts	ICGC_Prostate	tts	norloop
total_Indel	DO50431	2	0.186799356476217	norloop_tts	ICGC_Prostate	tts	norloop
total_Indel	DO50432	0	0	norloop_tts	ICGC_Prostate	tts	norloop
total_Indel	DO51044	0	0	norloop_tts	ICGC_Prostate	tts	norloop
total_Indel	DO51045	0	0	norloop_tts	ICGC_Prostate	tts	norloop
total_Indel	DO51046	2	0.186799356476217	norloop_tts	ICGC_Prostate	tts	norloop
total_Indel	DO51047	1	0.0933996782381085	norloop_tts	ICGC_Prostate	tts	norloop
total_Indel	DO51048	0	0	norloop_tts	ICGC_Prostate	tts	norloop
total_Indel	DO51049	0	0	norloop_tts	ICGC_Prostate	tts	norloop
total_Indel	DO51050	3	0.280199034714325	norloop_tts	ICGC_Prostate	tts	norloop
total_Indel	DO51051	2	0.186799356476217	norloop_tts	ICGC_Prostate	tts	norloop
total_Indel	DO51052	1	0.0933996782381085	norloop_tts	ICGC_Prostate	tts	norloop
total_Indel	DO51053	1	0.0933996782381085	norloop_tts	ICGC_Prostate	tts	norloop
total_Indel	DO51054	0	0	norloop_tts	ICGC_Prostate	tts	norloop
total_Indel	DO51055	4	0.373598712952434	norloop_tts	ICGC_Prostate	tts	norloop
total_Indel	DO51056	0	0	norloop_tts	ICGC_Prostate	tts	norloop
total_Indel	DO51057	0	0	norloop_tts	ICGC_Prostate	tts	norloop
total_Indel	DO51060	1	0.0933996782381085	norloop_tts	ICGC_Prostate	tts	norloop
total_Indel	DO51061	0	0	norloop_tts	ICGC_Prostate	tts	norloop
total_Indel	DO51062	0	0	norloop_tts	ICGC_Prostate	tts	norloop
total_Indel	DO51063	1	0.0933996782381085	norloop_tts	ICGC_Prostate	tts	norloop
total_Indel	DO51064	1	0.0933996782381085	norloop_tts	ICGC_Prostate	tts	norloop
total_Indel	DO51065	8	0.747197425904868	norloop_tts	ICGC_Prostate	tts	norloop
total_Indel	DO51066	2	0.186799356476217	norloop_tts	ICGC_Prostate	tts	norloop
total_Indel	DO51067	0	0	norloop_tts	ICGC_Prostate	tts	norloop
total_Indel	DO51068	0	0	norloop_tts	ICGC_Prostate	tts	norloop
total_Indel	DO51069	0	0	norloop_tts	ICGC_Prostate	tts	norloop
total_Indel	DO51070	2	0.186799356476217	norloop_tts	ICGC_Prostate	tts	norloop
total_Indel	DO51071	2	0.186799356476217	norloop_tts	ICGC_Prostate	tts	norloop
total_Indel	DO51072	1	0.0933996782381085	norloop_tts	ICGC_Prostate	tts	norloop
total_Indel	DO51073	0	0	norloop_tts	ICGC_Prostate	tts	norloop
total_Indel	DO51074	2	0.186799356476217	norloop_tts	ICGC_Prostate	tts	norloop
total_Indel	DO51075	1	0.0933996782381085	norloop_tts	ICGC_Prostate	tts	norloop
total_Indel	DO51078	0	0	norloop_tts	ICGC_Prostate	tts	norloop
total_Indel	DO51079	0	0	norloop_tts	ICGC_Prostate	tts	norloop
total_Indel	DO51080	1	0.0933996782381085	norloop_tts	ICGC_Prostate	tts	norloop
total_Indel	DO51081	1	0.0933996782381085	norloop_tts	ICGC_Prostate	tts	norloop
total_Indel	DO51083	0	0	norloop_tts	ICGC_Prostate	tts	norloop
total_Indel	DO51084	0	0	norloop_tts	ICGC_Prostate	tts	norloop
total_Indel	DO51085	1	0.0933996782381085	norloop_tts	ICGC_Prostate	tts	norloop
total_Indel	DO51086	1	0.0933996782381085	norloop_tts	ICGC_Prostate	tts	norloop
total_Indel	DO51087	1	0.0933996782381085	norloop_tts	ICGC_Prostate	tts	norloop
total_Indel	DO51088	1	0.0933996782381085	norloop_tts	ICGC_Prostate	tts	norloop
total_Indel	DO51089	0	0	norloop_tts	ICGC_Prostate	tts	norloop
total_Indel	DO51090	0	0	norloop_tts	ICGC_Prostate	tts	norloop
total_Indel	DO51091	0	0	norloop_tts	ICGC_Prostate	tts	norloop
total_Indel	DO51092	0	0	norloop_tts	ICGC_Prostate	tts	norloop
total_Indel	DO51093	2	0.186799356476217	norloop_tts	ICGC_Prostate	tts	norloop
total_Indel	DO51094	2	0.186799356476217	norloop_tts	ICGC_Prostate	tts	norloop
total_Indel	DO51095	0	0	norloop_tts	ICGC_Prostate	tts	norloop
total_Indel	DO51096	1	0.0933996782381085	norloop_tts	ICGC_Prostate	tts	norloop
total_Indel	DO51097	1	0.0933996782381085	norloop_tts	ICGC_Prostate	tts	norloop
total_Indel	DO51098	0	0	norloop_tts	ICGC_Prostate	tts	norloop
total_Indel	DO51099	2	0.186799356476217	norloop_tts	ICGC_Prostate	tts	norloop
total_Indel	DO51100	3	0.280199034714325	norloop_tts	ICGC_Prostate	tts	norloop
total_Indel	DO51102	1	0.0933996782381085	norloop_tts	ICGC_Prostate	tts	norloop
total_Indel	DO51103	3	0.280199034714325	norloop_tts	ICGC_Prostate	tts	norloop
total_Indel	DO51104	1	0.0933996782381085	norloop_tts	ICGC_Prostate	tts	norloop
total_Indel	DO51105	1	0.0933996782381085	norloop_tts	ICGC_Prostate	tts	norloop
total_Indel	DO51106	0	0	norloop_tts	ICGC_Prostate	tts	norloop
total_Indel	DO51107	0	0	norloop_tts	ICGC_Prostate	tts	norloop
total_Indel	DO51108	2	0.186799356476217	norloop_tts	ICGC_Prostate	tts	norloop
total_Indel	DO51109	1	0.0933996782381085	norloop_tts	ICGC_Prostate	tts	norloop
total_Indel	DO51110	4	0.373598712952434	norloop_tts	ICGC_Prostate	tts	norloop
total_Indel	DO51111	0	0	norloop_tts	ICGC_Prostate	tts	norloop
total_Indel	DO51112	1	0.0933996782381085	norloop_tts	ICGC_Prostate	tts	norloop
total_Indel	DO51113	0	0	norloop_tts	ICGC_Prostate	tts	norloop
total_Indel	DO51114	0	0	norloop_tts	ICGC_Prostate	tts	norloop
total_Indel	DO51115	0	0	norloop_tts	ICGC_Prostate	tts	norloop
total_Indel	DO51116	1	0.0933996782381085	norloop_tts	ICGC_Prostate	tts	norloop
total_Indel	DO51117	0	0	norloop_tts	ICGC_Prostate	tts	norloop
total_Indel	DO51118	1	0.0933996782381085	norloop_tts	ICGC_Prostate	tts	norloop
total_Indel	DO51119	1	0.0933996782381085	norloop_tts	ICGC_Prostate	tts	norloop
total_Indel	DO51120	1	0.0933996782381085	norloop_tts	ICGC_Prostate	tts	norloop
total_Indel	DO51121	0	0	norloop_tts	ICGC_Prostate	tts	norloop
total_Indel	DO51122	3	0.280199034714325	norloop_tts	ICGC_Prostate	tts	norloop
total_Indel	DO51123	0	0	norloop_tts	ICGC_Prostate	tts	norloop
total_Indel	DO51124	3	0.280199034714325	norloop_tts	ICGC_Prostate	tts	norloop
total_Indel	DO51125	0	0	norloop_tts	ICGC_Prostate	tts	norloop
total_Indel	DO51126	1	0.0933996782381085	norloop_tts	ICGC_Prostate	tts	norloop
total_Indel	DO51127	0	0	norloop_tts	ICGC_Prostate	tts	norloop
total_Indel	DO51128	0	0	norloop_tts	ICGC_Prostate	tts	norloop
total_Indel	DO51129	0	0	norloop_tts	ICGC_Prostate	tts	norloop
total_Indel	DO51130	1	0.0933996782381085	norloop_tts	ICGC_Prostate	tts	norloop
total_Indel	DO51131	0	0	norloop_tts	ICGC_Prostate	tts	norloop
total_Indel	DO51132	0	0	norloop_tts	ICGC_Prostate	tts	norloop
total_Indel	DO51133	1	0.0933996782381085	norloop_tts	ICGC_Prostate	tts	norloop
total_Indel	DO51134	0	0	norloop_tts	ICGC_Prostate	tts	norloop
total_Indel	DO51135	0	0	norloop_tts	ICGC_Prostate	tts	norloop
total_Indel	DO51136	0	0	norloop_tts	ICGC_Prostate	tts	norloop
total_Indel	DO51137	0	0	norloop_tts	ICGC_Prostate	tts	norloop
total_Indel	DO51138	2	0.186799356476217	norloop_tts	ICGC_Prostate	tts	norloop
total_Indel	DO51139	2	0.186799356476217	norloop_tts	ICGC_Prostate	tts	norloop
total_Indel	DO51140	0	0	norloop_tts	ICGC_Prostate	tts	norloop
total_Indel	DO51141	0	0	norloop_tts	ICGC_Prostate	tts	norloop
total_Indel	DO51142	1	0.0933996782381085	norloop_tts	ICGC_Prostate	tts	norloop
total_Indel	DO51143	1	0.0933996782381085	norloop_tts	ICGC_Prostate	tts	norloop
total_Indel	DO51144	2	0.186799356476217	norloop_tts	ICGC_Prostate	tts	norloop
total_Indel	DO51145	1	0.0933996782381085	norloop_tts	ICGC_Prostate	tts	norloop
total_Indel	DO51147	0	0	norloop_tts	ICGC_Prostate	tts	norloop
total_Indel	DO51148	3	0.280199034714325	norloop_tts	ICGC_Prostate	tts	norloop
total_Indel	DO51150	0	0	norloop_tts	ICGC_Prostate	tts	norloop
total_Indel	DO51151	0	0	norloop_tts	ICGC_Prostate	tts	norloop
total_Indel	DO51152	2	0.186799356476217	norloop_tts	ICGC_Prostate	tts	norloop
total_Indel	DO51153	1	0.0933996782381085	norloop_tts	ICGC_Prostate	tts	norloop
total_Indel	DO51154	0	0	norloop_tts	ICGC_Prostate	tts	norloop
total_Indel	DO51155	0	0	norloop_tts	ICGC_Prostate	tts	norloop
total_Indel	DO51156	0	0	norloop_tts	ICGC_Prostate	tts	norloop
total_Indel	DO51157	3	0.280199034714325	norloop_tts	ICGC_Prostate	tts	norloop
total_Indel	DO51158	0	0	norloop_tts	ICGC_Prostate	tts	norloop
total_Indel	DO51159	0	0	norloop_tts	ICGC_Prostate	tts	norloop
total_Indel	DO51953	5	0.466998391190542	norloop_tts	ICGC_Prostate	tts	norloop
total_Indel	DO51954	4	0.373598712952434	norloop_tts	ICGC_Prostate	tts	norloop
total_Indel	DO51955	6	0.560398069428651	norloop_tts	ICGC_Prostate	tts	norloop
total_Indel	DO51956	6	0.560398069428651	norloop_tts	ICGC_Prostate	tts	norloop
total_Indel	DO51958	2	0.186799356476217	norloop_tts	ICGC_Prostate	tts	norloop
total_Indel	DO51959	9	0.840597104142976	norloop_tts	ICGC_Prostate	tts	norloop
total_Indel	DO51960	6	0.560398069428651	norloop_tts	ICGC_Prostate	tts	norloop
total_Indel	DO51962	17	1.58779453004784	norloop_tts	ICGC_Prostate	tts	norloop
total_Indel	DO51964	7	0.653797747666759	norloop_tts	ICGC_Prostate	tts	norloop
total_Indel	DO51965	4	0.373598712952434	norloop_tts	ICGC_Prostate	tts	norloop
total_Indel	DO52498	0	0	norloop_tts	ICGC_Prostate	tts	norloop
total_Indel	DO52499	0	0	norloop_tts	ICGC_Prostate	tts	norloop
total_Indel	DO52500	0	0	norloop_tts	ICGC_Prostate	tts	norloop
total_Indel	DO52501	1	0.0933996782381085	norloop_tts	ICGC_Prostate	tts	norloop
total_Indel	DO52502	3	0.280199034714325	norloop_tts	ICGC_Prostate	tts	norloop
total_Indel	DO52503	0	0	norloop_tts	ICGC_Prostate	tts	norloop
total_Indel	DO52504	1	0.0933996782381085	norloop_tts	ICGC_Prostate	tts	norloop
total_Indel	DO52505	1	0.0933996782381085	norloop_tts	ICGC_Prostate	tts	norloop
total_Indel	DO52506	0	0	norloop_tts	ICGC_Prostate	tts	norloop
total_Indel	DO52508	1	0.0933996782381085	norloop_tts	ICGC_Prostate	tts	norloop
total_Indel	DO52509	0	0	norloop_tts	ICGC_Prostate	tts	norloop
total_Indel	DO52510	2	0.186799356476217	norloop_tts	ICGC_Prostate	tts	norloop
total_Indel	DO52511	1	0.0933996782381085	norloop_tts	ICGC_Prostate	tts	norloop
total_Indel	DO52512	2	0.186799356476217	norloop_tts	ICGC_Prostate	tts	norloop
total_Indel	DO52513	0	0	norloop_tts	ICGC_Prostate	tts	norloop
total_Indel	DO52514	0	0	norloop_tts	ICGC_Prostate	tts	norloop
total_Indel	DO52516	0	0	norloop_tts	ICGC_Prostate	tts	norloop
total_Indel	DO52518	0	0	norloop_tts	ICGC_Prostate	tts	norloop
total_Indel	DO52520	0	0	norloop_tts	ICGC_Prostate	tts	norloop
total_Indel	DO52522	0	0	norloop_tts	ICGC_Prostate	tts	norloop
total_Indel	DO52524	0	0	norloop_tts	ICGC_Prostate	tts	norloop
total_Indel	DO52526	2	0.186799356476217	norloop_tts	ICGC_Prostate	tts	norloop
total_Indel	DO52528	1	0.0933996782381085	norloop_tts	ICGC_Prostate	tts	norloop
total_Indel	DO52530	0	0	norloop_tts	ICGC_Prostate	tts	norloop
total_Indel	DO52532	0	0	norloop_tts	ICGC_Prostate	tts	norloop
total_long_simple_indel	DO10806	0	0	norloop_tts	ICGC_Prostate	tts	norloop
total_long_simple_indel	DO10807	0	0	norloop_tts	ICGC_Prostate	tts	norloop
total_long_simple_indel	DO10809	1	0.0933996782381085	norloop_tts	ICGC_Prostate	tts	norloop
total_long_simple_indel	DO10811	0	0	norloop_tts	ICGC_Prostate	tts	norloop
total_long_simple_indel	DO10813	0	0	norloop_tts	ICGC_Prostate	tts	norloop
total_long_simple_indel	DO10815	0	0	norloop_tts	ICGC_Prostate	tts	norloop
total_long_simple_indel	DO10817	0	0	norloop_tts	ICGC_Prostate	tts	norloop
total_long_simple_indel	DO10819	0	0	norloop_tts	ICGC_Prostate	tts	norloop
total_long_simple_indel	DO10821	0	0	norloop_tts	ICGC_Prostate	tts	norloop
total_long_simple_indel	DO10823	0	0	norloop_tts	ICGC_Prostate	tts	norloop
total_long_simple_indel	DO10825	1	0.0933996782381085	norloop_tts	ICGC_Prostate	tts	norloop
total_long_simple_indel	DO10829	0	0	norloop_tts	ICGC_Prostate	tts	norloop
total_long_simple_indel	DO10831	0	0	norloop_tts	ICGC_Prostate	tts	norloop
total_long_simple_indel	DO10833	0	0	norloop_tts	ICGC_Prostate	tts	norloop
total_long_simple_indel	DO10835	0	0	norloop_tts	ICGC_Prostate	tts	norloop
total_long_simple_indel	DO10837	0	0	norloop_tts	ICGC_Prostate	tts	norloop
total_long_simple_indel	DO36221	0	0	norloop_tts	ICGC_Prostate	tts	norloop
total_long_simple_indel	DO36223	1	0.0933996782381085	norloop_tts	ICGC_Prostate	tts	norloop
total_long_simple_indel	DO46787	0	0	norloop_tts	ICGC_Prostate	tts	norloop
total_long_simple_indel	DO46788	0	0	norloop_tts	ICGC_Prostate	tts	norloop
total_long_simple_indel	DO46790	1	0.0933996782381085	norloop_tts	ICGC_Prostate	tts	norloop
total_long_simple_indel	DO46792	0	0	norloop_tts	ICGC_Prostate	tts	norloop
total_long_simple_indel	DO46795	1	0.0933996782381085	norloop_tts	ICGC_Prostate	tts	norloop
total_long_simple_indel	DO46796	0	0	norloop_tts	ICGC_Prostate	tts	norloop
total_long_simple_indel	DO48577	2	0.186799356476217	norloop_tts	ICGC_Prostate	tts	norloop
total_long_simple_indel	DO50414	0	0	norloop_tts	ICGC_Prostate	tts	norloop
total_long_simple_indel	DO50415	1	0.0933996782381085	norloop_tts	ICGC_Prostate	tts	norloop
total_long_simple_indel	DO50416	0	0	norloop_tts	ICGC_Prostate	tts	norloop
total_long_simple_indel	DO50417	0	0	norloop_tts	ICGC_Prostate	tts	norloop
total_long_simple_indel	DO50418	0	0	norloop_tts	ICGC_Prostate	tts	norloop
total_long_simple_indel	DO50419	0	0	norloop_tts	ICGC_Prostate	tts	norloop
total_long_simple_indel	DO50420	0	0	norloop_tts	ICGC_Prostate	tts	norloop
total_long_simple_indel	DO50421	0	0	norloop_tts	ICGC_Prostate	tts	norloop
total_long_simple_indel	DO50422	1	0.0933996782381085	norloop_tts	ICGC_Prostate	tts	norloop
total_long_simple_indel	DO50423	0	0	norloop_tts	ICGC_Prostate	tts	norloop
total_long_simple_indel	DO50424	0	0	norloop_tts	ICGC_Prostate	tts	norloop
total_long_simple_indel	DO50425	0	0	norloop_tts	ICGC_Prostate	tts	norloop
total_long_simple_indel	DO50426	0	0	norloop_tts	ICGC_Prostate	tts	norloop
total_long_simple_indel	DO50427	0	0	norloop_tts	ICGC_Prostate	tts	norloop
total_long_simple_indel	DO50428	0	0	norloop_tts	ICGC_Prostate	tts	norloop
total_long_simple_indel	DO50430	1	0.0933996782381085	norloop_tts	ICGC_Prostate	tts	norloop
total_long_simple_indel	DO50431	0	0	norloop_tts	ICGC_Prostate	tts	norloop
total_long_simple_indel	DO50432	0	0	norloop_tts	ICGC_Prostate	tts	norloop
total_long_simple_indel	DO51044	0	0	norloop_tts	ICGC_Prostate	tts	norloop
total_long_simple_indel	DO51045	0	0	norloop_tts	ICGC_Prostate	tts	norloop
total_long_simple_indel	DO51046	1	0.0933996782381085	norloop_tts	ICGC_Prostate	tts	norloop
total_long_simple_indel	DO51047	0	0	norloop_tts	ICGC_Prostate	tts	norloop
total_long_simple_indel	DO51048	0	0	norloop_tts	ICGC_Prostate	tts	norloop
total_long_simple_indel	DO51049	0	0	norloop_tts	ICGC_Prostate	tts	norloop
total_long_simple_indel	DO51050	1	0.0933996782381085	norloop_tts	ICGC_Prostate	tts	norloop
total_long_simple_indel	DO51051	1	0.0933996782381085	norloop_tts	ICGC_Prostate	tts	norloop
total_long_simple_indel	DO51052	1	0.0933996782381085	norloop_tts	ICGC_Prostate	tts	norloop
total_long_simple_indel	DO51053	0	0	norloop_tts	ICGC_Prostate	tts	norloop
total_long_simple_indel	DO51054	0	0	norloop_tts	ICGC_Prostate	tts	norloop
total_long_simple_indel	DO51055	2	0.186799356476217	norloop_tts	ICGC_Prostate	tts	norloop
total_long_simple_indel	DO51056	0	0	norloop_tts	ICGC_Prostate	tts	norloop
total_long_simple_indel	DO51057	0	0	norloop_tts	ICGC_Prostate	tts	norloop
total_long_simple_indel	DO51060	0	0	norloop_tts	ICGC_Prostate	tts	norloop
total_long_simple_indel	DO51061	0	0	norloop_tts	ICGC_Prostate	tts	norloop
total_long_simple_indel	DO51062	0	0	norloop_tts	ICGC_Prostate	tts	norloop
total_long_simple_indel	DO51063	0	0	norloop_tts	ICGC_Prostate	tts	norloop
total_long_simple_indel	DO51064	0	0	norloop_tts	ICGC_Prostate	tts	norloop
total_long_simple_indel	DO51065	0	0	norloop_tts	ICGC_Prostate	tts	norloop
total_long_simple_indel	DO51066	0	0	norloop_tts	ICGC_Prostate	tts	norloop
total_long_simple_indel	DO51067	0	0	norloop_tts	ICGC_Prostate	tts	norloop
total_long_simple_indel	DO51068	0	0	norloop_tts	ICGC_Prostate	tts	norloop
total_long_simple_indel	DO51069	0	0	norloop_tts	ICGC_Prostate	tts	norloop
total_long_simple_indel	DO51070	0	0	norloop_tts	ICGC_Prostate	tts	norloop
total_long_simple_indel	DO51071	1	0.0933996782381085	norloop_tts	ICGC_Prostate	tts	norloop
total_long_simple_indel	DO51072	0	0	norloop_tts	ICGC_Prostate	tts	norloop
total_long_simple_indel	DO51073	0	0	norloop_tts	ICGC_Prostate	tts	norloop
total_long_simple_indel	DO51074	0	0	norloop_tts	ICGC_Prostate	tts	norloop
total_long_simple_indel	DO51075	1	0.0933996782381085	norloop_tts	ICGC_Prostate	tts	norloop
total_long_simple_indel	DO51078	0	0	norloop_tts	ICGC_Prostate	tts	norloop
total_long_simple_indel	DO51079	0	0	norloop_tts	ICGC_Prostate	tts	norloop
total_long_simple_indel	DO51080	0	0	norloop_tts	ICGC_Prostate	tts	norloop
total_long_simple_indel	DO51081	1	0.0933996782381085	norloop_tts	ICGC_Prostate	tts	norloop
total_long_simple_indel	DO51083	0	0	norloop_tts	ICGC_Prostate	tts	norloop
total_long_simple_indel	DO51084	0	0	norloop_tts	ICGC_Prostate	tts	norloop
total_long_simple_indel	DO51085	0	0	norloop_tts	ICGC_Prostate	tts	norloop
total_long_simple_indel	DO51086	0	0	norloop_tts	ICGC_Prostate	tts	norloop
total_long_simple_indel	DO51087	1	0.0933996782381085	norloop_tts	ICGC_Prostate	tts	norloop
total_long_simple_indel	DO51088	0	0	norloop_tts	ICGC_Prostate	tts	norloop
total_long_simple_indel	DO51089	0	0	norloop_tts	ICGC_Prostate	tts	norloop
total_long_simple_indel	DO51090	0	0	norloop_tts	ICGC_Prostate	tts	norloop
total_long_simple_indel	DO51091	0	0	norloop_tts	ICGC_Prostate	tts	norloop
total_long_simple_indel	DO51092	0	0	norloop_tts	ICGC_Prostate	tts	norloop
total_long_simple_indel	DO51093	1	0.0933996782381085	norloop_tts	ICGC_Prostate	tts	norloop
total_long_simple_indel	DO51094	0	0	norloop_tts	ICGC_Prostate	tts	norloop
total_long_simple_indel	DO51095	0	0	norloop_tts	ICGC_Prostate	tts	norloop
total_long_simple_indel	DO51096	0	0	norloop_tts	ICGC_Prostate	tts	norloop
total_long_simple_indel	DO51097	0	0	norloop_tts	ICGC_Prostate	tts	norloop
total_long_simple_indel	DO51098	0	0	norloop_tts	ICGC_Prostate	tts	norloop
total_long_simple_indel	DO51099	0	0	norloop_tts	ICGC_Prostate	tts	norloop
total_long_simple_indel	DO51100	0	0	norloop_tts	ICGC_Prostate	tts	norloop
total_long_simple_indel	DO51102	0	0	norloop_tts	ICGC_Prostate	tts	norloop
total_long_simple_indel	DO51103	2	0.186799356476217	norloop_tts	ICGC_Prostate	tts	norloop
total_long_simple_indel	DO51104	0	0	norloop_tts	ICGC_Prostate	tts	norloop
total_long_simple_indel	DO51105	0	0	norloop_tts	ICGC_Prostate	tts	norloop
total_long_simple_indel	DO51106	0	0	norloop_tts	ICGC_Prostate	tts	norloop
total_long_simple_indel	DO51107	0	0	norloop_tts	ICGC_Prostate	tts	norloop
total_long_simple_indel	DO51108	2	0.186799356476217	norloop_tts	ICGC_Prostate	tts	norloop
total_long_simple_indel	DO51109	0	0	norloop_tts	ICGC_Prostate	tts	norloop
total_long_simple_indel	DO51110	1	0.0933996782381085	norloop_tts	ICGC_Prostate	tts	norloop
total_long_simple_indel	DO51111	0	0	norloop_tts	ICGC_Prostate	tts	norloop
total_long_simple_indel	DO51112	0	0	norloop_tts	ICGC_Prostate	tts	norloop
total_long_simple_indel	DO51113	0	0	norloop_tts	ICGC_Prostate	tts	norloop
total_long_simple_indel	DO51114	0	0	norloop_tts	ICGC_Prostate	tts	norloop
total_long_simple_indel	DO51115	0	0	norloop_tts	ICGC_Prostate	tts	norloop
total_long_simple_indel	DO51116	0	0	norloop_tts	ICGC_Prostate	tts	norloop
total_long_simple_indel	DO51117	0	0	norloop_tts	ICGC_Prostate	tts	norloop
total_long_simple_indel	DO51118	1	0.0933996782381085	norloop_tts	ICGC_Prostate	tts	norloop
total_long_simple_indel	DO51119	1	0.0933996782381085	norloop_tts	ICGC_Prostate	tts	norloop
total_long_simple_indel	DO51120	0	0	norloop_tts	ICGC_Prostate	tts	norloop
total_long_simple_indel	DO51121	0	0	norloop_tts	ICGC_Prostate	tts	norloop
total_long_simple_indel	DO51122	1	0.0933996782381085	norloop_tts	ICGC_Prostate	tts	norloop
total_long_simple_indel	DO51123	0	0	norloop_tts	ICGC_Prostate	tts	norloop
total_long_simple_indel	DO51124	0	0	norloop_tts	ICGC_Prostate	tts	norloop
total_long_simple_indel	DO51125	0	0	norloop_tts	ICGC_Prostate	tts	norloop
total_long_simple_indel	DO51126	0	0	norloop_tts	ICGC_Prostate	tts	norloop
total_long_simple_indel	DO51127	0	0	norloop_tts	ICGC_Prostate	tts	norloop
total_long_simple_indel	DO51128	0	0	norloop_tts	ICGC_Prostate	tts	norloop
total_long_simple_indel	DO51129	0	0	norloop_tts	ICGC_Prostate	tts	norloop
total_long_simple_indel	DO51130	0	0	norloop_tts	ICGC_Prostate	tts	norloop
total_long_simple_indel	DO51131	0	0	norloop_tts	ICGC_Prostate	tts	norloop
total_long_simple_indel	DO51132	0	0	norloop_tts	ICGC_Prostate	tts	norloop
total_long_simple_indel	DO51133	0	0	norloop_tts	ICGC_Prostate	tts	norloop
total_long_simple_indel	DO51134	0	0	norloop_tts	ICGC_Prostate	tts	norloop
total_long_simple_indel	DO51135	0	0	norloop_tts	ICGC_Prostate	tts	norloop
total_long_simple_indel	DO51136	0	0	norloop_tts	ICGC_Prostate	tts	norloop
total_long_simple_indel	DO51137	0	0	norloop_tts	ICGC_Prostate	tts	norloop
total_long_simple_indel	DO51138	1	0.0933996782381085	norloop_tts	ICGC_Prostate	tts	norloop
total_long_simple_indel	DO51139	0	0	norloop_tts	ICGC_Prostate	tts	norloop
total_long_simple_indel	DO51140	0	0	norloop_tts	ICGC_Prostate	tts	norloop
total_long_simple_indel	DO51141	0	0	norloop_tts	ICGC_Prostate	tts	norloop
total_long_simple_indel	DO51142	0	0	norloop_tts	ICGC_Prostate	tts	norloop
total_long_simple_indel	DO51143	1	0.0933996782381085	norloop_tts	ICGC_Prostate	tts	norloop
total_long_simple_indel	DO51144	0	0	norloop_tts	ICGC_Prostate	tts	norloop
total_long_simple_indel	DO51145	0	0	norloop_tts	ICGC_Prostate	tts	norloop
total_long_simple_indel	DO51147	0	0	norloop_tts	ICGC_Prostate	tts	norloop
total_long_simple_indel	DO51148	1	0.0933996782381085	norloop_tts	ICGC_Prostate	tts	norloop
total_long_simple_indel	DO51150	0	0	norloop_tts	ICGC_Prostate	tts	norloop
total_long_simple_indel	DO51151	0	0	norloop_tts	ICGC_Prostate	tts	norloop
total_long_simple_indel	DO51152	0	0	norloop_tts	ICGC_Prostate	tts	norloop
total_long_simple_indel	DO51153	0	0	norloop_tts	ICGC_Prostate	tts	norloop
total_long_simple_indel	DO51154	0	0	norloop_tts	ICGC_Prostate	tts	norloop
total_long_simple_indel	DO51155	0	0	norloop_tts	ICGC_Prostate	tts	norloop
total_long_simple_indel	DO51156	0	0	norloop_tts	ICGC_Prostate	tts	norloop
total_long_simple_indel	DO51157	0	0	norloop_tts	ICGC_Prostate	tts	norloop
total_long_simple_indel	DO51158	0	0	norloop_tts	ICGC_Prostate	tts	norloop
total_long_simple_indel	DO51159	0	0	norloop_tts	ICGC_Prostate	tts	norloop
total_long_simple_indel	DO51953	0	0	norloop_tts	ICGC_Prostate	tts	norloop
total_long_simple_indel	DO51954	0	0	norloop_tts	ICGC_Prostate	tts	norloop
total_long_simple_indel	DO51955	2	0.186799356476217	norloop_tts	ICGC_Prostate	tts	norloop
total_long_simple_indel	DO51956	0	0	norloop_tts	ICGC_Prostate	tts	norloop
total_long_simple_indel	DO51958	0	0	norloop_tts	ICGC_Prostate	tts	norloop
total_long_simple_indel	DO51959	0	0	norloop_tts	ICGC_Prostate	tts	norloop
total_long_simple_indel	DO51960	2	0.186799356476217	norloop_tts	ICGC_Prostate	tts	norloop
total_long_simple_indel	DO51962	7	0.653797747666759	norloop_tts	ICGC_Prostate	tts	norloop
total_long_simple_indel	DO51964	1	0.0933996782381085	norloop_tts	ICGC_Prostate	tts	norloop
total_long_simple_indel	DO51965	0	0	norloop_tts	ICGC_Prostate	tts	norloop
total_long_simple_indel	DO52498	0	0	norloop_tts	ICGC_Prostate	tts	norloop
total_long_simple_indel	DO52499	0	0	norloop_tts	ICGC_Prostate	tts	norloop
total_long_simple_indel	DO52500	0	0	norloop_tts	ICGC_Prostate	tts	norloop
total_long_simple_indel	DO52501	1	0.0933996782381085	norloop_tts	ICGC_Prostate	tts	norloop
total_long_simple_indel	DO52502	1	0.0933996782381085	norloop_tts	ICGC_Prostate	tts	norloop
total_long_simple_indel	DO52503	0	0	norloop_tts	ICGC_Prostate	tts	norloop
total_long_simple_indel	DO52504	0	0	norloop_tts	ICGC_Prostate	tts	norloop
total_long_simple_indel	DO52505	0	0	norloop_tts	ICGC_Prostate	tts	norloop
total_long_simple_indel	DO52506	0	0	norloop_tts	ICGC_Prostate	tts	norloop
total_long_simple_indel	DO52508	0	0	norloop_tts	ICGC_Prostate	tts	norloop
total_long_simple_indel	DO52509	0	0	norloop_tts	ICGC_Prostate	tts	norloop
total_long_simple_indel	DO52510	0	0	norloop_tts	ICGC_Prostate	tts	norloop
total_long_simple_indel	DO52511	0	0	norloop_tts	ICGC_Prostate	tts	norloop
total_long_simple_indel	DO52512	0	0	norloop_tts	ICGC_Prostate	tts	norloop
total_long_simple_indel	DO52513	0	0	norloop_tts	ICGC_Prostate	tts	norloop
total_long_simple_indel	DO52514	0	0	norloop_tts	ICGC_Prostate	tts	norloop
total_long_simple_indel	DO52516	0	0	norloop_tts	ICGC_Prostate	tts	norloop
total_long_simple_indel	DO52518	0	0	norloop_tts	ICGC_Prostate	tts	norloop
total_long_simple_indel	DO52520	0	0	norloop_tts	ICGC_Prostate	tts	norloop
total_long_simple_indel	DO52522	0	0	norloop_tts	ICGC_Prostate	tts	norloop
total_long_simple_indel	DO52524	0	0	norloop_tts	ICGC_Prostate	tts	norloop
total_long_simple_indel	DO52526	0	0	norloop_tts	ICGC_Prostate	tts	norloop
total_long_simple_indel	DO52528	0	0	norloop_tts	ICGC_Prostate	tts	norloop
total_long_simple_indel	DO52530	0	0	norloop_tts	ICGC_Prostate	tts	norloop
total_long_simple_indel	DO52532	0	0	norloop_tts	ICGC_Prostate	tts	norloop
total_long_indel	DO10806	1	0.0933996782381085	norloop_tts	ICGC_Prostate	tts	norloop
total_long_indel	DO10807	0	0	norloop_tts	ICGC_Prostate	tts	norloop
total_long_indel	DO10809	1	0.0933996782381085	norloop_tts	ICGC_Prostate	tts	norloop
total_long_indel	DO10811	1	0.0933996782381085	norloop_tts	ICGC_Prostate	tts	norloop
total_long_indel	DO10813	0	0	norloop_tts	ICGC_Prostate	tts	norloop
total_long_indel	DO10815	0	0	norloop_tts	ICGC_Prostate	tts	norloop
total_long_indel	DO10817	0	0	norloop_tts	ICGC_Prostate	tts	norloop
total_long_indel	DO10819	0	0	norloop_tts	ICGC_Prostate	tts	norloop
total_long_indel	DO10821	0	0	norloop_tts	ICGC_Prostate	tts	norloop
total_long_indel	DO10823	0	0	norloop_tts	ICGC_Prostate	tts	norloop
total_long_indel	DO10825	1	0.0933996782381085	norloop_tts	ICGC_Prostate	tts	norloop
total_long_indel	DO10829	0	0	norloop_tts	ICGC_Prostate	tts	norloop
total_long_indel	DO10831	0	0	norloop_tts	ICGC_Prostate	tts	norloop
total_long_indel	DO10833	0	0	norloop_tts	ICGC_Prostate	tts	norloop
total_long_indel	DO10835	0	0	norloop_tts	ICGC_Prostate	tts	norloop
total_long_indel	DO10837	0	0	norloop_tts	ICGC_Prostate	tts	norloop
total_long_indel	DO36221	0	0	norloop_tts	ICGC_Prostate	tts	norloop
total_long_indel	DO36223	1	0.0933996782381085	norloop_tts	ICGC_Prostate	tts	norloop
total_long_indel	DO46787	0	0	norloop_tts	ICGC_Prostate	tts	norloop
total_long_indel	DO46788	0	0	norloop_tts	ICGC_Prostate	tts	norloop
total_long_indel	DO46790	1	0.0933996782381085	norloop_tts	ICGC_Prostate	tts	norloop
total_long_indel	DO46792	0	0	norloop_tts	ICGC_Prostate	tts	norloop
total_long_indel	DO46795	1	0.0933996782381085	norloop_tts	ICGC_Prostate	tts	norloop
total_long_indel	DO46796	0	0	norloop_tts	ICGC_Prostate	tts	norloop
total_long_indel	DO48577	2	0.186799356476217	norloop_tts	ICGC_Prostate	tts	norloop
total_long_indel	DO50414	0	0	norloop_tts	ICGC_Prostate	tts	norloop
total_long_indel	DO50415	2	0.186799356476217	norloop_tts	ICGC_Prostate	tts	norloop
total_long_indel	DO50416	0	0	norloop_tts	ICGC_Prostate	tts	norloop
total_long_indel	DO50417	0	0	norloop_tts	ICGC_Prostate	tts	norloop
total_long_indel	DO50418	1	0.0933996782381085	norloop_tts	ICGC_Prostate	tts	norloop
total_long_indel	DO50419	0	0	norloop_tts	ICGC_Prostate	tts	norloop
total_long_indel	DO50420	0	0	norloop_tts	ICGC_Prostate	tts	norloop
total_long_indel	DO50421	0	0	norloop_tts	ICGC_Prostate	tts	norloop
total_long_indel	DO50422	1	0.0933996782381085	norloop_tts	ICGC_Prostate	tts	norloop
total_long_indel	DO50423	0	0	norloop_tts	ICGC_Prostate	tts	norloop
total_long_indel	DO50424	1	0.0933996782381085	norloop_tts	ICGC_Prostate	tts	norloop
total_long_indel	DO50425	0	0	norloop_tts	ICGC_Prostate	tts	norloop
total_long_indel	DO50426	0	0	norloop_tts	ICGC_Prostate	tts	norloop
total_long_indel	DO50427	0	0	norloop_tts	ICGC_Prostate	tts	norloop
total_long_indel	DO50428	0	0	norloop_tts	ICGC_Prostate	tts	norloop
total_long_indel	DO50430	1	0.0933996782381085	norloop_tts	ICGC_Prostate	tts	norloop
total_long_indel	DO50431	0	0	norloop_tts	ICGC_Prostate	tts	norloop
total_long_indel	DO50432	0	0	norloop_tts	ICGC_Prostate	tts	norloop
total_long_indel	DO51044	0	0	norloop_tts	ICGC_Prostate	tts	norloop
total_long_indel	DO51045	0	0	norloop_tts	ICGC_Prostate	tts	norloop
total_long_indel	DO51046	1	0.0933996782381085	norloop_tts	ICGC_Prostate	tts	norloop
total_long_indel	DO51047	0	0	norloop_tts	ICGC_Prostate	tts	norloop
total_long_indel	DO51048	0	0	norloop_tts	ICGC_Prostate	tts	norloop
total_long_indel	DO51049	0	0	norloop_tts	ICGC_Prostate	tts	norloop
total_long_indel	DO51050	2	0.186799356476217	norloop_tts	ICGC_Prostate	tts	norloop
total_long_indel	DO51051	1	0.0933996782381085	norloop_tts	ICGC_Prostate	tts	norloop
total_long_indel	DO51052	1	0.0933996782381085	norloop_tts	ICGC_Prostate	tts	norloop
total_long_indel	DO51053	0	0	norloop_tts	ICGC_Prostate	tts	norloop
total_long_indel	DO51054	0	0	norloop_tts	ICGC_Prostate	tts	norloop
total_long_indel	DO51055	3	0.280199034714325	norloop_tts	ICGC_Prostate	tts	norloop
total_long_indel	DO51056	0	0	norloop_tts	ICGC_Prostate	tts	norloop
total_long_indel	DO51057	0	0	norloop_tts	ICGC_Prostate	tts	norloop
total_long_indel	DO51060	0	0	norloop_tts	ICGC_Prostate	tts	norloop
total_long_indel	DO51061	0	0	norloop_tts	ICGC_Prostate	tts	norloop
total_long_indel	DO51062	0	0	norloop_tts	ICGC_Prostate	tts	norloop
total_long_indel	DO51063	0	0	norloop_tts	ICGC_Prostate	tts	norloop
total_long_indel	DO51064	0	0	norloop_tts	ICGC_Prostate	tts	norloop
total_long_indel	DO51065	0	0	norloop_tts	ICGC_Prostate	tts	norloop
total_long_indel	DO51066	1	0.0933996782381085	norloop_tts	ICGC_Prostate	tts	norloop
total_long_indel	DO51067	0	0	norloop_tts	ICGC_Prostate	tts	norloop
total_long_indel	DO51068	0	0	norloop_tts	ICGC_Prostate	tts	norloop
total_long_indel	DO51069	0	0	norloop_tts	ICGC_Prostate	tts	norloop
total_long_indel	DO51070	1	0.0933996782381085	norloop_tts	ICGC_Prostate	tts	norloop
total_long_indel	DO51071	1	0.0933996782381085	norloop_tts	ICGC_Prostate	tts	norloop
total_long_indel	DO51072	0	0	norloop_tts	ICGC_Prostate	tts	norloop
total_long_indel	DO51073	0	0	norloop_tts	ICGC_Prostate	tts	norloop
total_long_indel	DO51074	1	0.0933996782381085	norloop_tts	ICGC_Prostate	tts	norloop
total_long_indel	DO51075	1	0.0933996782381085	norloop_tts	ICGC_Prostate	tts	norloop
total_long_indel	DO51078	0	0	norloop_tts	ICGC_Prostate	tts	norloop
total_long_indel	DO51079	0	0	norloop_tts	ICGC_Prostate	tts	norloop
total_long_indel	DO51080	0	0	norloop_tts	ICGC_Prostate	tts	norloop
total_long_indel	DO51081	1	0.0933996782381085	norloop_tts	ICGC_Prostate	tts	norloop
total_long_indel	DO51083	0	0	norloop_tts	ICGC_Prostate	tts	norloop
total_long_indel	DO51084	0	0	norloop_tts	ICGC_Prostate	tts	norloop
total_long_indel	DO51085	0	0	norloop_tts	ICGC_Prostate	tts	norloop
total_long_indel	DO51086	0	0	norloop_tts	ICGC_Prostate	tts	norloop
total_long_indel	DO51087	1	0.0933996782381085	norloop_tts	ICGC_Prostate	tts	norloop
total_long_indel	DO51088	1	0.0933996782381085	norloop_tts	ICGC_Prostate	tts	norloop
total_long_indel	DO51089	0	0	norloop_tts	ICGC_Prostate	tts	norloop
total_long_indel	DO51090	0	0	norloop_tts	ICGC_Prostate	tts	norloop
total_long_indel	DO51091	0	0	norloop_tts	ICGC_Prostate	tts	norloop
total_long_indel	DO51092	0	0	norloop_tts	ICGC_Prostate	tts	norloop
total_long_indel	DO51093	1	0.0933996782381085	norloop_tts	ICGC_Prostate	tts	norloop
total_long_indel	DO51094	0	0	norloop_tts	ICGC_Prostate	tts	norloop
total_long_indel	DO51095	0	0	norloop_tts	ICGC_Prostate	tts	norloop
total_long_indel	DO51096	0	0	norloop_tts	ICGC_Prostate	tts	norloop
total_long_indel	DO51097	0	0	norloop_tts	ICGC_Prostate	tts	norloop
total_long_indel	DO51098	0	0	norloop_tts	ICGC_Prostate	tts	norloop
total_long_indel	DO51099	0	0	norloop_tts	ICGC_Prostate	tts	norloop
total_long_indel	DO51100	1	0.0933996782381085	norloop_tts	ICGC_Prostate	tts	norloop
total_long_indel	DO51102	0	0	norloop_tts	ICGC_Prostate	tts	norloop
total_long_indel	DO51103	2	0.186799356476217	norloop_tts	ICGC_Prostate	tts	norloop
total_long_indel	DO51104	0	0	norloop_tts	ICGC_Prostate	tts	norloop
total_long_indel	DO51105	0	0	norloop_tts	ICGC_Prostate	tts	norloop
total_long_indel	DO51106	0	0	norloop_tts	ICGC_Prostate	tts	norloop
total_long_indel	DO51107	0	0	norloop_tts	ICGC_Prostate	tts	norloop
total_long_indel	DO51108	2	0.186799356476217	norloop_tts	ICGC_Prostate	tts	norloop
total_long_indel	DO51109	0	0	norloop_tts	ICGC_Prostate	tts	norloop
total_long_indel	DO51110	1	0.0933996782381085	norloop_tts	ICGC_Prostate	tts	norloop
total_long_indel	DO51111	0	0	norloop_tts	ICGC_Prostate	tts	norloop
total_long_indel	DO51112	1	0.0933996782381085	norloop_tts	ICGC_Prostate	tts	norloop
total_long_indel	DO51113	0	0	norloop_tts	ICGC_Prostate	tts	norloop
total_long_indel	DO51114	0	0	norloop_tts	ICGC_Prostate	tts	norloop
total_long_indel	DO51115	0	0	norloop_tts	ICGC_Prostate	tts	norloop
total_long_indel	DO51116	0	0	norloop_tts	ICGC_Prostate	tts	norloop
total_long_indel	DO51117	0	0	norloop_tts	ICGC_Prostate	tts	norloop
total_long_indel	DO51118	1	0.0933996782381085	norloop_tts	ICGC_Prostate	tts	norloop
total_long_indel	DO51119	1	0.0933996782381085	norloop_tts	ICGC_Prostate	tts	norloop
total_long_indel	DO51120	1	0.0933996782381085	norloop_tts	ICGC_Prostate	tts	norloop
total_long_indel	DO51121	0	0	norloop_tts	ICGC_Prostate	tts	norloop
total_long_indel	DO51122	1	0.0933996782381085	norloop_tts	ICGC_Prostate	tts	norloop
total_long_indel	DO51123	0	0	norloop_tts	ICGC_Prostate	tts	norloop
total_long_indel	DO51124	0	0	norloop_tts	ICGC_Prostate	tts	norloop
total_long_indel	DO51125	0	0	norloop_tts	ICGC_Prostate	tts	norloop
total_long_indel	DO51126	0	0	norloop_tts	ICGC_Prostate	tts	norloop
total_long_indel	DO51127	0	0	norloop_tts	ICGC_Prostate	tts	norloop
total_long_indel	DO51128	0	0	norloop_tts	ICGC_Prostate	tts	norloop
total_long_indel	DO51129	0	0	norloop_tts	ICGC_Prostate	tts	norloop
total_long_indel	DO51130	0	0	norloop_tts	ICGC_Prostate	tts	norloop
total_long_indel	DO51131	0	0	norloop_tts	ICGC_Prostate	tts	norloop
total_long_indel	DO51132	0	0	norloop_tts	ICGC_Prostate	tts	norloop
total_long_indel	DO51133	1	0.0933996782381085	norloop_tts	ICGC_Prostate	tts	norloop
total_long_indel	DO51134	0	0	norloop_tts	ICGC_Prostate	tts	norloop
total_long_indel	DO51135	0	0	norloop_tts	ICGC_Prostate	tts	norloop
total_long_indel	DO51136	0	0	norloop_tts	ICGC_Prostate	tts	norloop
total_long_indel	DO51137	0	0	norloop_tts	ICGC_Prostate	tts	norloop
total_long_indel	DO51138	1	0.0933996782381085	norloop_tts	ICGC_Prostate	tts	norloop
total_long_indel	DO51139	0	0	norloop_tts	ICGC_Prostate	tts	norloop
total_long_indel	DO51140	0	0	norloop_tts	ICGC_Prostate	tts	norloop
total_long_indel	DO51141	0	0	norloop_tts	ICGC_Prostate	tts	norloop
total_long_indel	DO51142	0	0	norloop_tts	ICGC_Prostate	tts	norloop
total_long_indel	DO51143	1	0.0933996782381085	norloop_tts	ICGC_Prostate	tts	norloop
total_long_indel	DO51144	0	0	norloop_tts	ICGC_Prostate	tts	norloop
total_long_indel	DO51145	0	0	norloop_tts	ICGC_Prostate	tts	norloop
total_long_indel	DO51147	0	0	norloop_tts	ICGC_Prostate	tts	norloop
total_long_indel	DO51148	1	0.0933996782381085	norloop_tts	ICGC_Prostate	tts	norloop
total_long_indel	DO51150	0	0	norloop_tts	ICGC_Prostate	tts	norloop
total_long_indel	DO51151	0	0	norloop_tts	ICGC_Prostate	tts	norloop
total_long_indel	DO51152	1	0.0933996782381085	norloop_tts	ICGC_Prostate	tts	norloop
total_long_indel	DO51153	0	0	norloop_tts	ICGC_Prostate	tts	norloop
total_long_indel	DO51154	0	0	norloop_tts	ICGC_Prostate	tts	norloop
total_long_indel	DO51155	0	0	norloop_tts	ICGC_Prostate	tts	norloop
total_long_indel	DO51156	0	0	norloop_tts	ICGC_Prostate	tts	norloop
total_long_indel	DO51157	0	0	norloop_tts	ICGC_Prostate	tts	norloop
total_long_indel	DO51158	0	0	norloop_tts	ICGC_Prostate	tts	norloop
total_long_indel	DO51159	0	0	norloop_tts	ICGC_Prostate	tts	norloop
total_long_indel	DO51953	1	0.0933996782381085	norloop_tts	ICGC_Prostate	tts	norloop
total_long_indel	DO51954	1	0.0933996782381085	norloop_tts	ICGC_Prostate	tts	norloop
total_long_indel	DO51955	4	0.373598712952434	norloop_tts	ICGC_Prostate	tts	norloop
total_long_indel	DO51956	2	0.186799356476217	norloop_tts	ICGC_Prostate	tts	norloop
total_long_indel	DO51958	0	0	norloop_tts	ICGC_Prostate	tts	norloop
total_long_indel	DO51959	0	0	norloop_tts	ICGC_Prostate	tts	norloop
total_long_indel	DO51960	3	0.280199034714325	norloop_tts	ICGC_Prostate	tts	norloop
total_long_indel	DO51962	12	1.1207961388573	norloop_tts	ICGC_Prostate	tts	norloop
total_long_indel	DO51964	2	0.186799356476217	norloop_tts	ICGC_Prostate	tts	norloop
total_long_indel	DO51965	3	0.280199034714325	norloop_tts	ICGC_Prostate	tts	norloop
total_long_indel	DO52498	0	0	norloop_tts	ICGC_Prostate	tts	norloop
total_long_indel	DO52499	0	0	norloop_tts	ICGC_Prostate	tts	norloop
total_long_indel	DO52500	0	0	norloop_tts	ICGC_Prostate	tts	norloop
total_long_indel	DO52501	1	0.0933996782381085	norloop_tts	ICGC_Prostate	tts	norloop
total_long_indel	DO52502	1	0.0933996782381085	norloop_tts	ICGC_Prostate	tts	norloop
total_long_indel	DO52503	0	0	norloop_tts	ICGC_Prostate	tts	norloop
total_long_indel	DO52504	0	0	norloop_tts	ICGC_Prostate	tts	norloop
total_long_indel	DO52505	0	0	norloop_tts	ICGC_Prostate	tts	norloop
total_long_indel	DO52506	0	0	norloop_tts	ICGC_Prostate	tts	norloop
total_long_indel	DO52508	0	0	norloop_tts	ICGC_Prostate	tts	norloop
total_long_indel	DO52509	0	0	norloop_tts	ICGC_Prostate	tts	norloop
total_long_indel	DO52510	1	0.0933996782381085	norloop_tts	ICGC_Prostate	tts	norloop
total_long_indel	DO52511	1	0.0933996782381085	norloop_tts	ICGC_Prostate	tts	norloop
total_long_indel	DO52512	0	0	norloop_tts	ICGC_Prostate	tts	norloop
total_long_indel	DO52513	0	0	norloop_tts	ICGC_Prostate	tts	norloop
total_long_indel	DO52514	0	0	norloop_tts	ICGC_Prostate	tts	norloop
total_long_indel	DO52516	0	0	norloop_tts	ICGC_Prostate	tts	norloop
total_long_indel	DO52518	0	0	norloop_tts	ICGC_Prostate	tts	norloop
total_long_indel	DO52520	0	0	norloop_tts	ICGC_Prostate	tts	norloop
total_long_indel	DO52522	0	0	norloop_tts	ICGC_Prostate	tts	norloop
total_long_indel	DO52524	0	0	norloop_tts	ICGC_Prostate	tts	norloop
total_long_indel	DO52526	0	0	norloop_tts	ICGC_Prostate	tts	norloop
total_long_indel	DO52528	0	0	norloop_tts	ICGC_Prostate	tts	norloop
total_long_indel	DO52530	0	0	norloop_tts	ICGC_Prostate	tts	norloop
total_long_indel	DO52532	0	0	norloop_tts	ICGC_Prostate	tts	norloop
total_Indel	PD11336	2	0.281099278080834	rloop_tss	Serena_ER	tss	rloop
total_Indel	PD11337	0	0	rloop_tss	Serena_ER	tss	rloop
total_Indel	PD11338	1	0.140549639040417	rloop_tss	Serena_ER	tss	rloop
total_Indel	PD11339	3	0.421648917121251	rloop_tss	Serena_ER	tss	rloop
total_Indel	PD11340	0	0	rloop_tss	Serena_ER	tss	rloop
total_Indel	PD11341	0	0	rloop_tss	Serena_ER	tss	rloop
total_Indel	PD11342	0	0	rloop_tss	Serena_ER	tss	rloop
total_Indel	PD11343	0	0	rloop_tss	Serena_ER	tss	rloop
total_Indel	PD11352	0	0	rloop_tss	Serena_ER	tss	rloop
total_Indel	PD11355	1	0.140549639040417	rloop_tss	Serena_ER	tss	rloop
total_Indel	PD11357	2	0.281099278080834	rloop_tss	Serena_ER	tss	rloop
total_Indel	PD11358	0	0	rloop_tss	Serena_ER	tss	rloop
total_Indel	PD11359	0	0	rloop_tss	Serena_ER	tss	rloop
total_Indel	PD11360	1	0.140549639040417	rloop_tss	Serena_ER	tss	rloop
total_Indel	PD11361	0	0	rloop_tss	Serena_ER	tss	rloop
total_Indel	PD11364	1	0.140549639040417	rloop_tss	Serena_ER	tss	rloop
total_Indel	PD11365	13	1.82714530752542	rloop_tss	Serena_ER	tss	rloop
total_Indel	PD11366	1	0.140549639040417	rloop_tss	Serena_ER	tss	rloop
total_Indel	PD11367	0	0	rloop_tss	Serena_ER	tss	rloop
total_Indel	PD11368	1	0.140549639040417	rloop_tss	Serena_ER	tss	rloop
total_Indel	PD11369	0	0	rloop_tss	Serena_ER	tss	rloop
total_Indel	PD11370	0	0	rloop_tss	Serena_ER	tss	rloop
total_Indel	PD11372	1	0.140549639040417	rloop_tss	Serena_ER	tss	rloop
total_Indel	PD11374	0	0	rloop_tss	Serena_ER	tss	rloop
total_Indel	PD11375	1	0.140549639040417	rloop_tss	Serena_ER	tss	rloop
total_Indel	PD11376	0	0	rloop_tss	Serena_ER	tss	rloop
total_Indel	PD11379	1	0.140549639040417	rloop_tss	Serena_ER	tss	rloop
total_Indel	PD11380	0	0	rloop_tss	Serena_ER	tss	rloop
total_Indel	PD11381	0	0	rloop_tss	Serena_ER	tss	rloop
total_Indel	PD11383	2	0.281099278080834	rloop_tss	Serena_ER	tss	rloop
total_Indel	PD11384	1	0.140549639040417	rloop_tss	Serena_ER	tss	rloop
total_Indel	PD11385	0	0	rloop_tss	Serena_ER	tss	rloop
total_Indel	PD11386	0	0	rloop_tss	Serena_ER	tss	rloop
total_Indel	PD11388	1	0.140549639040417	rloop_tss	Serena_ER	tss	rloop
total_Indel	PD11389	0	0	rloop_tss	Serena_ER	tss	rloop
total_Indel	PD11391	0	0	rloop_tss	Serena_ER	tss	rloop
total_Indel	PD11393	0	0	rloop_tss	Serena_ER	tss	rloop
total_Indel	PD11394	0	0	rloop_tss	Serena_ER	tss	rloop
total_Indel	PD11395	1	0.140549639040417	rloop_tss	Serena_ER	tss	rloop
total_Indel	PD11396	1	0.140549639040417	rloop_tss	Serena_ER	tss	rloop
total_Indel	PD11397	0	0	rloop_tss	Serena_ER	tss	rloop
total_Indel	PD11398	0	0	rloop_tss	Serena_ER	tss	rloop
total_Indel	PD11399	0	0	rloop_tss	Serena_ER	tss	rloop
total_Indel	PD11402	0	0	rloop_tss	Serena_ER	tss	rloop
total_Indel	PD11740	0	0	rloop_tss	Serena_ER	tss	rloop
total_Indel	PD11741	0	0	rloop_tss	Serena_ER	tss	rloop
total_Indel	PD11742	0	0	rloop_tss	Serena_ER	tss	rloop
total_Indel	PD11743	1	0.140549639040417	rloop_tss	Serena_ER	tss	rloop
total_Indel	PD11744	2	0.281099278080834	rloop_tss	Serena_ER	tss	rloop
total_Indel	PD11745	0	0	rloop_tss	Serena_ER	tss	rloop
total_Indel	PD11750	1	0.140549639040417	rloop_tss	Serena_ER	tss	rloop
total_Indel	PD11753	0	0	rloop_tss	Serena_ER	tss	rloop
total_Indel	PD11756	0	0	rloop_tss	Serena_ER	tss	rloop
total_Indel	PD11760	3	0.421648917121251	rloop_tss	Serena_ER	tss	rloop
total_Indel	PD11761	0	0	rloop_tss	Serena_ER	tss	rloop
total_Indel	PD11765	1	0.140549639040417	rloop_tss	Serena_ER	tss	rloop
total_Indel	PD11766	0	0	rloop_tss	Serena_ER	tss	rloop
total_Indel	PD11767	0	0	rloop_tss	Serena_ER	tss	rloop
total_Indel	PD11769	1	0.140549639040417	rloop_tss	Serena_ER	tss	rloop
total_Indel	PD11816	1	0.140549639040417	rloop_tss	Serena_ER	tss	rloop
total_Indel	PD11818	2	0.281099278080834	rloop_tss	Serena_ER	tss	rloop
total_Indel	PD11819	0	0	rloop_tss	Serena_ER	tss	rloop
total_Indel	PD13302	3	0.421648917121251	rloop_tss	Serena_ER	tss	rloop
total_Indel	PD13304	0	0	rloop_tss	Serena_ER	tss	rloop
total_Indel	PD13306	0	0	rloop_tss	Serena_ER	tss	rloop
total_Indel	PD13307	2	0.281099278080834	rloop_tss	Serena_ER	tss	rloop
total_Indel	PD13310	0	0	rloop_tss	Serena_ER	tss	rloop
total_Indel	PD13312	0	0	rloop_tss	Serena_ER	tss	rloop
total_Indel	PD13416	1	0.140549639040417	rloop_tss	Serena_ER	tss	rloop
total_Indel	PD13419	0	0	rloop_tss	Serena_ER	tss	rloop
total_Indel	PD13420	0	0	rloop_tss	Serena_ER	tss	rloop
total_Indel	PD13422	2	0.281099278080834	rloop_tss	Serena_ER	tss	rloop
total_Indel	PD13424	1	0.140549639040417	rloop_tss	Serena_ER	tss	rloop
total_Indel	PD13425	2	0.281099278080834	rloop_tss	Serena_ER	tss	rloop
total_Indel	PD13426	1	0.140549639040417	rloop_tss	Serena_ER	tss	rloop
total_Indel	PD13427	0	0	rloop_tss	Serena_ER	tss	rloop
total_Indel	PD13618	0	0	rloop_tss	Serena_ER	tss	rloop
total_Indel	PD13619	1	0.140549639040417	rloop_tss	Serena_ER	tss	rloop
total_Indel	PD13620	3	0.421648917121251	rloop_tss	Serena_ER	tss	rloop
total_Indel	PD13623	1	0.140549639040417	rloop_tss	Serena_ER	tss	rloop
total_Indel	PD13625	2	0.281099278080834	rloop_tss	Serena_ER	tss	rloop
total_Indel	PD13626	0	0	rloop_tss	Serena_ER	tss	rloop
total_Indel	PD13629	0	0	rloop_tss	Serena_ER	tss	rloop
total_Indel	PD13630	1	0.140549639040417	rloop_tss	Serena_ER	tss	rloop
total_Indel	PD13631	0	0	rloop_tss	Serena_ER	tss	rloop
total_Indel	PD13752	0	0	rloop_tss	Serena_ER	tss	rloop
total_Indel	PD13753	0	0	rloop_tss	Serena_ER	tss	rloop
total_Indel	PD13754	0	0	rloop_tss	Serena_ER	tss	rloop
total_Indel	PD13755	0	0	rloop_tss	Serena_ER	tss	rloop
total_Indel	PD13756	2	0.281099278080834	rloop_tss	Serena_ER	tss	rloop
total_Indel	PD13757	0	0	rloop_tss	Serena_ER	tss	rloop
total_Indel	PD13758	2	0.281099278080834	rloop_tss	Serena_ER	tss	rloop
total_Indel	PD13760	0	0	rloop_tss	Serena_ER	tss	rloop
total_Indel	PD13761	1	0.140549639040417	rloop_tss	Serena_ER	tss	rloop
total_Indel	PD13762	0	0	rloop_tss	Serena_ER	tss	rloop
total_Indel	PD13763	0	0	rloop_tss	Serena_ER	tss	rloop
total_Indel	PD13764	0	0	rloop_tss	Serena_ER	tss	rloop
total_Indel	PD13765	0	0	rloop_tss	Serena_ER	tss	rloop
total_Indel	PD13766	0	0	rloop_tss	Serena_ER	tss	rloop
total_Indel	PD13767	0	0	rloop_tss	Serena_ER	tss	rloop
total_Indel	PD13768	1	0.140549639040417	rloop_tss	Serena_ER	tss	rloop
total_Indel	PD13770	0	0	rloop_tss	Serena_ER	tss	rloop
total_Indel	PD13771	0	0	rloop_tss	Serena_ER	tss	rloop
total_Indel	PD14432	1	0.140549639040417	rloop_tss	Serena_ER	tss	rloop
total_Indel	PD14433	2	0.281099278080834	rloop_tss	Serena_ER	tss	rloop
total_Indel	PD14435	1	0.140549639040417	rloop_tss	Serena_ER	tss	rloop
total_Indel	PD14437	0	0	rloop_tss	Serena_ER	tss	rloop
total_Indel	PD14439	0	0	rloop_tss	Serena_ER	tss	rloop
total_Indel	PD14441	0	0	rloop_tss	Serena_ER	tss	rloop
total_Indel	PD14442	0	0	rloop_tss	Serena_ER	tss	rloop
total_Indel	PD14450	0	0	rloop_tss	Serena_ER	tss	rloop
total_Indel	PD14453	1	0.140549639040417	rloop_tss	Serena_ER	tss	rloop
total_Indel	PD14454	0	0	rloop_tss	Serena_ER	tss	rloop
total_Indel	PD14456	0	0	rloop_tss	Serena_ER	tss	rloop
total_Indel	PD14457	0	0	rloop_tss	Serena_ER	tss	rloop
total_Indel	PD14458	0	0	rloop_tss	Serena_ER	tss	rloop
total_Indel	PD14459	2	0.281099278080834	rloop_tss	Serena_ER	tss	rloop
total_Indel	PD14460	1	0.140549639040417	rloop_tss	Serena_ER	tss	rloop
total_Indel	PD14461	0	0	rloop_tss	Serena_ER	tss	rloop
total_Indel	PD14462	0	0	rloop_tss	Serena_ER	tss	rloop
total_Indel	PD14465	0	0	rloop_tss	Serena_ER	tss	rloop
total_Indel	PD14467	0	0	rloop_tss	Serena_ER	tss	rloop
total_Indel	PD14468	2	0.281099278080834	rloop_tss	Serena_ER	tss	rloop
total_Indel	PD14471	1	0.140549639040417	rloop_tss	Serena_ER	tss	rloop
total_Indel	PD14472	2	0.281099278080834	rloop_tss	Serena_ER	tss	rloop
total_Indel	PD14473	1	0.140549639040417	rloop_tss	Serena_ER	tss	rloop
total_Indel	PD17973	0	0	rloop_tss	Serena_ER	tss	rloop
total_Indel	PD17981	1	0.140549639040417	rloop_tss	Serena_ER	tss	rloop
total_Indel	PD17991	0	0	rloop_tss	Serena_ER	tss	rloop
total_Indel	PD17994	0	0	rloop_tss	Serena_ER	tss	rloop
total_Indel	PD18046	0	0	rloop_tss	Serena_ER	tss	rloop
total_Indel	PD18100	0	0	rloop_tss	Serena_ER	tss	rloop
total_Indel	PD18101	0	0	rloop_tss	Serena_ER	tss	rloop
total_Indel	PD18116	0	0	rloop_tss	Serena_ER	tss	rloop
total_Indel	PD18149	0	0	rloop_tss	Serena_ER	tss	rloop
total_Indel	PD18247	1	0.140549639040417	rloop_tss	Serena_ER	tss	rloop
total_Indel	PD18251	0	0	rloop_tss	Serena_ER	tss	rloop
total_Indel	PD18257	0	0	rloop_tss	Serena_ER	tss	rloop
total_Indel	PD18258	0	0	rloop_tss	Serena_ER	tss	rloop
total_Indel	PD18259	1	0.140549639040417	rloop_tss	Serena_ER	tss	rloop
total_Indel	PD18264	0	0	rloop_tss	Serena_ER	tss	rloop
total_Indel	PD18269	0	0	rloop_tss	Serena_ER	tss	rloop
total_Indel	PD18728	2	0.281099278080834	rloop_tss	Serena_ER	tss	rloop
total_Indel	PD18730	0	0	rloop_tss	Serena_ER	tss	rloop
total_Indel	PD18733	0	0	rloop_tss	Serena_ER	tss	rloop
total_Indel	PD18734	0	0	rloop_tss	Serena_ER	tss	rloop
total_Indel	PD18748	2	0.281099278080834	rloop_tss	Serena_ER	tss	rloop
total_Indel	PD18749	1	0.140549639040417	rloop_tss	Serena_ER	tss	rloop
total_Indel	PD18751	0	0	rloop_tss	Serena_ER	tss	rloop
total_Indel	PD18754	2	0.281099278080834	rloop_tss	Serena_ER	tss	rloop
total_Indel	PD18756	0	0	rloop_tss	Serena_ER	tss	rloop
total_Indel	PD18768	1	0.140549639040417	rloop_tss	Serena_ER	tss	rloop
total_Indel	PD18769	0	0	rloop_tss	Serena_ER	tss	rloop
total_Indel	PD18771	0	0	rloop_tss	Serena_ER	tss	rloop
total_Indel	PD18775	0	0	rloop_tss	Serena_ER	tss	rloop
total_Indel	PD18776	0	0	rloop_tss	Serena_ER	tss	rloop
total_Indel	PD22251	0	0	rloop_tss	Serena_ER	tss	rloop
total_Indel	PD22361	0	0	rloop_tss	Serena_ER	tss	rloop
total_Indel	PD22364	0	0	rloop_tss	Serena_ER	tss	rloop
total_Indel	PD22365	1	0.140549639040417	rloop_tss	Serena_ER	tss	rloop
total_Indel	PD23550	0	0	rloop_tss	Serena_ER	tss	rloop
total_Indel	PD23558	0	0	rloop_tss	Serena_ER	tss	rloop
total_Indel	PD23570	0	0	rloop_tss	Serena_ER	tss	rloop
total_Indel	PD24193	4	0.562198556161668	rloop_tss	Serena_ER	tss	rloop
total_Indel	PD24199	0	0	rloop_tss	Serena_ER	tss	rloop
total_Indel	PD24206	0	0	rloop_tss	Serena_ER	tss	rloop
total_Indel	PD24212	0	0	rloop_tss	Serena_ER	tss	rloop
total_Indel	PD24214	0	0	rloop_tss	Serena_ER	tss	rloop
total_Indel	PD24216	0	0	rloop_tss	Serena_ER	tss	rloop
total_Indel	PD24223	2	0.281099278080834	rloop_tss	Serena_ER	tss	rloop
total_Indel	PD24302	0	0	rloop_tss	Serena_ER	tss	rloop
total_Indel	PD24307	0	0	rloop_tss	Serena_ER	tss	rloop
total_Indel	PD24320	6	0.843297834242502	rloop_tss	Serena_ER	tss	rloop
total_Indel	PD24327	0	0	rloop_tss	Serena_ER	tss	rloop
total_Indel	PD24329	0	0	rloop_tss	Serena_ER	tss	rloop
total_Indel	PD3851	1	0.140549639040417	rloop_tss	Serena_ER	tss	rloop
total_Indel	PD3904	1	0.140549639040417	rloop_tss	Serena_ER	tss	rloop
total_Indel	PD3945	1	0.140549639040417	rloop_tss	Serena_ER	tss	rloop
total_Indel	PD3989	1	0.140549639040417	rloop_tss	Serena_ER	tss	rloop
total_Indel	PD4069	0	0	rloop_tss	Serena_ER	tss	rloop
total_Indel	PD4072	0	0	rloop_tss	Serena_ER	tss	rloop
total_Indel	PD4076	0	0	rloop_tss	Serena_ER	tss	rloop
total_Indel	PD4085	0	0	rloop_tss	Serena_ER	tss	rloop
total_Indel	PD4086	0	0	rloop_tss	Serena_ER	tss	rloop
total_Indel	PD4103	0	0	rloop_tss	Serena_ER	tss	rloop
total_Indel	PD4115	0	0	rloop_tss	Serena_ER	tss	rloop
total_Indel	PD4116	0	0	rloop_tss	Serena_ER	tss	rloop
total_Indel	PD4225	1	0.140549639040417	rloop_tss	Serena_ER	tss	rloop
total_Indel	PD4261	1	0.140549639040417	rloop_tss	Serena_ER	tss	rloop
total_Indel	PD4266	0	0	rloop_tss	Serena_ER	tss	rloop
total_Indel	PD4267	0	0	rloop_tss	Serena_ER	tss	rloop
total_Indel	PD4315	1	0.140549639040417	rloop_tss	Serena_ER	tss	rloop
total_Indel	PD4604	1	0.140549639040417	rloop_tss	Serena_ER	tss	rloop
total_Indel	PD4605	0	0	rloop_tss	Serena_ER	tss	rloop
total_Indel	PD4606	0	0	rloop_tss	Serena_ER	tss	rloop
total_Indel	PD4607	1	0.140549639040417	rloop_tss	Serena_ER	tss	rloop
total_Indel	PD4613	0	0	rloop_tss	Serena_ER	tss	rloop
total_Indel	PD4872	0	0	rloop_tss	Serena_ER	tss	rloop
total_Indel	PD4876	0	0	rloop_tss	Serena_ER	tss	rloop
total_Indel	PD4951	0	0	rloop_tss	Serena_ER	tss	rloop
total_Indel	PD4952	2	0.281099278080834	rloop_tss	Serena_ER	tss	rloop
total_Indel	PD4953	0	0	rloop_tss	Serena_ER	tss	rloop
total_Indel	PD4954	2	0.281099278080834	rloop_tss	Serena_ER	tss	rloop
total_Indel	PD4957	0	0	rloop_tss	Serena_ER	tss	rloop
total_Indel	PD4958	0	0	rloop_tss	Serena_ER	tss	rloop
total_Indel	PD4959	0	0	rloop_tss	Serena_ER	tss	rloop
total_Indel	PD4965	0	0	rloop_tss	Serena_ER	tss	rloop
total_Indel	PD4967	0	0	rloop_tss	Serena_ER	tss	rloop
total_Indel	PD4968	0	0	rloop_tss	Serena_ER	tss	rloop
total_Indel	PD4970	0	0	rloop_tss	Serena_ER	tss	rloop
total_Indel	PD4971	1	0.140549639040417	rloop_tss	Serena_ER	tss	rloop
total_Indel	PD4972	0	0	rloop_tss	Serena_ER	tss	rloop
total_Indel	PD4976	1	0.140549639040417	rloop_tss	Serena_ER	tss	rloop
total_Indel	PD4981	0	0	rloop_tss	Serena_ER	tss	rloop
total_Indel	PD4982	0	0	rloop_tss	Serena_ER	tss	rloop
total_Indel	PD4983	0	0	rloop_tss	Serena_ER	tss	rloop
total_Indel	PD4985	1	0.140549639040417	rloop_tss	Serena_ER	tss	rloop
total_Indel	PD4986	1	0.140549639040417	rloop_tss	Serena_ER	tss	rloop
total_Indel	PD5928	1	0.140549639040417	rloop_tss	Serena_ER	tss	rloop
total_Indel	PD5936	0	0	rloop_tss	Serena_ER	tss	rloop
total_Indel	PD5937	51	7.16803159106127	rloop_tss	Serena_ER	tss	rloop
total_Indel	PD5946	0	0	rloop_tss	Serena_ER	tss	rloop
total_Indel	PD5947	0	0	rloop_tss	Serena_ER	tss	rloop
total_Indel	PD5951	0	0	rloop_tss	Serena_ER	tss	rloop
total_Indel	PD5953	4	0.562198556161668	rloop_tss	Serena_ER	tss	rloop
total_Indel	PD5956	0	0	rloop_tss	Serena_ER	tss	rloop
total_Indel	PD5959	1	0.140549639040417	rloop_tss	Serena_ER	tss	rloop
total_Indel	PD5960	2	0.281099278080834	rloop_tss	Serena_ER	tss	rloop
total_Indel	PD5961	1	0.140549639040417	rloop_tss	Serena_ER	tss	rloop
total_Indel	PD5964	0	0	rloop_tss	Serena_ER	tss	rloop
total_Indel	PD6016	0	0	rloop_tss	Serena_ER	tss	rloop
total_Indel	PD6041	1	0.140549639040417	rloop_tss	Serena_ER	tss	rloop
total_Indel	PD6042	0	0	rloop_tss	Serena_ER	tss	rloop
total_Indel	PD6043	1	0.140549639040417	rloop_tss	Serena_ER	tss	rloop
total_Indel	PD6044	1	0.140549639040417	rloop_tss	Serena_ER	tss	rloop
total_Indel	PD6045	0	0	rloop_tss	Serena_ER	tss	rloop
total_Indel	PD6417	0	0	rloop_tss	Serena_ER	tss	rloop
total_Indel	PD6418	0	0	rloop_tss	Serena_ER	tss	rloop
total_Indel	PD6422	2	0.281099278080834	rloop_tss	Serena_ER	tss	rloop
total_Indel	PD6466	0	0	rloop_tss	Serena_ER	tss	rloop
total_Indel	PD6711	1	0.140549639040417	rloop_tss	Serena_ER	tss	rloop
total_Indel	PD6719	0	0	rloop_tss	Serena_ER	tss	rloop
total_Indel	PD6720	0	0	rloop_tss	Serena_ER	tss	rloop
total_Indel	PD6721	0	0	rloop_tss	Serena_ER	tss	rloop
total_Indel	PD7199	0	0	rloop_tss	Serena_ER	tss	rloop
total_Indel	PD7201	1	0.140549639040417	rloop_tss	Serena_ER	tss	rloop
total_Indel	PD7206	2	0.281099278080834	rloop_tss	Serena_ER	tss	rloop
total_Indel	PD7207	2	0.281099278080834	rloop_tss	Serena_ER	tss	rloop
total_Indel	PD7209	1	0.140549639040417	rloop_tss	Serena_ER	tss	rloop
total_Indel	PD7210	1	0.140549639040417	rloop_tss	Serena_ER	tss	rloop
total_Indel	PD7214	2	0.281099278080834	rloop_tss	Serena_ER	tss	rloop
total_Indel	PD7215	1	0.140549639040417	rloop_tss	Serena_ER	tss	rloop
total_Indel	PD7218	0	0	rloop_tss	Serena_ER	tss	rloop
total_Indel	PD7219	0	0	rloop_tss	Serena_ER	tss	rloop
total_Indel	PD7221	2	0.281099278080834	rloop_tss	Serena_ER	tss	rloop
total_Indel	PD7238	2	0.281099278080834	rloop_tss	Serena_ER	tss	rloop
total_Indel	PD7240	0	0	rloop_tss	Serena_ER	tss	rloop
total_Indel	PD7243	5	0.702748195202085	rloop_tss	Serena_ER	tss	rloop
total_Indel	PD7322	0	0	rloop_tss	Serena_ER	tss	rloop
total_Indel	PD8609	2	0.281099278080834	rloop_tss	Serena_ER	tss	rloop
total_Indel	PD8610	0	0	rloop_tss	Serena_ER	tss	rloop
total_Indel	PD8612	0	0	rloop_tss	Serena_ER	tss	rloop
total_Indel	PD8614	0	0	rloop_tss	Serena_ER	tss	rloop
total_Indel	PD8615	0	0	rloop_tss	Serena_ER	tss	rloop
total_Indel	PD8617	0	0	rloop_tss	Serena_ER	tss	rloop
total_Indel	PD8618	2	0.281099278080834	rloop_tss	Serena_ER	tss	rloop
total_Indel	PD8620	0	0	rloop_tss	Serena_ER	tss	rloop
total_Indel	PD8622	1	0.140549639040417	rloop_tss	Serena_ER	tss	rloop
total_Indel	PD8623	2	0.281099278080834	rloop_tss	Serena_ER	tss	rloop
total_Indel	PD8828	0	0	rloop_tss	Serena_ER	tss	rloop
total_Indel	PD8973	1	0.140549639040417	rloop_tss	Serena_ER	tss	rloop
total_Indel	PD8977	1	0.140549639040417	rloop_tss	Serena_ER	tss	rloop
total_Indel	PD8978	3	0.421648917121251	rloop_tss	Serena_ER	tss	rloop
total_Indel	PD8979	0	0	rloop_tss	Serena_ER	tss	rloop
total_Indel	PD8980	5	0.702748195202085	rloop_tss	Serena_ER	tss	rloop
total_Indel	PD8981	0	0	rloop_tss	Serena_ER	tss	rloop
total_Indel	PD9000	3	0.421648917121251	rloop_tss	Serena_ER	tss	rloop
total_Indel	PD9001	4	0.562198556161668	rloop_tss	Serena_ER	tss	rloop
total_Indel	PD9002	3	0.421648917121251	rloop_tss	Serena_ER	tss	rloop
total_Indel	PD9063	0	0	rloop_tss	Serena_ER	tss	rloop
total_Indel	PD9065	1	0.140549639040417	rloop_tss	Serena_ER	tss	rloop
total_Indel	PD9067	0	0	rloop_tss	Serena_ER	tss	rloop
total_Indel	PD9193	0	0	rloop_tss	Serena_ER	tss	rloop
total_Indel	PD9464	0	0	rloop_tss	Serena_ER	tss	rloop
total_Indel	PD9467	1	0.140549639040417	rloop_tss	Serena_ER	tss	rloop
total_Indel	PD9539	1	0.140549639040417	rloop_tss	Serena_ER	tss	rloop
total_Indel	PD9541	2	0.281099278080834	rloop_tss	Serena_ER	tss	rloop
total_Indel	PD9544	0	0	rloop_tss	Serena_ER	tss	rloop
total_Indel	PD9567	0	0	rloop_tss	Serena_ER	tss	rloop
total_Indel	PD9569	1	0.140549639040417	rloop_tss	Serena_ER	tss	rloop
total_Indel	PD9570	0	0	rloop_tss	Serena_ER	tss	rloop
total_Indel	PD9572	1	0.140549639040417	rloop_tss	Serena_ER	tss	rloop
total_Indel	PD9573	1	0.140549639040417	rloop_tss	Serena_ER	tss	rloop
total_Indel	PD9574	0	0	rloop_tss	Serena_ER	tss	rloop
total_Indel	PD9577	2	0.281099278080834	rloop_tss	Serena_ER	tss	rloop
total_Indel	PD9578	0	0	rloop_tss	Serena_ER	tss	rloop
total_Indel	PD9581	1	0.140549639040417	rloop_tss	Serena_ER	tss	rloop
total_Indel	PD9582	0	0	rloop_tss	Serena_ER	tss	rloop
total_Indel	PD9589	0	0	rloop_tss	Serena_ER	tss	rloop
total_Indel	PD9591	0	0	rloop_tss	Serena_ER	tss	rloop
total_Indel	PD9593	2	0.281099278080834	rloop_tss	Serena_ER	tss	rloop
total_Indel	PD9597	0	0	rloop_tss	Serena_ER	tss	rloop
total_Indel	PD9599	0	0	rloop_tss	Serena_ER	tss	rloop
total_Indel	PD9600	0	0	rloop_tss	Serena_ER	tss	rloop
total_Indel	PD9605	2	0.281099278080834	rloop_tss	Serena_ER	tss	rloop
total_Indel	PD9606	0	0	rloop_tss	Serena_ER	tss	rloop
total_Indel	PD9694	0	0	rloop_tss	Serena_ER	tss	rloop
total_Indel	PD9752	1	0.140549639040417	rloop_tss	Serena_ER	tss	rloop
total_Indel	PD9754	1	0.140549639040417	rloop_tss	Serena_ER	tss	rloop
total_Indel	PD9756	2	0.281099278080834	rloop_tss	Serena_ER	tss	rloop
total_Indel	PD9759	1	0.140549639040417	rloop_tss	Serena_ER	tss	rloop
total_Indel	PD9760	2	0.281099278080834	rloop_tss	Serena_ER	tss	rloop
total_Indel	PD9761	0	0	rloop_tss	Serena_ER	tss	rloop
total_Indel	PD9842	1	0.140549639040417	rloop_tss	Serena_ER	tss	rloop
total_Indel	PD9843	0	0	rloop_tss	Serena_ER	tss	rloop
total_Indel	PD9844	0	0	rloop_tss	Serena_ER	tss	rloop
total_Indel	PD9845	0	0	rloop_tss	Serena_ER	tss	rloop
total_Indel	PD9847	3	0.421648917121251	rloop_tss	Serena_ER	tss	rloop
total_long_simple_indel	PD11336	0	0	rloop_tss	Serena_ER	tss	rloop
total_long_simple_indel	PD11337	0	0	rloop_tss	Serena_ER	tss	rloop
total_long_simple_indel	PD11338	1	0.140549639040417	rloop_tss	Serena_ER	tss	rloop
total_long_simple_indel	PD11339	0	0	rloop_tss	Serena_ER	tss	rloop
total_long_simple_indel	PD11340	0	0	rloop_tss	Serena_ER	tss	rloop
total_long_simple_indel	PD11341	0	0	rloop_tss	Serena_ER	tss	rloop
total_long_simple_indel	PD11342	0	0	rloop_tss	Serena_ER	tss	rloop
total_long_simple_indel	PD11343	0	0	rloop_tss	Serena_ER	tss	rloop
total_long_simple_indel	PD11352	0	0	rloop_tss	Serena_ER	tss	rloop
total_long_simple_indel	PD11355	0	0	rloop_tss	Serena_ER	tss	rloop
total_long_simple_indel	PD11357	0	0	rloop_tss	Serena_ER	tss	rloop
total_long_simple_indel	PD11358	0	0	rloop_tss	Serena_ER	tss	rloop
total_long_simple_indel	PD11359	0	0	rloop_tss	Serena_ER	tss	rloop
total_long_simple_indel	PD11360	1	0.140549639040417	rloop_tss	Serena_ER	tss	rloop
total_long_simple_indel	PD11361	0	0	rloop_tss	Serena_ER	tss	rloop
total_long_simple_indel	PD11364	1	0.140549639040417	rloop_tss	Serena_ER	tss	rloop
total_long_simple_indel	PD11365	0	0	rloop_tss	Serena_ER	tss	rloop
total_long_simple_indel	PD11366	0	0	rloop_tss	Serena_ER	tss	rloop
total_long_simple_indel	PD11367	0	0	rloop_tss	Serena_ER	tss	rloop
total_long_simple_indel	PD11368	0	0	rloop_tss	Serena_ER	tss	rloop
total_long_simple_indel	PD11369	0	0	rloop_tss	Serena_ER	tss	rloop
total_long_simple_indel	PD11370	0	0	rloop_tss	Serena_ER	tss	rloop
total_long_simple_indel	PD11372	1	0.140549639040417	rloop_tss	Serena_ER	tss	rloop
total_long_simple_indel	PD11374	0	0	rloop_tss	Serena_ER	tss	rloop
total_long_simple_indel	PD11375	0	0	rloop_tss	Serena_ER	tss	rloop
total_long_simple_indel	PD11376	0	0	rloop_tss	Serena_ER	tss	rloop
total_long_simple_indel	PD11379	1	0.140549639040417	rloop_tss	Serena_ER	tss	rloop
total_long_simple_indel	PD11380	0	0	rloop_tss	Serena_ER	tss	rloop
total_long_simple_indel	PD11381	0	0	rloop_tss	Serena_ER	tss	rloop
total_long_simple_indel	PD11383	0	0	rloop_tss	Serena_ER	tss	rloop
total_long_simple_indel	PD11384	0	0	rloop_tss	Serena_ER	tss	rloop
total_long_simple_indel	PD11385	0	0	rloop_tss	Serena_ER	tss	rloop
total_long_simple_indel	PD11386	0	0	rloop_tss	Serena_ER	tss	rloop
total_long_simple_indel	PD11388	0	0	rloop_tss	Serena_ER	tss	rloop
total_long_simple_indel	PD11389	0	0	rloop_tss	Serena_ER	tss	rloop
total_long_simple_indel	PD11391	0	0	rloop_tss	Serena_ER	tss	rloop
total_long_simple_indel	PD11393	0	0	rloop_tss	Serena_ER	tss	rloop
total_long_simple_indel	PD11394	0	0	rloop_tss	Serena_ER	tss	rloop
total_long_simple_indel	PD11395	0	0	rloop_tss	Serena_ER	tss	rloop
total_long_simple_indel	PD11396	0	0	rloop_tss	Serena_ER	tss	rloop
total_long_simple_indel	PD11397	0	0	rloop_tss	Serena_ER	tss	rloop
total_long_simple_indel	PD11398	0	0	rloop_tss	Serena_ER	tss	rloop
total_long_simple_indel	PD11399	0	0	rloop_tss	Serena_ER	tss	rloop
total_long_simple_indel	PD11402	0	0	rloop_tss	Serena_ER	tss	rloop
total_long_simple_indel	PD11740	0	0	rloop_tss	Serena_ER	tss	rloop
total_long_simple_indel	PD11741	0	0	rloop_tss	Serena_ER	tss	rloop
total_long_simple_indel	PD11742	0	0	rloop_tss	Serena_ER	tss	rloop
total_long_simple_indel	PD11743	1	0.140549639040417	rloop_tss	Serena_ER	tss	rloop
total_long_simple_indel	PD11744	0	0	rloop_tss	Serena_ER	tss	rloop
total_long_simple_indel	PD11745	0	0	rloop_tss	Serena_ER	tss	rloop
total_long_simple_indel	PD11750	0	0	rloop_tss	Serena_ER	tss	rloop
total_long_simple_indel	PD11753	0	0	rloop_tss	Serena_ER	tss	rloop
total_long_simple_indel	PD11756	0	0	rloop_tss	Serena_ER	tss	rloop
total_long_simple_indel	PD11760	1	0.140549639040417	rloop_tss	Serena_ER	tss	rloop
total_long_simple_indel	PD11761	0	0	rloop_tss	Serena_ER	tss	rloop
total_long_simple_indel	PD11765	0	0	rloop_tss	Serena_ER	tss	rloop
total_long_simple_indel	PD11766	0	0	rloop_tss	Serena_ER	tss	rloop
total_long_simple_indel	PD11767	0	0	rloop_tss	Serena_ER	tss	rloop
total_long_simple_indel	PD11769	1	0.140549639040417	rloop_tss	Serena_ER	tss	rloop
total_long_simple_indel	PD11816	0	0	rloop_tss	Serena_ER	tss	rloop
total_long_simple_indel	PD11818	1	0.140549639040417	rloop_tss	Serena_ER	tss	rloop
total_long_simple_indel	PD11819	0	0	rloop_tss	Serena_ER	tss	rloop
total_long_simple_indel	PD13302	0	0	rloop_tss	Serena_ER	tss	rloop
total_long_simple_indel	PD13304	0	0	rloop_tss	Serena_ER	tss	rloop
total_long_simple_indel	PD13306	0	0	rloop_tss	Serena_ER	tss	rloop
total_long_simple_indel	PD13307	1	0.140549639040417	rloop_tss	Serena_ER	tss	rloop
total_long_simple_indel	PD13310	0	0	rloop_tss	Serena_ER	tss	rloop
total_long_simple_indel	PD13312	0	0	rloop_tss	Serena_ER	tss	rloop
total_long_simple_indel	PD13416	0	0	rloop_tss	Serena_ER	tss	rloop
total_long_simple_indel	PD13419	0	0	rloop_tss	Serena_ER	tss	rloop
total_long_simple_indel	PD13420	0	0	rloop_tss	Serena_ER	tss	rloop
total_long_simple_indel	PD13422	0	0	rloop_tss	Serena_ER	tss	rloop
total_long_simple_indel	PD13424	0	0	rloop_tss	Serena_ER	tss	rloop
total_long_simple_indel	PD13425	1	0.140549639040417	rloop_tss	Serena_ER	tss	rloop
total_long_simple_indel	PD13426	0	0	rloop_tss	Serena_ER	tss	rloop
total_long_simple_indel	PD13427	0	0	rloop_tss	Serena_ER	tss	rloop
total_long_simple_indel	PD13618	0	0	rloop_tss	Serena_ER	tss	rloop
total_long_simple_indel	PD13619	0	0	rloop_tss	Serena_ER	tss	rloop
total_long_simple_indel	PD13620	1	0.140549639040417	rloop_tss	Serena_ER	tss	rloop
total_long_simple_indel	PD13623	0	0	rloop_tss	Serena_ER	tss	rloop
total_long_simple_indel	PD13625	0	0	rloop_tss	Serena_ER	tss	rloop
total_long_simple_indel	PD13626	0	0	rloop_tss	Serena_ER	tss	rloop
total_long_simple_indel	PD13629	0	0	rloop_tss	Serena_ER	tss	rloop
total_long_simple_indel	PD13630	0	0	rloop_tss	Serena_ER	tss	rloop
total_long_simple_indel	PD13631	0	0	rloop_tss	Serena_ER	tss	rloop
total_long_simple_indel	PD13752	0	0	rloop_tss	Serena_ER	tss	rloop
total_long_simple_indel	PD13753	0	0	rloop_tss	Serena_ER	tss	rloop
total_long_simple_indel	PD13754	0	0	rloop_tss	Serena_ER	tss	rloop
total_long_simple_indel	PD13755	0	0	rloop_tss	Serena_ER	tss	rloop
total_long_simple_indel	PD13756	1	0.140549639040417	rloop_tss	Serena_ER	tss	rloop
total_long_simple_indel	PD13757	0	0	rloop_tss	Serena_ER	tss	rloop
total_long_simple_indel	PD13758	0	0	rloop_tss	Serena_ER	tss	rloop
total_long_simple_indel	PD13760	0	0	rloop_tss	Serena_ER	tss	rloop
total_long_simple_indel	PD13761	0	0	rloop_tss	Serena_ER	tss	rloop
total_long_simple_indel	PD13762	0	0	rloop_tss	Serena_ER	tss	rloop
total_long_simple_indel	PD13763	0	0	rloop_tss	Serena_ER	tss	rloop
total_long_simple_indel	PD13764	0	0	rloop_tss	Serena_ER	tss	rloop
total_long_simple_indel	PD13765	0	0	rloop_tss	Serena_ER	tss	rloop
total_long_simple_indel	PD13766	0	0	rloop_tss	Serena_ER	tss	rloop
total_long_simple_indel	PD13767	0	0	rloop_tss	Serena_ER	tss	rloop
total_long_simple_indel	PD13768	0	0	rloop_tss	Serena_ER	tss	rloop
total_long_simple_indel	PD13770	0	0	rloop_tss	Serena_ER	tss	rloop
total_long_simple_indel	PD13771	0	0	rloop_tss	Serena_ER	tss	rloop
total_long_simple_indel	PD14432	0	0	rloop_tss	Serena_ER	tss	rloop
total_long_simple_indel	PD14433	2	0.281099278080834	rloop_tss	Serena_ER	tss	rloop
total_long_simple_indel	PD14435	1	0.140549639040417	rloop_tss	Serena_ER	tss	rloop
total_long_simple_indel	PD14437	0	0	rloop_tss	Serena_ER	tss	rloop
total_long_simple_indel	PD14439	0	0	rloop_tss	Serena_ER	tss	rloop
total_long_simple_indel	PD14441	0	0	rloop_tss	Serena_ER	tss	rloop
total_long_simple_indel	PD14442	0	0	rloop_tss	Serena_ER	tss	rloop
total_long_simple_indel	PD14450	0	0	rloop_tss	Serena_ER	tss	rloop
total_long_simple_indel	PD14453	1	0.140549639040417	rloop_tss	Serena_ER	tss	rloop
total_long_simple_indel	PD14454	0	0	rloop_tss	Serena_ER	tss	rloop
total_long_simple_indel	PD14456	0	0	rloop_tss	Serena_ER	tss	rloop
total_long_simple_indel	PD14457	0	0	rloop_tss	Serena_ER	tss	rloop
total_long_simple_indel	PD14458	0	0	rloop_tss	Serena_ER	tss	rloop
total_long_simple_indel	PD14459	1	0.140549639040417	rloop_tss	Serena_ER	tss	rloop
total_long_simple_indel	PD14460	0	0	rloop_tss	Serena_ER	tss	rloop
total_long_simple_indel	PD14461	0	0	rloop_tss	Serena_ER	tss	rloop
total_long_simple_indel	PD14462	0	0	rloop_tss	Serena_ER	tss	rloop
total_long_simple_indel	PD14465	0	0	rloop_tss	Serena_ER	tss	rloop
total_long_simple_indel	PD14467	0	0	rloop_tss	Serena_ER	tss	rloop
total_long_simple_indel	PD14468	0	0	rloop_tss	Serena_ER	tss	rloop
total_long_simple_indel	PD14471	0	0	rloop_tss	Serena_ER	tss	rloop
total_long_simple_indel	PD14472	2	0.281099278080834	rloop_tss	Serena_ER	tss	rloop
total_long_simple_indel	PD14473	0	0	rloop_tss	Serena_ER	tss	rloop
total_long_simple_indel	PD17973	0	0	rloop_tss	Serena_ER	tss	rloop
total_long_simple_indel	PD17981	0	0	rloop_tss	Serena_ER	tss	rloop
total_long_simple_indel	PD17991	0	0	rloop_tss	Serena_ER	tss	rloop
total_long_simple_indel	PD17994	0	0	rloop_tss	Serena_ER	tss	rloop
total_long_simple_indel	PD18046	0	0	rloop_tss	Serena_ER	tss	rloop
total_long_simple_indel	PD18100	0	0	rloop_tss	Serena_ER	tss	rloop
total_long_simple_indel	PD18101	0	0	rloop_tss	Serena_ER	tss	rloop
total_long_simple_indel	PD18116	0	0	rloop_tss	Serena_ER	tss	rloop
total_long_simple_indel	PD18149	0	0	rloop_tss	Serena_ER	tss	rloop
total_long_simple_indel	PD18247	1	0.140549639040417	rloop_tss	Serena_ER	tss	rloop
total_long_simple_indel	PD18251	0	0	rloop_tss	Serena_ER	tss	rloop
total_long_simple_indel	PD18257	0	0	rloop_tss	Serena_ER	tss	rloop
total_long_simple_indel	PD18258	0	0	rloop_tss	Serena_ER	tss	rloop
total_long_simple_indel	PD18259	0	0	rloop_tss	Serena_ER	tss	rloop
total_long_simple_indel	PD18264	0	0	rloop_tss	Serena_ER	tss	rloop
total_long_simple_indel	PD18269	0	0	rloop_tss	Serena_ER	tss	rloop
total_long_simple_indel	PD18728	1	0.140549639040417	rloop_tss	Serena_ER	tss	rloop
total_long_simple_indel	PD18730	0	0	rloop_tss	Serena_ER	tss	rloop
total_long_simple_indel	PD18733	0	0	rloop_tss	Serena_ER	tss	rloop
total_long_simple_indel	PD18734	0	0	rloop_tss	Serena_ER	tss	rloop
total_long_simple_indel	PD18748	1	0.140549639040417	rloop_tss	Serena_ER	tss	rloop
total_long_simple_indel	PD18749	1	0.140549639040417	rloop_tss	Serena_ER	tss	rloop
total_long_simple_indel	PD18751	0	0	rloop_tss	Serena_ER	tss	rloop
total_long_simple_indel	PD18754	1	0.140549639040417	rloop_tss	Serena_ER	tss	rloop
total_long_simple_indel	PD18756	0	0	rloop_tss	Serena_ER	tss	rloop
total_long_simple_indel	PD18768	0	0	rloop_tss	Serena_ER	tss	rloop
total_long_simple_indel	PD18769	0	0	rloop_tss	Serena_ER	tss	rloop
total_long_simple_indel	PD18771	0	0	rloop_tss	Serena_ER	tss	rloop
total_long_simple_indel	PD18775	0	0	rloop_tss	Serena_ER	tss	rloop
total_long_simple_indel	PD18776	0	0	rloop_tss	Serena_ER	tss	rloop
total_long_simple_indel	PD22251	0	0	rloop_tss	Serena_ER	tss	rloop
total_long_simple_indel	PD22361	0	0	rloop_tss	Serena_ER	tss	rloop
total_long_simple_indel	PD22364	0	0	rloop_tss	Serena_ER	tss	rloop
total_long_simple_indel	PD22365	1	0.140549639040417	rloop_tss	Serena_ER	tss	rloop
total_long_simple_indel	PD23550	0	0	rloop_tss	Serena_ER	tss	rloop
total_long_simple_indel	PD23558	0	0	rloop_tss	Serena_ER	tss	rloop
total_long_simple_indel	PD23570	0	0	rloop_tss	Serena_ER	tss	rloop
total_long_simple_indel	PD24193	0	0	rloop_tss	Serena_ER	tss	rloop
total_long_simple_indel	PD24199	0	0	rloop_tss	Serena_ER	tss	rloop
total_long_simple_indel	PD24206	0	0	rloop_tss	Serena_ER	tss	rloop
total_long_simple_indel	PD24212	0	0	rloop_tss	Serena_ER	tss	rloop
total_long_simple_indel	PD24214	0	0	rloop_tss	Serena_ER	tss	rloop
total_long_simple_indel	PD24216	0	0	rloop_tss	Serena_ER	tss	rloop
total_long_simple_indel	PD24223	1	0.140549639040417	rloop_tss	Serena_ER	tss	rloop
total_long_simple_indel	PD24302	0	0	rloop_tss	Serena_ER	tss	rloop
total_long_simple_indel	PD24307	0	0	rloop_tss	Serena_ER	tss	rloop
total_long_simple_indel	PD24320	0	0	rloop_tss	Serena_ER	tss	rloop
total_long_simple_indel	PD24327	0	0	rloop_tss	Serena_ER	tss	rloop
total_long_simple_indel	PD24329	0	0	rloop_tss	Serena_ER	tss	rloop
total_long_simple_indel	PD3851	0	0	rloop_tss	Serena_ER	tss	rloop
total_long_simple_indel	PD3904	0	0	rloop_tss	Serena_ER	tss	rloop
total_long_simple_indel	PD3945	0	0	rloop_tss	Serena_ER	tss	rloop
total_long_simple_indel	PD3989	1	0.140549639040417	rloop_tss	Serena_ER	tss	rloop
total_long_simple_indel	PD4069	0	0	rloop_tss	Serena_ER	tss	rloop
total_long_simple_indel	PD4072	0	0	rloop_tss	Serena_ER	tss	rloop
total_long_simple_indel	PD4076	0	0	rloop_tss	Serena_ER	tss	rloop
total_long_simple_indel	PD4085	0	0	rloop_tss	Serena_ER	tss	rloop
total_long_simple_indel	PD4086	0	0	rloop_tss	Serena_ER	tss	rloop
total_long_simple_indel	PD4103	0	0	rloop_tss	Serena_ER	tss	rloop
total_long_simple_indel	PD4115	0	0	rloop_tss	Serena_ER	tss	rloop
total_long_simple_indel	PD4116	0	0	rloop_tss	Serena_ER	tss	rloop
total_long_simple_indel	PD4225	0	0	rloop_tss	Serena_ER	tss	rloop
total_long_simple_indel	PD4261	0	0	rloop_tss	Serena_ER	tss	rloop
total_long_simple_indel	PD4266	0	0	rloop_tss	Serena_ER	tss	rloop
total_long_simple_indel	PD4267	0	0	rloop_tss	Serena_ER	tss	rloop
total_long_simple_indel	PD4315	1	0.140549639040417	rloop_tss	Serena_ER	tss	rloop
total_long_simple_indel	PD4604	1	0.140549639040417	rloop_tss	Serena_ER	tss	rloop
total_long_simple_indel	PD4605	0	0	rloop_tss	Serena_ER	tss	rloop
total_long_simple_indel	PD4606	0	0	rloop_tss	Serena_ER	tss	rloop
total_long_simple_indel	PD4607	0	0	rloop_tss	Serena_ER	tss	rloop
total_long_simple_indel	PD4613	0	0	rloop_tss	Serena_ER	tss	rloop
total_long_simple_indel	PD4872	0	0	rloop_tss	Serena_ER	tss	rloop
total_long_simple_indel	PD4876	0	0	rloop_tss	Serena_ER	tss	rloop
total_long_simple_indel	PD4951	0	0	rloop_tss	Serena_ER	tss	rloop
total_long_simple_indel	PD4952	0	0	rloop_tss	Serena_ER	tss	rloop
total_long_simple_indel	PD4953	0	0	rloop_tss	Serena_ER	tss	rloop
total_long_simple_indel	PD4954	0	0	rloop_tss	Serena_ER	tss	rloop
total_long_simple_indel	PD4957	0	0	rloop_tss	Serena_ER	tss	rloop
total_long_simple_indel	PD4958	0	0	rloop_tss	Serena_ER	tss	rloop
total_long_simple_indel	PD4959	0	0	rloop_tss	Serena_ER	tss	rloop
total_long_simple_indel	PD4965	0	0	rloop_tss	Serena_ER	tss	rloop
total_long_simple_indel	PD4967	0	0	rloop_tss	Serena_ER	tss	rloop
total_long_simple_indel	PD4968	0	0	rloop_tss	Serena_ER	tss	rloop
total_long_simple_indel	PD4970	0	0	rloop_tss	Serena_ER	tss	rloop
total_long_simple_indel	PD4971	0	0	rloop_tss	Serena_ER	tss	rloop
total_long_simple_indel	PD4972	0	0	rloop_tss	Serena_ER	tss	rloop
total_long_simple_indel	PD4976	1	0.140549639040417	rloop_tss	Serena_ER	tss	rloop
total_long_simple_indel	PD4981	0	0	rloop_tss	Serena_ER	tss	rloop
total_long_simple_indel	PD4982	0	0	rloop_tss	Serena_ER	tss	rloop
total_long_simple_indel	PD4983	0	0	rloop_tss	Serena_ER	tss	rloop
total_long_simple_indel	PD4985	0	0	rloop_tss	Serena_ER	tss	rloop
total_long_simple_indel	PD4986	0	0	rloop_tss	Serena_ER	tss	rloop
total_long_simple_indel	PD5928	1	0.140549639040417	rloop_tss	Serena_ER	tss	rloop
total_long_simple_indel	PD5936	0	0	rloop_tss	Serena_ER	tss	rloop
total_long_simple_indel	PD5937	3	0.421648917121251	rloop_tss	Serena_ER	tss	rloop
total_long_simple_indel	PD5946	0	0	rloop_tss	Serena_ER	tss	rloop
total_long_simple_indel	PD5947	0	0	rloop_tss	Serena_ER	tss	rloop
total_long_simple_indel	PD5951	0	0	rloop_tss	Serena_ER	tss	rloop
total_long_simple_indel	PD5953	2	0.281099278080834	rloop_tss	Serena_ER	tss	rloop
total_long_simple_indel	PD5956	0	0	rloop_tss	Serena_ER	tss	rloop
total_long_simple_indel	PD5959	0	0	rloop_tss	Serena_ER	tss	rloop
total_long_simple_indel	PD5960	0	0	rloop_tss	Serena_ER	tss	rloop
total_long_simple_indel	PD5961	1	0.140549639040417	rloop_tss	Serena_ER	tss	rloop
total_long_simple_indel	PD5964	0	0	rloop_tss	Serena_ER	tss	rloop
total_long_simple_indel	PD6016	0	0	rloop_tss	Serena_ER	tss	rloop
total_long_simple_indel	PD6041	0	0	rloop_tss	Serena_ER	tss	rloop
total_long_simple_indel	PD6042	0	0	rloop_tss	Serena_ER	tss	rloop
total_long_simple_indel	PD6043	0	0	rloop_tss	Serena_ER	tss	rloop
total_long_simple_indel	PD6044	0	0	rloop_tss	Serena_ER	tss	rloop
total_long_simple_indel	PD6045	0	0	rloop_tss	Serena_ER	tss	rloop
total_long_simple_indel	PD6417	0	0	rloop_tss	Serena_ER	tss	rloop
total_long_simple_indel	PD6418	0	0	rloop_tss	Serena_ER	tss	rloop
total_long_simple_indel	PD6422	0	0	rloop_tss	Serena_ER	tss	rloop
total_long_simple_indel	PD6466	0	0	rloop_tss	Serena_ER	tss	rloop
total_long_simple_indel	PD6711	0	0	rloop_tss	Serena_ER	tss	rloop
total_long_simple_indel	PD6719	0	0	rloop_tss	Serena_ER	tss	rloop
total_long_simple_indel	PD6720	0	0	rloop_tss	Serena_ER	tss	rloop
total_long_simple_indel	PD6721	0	0	rloop_tss	Serena_ER	tss	rloop
total_long_simple_indel	PD7199	0	0	rloop_tss	Serena_ER	tss	rloop
total_long_simple_indel	PD7201	0	0	rloop_tss	Serena_ER	tss	rloop
total_long_simple_indel	PD7206	1	0.140549639040417	rloop_tss	Serena_ER	tss	rloop
total_long_simple_indel	PD7207	1	0.140549639040417	rloop_tss	Serena_ER	tss	rloop
total_long_simple_indel	PD7209	1	0.140549639040417	rloop_tss	Serena_ER	tss	rloop
total_long_simple_indel	PD7210	1	0.140549639040417	rloop_tss	Serena_ER	tss	rloop
total_long_simple_indel	PD7214	0	0	rloop_tss	Serena_ER	tss	rloop
total_long_simple_indel	PD7215	1	0.140549639040417	rloop_tss	Serena_ER	tss	rloop
total_long_simple_indel	PD7218	0	0	rloop_tss	Serena_ER	tss	rloop
total_long_simple_indel	PD7219	0	0	rloop_tss	Serena_ER	tss	rloop
total_long_simple_indel	PD7221	1	0.140549639040417	rloop_tss	Serena_ER	tss	rloop
total_long_simple_indel	PD7238	1	0.140549639040417	rloop_tss	Serena_ER	tss	rloop
total_long_simple_indel	PD7240	0	0	rloop_tss	Serena_ER	tss	rloop
total_long_simple_indel	PD7243	2	0.281099278080834	rloop_tss	Serena_ER	tss	rloop
total_long_simple_indel	PD7322	0	0	rloop_tss	Serena_ER	tss	rloop
total_long_simple_indel	PD8609	0	0	rloop_tss	Serena_ER	tss	rloop
total_long_simple_indel	PD8610	0	0	rloop_tss	Serena_ER	tss	rloop
total_long_simple_indel	PD8612	0	0	rloop_tss	Serena_ER	tss	rloop
total_long_simple_indel	PD8614	0	0	rloop_tss	Serena_ER	tss	rloop
total_long_simple_indel	PD8615	0	0	rloop_tss	Serena_ER	tss	rloop
total_long_simple_indel	PD8617	0	0	rloop_tss	Serena_ER	tss	rloop
total_long_simple_indel	PD8618	2	0.281099278080834	rloop_tss	Serena_ER	tss	rloop
total_long_simple_indel	PD8620	0	0	rloop_tss	Serena_ER	tss	rloop
total_long_simple_indel	PD8622	0	0	rloop_tss	Serena_ER	tss	rloop
total_long_simple_indel	PD8623	0	0	rloop_tss	Serena_ER	tss	rloop
total_long_simple_indel	PD8828	0	0	rloop_tss	Serena_ER	tss	rloop
total_long_simple_indel	PD8973	1	0.140549639040417	rloop_tss	Serena_ER	tss	rloop
total_long_simple_indel	PD8977	0	0	rloop_tss	Serena_ER	tss	rloop
total_long_simple_indel	PD8978	2	0.281099278080834	rloop_tss	Serena_ER	tss	rloop
total_long_simple_indel	PD8979	0	0	rloop_tss	Serena_ER	tss	rloop
total_long_simple_indel	PD8980	1	0.140549639040417	rloop_tss	Serena_ER	tss	rloop
total_long_simple_indel	PD8981	0	0	rloop_tss	Serena_ER	tss	rloop
total_long_simple_indel	PD9000	0	0	rloop_tss	Serena_ER	tss	rloop
total_long_simple_indel	PD9001	2	0.281099278080834	rloop_tss	Serena_ER	tss	rloop
total_long_simple_indel	PD9002	0	0	rloop_tss	Serena_ER	tss	rloop
total_long_simple_indel	PD9063	0	0	rloop_tss	Serena_ER	tss	rloop
total_long_simple_indel	PD9065	1	0.140549639040417	rloop_tss	Serena_ER	tss	rloop
total_long_simple_indel	PD9067	0	0	rloop_tss	Serena_ER	tss	rloop
total_long_simple_indel	PD9193	0	0	rloop_tss	Serena_ER	tss	rloop
total_long_simple_indel	PD9464	0	0	rloop_tss	Serena_ER	tss	rloop
total_long_simple_indel	PD9467	1	0.140549639040417	rloop_tss	Serena_ER	tss	rloop
total_long_simple_indel	PD9539	1	0.140549639040417	rloop_tss	Serena_ER	tss	rloop
total_long_simple_indel	PD9541	0	0	rloop_tss	Serena_ER	tss	rloop
total_long_simple_indel	PD9544	0	0	rloop_tss	Serena_ER	tss	rloop
total_long_simple_indel	PD9567	0	0	rloop_tss	Serena_ER	tss	rloop
total_long_simple_indel	PD9569	0	0	rloop_tss	Serena_ER	tss	rloop
total_long_simple_indel	PD9570	0	0	rloop_tss	Serena_ER	tss	rloop
total_long_simple_indel	PD9572	0	0	rloop_tss	Serena_ER	tss	rloop
total_long_simple_indel	PD9573	0	0	rloop_tss	Serena_ER	tss	rloop
total_long_simple_indel	PD9574	0	0	rloop_tss	Serena_ER	tss	rloop
total_long_simple_indel	PD9577	0	0	rloop_tss	Serena_ER	tss	rloop
total_long_simple_indel	PD9578	0	0	rloop_tss	Serena_ER	tss	rloop
total_long_simple_indel	PD9581	1	0.140549639040417	rloop_tss	Serena_ER	tss	rloop
total_long_simple_indel	PD9582	0	0	rloop_tss	Serena_ER	tss	rloop
total_long_simple_indel	PD9589	0	0	rloop_tss	Serena_ER	tss	rloop
total_long_simple_indel	PD9591	0	0	rloop_tss	Serena_ER	tss	rloop
total_long_simple_indel	PD9593	1	0.140549639040417	rloop_tss	Serena_ER	tss	rloop
total_long_simple_indel	PD9597	0	0	rloop_tss	Serena_ER	tss	rloop
total_long_simple_indel	PD9599	0	0	rloop_tss	Serena_ER	tss	rloop
total_long_simple_indel	PD9600	0	0	rloop_tss	Serena_ER	tss	rloop
total_long_simple_indel	PD9605	0	0	rloop_tss	Serena_ER	tss	rloop
total_long_simple_indel	PD9606	0	0	rloop_tss	Serena_ER	tss	rloop
total_long_simple_indel	PD9694	0	0	rloop_tss	Serena_ER	tss	rloop
total_long_simple_indel	PD9752	0	0	rloop_tss	Serena_ER	tss	rloop
total_long_simple_indel	PD9754	1	0.140549639040417	rloop_tss	Serena_ER	tss	rloop
total_long_simple_indel	PD9756	1	0.140549639040417	rloop_tss	Serena_ER	tss	rloop
total_long_simple_indel	PD9759	0	0	rloop_tss	Serena_ER	tss	rloop
total_long_simple_indel	PD9760	0	0	rloop_tss	Serena_ER	tss	rloop
total_long_simple_indel	PD9761	0	0	rloop_tss	Serena_ER	tss	rloop
total_long_simple_indel	PD9842	0	0	rloop_tss	Serena_ER	tss	rloop
total_long_simple_indel	PD9843	0	0	rloop_tss	Serena_ER	tss	rloop
total_long_simple_indel	PD9844	0	0	rloop_tss	Serena_ER	tss	rloop
total_long_simple_indel	PD9845	0	0	rloop_tss	Serena_ER	tss	rloop
total_long_simple_indel	PD9847	0	0	rloop_tss	Serena_ER	tss	rloop
total_long_indel	PD11336	1	0.140549639040417	rloop_tss	Serena_ER	tss	rloop
total_long_indel	PD11337	0	0	rloop_tss	Serena_ER	tss	rloop
total_long_indel	PD11338	1	0.140549639040417	rloop_tss	Serena_ER	tss	rloop
total_long_indel	PD11339	2	0.281099278080834	rloop_tss	Serena_ER	tss	rloop
total_long_indel	PD11340	0	0	rloop_tss	Serena_ER	tss	rloop
total_long_indel	PD11341	0	0	rloop_tss	Serena_ER	tss	rloop
total_long_indel	PD11342	0	0	rloop_tss	Serena_ER	tss	rloop
total_long_indel	PD11343	0	0	rloop_tss	Serena_ER	tss	rloop
total_long_indel	PD11352	0	0	rloop_tss	Serena_ER	tss	rloop
total_long_indel	PD11355	0	0	rloop_tss	Serena_ER	tss	rloop
total_long_indel	PD11357	1	0.140549639040417	rloop_tss	Serena_ER	tss	rloop
total_long_indel	PD11358	0	0	rloop_tss	Serena_ER	tss	rloop
total_long_indel	PD11359	0	0	rloop_tss	Serena_ER	tss	rloop
total_long_indel	PD11360	1	0.140549639040417	rloop_tss	Serena_ER	tss	rloop
total_long_indel	PD11361	0	0	rloop_tss	Serena_ER	tss	rloop
total_long_indel	PD11364	1	0.140549639040417	rloop_tss	Serena_ER	tss	rloop
total_long_indel	PD11365	0	0	rloop_tss	Serena_ER	tss	rloop
total_long_indel	PD11366	0	0	rloop_tss	Serena_ER	tss	rloop
total_long_indel	PD11367	0	0	rloop_tss	Serena_ER	tss	rloop
total_long_indel	PD11368	0	0	rloop_tss	Serena_ER	tss	rloop
total_long_indel	PD11369	0	0	rloop_tss	Serena_ER	tss	rloop
total_long_indel	PD11370	0	0	rloop_tss	Serena_ER	tss	rloop
total_long_indel	PD11372	1	0.140549639040417	rloop_tss	Serena_ER	tss	rloop
total_long_indel	PD11374	0	0	rloop_tss	Serena_ER	tss	rloop
total_long_indel	PD11375	0	0	rloop_tss	Serena_ER	tss	rloop
total_long_indel	PD11376	0	0	rloop_tss	Serena_ER	tss	rloop
total_long_indel	PD11379	1	0.140549639040417	rloop_tss	Serena_ER	tss	rloop
total_long_indel	PD11380	0	0	rloop_tss	Serena_ER	tss	rloop
total_long_indel	PD11381	0	0	rloop_tss	Serena_ER	tss	rloop
total_long_indel	PD11383	1	0.140549639040417	rloop_tss	Serena_ER	tss	rloop
total_long_indel	PD11384	1	0.140549639040417	rloop_tss	Serena_ER	tss	rloop
total_long_indel	PD11385	0	0	rloop_tss	Serena_ER	tss	rloop
total_long_indel	PD11386	0	0	rloop_tss	Serena_ER	tss	rloop
total_long_indel	PD11388	1	0.140549639040417	rloop_tss	Serena_ER	tss	rloop
total_long_indel	PD11389	0	0	rloop_tss	Serena_ER	tss	rloop
total_long_indel	PD11391	0	0	rloop_tss	Serena_ER	tss	rloop
total_long_indel	PD11393	0	0	rloop_tss	Serena_ER	tss	rloop
total_long_indel	PD11394	0	0	rloop_tss	Serena_ER	tss	rloop
total_long_indel	PD11395	1	0.140549639040417	rloop_tss	Serena_ER	tss	rloop
total_long_indel	PD11396	0	0	rloop_tss	Serena_ER	tss	rloop
total_long_indel	PD11397	0	0	rloop_tss	Serena_ER	tss	rloop
total_long_indel	PD11398	0	0	rloop_tss	Serena_ER	tss	rloop
total_long_indel	PD11399	0	0	rloop_tss	Serena_ER	tss	rloop
total_long_indel	PD11402	0	0	rloop_tss	Serena_ER	tss	rloop
total_long_indel	PD11740	0	0	rloop_tss	Serena_ER	tss	rloop
total_long_indel	PD11741	0	0	rloop_tss	Serena_ER	tss	rloop
total_long_indel	PD11742	0	0	rloop_tss	Serena_ER	tss	rloop
total_long_indel	PD11743	1	0.140549639040417	rloop_tss	Serena_ER	tss	rloop
total_long_indel	PD11744	0	0	rloop_tss	Serena_ER	tss	rloop
total_long_indel	PD11745	0	0	rloop_tss	Serena_ER	tss	rloop
total_long_indel	PD11750	0	0	rloop_tss	Serena_ER	tss	rloop
total_long_indel	PD11753	0	0	rloop_tss	Serena_ER	tss	rloop
total_long_indel	PD11756	0	0	rloop_tss	Serena_ER	tss	rloop
total_long_indel	PD11760	1	0.140549639040417	rloop_tss	Serena_ER	tss	rloop
total_long_indel	PD11761	0	0	rloop_tss	Serena_ER	tss	rloop
total_long_indel	PD11765	0	0	rloop_tss	Serena_ER	tss	rloop
total_long_indel	PD11766	0	0	rloop_tss	Serena_ER	tss	rloop
total_long_indel	PD11767	0	0	rloop_tss	Serena_ER	tss	rloop
total_long_indel	PD11769	1	0.140549639040417	rloop_tss	Serena_ER	tss	rloop
total_long_indel	PD11816	0	0	rloop_tss	Serena_ER	tss	rloop
total_long_indel	PD11818	1	0.140549639040417	rloop_tss	Serena_ER	tss	rloop
total_long_indel	PD11819	0	0	rloop_tss	Serena_ER	tss	rloop
total_long_indel	PD13302	0	0	rloop_tss	Serena_ER	tss	rloop
total_long_indel	PD13304	0	0	rloop_tss	Serena_ER	tss	rloop
total_long_indel	PD13306	0	0	rloop_tss	Serena_ER	tss	rloop
total_long_indel	PD13307	1	0.140549639040417	rloop_tss	Serena_ER	tss	rloop
total_long_indel	PD13310	0	0	rloop_tss	Serena_ER	tss	rloop
total_long_indel	PD13312	0	0	rloop_tss	Serena_ER	tss	rloop
total_long_indel	PD13416	0	0	rloop_tss	Serena_ER	tss	rloop
total_long_indel	PD13419	0	0	rloop_tss	Serena_ER	tss	rloop
total_long_indel	PD13420	0	0	rloop_tss	Serena_ER	tss	rloop
total_long_indel	PD13422	0	0	rloop_tss	Serena_ER	tss	rloop
total_long_indel	PD13424	1	0.140549639040417	rloop_tss	Serena_ER	tss	rloop
total_long_indel	PD13425	2	0.281099278080834	rloop_tss	Serena_ER	tss	rloop
total_long_indel	PD13426	1	0.140549639040417	rloop_tss	Serena_ER	tss	rloop
total_long_indel	PD13427	0	0	rloop_tss	Serena_ER	tss	rloop
total_long_indel	PD13618	0	0	rloop_tss	Serena_ER	tss	rloop
total_long_indel	PD13619	0	0	rloop_tss	Serena_ER	tss	rloop
total_long_indel	PD13620	3	0.421648917121251	rloop_tss	Serena_ER	tss	rloop
total_long_indel	PD13623	0	0	rloop_tss	Serena_ER	tss	rloop
total_long_indel	PD13625	1	0.140549639040417	rloop_tss	Serena_ER	tss	rloop
total_long_indel	PD13626	0	0	rloop_tss	Serena_ER	tss	rloop
total_long_indel	PD13629	0	0	rloop_tss	Serena_ER	tss	rloop
total_long_indel	PD13630	0	0	rloop_tss	Serena_ER	tss	rloop
total_long_indel	PD13631	0	0	rloop_tss	Serena_ER	tss	rloop
total_long_indel	PD13752	0	0	rloop_tss	Serena_ER	tss	rloop
total_long_indel	PD13753	0	0	rloop_tss	Serena_ER	tss	rloop
total_long_indel	PD13754	0	0	rloop_tss	Serena_ER	tss	rloop
total_long_indel	PD13755	0	0	rloop_tss	Serena_ER	tss	rloop
total_long_indel	PD13756	2	0.281099278080834	rloop_tss	Serena_ER	tss	rloop
total_long_indel	PD13757	0	0	rloop_tss	Serena_ER	tss	rloop
total_long_indel	PD13758	0	0	rloop_tss	Serena_ER	tss	rloop
total_long_indel	PD13760	0	0	rloop_tss	Serena_ER	tss	rloop
total_long_indel	PD13761	0	0	rloop_tss	Serena_ER	tss	rloop
total_long_indel	PD13762	0	0	rloop_tss	Serena_ER	tss	rloop
total_long_indel	PD13763	0	0	rloop_tss	Serena_ER	tss	rloop
total_long_indel	PD13764	0	0	rloop_tss	Serena_ER	tss	rloop
total_long_indel	PD13765	0	0	rloop_tss	Serena_ER	tss	rloop
total_long_indel	PD13766	0	0	rloop_tss	Serena_ER	tss	rloop
total_long_indel	PD13767	0	0	rloop_tss	Serena_ER	tss	rloop
total_long_indel	PD13768	1	0.140549639040417	rloop_tss	Serena_ER	tss	rloop
total_long_indel	PD13770	0	0	rloop_tss	Serena_ER	tss	rloop
total_long_indel	PD13771	0	0	rloop_tss	Serena_ER	tss	rloop
total_long_indel	PD14432	0	0	rloop_tss	Serena_ER	tss	rloop
total_long_indel	PD14433	2	0.281099278080834	rloop_tss	Serena_ER	tss	rloop
total_long_indel	PD14435	1	0.140549639040417	rloop_tss	Serena_ER	tss	rloop
total_long_indel	PD14437	0	0	rloop_tss	Serena_ER	tss	rloop
total_long_indel	PD14439	0	0	rloop_tss	Serena_ER	tss	rloop
total_long_indel	PD14441	0	0	rloop_tss	Serena_ER	tss	rloop
total_long_indel	PD14442	0	0	rloop_tss	Serena_ER	tss	rloop
total_long_indel	PD14450	0	0	rloop_tss	Serena_ER	tss	rloop
total_long_indel	PD14453	1	0.140549639040417	rloop_tss	Serena_ER	tss	rloop
total_long_indel	PD14454	0	0	rloop_tss	Serena_ER	tss	rloop
total_long_indel	PD14456	0	0	rloop_tss	Serena_ER	tss	rloop
total_long_indel	PD14457	0	0	rloop_tss	Serena_ER	tss	rloop
total_long_indel	PD14458	0	0	rloop_tss	Serena_ER	tss	rloop
total_long_indel	PD14459	2	0.281099278080834	rloop_tss	Serena_ER	tss	rloop
total_long_indel	PD14460	1	0.140549639040417	rloop_tss	Serena_ER	tss	rloop
total_long_indel	PD14461	0	0	rloop_tss	Serena_ER	tss	rloop
total_long_indel	PD14462	0	0	rloop_tss	Serena_ER	tss	rloop
total_long_indel	PD14465	0	0	rloop_tss	Serena_ER	tss	rloop
total_long_indel	PD14467	0	0	rloop_tss	Serena_ER	tss	rloop
total_long_indel	PD14468	2	0.281099278080834	rloop_tss	Serena_ER	tss	rloop
total_long_indel	PD14471	0	0	rloop_tss	Serena_ER	tss	rloop
total_long_indel	PD14472	2	0.281099278080834	rloop_tss	Serena_ER	tss	rloop
total_long_indel	PD14473	0	0	rloop_tss	Serena_ER	tss	rloop
total_long_indel	PD17973	0	0	rloop_tss	Serena_ER	tss	rloop
total_long_indel	PD17981	0	0	rloop_tss	Serena_ER	tss	rloop
total_long_indel	PD17991	0	0	rloop_tss	Serena_ER	tss	rloop
total_long_indel	PD17994	0	0	rloop_tss	Serena_ER	tss	rloop
total_long_indel	PD18046	0	0	rloop_tss	Serena_ER	tss	rloop
total_long_indel	PD18100	0	0	rloop_tss	Serena_ER	tss	rloop
total_long_indel	PD18101	0	0	rloop_tss	Serena_ER	tss	rloop
total_long_indel	PD18116	0	0	rloop_tss	Serena_ER	tss	rloop
total_long_indel	PD18149	0	0	rloop_tss	Serena_ER	tss	rloop
total_long_indel	PD18247	1	0.140549639040417	rloop_tss	Serena_ER	tss	rloop
total_long_indel	PD18251	0	0	rloop_tss	Serena_ER	tss	rloop
total_long_indel	PD18257	0	0	rloop_tss	Serena_ER	tss	rloop
total_long_indel	PD18258	0	0	rloop_tss	Serena_ER	tss	rloop
total_long_indel	PD18259	0	0	rloop_tss	Serena_ER	tss	rloop
total_long_indel	PD18264	0	0	rloop_tss	Serena_ER	tss	rloop
total_long_indel	PD18269	0	0	rloop_tss	Serena_ER	tss	rloop
total_long_indel	PD18728	1	0.140549639040417	rloop_tss	Serena_ER	tss	rloop
total_long_indel	PD18730	0	0	rloop_tss	Serena_ER	tss	rloop
total_long_indel	PD18733	0	0	rloop_tss	Serena_ER	tss	rloop
total_long_indel	PD18734	0	0	rloop_tss	Serena_ER	tss	rloop
total_long_indel	PD18748	1	0.140549639040417	rloop_tss	Serena_ER	tss	rloop
total_long_indel	PD18749	1	0.140549639040417	rloop_tss	Serena_ER	tss	rloop
total_long_indel	PD18751	0	0	rloop_tss	Serena_ER	tss	rloop
total_long_indel	PD18754	2	0.281099278080834	rloop_tss	Serena_ER	tss	rloop
total_long_indel	PD18756	0	0	rloop_tss	Serena_ER	tss	rloop
total_long_indel	PD18768	1	0.140549639040417	rloop_tss	Serena_ER	tss	rloop
total_long_indel	PD18769	0	0	rloop_tss	Serena_ER	tss	rloop
total_long_indel	PD18771	0	0	rloop_tss	Serena_ER	tss	rloop
total_long_indel	PD18775	0	0	rloop_tss	Serena_ER	tss	rloop
total_long_indel	PD18776	0	0	rloop_tss	Serena_ER	tss	rloop
total_long_indel	PD22251	0	0	rloop_tss	Serena_ER	tss	rloop
total_long_indel	PD22361	0	0	rloop_tss	Serena_ER	tss	rloop
total_long_indel	PD22364	0	0	rloop_tss	Serena_ER	tss	rloop
total_long_indel	PD22365	1	0.140549639040417	rloop_tss	Serena_ER	tss	rloop
total_long_indel	PD23550	0	0	rloop_tss	Serena_ER	tss	rloop
total_long_indel	PD23558	0	0	rloop_tss	Serena_ER	tss	rloop
total_long_indel	PD23570	0	0	rloop_tss	Serena_ER	tss	rloop
total_long_indel	PD24193	0	0	rloop_tss	Serena_ER	tss	rloop
total_long_indel	PD24199	0	0	rloop_tss	Serena_ER	tss	rloop
total_long_indel	PD24206	0	0	rloop_tss	Serena_ER	tss	rloop
total_long_indel	PD24212	0	0	rloop_tss	Serena_ER	tss	rloop
total_long_indel	PD24214	0	0	rloop_tss	Serena_ER	tss	rloop
total_long_indel	PD24216	0	0	rloop_tss	Serena_ER	tss	rloop
total_long_indel	PD24223	1	0.140549639040417	rloop_tss	Serena_ER	tss	rloop
total_long_indel	PD24302	0	0	rloop_tss	Serena_ER	tss	rloop
total_long_indel	PD24307	0	0	rloop_tss	Serena_ER	tss	rloop
total_long_indel	PD24320	2	0.281099278080834	rloop_tss	Serena_ER	tss	rloop
total_long_indel	PD24327	0	0	rloop_tss	Serena_ER	tss	rloop
total_long_indel	PD24329	0	0	rloop_tss	Serena_ER	tss	rloop
total_long_indel	PD3851	1	0.140549639040417	rloop_tss	Serena_ER	tss	rloop
total_long_indel	PD3904	1	0.140549639040417	rloop_tss	Serena_ER	tss	rloop
total_long_indel	PD3945	0	0	rloop_tss	Serena_ER	tss	rloop
total_long_indel	PD3989	1	0.140549639040417	rloop_tss	Serena_ER	tss	rloop
total_long_indel	PD4069	0	0	rloop_tss	Serena_ER	tss	rloop
total_long_indel	PD4072	0	0	rloop_tss	Serena_ER	tss	rloop
total_long_indel	PD4076	0	0	rloop_tss	Serena_ER	tss	rloop
total_long_indel	PD4085	0	0	rloop_tss	Serena_ER	tss	rloop
total_long_indel	PD4086	0	0	rloop_tss	Serena_ER	tss	rloop
total_long_indel	PD4103	0	0	rloop_tss	Serena_ER	tss	rloop
total_long_indel	PD4115	0	0	rloop_tss	Serena_ER	tss	rloop
total_long_indel	PD4116	0	0	rloop_tss	Serena_ER	tss	rloop
total_long_indel	PD4225	0	0	rloop_tss	Serena_ER	tss	rloop
total_long_indel	PD4261	0	0	rloop_tss	Serena_ER	tss	rloop
total_long_indel	PD4266	0	0	rloop_tss	Serena_ER	tss	rloop
total_long_indel	PD4267	0	0	rloop_tss	Serena_ER	tss	rloop
total_long_indel	PD4315	1	0.140549639040417	rloop_tss	Serena_ER	tss	rloop
total_long_indel	PD4604	1	0.140549639040417	rloop_tss	Serena_ER	tss	rloop
total_long_indel	PD4605	0	0	rloop_tss	Serena_ER	tss	rloop
total_long_indel	PD4606	0	0	rloop_tss	Serena_ER	tss	rloop
total_long_indel	PD4607	1	0.140549639040417	rloop_tss	Serena_ER	tss	rloop
total_long_indel	PD4613	0	0	rloop_tss	Serena_ER	tss	rloop
total_long_indel	PD4872	0	0	rloop_tss	Serena_ER	tss	rloop
total_long_indel	PD4876	0	0	rloop_tss	Serena_ER	tss	rloop
total_long_indel	PD4951	0	0	rloop_tss	Serena_ER	tss	rloop
total_long_indel	PD4952	1	0.140549639040417	rloop_tss	Serena_ER	tss	rloop
total_long_indel	PD4953	0	0	rloop_tss	Serena_ER	tss	rloop
total_long_indel	PD4954	2	0.281099278080834	rloop_tss	Serena_ER	tss	rloop
total_long_indel	PD4957	0	0	rloop_tss	Serena_ER	tss	rloop
total_long_indel	PD4958	0	0	rloop_tss	Serena_ER	tss	rloop
total_long_indel	PD4959	0	0	rloop_tss	Serena_ER	tss	rloop
total_long_indel	PD4965	0	0	rloop_tss	Serena_ER	tss	rloop
total_long_indel	PD4967	0	0	rloop_tss	Serena_ER	tss	rloop
total_long_indel	PD4968	0	0	rloop_tss	Serena_ER	tss	rloop
total_long_indel	PD4970	0	0	rloop_tss	Serena_ER	tss	rloop
total_long_indel	PD4971	1	0.140549639040417	rloop_tss	Serena_ER	tss	rloop
total_long_indel	PD4972	0	0	rloop_tss	Serena_ER	tss	rloop
total_long_indel	PD4976	1	0.140549639040417	rloop_tss	Serena_ER	tss	rloop
total_long_indel	PD4981	0	0	rloop_tss	Serena_ER	tss	rloop
total_long_indel	PD4982	0	0	rloop_tss	Serena_ER	tss	rloop
total_long_indel	PD4983	0	0	rloop_tss	Serena_ER	tss	rloop
total_long_indel	PD4985	0	0	rloop_tss	Serena_ER	tss	rloop
total_long_indel	PD4986	0	0	rloop_tss	Serena_ER	tss	rloop
total_long_indel	PD5928	1	0.140549639040417	rloop_tss	Serena_ER	tss	rloop
total_long_indel	PD5936	0	0	rloop_tss	Serena_ER	tss	rloop
total_long_indel	PD5937	4	0.562198556161668	rloop_tss	Serena_ER	tss	rloop
total_long_indel	PD5946	0	0	rloop_tss	Serena_ER	tss	rloop
total_long_indel	PD5947	0	0	rloop_tss	Serena_ER	tss	rloop
total_long_indel	PD5951	0	0	rloop_tss	Serena_ER	tss	rloop
total_long_indel	PD5953	2	0.281099278080834	rloop_tss	Serena_ER	tss	rloop
total_long_indel	PD5956	0	0	rloop_tss	Serena_ER	tss	rloop
total_long_indel	PD5959	0	0	rloop_tss	Serena_ER	tss	rloop
total_long_indel	PD5960	1	0.140549639040417	rloop_tss	Serena_ER	tss	rloop
total_long_indel	PD5961	1	0.140549639040417	rloop_tss	Serena_ER	tss	rloop
total_long_indel	PD5964	0	0	rloop_tss	Serena_ER	tss	rloop
total_long_indel	PD6016	0	0	rloop_tss	Serena_ER	tss	rloop
total_long_indel	PD6041	0	0	rloop_tss	Serena_ER	tss	rloop
total_long_indel	PD6042	0	0	rloop_tss	Serena_ER	tss	rloop
total_long_indel	PD6043	0	0	rloop_tss	Serena_ER	tss	rloop
total_long_indel	PD6044	0	0	rloop_tss	Serena_ER	tss	rloop
total_long_indel	PD6045	0	0	rloop_tss	Serena_ER	tss	rloop
total_long_indel	PD6417	0	0	rloop_tss	Serena_ER	tss	rloop
total_long_indel	PD6418	0	0	rloop_tss	Serena_ER	tss	rloop
total_long_indel	PD6422	0	0	rloop_tss	Serena_ER	tss	rloop
total_long_indel	PD6466	0	0	rloop_tss	Serena_ER	tss	rloop
total_long_indel	PD6711	1	0.140549639040417	rloop_tss	Serena_ER	tss	rloop
total_long_indel	PD6719	0	0	rloop_tss	Serena_ER	tss	rloop
total_long_indel	PD6720	0	0	rloop_tss	Serena_ER	tss	rloop
total_long_indel	PD6721	0	0	rloop_tss	Serena_ER	tss	rloop
total_long_indel	PD7199	0	0	rloop_tss	Serena_ER	tss	rloop
total_long_indel	PD7201	1	0.140549639040417	rloop_tss	Serena_ER	tss	rloop
total_long_indel	PD7206	1	0.140549639040417	rloop_tss	Serena_ER	tss	rloop
total_long_indel	PD7207	2	0.281099278080834	rloop_tss	Serena_ER	tss	rloop
total_long_indel	PD7209	1	0.140549639040417	rloop_tss	Serena_ER	tss	rloop
total_long_indel	PD7210	1	0.140549639040417	rloop_tss	Serena_ER	tss	rloop
total_long_indel	PD7214	1	0.140549639040417	rloop_tss	Serena_ER	tss	rloop
total_long_indel	PD7215	1	0.140549639040417	rloop_tss	Serena_ER	tss	rloop
total_long_indel	PD7218	0	0	rloop_tss	Serena_ER	tss	rloop
total_long_indel	PD7219	0	0	rloop_tss	Serena_ER	tss	rloop
total_long_indel	PD7221	1	0.140549639040417	rloop_tss	Serena_ER	tss	rloop
total_long_indel	PD7238	1	0.140549639040417	rloop_tss	Serena_ER	tss	rloop
total_long_indel	PD7240	0	0	rloop_tss	Serena_ER	tss	rloop
total_long_indel	PD7243	2	0.281099278080834	rloop_tss	Serena_ER	tss	rloop
total_long_indel	PD7322	0	0	rloop_tss	Serena_ER	tss	rloop
total_long_indel	PD8609	0	0	rloop_tss	Serena_ER	tss	rloop
total_long_indel	PD8610	0	0	rloop_tss	Serena_ER	tss	rloop
total_long_indel	PD8612	0	0	rloop_tss	Serena_ER	tss	rloop
total_long_indel	PD8614	0	0	rloop_tss	Serena_ER	tss	rloop
total_long_indel	PD8615	0	0	rloop_tss	Serena_ER	tss	rloop
total_long_indel	PD8617	0	0	rloop_tss	Serena_ER	tss	rloop
total_long_indel	PD8618	2	0.281099278080834	rloop_tss	Serena_ER	tss	rloop
total_long_indel	PD8620	0	0	rloop_tss	Serena_ER	tss	rloop
total_long_indel	PD8622	0	0	rloop_tss	Serena_ER	tss	rloop
total_long_indel	PD8623	0	0	rloop_tss	Serena_ER	tss	rloop
total_long_indel	PD8828	0	0	rloop_tss	Serena_ER	tss	rloop
total_long_indel	PD8973	1	0.140549639040417	rloop_tss	Serena_ER	tss	rloop
total_long_indel	PD8977	1	0.140549639040417	rloop_tss	Serena_ER	tss	rloop
total_long_indel	PD8978	3	0.421648917121251	rloop_tss	Serena_ER	tss	rloop
total_long_indel	PD8979	0	0	rloop_tss	Serena_ER	tss	rloop
total_long_indel	PD8980	2	0.281099278080834	rloop_tss	Serena_ER	tss	rloop
total_long_indel	PD8981	0	0	rloop_tss	Serena_ER	tss	rloop
total_long_indel	PD9000	2	0.281099278080834	rloop_tss	Serena_ER	tss	rloop
total_long_indel	PD9001	3	0.421648917121251	rloop_tss	Serena_ER	tss	rloop
total_long_indel	PD9002	1	0.140549639040417	rloop_tss	Serena_ER	tss	rloop
total_long_indel	PD9063	0	0	rloop_tss	Serena_ER	tss	rloop
total_long_indel	PD9065	1	0.140549639040417	rloop_tss	Serena_ER	tss	rloop
total_long_indel	PD9067	0	0	rloop_tss	Serena_ER	tss	rloop
total_long_indel	PD9193	0	0	rloop_tss	Serena_ER	tss	rloop
total_long_indel	PD9464	0	0	rloop_tss	Serena_ER	tss	rloop
total_long_indel	PD9467	1	0.140549639040417	rloop_tss	Serena_ER	tss	rloop
total_long_indel	PD9539	1	0.140549639040417	rloop_tss	Serena_ER	tss	rloop
total_long_indel	PD9541	2	0.281099278080834	rloop_tss	Serena_ER	tss	rloop
total_long_indel	PD9544	0	0	rloop_tss	Serena_ER	tss	rloop
total_long_indel	PD9567	0	0	rloop_tss	Serena_ER	tss	rloop
total_long_indel	PD9569	0	0	rloop_tss	Serena_ER	tss	rloop
total_long_indel	PD9570	0	0	rloop_tss	Serena_ER	tss	rloop
total_long_indel	PD9572	0	0	rloop_tss	Serena_ER	tss	rloop
total_long_indel	PD9573	1	0.140549639040417	rloop_tss	Serena_ER	tss	rloop
total_long_indel	PD9574	0	0	rloop_tss	Serena_ER	tss	rloop
total_long_indel	PD9577	0	0	rloop_tss	Serena_ER	tss	rloop
total_long_indel	PD9578	0	0	rloop_tss	Serena_ER	tss	rloop
total_long_indel	PD9581	1	0.140549639040417	rloop_tss	Serena_ER	tss	rloop
total_long_indel	PD9582	0	0	rloop_tss	Serena_ER	tss	rloop
total_long_indel	PD9589	0	0	rloop_tss	Serena_ER	tss	rloop
total_long_indel	PD9591	0	0	rloop_tss	Serena_ER	tss	rloop
total_long_indel	PD9593	2	0.281099278080834	rloop_tss	Serena_ER	tss	rloop
total_long_indel	PD9597	0	0	rloop_tss	Serena_ER	tss	rloop
total_long_indel	PD9599	0	0	rloop_tss	Serena_ER	tss	rloop
total_long_indel	PD9600	0	0	rloop_tss	Serena_ER	tss	rloop
total_long_indel	PD9605	1	0.140549639040417	rloop_tss	Serena_ER	tss	rloop
total_long_indel	PD9606	0	0	rloop_tss	Serena_ER	tss	rloop
total_long_indel	PD9694	0	0	rloop_tss	Serena_ER	tss	rloop
total_long_indel	PD9752	0	0	rloop_tss	Serena_ER	tss	rloop
total_long_indel	PD9754	1	0.140549639040417	rloop_tss	Serena_ER	tss	rloop
total_long_indel	PD9756	2	0.281099278080834	rloop_tss	Serena_ER	tss	rloop
total_long_indel	PD9759	0	0	rloop_tss	Serena_ER	tss	rloop
total_long_indel	PD9760	1	0.140549639040417	rloop_tss	Serena_ER	tss	rloop
total_long_indel	PD9761	0	0	rloop_tss	Serena_ER	tss	rloop
total_long_indel	PD9842	0	0	rloop_tss	Serena_ER	tss	rloop
total_long_indel	PD9843	0	0	rloop_tss	Serena_ER	tss	rloop
total_long_indel	PD9844	0	0	rloop_tss	Serena_ER	tss	rloop
total_long_indel	PD9845	0	0	rloop_tss	Serena_ER	tss	rloop
total_long_indel	PD9847	1	0.140549639040417	rloop_tss	Serena_ER	tss	rloop
total_Indel	PD11336	0	0	norloop_tss	Serena_ER	tss	norloop
total_Indel	PD11337	0	0	norloop_tss	Serena_ER	tss	norloop
total_Indel	PD11338	3	0.316177773271659	norloop_tss	Serena_ER	tss	norloop
total_Indel	PD11339	2	0.210785182181106	norloop_tss	Serena_ER	tss	norloop
total_Indel	PD11340	5	0.526962955452765	norloop_tss	Serena_ER	tss	norloop
total_Indel	PD11341	1	0.105392591090553	norloop_tss	Serena_ER	tss	norloop
total_Indel	PD11342	0	0	norloop_tss	Serena_ER	tss	norloop
total_Indel	PD11343	0	0	norloop_tss	Serena_ER	tss	norloop
total_Indel	PD11352	2	0.210785182181106	norloop_tss	Serena_ER	tss	norloop
total_Indel	PD11355	0	0	norloop_tss	Serena_ER	tss	norloop
total_Indel	PD11357	0	0	norloop_tss	Serena_ER	tss	norloop
total_Indel	PD11358	1	0.105392591090553	norloop_tss	Serena_ER	tss	norloop
total_Indel	PD11359	1	0.105392591090553	norloop_tss	Serena_ER	tss	norloop
total_Indel	PD11360	0	0	norloop_tss	Serena_ER	tss	norloop
total_Indel	PD11361	1	0.105392591090553	norloop_tss	Serena_ER	tss	norloop
total_Indel	PD11364	1	0.105392591090553	norloop_tss	Serena_ER	tss	norloop
total_Indel	PD11365	6	0.632355546543318	norloop_tss	Serena_ER	tss	norloop
total_Indel	PD11366	0	0	norloop_tss	Serena_ER	tss	norloop
total_Indel	PD11367	4	0.421570364362212	norloop_tss	Serena_ER	tss	norloop
total_Indel	PD11368	1	0.105392591090553	norloop_tss	Serena_ER	tss	norloop
total_Indel	PD11369	1	0.105392591090553	norloop_tss	Serena_ER	tss	norloop
total_Indel	PD11370	0	0	norloop_tss	Serena_ER	tss	norloop
total_Indel	PD11372	2	0.210785182181106	norloop_tss	Serena_ER	tss	norloop
total_Indel	PD11374	2	0.210785182181106	norloop_tss	Serena_ER	tss	norloop
total_Indel	PD11375	0	0	norloop_tss	Serena_ER	tss	norloop
total_Indel	PD11376	3	0.316177773271659	norloop_tss	Serena_ER	tss	norloop
total_Indel	PD11379	1	0.105392591090553	norloop_tss	Serena_ER	tss	norloop
total_Indel	PD11380	2	0.210785182181106	norloop_tss	Serena_ER	tss	norloop
total_Indel	PD11381	0	0	norloop_tss	Serena_ER	tss	norloop
total_Indel	PD11383	1	0.105392591090553	norloop_tss	Serena_ER	tss	norloop
total_Indel	PD11384	0	0	norloop_tss	Serena_ER	tss	norloop
total_Indel	PD11385	0	0	norloop_tss	Serena_ER	tss	norloop
total_Indel	PD11386	1	0.105392591090553	norloop_tss	Serena_ER	tss	norloop
total_Indel	PD11388	1	0.105392591090553	norloop_tss	Serena_ER	tss	norloop
total_Indel	PD11389	1	0.105392591090553	norloop_tss	Serena_ER	tss	norloop
total_Indel	PD11391	1	0.105392591090553	norloop_tss	Serena_ER	tss	norloop
total_Indel	PD11393	0	0	norloop_tss	Serena_ER	tss	norloop
total_Indel	PD11394	0	0	norloop_tss	Serena_ER	tss	norloop
total_Indel	PD11395	3	0.316177773271659	norloop_tss	Serena_ER	tss	norloop
total_Indel	PD11396	2	0.210785182181106	norloop_tss	Serena_ER	tss	norloop
total_Indel	PD11397	0	0	norloop_tss	Serena_ER	tss	norloop
total_Indel	PD11398	0	0	norloop_tss	Serena_ER	tss	norloop
total_Indel	PD11399	2	0.210785182181106	norloop_tss	Serena_ER	tss	norloop
total_Indel	PD11402	1	0.105392591090553	norloop_tss	Serena_ER	tss	norloop
total_Indel	PD11740	1	0.105392591090553	norloop_tss	Serena_ER	tss	norloop
total_Indel	PD11741	0	0	norloop_tss	Serena_ER	tss	norloop
total_Indel	PD11742	2	0.210785182181106	norloop_tss	Serena_ER	tss	norloop
total_Indel	PD11743	0	0	norloop_tss	Serena_ER	tss	norloop
total_Indel	PD11744	2	0.210785182181106	norloop_tss	Serena_ER	tss	norloop
total_Indel	PD11745	1	0.105392591090553	norloop_tss	Serena_ER	tss	norloop
total_Indel	PD11750	2	0.210785182181106	norloop_tss	Serena_ER	tss	norloop
total_Indel	PD11753	1	0.105392591090553	norloop_tss	Serena_ER	tss	norloop
total_Indel	PD11756	2	0.210785182181106	norloop_tss	Serena_ER	tss	norloop
total_Indel	PD11760	0	0	norloop_tss	Serena_ER	tss	norloop
total_Indel	PD11761	0	0	norloop_tss	Serena_ER	tss	norloop
total_Indel	PD11765	0	0	norloop_tss	Serena_ER	tss	norloop
total_Indel	PD11766	1	0.105392591090553	norloop_tss	Serena_ER	tss	norloop
total_Indel	PD11767	0	0	norloop_tss	Serena_ER	tss	norloop
total_Indel	PD11769	1	0.105392591090553	norloop_tss	Serena_ER	tss	norloop
total_Indel	PD11816	0	0	norloop_tss	Serena_ER	tss	norloop
total_Indel	PD11818	2	0.210785182181106	norloop_tss	Serena_ER	tss	norloop
total_Indel	PD11819	0	0	norloop_tss	Serena_ER	tss	norloop
total_Indel	PD13302	2	0.210785182181106	norloop_tss	Serena_ER	tss	norloop
total_Indel	PD13304	1	0.105392591090553	norloop_tss	Serena_ER	tss	norloop
total_Indel	PD13306	2	0.210785182181106	norloop_tss	Serena_ER	tss	norloop
total_Indel	PD13307	2	0.210785182181106	norloop_tss	Serena_ER	tss	norloop
total_Indel	PD13310	0	0	norloop_tss	Serena_ER	tss	norloop
total_Indel	PD13312	0	0	norloop_tss	Serena_ER	tss	norloop
total_Indel	PD13416	0	0	norloop_tss	Serena_ER	tss	norloop
total_Indel	PD13419	0	0	norloop_tss	Serena_ER	tss	norloop
total_Indel	PD13420	0	0	norloop_tss	Serena_ER	tss	norloop
total_Indel	PD13422	1	0.105392591090553	norloop_tss	Serena_ER	tss	norloop
total_Indel	PD13424	1	0.105392591090553	norloop_tss	Serena_ER	tss	norloop
total_Indel	PD13425	1	0.105392591090553	norloop_tss	Serena_ER	tss	norloop
total_Indel	PD13426	0	0	norloop_tss	Serena_ER	tss	norloop
total_Indel	PD13427	0	0	norloop_tss	Serena_ER	tss	norloop
total_Indel	PD13618	0	0	norloop_tss	Serena_ER	tss	norloop
total_Indel	PD13619	0	0	norloop_tss	Serena_ER	tss	norloop
total_Indel	PD13620	0	0	norloop_tss	Serena_ER	tss	norloop
total_Indel	PD13623	1	0.105392591090553	norloop_tss	Serena_ER	tss	norloop
total_Indel	PD13625	0	0	norloop_tss	Serena_ER	tss	norloop
total_Indel	PD13626	0	0	norloop_tss	Serena_ER	tss	norloop
total_Indel	PD13629	1	0.105392591090553	norloop_tss	Serena_ER	tss	norloop
total_Indel	PD13630	1	0.105392591090553	norloop_tss	Serena_ER	tss	norloop
total_Indel	PD13631	0	0	norloop_tss	Serena_ER	tss	norloop
total_Indel	PD13752	1	0.105392591090553	norloop_tss	Serena_ER	tss	norloop
total_Indel	PD13753	0	0	norloop_tss	Serena_ER	tss	norloop
total_Indel	PD13754	3	0.316177773271659	norloop_tss	Serena_ER	tss	norloop
total_Indel	PD13755	1	0.105392591090553	norloop_tss	Serena_ER	tss	norloop
total_Indel	PD13756	1	0.105392591090553	norloop_tss	Serena_ER	tss	norloop
total_Indel	PD13757	0	0	norloop_tss	Serena_ER	tss	norloop
total_Indel	PD13758	0	0	norloop_tss	Serena_ER	tss	norloop
total_Indel	PD13760	0	0	norloop_tss	Serena_ER	tss	norloop
total_Indel	PD13761	0	0	norloop_tss	Serena_ER	tss	norloop
total_Indel	PD13762	0	0	norloop_tss	Serena_ER	tss	norloop
total_Indel	PD13763	0	0	norloop_tss	Serena_ER	tss	norloop
total_Indel	PD13764	0	0	norloop_tss	Serena_ER	tss	norloop
total_Indel	PD13765	2	0.210785182181106	norloop_tss	Serena_ER	tss	norloop
total_Indel	PD13766	0	0	norloop_tss	Serena_ER	tss	norloop
total_Indel	PD13767	2	0.210785182181106	norloop_tss	Serena_ER	tss	norloop
total_Indel	PD13768	2	0.210785182181106	norloop_tss	Serena_ER	tss	norloop
total_Indel	PD13770	1	0.105392591090553	norloop_tss	Serena_ER	tss	norloop
total_Indel	PD13771	4	0.421570364362212	norloop_tss	Serena_ER	tss	norloop
total_Indel	PD14432	1	0.105392591090553	norloop_tss	Serena_ER	tss	norloop
total_Indel	PD14433	1	0.105392591090553	norloop_tss	Serena_ER	tss	norloop
total_Indel	PD14435	0	0	norloop_tss	Serena_ER	tss	norloop
total_Indel	PD14437	3	0.316177773271659	norloop_tss	Serena_ER	tss	norloop
total_Indel	PD14439	1	0.105392591090553	norloop_tss	Serena_ER	tss	norloop
total_Indel	PD14441	1	0.105392591090553	norloop_tss	Serena_ER	tss	norloop
total_Indel	PD14442	0	0	norloop_tss	Serena_ER	tss	norloop
total_Indel	PD14450	0	0	norloop_tss	Serena_ER	tss	norloop
total_Indel	PD14453	1	0.105392591090553	norloop_tss	Serena_ER	tss	norloop
total_Indel	PD14454	0	0	norloop_tss	Serena_ER	tss	norloop
total_Indel	PD14456	0	0	norloop_tss	Serena_ER	tss	norloop
total_Indel	PD14457	1	0.105392591090553	norloop_tss	Serena_ER	tss	norloop
total_Indel	PD14458	2	0.210785182181106	norloop_tss	Serena_ER	tss	norloop
total_Indel	PD14459	1	0.105392591090553	norloop_tss	Serena_ER	tss	norloop
total_Indel	PD14460	0	0	norloop_tss	Serena_ER	tss	norloop
total_Indel	PD14461	0	0	norloop_tss	Serena_ER	tss	norloop
total_Indel	PD14462	0	0	norloop_tss	Serena_ER	tss	norloop
total_Indel	PD14465	2	0.210785182181106	norloop_tss	Serena_ER	tss	norloop
total_Indel	PD14467	0	0	norloop_tss	Serena_ER	tss	norloop
total_Indel	PD14468	0	0	norloop_tss	Serena_ER	tss	norloop
total_Indel	PD14471	0	0	norloop_tss	Serena_ER	tss	norloop
total_Indel	PD14472	2	0.210785182181106	norloop_tss	Serena_ER	tss	norloop
total_Indel	PD14473	0	0	norloop_tss	Serena_ER	tss	norloop
total_Indel	PD17973	0	0	norloop_tss	Serena_ER	tss	norloop
total_Indel	PD17981	1	0.105392591090553	norloop_tss	Serena_ER	tss	norloop
total_Indel	PD17991	0	0	norloop_tss	Serena_ER	tss	norloop
total_Indel	PD17994	0	0	norloop_tss	Serena_ER	tss	norloop
total_Indel	PD18046	3	0.316177773271659	norloop_tss	Serena_ER	tss	norloop
total_Indel	PD18100	0	0	norloop_tss	Serena_ER	tss	norloop
total_Indel	PD18101	0	0	norloop_tss	Serena_ER	tss	norloop
total_Indel	PD18116	0	0	norloop_tss	Serena_ER	tss	norloop
total_Indel	PD18149	0	0	norloop_tss	Serena_ER	tss	norloop
total_Indel	PD18247	0	0	norloop_tss	Serena_ER	tss	norloop
total_Indel	PD18251	1	0.105392591090553	norloop_tss	Serena_ER	tss	norloop
total_Indel	PD18257	1	0.105392591090553	norloop_tss	Serena_ER	tss	norloop
total_Indel	PD18258	0	0	norloop_tss	Serena_ER	tss	norloop
total_Indel	PD18259	1	0.105392591090553	norloop_tss	Serena_ER	tss	norloop
total_Indel	PD18264	2	0.210785182181106	norloop_tss	Serena_ER	tss	norloop
total_Indel	PD18269	1	0.105392591090553	norloop_tss	Serena_ER	tss	norloop
total_Indel	PD18728	0	0	norloop_tss	Serena_ER	tss	norloop
total_Indel	PD18730	0	0	norloop_tss	Serena_ER	tss	norloop
total_Indel	PD18733	1	0.105392591090553	norloop_tss	Serena_ER	tss	norloop
total_Indel	PD18734	0	0	norloop_tss	Serena_ER	tss	norloop
total_Indel	PD18748	0	0	norloop_tss	Serena_ER	tss	norloop
total_Indel	PD18749	0	0	norloop_tss	Serena_ER	tss	norloop
total_Indel	PD18751	1	0.105392591090553	norloop_tss	Serena_ER	tss	norloop
total_Indel	PD18754	0	0	norloop_tss	Serena_ER	tss	norloop
total_Indel	PD18756	1	0.105392591090553	norloop_tss	Serena_ER	tss	norloop
total_Indel	PD18768	0	0	norloop_tss	Serena_ER	tss	norloop
total_Indel	PD18769	0	0	norloop_tss	Serena_ER	tss	norloop
total_Indel	PD18771	0	0	norloop_tss	Serena_ER	tss	norloop
total_Indel	PD18775	0	0	norloop_tss	Serena_ER	tss	norloop
total_Indel	PD18776	0	0	norloop_tss	Serena_ER	tss	norloop
total_Indel	PD22251	0	0	norloop_tss	Serena_ER	tss	norloop
total_Indel	PD22361	0	0	norloop_tss	Serena_ER	tss	norloop
total_Indel	PD22364	0	0	norloop_tss	Serena_ER	tss	norloop
total_Indel	PD22365	0	0	norloop_tss	Serena_ER	tss	norloop
total_Indel	PD23550	0	0	norloop_tss	Serena_ER	tss	norloop
total_Indel	PD23558	2	0.210785182181106	norloop_tss	Serena_ER	tss	norloop
total_Indel	PD23570	0	0	norloop_tss	Serena_ER	tss	norloop
total_Indel	PD24193	11	1.15931850199608	norloop_tss	Serena_ER	tss	norloop
total_Indel	PD24199	0	0	norloop_tss	Serena_ER	tss	norloop
total_Indel	PD24206	0	0	norloop_tss	Serena_ER	tss	norloop
total_Indel	PD24212	1	0.105392591090553	norloop_tss	Serena_ER	tss	norloop
total_Indel	PD24214	0	0	norloop_tss	Serena_ER	tss	norloop
total_Indel	PD24216	0	0	norloop_tss	Serena_ER	tss	norloop
total_Indel	PD24223	0	0	norloop_tss	Serena_ER	tss	norloop
total_Indel	PD24302	0	0	norloop_tss	Serena_ER	tss	norloop
total_Indel	PD24307	1	0.105392591090553	norloop_tss	Serena_ER	tss	norloop
total_Indel	PD24320	15	1.5808888663583	norloop_tss	Serena_ER	tss	norloop
total_Indel	PD24327	2	0.210785182181106	norloop_tss	Serena_ER	tss	norloop
total_Indel	PD24329	0	0	norloop_tss	Serena_ER	tss	norloop
total_Indel	PD3851	1	0.105392591090553	norloop_tss	Serena_ER	tss	norloop
total_Indel	PD3904	0	0	norloop_tss	Serena_ER	tss	norloop
total_Indel	PD3945	1	0.105392591090553	norloop_tss	Serena_ER	tss	norloop
total_Indel	PD3989	0	0	norloop_tss	Serena_ER	tss	norloop
total_Indel	PD4069	0	0	norloop_tss	Serena_ER	tss	norloop
total_Indel	PD4072	0	0	norloop_tss	Serena_ER	tss	norloop
total_Indel	PD4076	0	0	norloop_tss	Serena_ER	tss	norloop
total_Indel	PD4085	0	0	norloop_tss	Serena_ER	tss	norloop
total_Indel	PD4086	0	0	norloop_tss	Serena_ER	tss	norloop
total_Indel	PD4088	0	0	norloop_tss	Serena_ER	tss	norloop
total_Indel	PD4103	0	0	norloop_tss	Serena_ER	tss	norloop
total_Indel	PD4115	2	0.210785182181106	norloop_tss	Serena_ER	tss	norloop
total_Indel	PD4116	0	0	norloop_tss	Serena_ER	tss	norloop
total_Indel	PD4225	2	0.210785182181106	norloop_tss	Serena_ER	tss	norloop
total_Indel	PD4261	0	0	norloop_tss	Serena_ER	tss	norloop
total_Indel	PD4266	0	0	norloop_tss	Serena_ER	tss	norloop
total_Indel	PD4267	0	0	norloop_tss	Serena_ER	tss	norloop
total_Indel	PD4315	4	0.421570364362212	norloop_tss	Serena_ER	tss	norloop
total_Indel	PD4604	1	0.105392591090553	norloop_tss	Serena_ER	tss	norloop
total_Indel	PD4605	1	0.105392591090553	norloop_tss	Serena_ER	tss	norloop
total_Indel	PD4606	0	0	norloop_tss	Serena_ER	tss	norloop
total_Indel	PD4607	0	0	norloop_tss	Serena_ER	tss	norloop
total_Indel	PD4613	0	0	norloop_tss	Serena_ER	tss	norloop
total_Indel	PD4872	0	0	norloop_tss	Serena_ER	tss	norloop
total_Indel	PD4876	1	0.105392591090553	norloop_tss	Serena_ER	tss	norloop
total_Indel	PD4951	0	0	norloop_tss	Serena_ER	tss	norloop
total_Indel	PD4952	2	0.210785182181106	norloop_tss	Serena_ER	tss	norloop
total_Indel	PD4953	2	0.210785182181106	norloop_tss	Serena_ER	tss	norloop
total_Indel	PD4954	1	0.105392591090553	norloop_tss	Serena_ER	tss	norloop
total_Indel	PD4957	0	0	norloop_tss	Serena_ER	tss	norloop
total_Indel	PD4958	1	0.105392591090553	norloop_tss	Serena_ER	tss	norloop
total_Indel	PD4959	1	0.105392591090553	norloop_tss	Serena_ER	tss	norloop
total_Indel	PD4965	0	0	norloop_tss	Serena_ER	tss	norloop
total_Indel	PD4967	1	0.105392591090553	norloop_tss	Serena_ER	tss	norloop
total_Indel	PD4968	2	0.210785182181106	norloop_tss	Serena_ER	tss	norloop
total_Indel	PD4969	0	0	norloop_tss	Serena_ER	tss	norloop
total_Indel	PD4970	1	0.105392591090553	norloop_tss	Serena_ER	tss	norloop
total_Indel	PD4971	0	0	norloop_tss	Serena_ER	tss	norloop
total_Indel	PD4972	0	0	norloop_tss	Serena_ER	tss	norloop
total_Indel	PD4976	0	0	norloop_tss	Serena_ER	tss	norloop
total_Indel	PD4981	0	0	norloop_tss	Serena_ER	tss	norloop
total_Indel	PD4982	0	0	norloop_tss	Serena_ER	tss	norloop
total_Indel	PD4983	2	0.210785182181106	norloop_tss	Serena_ER	tss	norloop
total_Indel	PD4985	1	0.105392591090553	norloop_tss	Serena_ER	tss	norloop
total_Indel	PD4986	2	0.210785182181106	norloop_tss	Serena_ER	tss	norloop
total_Indel	PD5928	1	0.105392591090553	norloop_tss	Serena_ER	tss	norloop
total_Indel	PD5936	1	0.105392591090553	norloop_tss	Serena_ER	tss	norloop
total_Indel	PD5937	56	5.90198510107097	norloop_tss	Serena_ER	tss	norloop
total_Indel	PD5946	2	0.210785182181106	norloop_tss	Serena_ER	tss	norloop
total_Indel	PD5947	0	0	norloop_tss	Serena_ER	tss	norloop
total_Indel	PD5951	1	0.105392591090553	norloop_tss	Serena_ER	tss	norloop
total_Indel	PD5953	4	0.421570364362212	norloop_tss	Serena_ER	tss	norloop
total_Indel	PD5956	2	0.210785182181106	norloop_tss	Serena_ER	tss	norloop
total_Indel	PD5959	1	0.105392591090553	norloop_tss	Serena_ER	tss	norloop
total_Indel	PD5960	0	0	norloop_tss	Serena_ER	tss	norloop
total_Indel	PD5961	1	0.105392591090553	norloop_tss	Serena_ER	tss	norloop
total_Indel	PD5964	0	0	norloop_tss	Serena_ER	tss	norloop
total_Indel	PD6016	0	0	norloop_tss	Serena_ER	tss	norloop
total_Indel	PD6041	0	0	norloop_tss	Serena_ER	tss	norloop
total_Indel	PD6042	4	0.421570364362212	norloop_tss	Serena_ER	tss	norloop
total_Indel	PD6043	1	0.105392591090553	norloop_tss	Serena_ER	tss	norloop
total_Indel	PD6044	1	0.105392591090553	norloop_tss	Serena_ER	tss	norloop
total_Indel	PD6045	0	0	norloop_tss	Serena_ER	tss	norloop
total_Indel	PD6417	1	0.105392591090553	norloop_tss	Serena_ER	tss	norloop
total_Indel	PD6418	0	0	norloop_tss	Serena_ER	tss	norloop
total_Indel	PD6422	0	0	norloop_tss	Serena_ER	tss	norloop
total_Indel	PD6466	0	0	norloop_tss	Serena_ER	tss	norloop
total_Indel	PD6711	2	0.210785182181106	norloop_tss	Serena_ER	tss	norloop
total_Indel	PD6719	1	0.105392591090553	norloop_tss	Serena_ER	tss	norloop
total_Indel	PD6720	0	0	norloop_tss	Serena_ER	tss	norloop
total_Indel	PD6721	0	0	norloop_tss	Serena_ER	tss	norloop
total_Indel	PD7199	0	0	norloop_tss	Serena_ER	tss	norloop
total_Indel	PD7201	0	0	norloop_tss	Serena_ER	tss	norloop
total_Indel	PD7206	0	0	norloop_tss	Serena_ER	tss	norloop
total_Indel	PD7207	1	0.105392591090553	norloop_tss	Serena_ER	tss	norloop
total_Indel	PD7209	1	0.105392591090553	norloop_tss	Serena_ER	tss	norloop
total_Indel	PD7210	1	0.105392591090553	norloop_tss	Serena_ER	tss	norloop
total_Indel	PD7214	0	0	norloop_tss	Serena_ER	tss	norloop
total_Indel	PD7215	2	0.210785182181106	norloop_tss	Serena_ER	tss	norloop
total_Indel	PD7218	0	0	norloop_tss	Serena_ER	tss	norloop
total_Indel	PD7219	1	0.105392591090553	norloop_tss	Serena_ER	tss	norloop
total_Indel	PD7221	0	0	norloop_tss	Serena_ER	tss	norloop
total_Indel	PD7238	1	0.105392591090553	norloop_tss	Serena_ER	tss	norloop
total_Indel	PD7240	0	0	norloop_tss	Serena_ER	tss	norloop
total_Indel	PD7243	0	0	norloop_tss	Serena_ER	tss	norloop
total_Indel	PD7322	0	0	norloop_tss	Serena_ER	tss	norloop
total_Indel	PD8609	1	0.105392591090553	norloop_tss	Serena_ER	tss	norloop
total_Indel	PD8610	1	0.105392591090553	norloop_tss	Serena_ER	tss	norloop
total_Indel	PD8612	2	0.210785182181106	norloop_tss	Serena_ER	tss	norloop
total_Indel	PD8614	0	0	norloop_tss	Serena_ER	tss	norloop
total_Indel	PD8615	0	0	norloop_tss	Serena_ER	tss	norloop
total_Indel	PD8617	0	0	norloop_tss	Serena_ER	tss	norloop
total_Indel	PD8618	1	0.105392591090553	norloop_tss	Serena_ER	tss	norloop
total_Indel	PD8620	0	0	norloop_tss	Serena_ER	tss	norloop
total_Indel	PD8622	5	0.526962955452765	norloop_tss	Serena_ER	tss	norloop
total_Indel	PD8623	3	0.316177773271659	norloop_tss	Serena_ER	tss	norloop
total_Indel	PD8828	0	0	norloop_tss	Serena_ER	tss	norloop
total_Indel	PD8973	0	0	norloop_tss	Serena_ER	tss	norloop
total_Indel	PD8977	1	0.105392591090553	norloop_tss	Serena_ER	tss	norloop
total_Indel	PD8978	5	0.526962955452765	norloop_tss	Serena_ER	tss	norloop
total_Indel	PD8979	0	0	norloop_tss	Serena_ER	tss	norloop
total_Indel	PD8980	3	0.316177773271659	norloop_tss	Serena_ER	tss	norloop
total_Indel	PD8981	2	0.210785182181106	norloop_tss	Serena_ER	tss	norloop
total_Indel	PD9000	5	0.526962955452765	norloop_tss	Serena_ER	tss	norloop
total_Indel	PD9001	1	0.105392591090553	norloop_tss	Serena_ER	tss	norloop
total_Indel	PD9002	3	0.316177773271659	norloop_tss	Serena_ER	tss	norloop
total_Indel	PD9063	1	0.105392591090553	norloop_tss	Serena_ER	tss	norloop
total_Indel	PD9065	0	0	norloop_tss	Serena_ER	tss	norloop
total_Indel	PD9067	1	0.105392591090553	norloop_tss	Serena_ER	tss	norloop
total_Indel	PD9193	0	0	norloop_tss	Serena_ER	tss	norloop
total_Indel	PD9464	1	0.105392591090553	norloop_tss	Serena_ER	tss	norloop
total_Indel	PD9467	2	0.210785182181106	norloop_tss	Serena_ER	tss	norloop
total_Indel	PD9539	0	0	norloop_tss	Serena_ER	tss	norloop
total_Indel	PD9541	1	0.105392591090553	norloop_tss	Serena_ER	tss	norloop
total_Indel	PD9544	1	0.105392591090553	norloop_tss	Serena_ER	tss	norloop
total_Indel	PD9567	0	0	norloop_tss	Serena_ER	tss	norloop
total_Indel	PD9569	0	0	norloop_tss	Serena_ER	tss	norloop
total_Indel	PD9570	0	0	norloop_tss	Serena_ER	tss	norloop
total_Indel	PD9572	0	0	norloop_tss	Serena_ER	tss	norloop
total_Indel	PD9573	0	0	norloop_tss	Serena_ER	tss	norloop
total_Indel	PD9574	0	0	norloop_tss	Serena_ER	tss	norloop
total_Indel	PD9577	2	0.210785182181106	norloop_tss	Serena_ER	tss	norloop
total_Indel	PD9578	0	0	norloop_tss	Serena_ER	tss	norloop
total_Indel	PD9581	1	0.105392591090553	norloop_tss	Serena_ER	tss	norloop
total_Indel	PD9582	0	0	norloop_tss	Serena_ER	tss	norloop
total_Indel	PD9589	2	0.210785182181106	norloop_tss	Serena_ER	tss	norloop
total_Indel	PD9591	0	0	norloop_tss	Serena_ER	tss	norloop
total_Indel	PD9593	0	0	norloop_tss	Serena_ER	tss	norloop
total_Indel	PD9597	1	0.105392591090553	norloop_tss	Serena_ER	tss	norloop
total_Indel	PD9599	0	0	norloop_tss	Serena_ER	tss	norloop
total_Indel	PD9600	1	0.105392591090553	norloop_tss	Serena_ER	tss	norloop
total_Indel	PD9605	0	0	norloop_tss	Serena_ER	tss	norloop
total_Indel	PD9606	1	0.105392591090553	norloop_tss	Serena_ER	tss	norloop
total_Indel	PD9694	0	0	norloop_tss	Serena_ER	tss	norloop
total_Indel	PD9752	0	0	norloop_tss	Serena_ER	tss	norloop
total_Indel	PD9754	1	0.105392591090553	norloop_tss	Serena_ER	tss	norloop
total_Indel	PD9756	1	0.105392591090553	norloop_tss	Serena_ER	tss	norloop
total_Indel	PD9759	0	0	norloop_tss	Serena_ER	tss	norloop
total_Indel	PD9760	2	0.210785182181106	norloop_tss	Serena_ER	tss	norloop
total_Indel	PD9761	1	0.105392591090553	norloop_tss	Serena_ER	tss	norloop
total_Indel	PD9842	0	0	norloop_tss	Serena_ER	tss	norloop
total_Indel	PD9843	0	0	norloop_tss	Serena_ER	tss	norloop
total_Indel	PD9844	1	0.105392591090553	norloop_tss	Serena_ER	tss	norloop
total_Indel	PD9845	2	0.210785182181106	norloop_tss	Serena_ER	tss	norloop
total_Indel	PD9847	0	0	norloop_tss	Serena_ER	tss	norloop
total_long_simple_indel	PD11336	0	0	norloop_tss	Serena_ER	tss	norloop
total_long_simple_indel	PD11337	0	0	norloop_tss	Serena_ER	tss	norloop
total_long_simple_indel	PD11338	0	0	norloop_tss	Serena_ER	tss	norloop
total_long_simple_indel	PD11339	0	0	norloop_tss	Serena_ER	tss	norloop
total_long_simple_indel	PD11340	4	0.421570364362212	norloop_tss	Serena_ER	tss	norloop
total_long_simple_indel	PD11341	0	0	norloop_tss	Serena_ER	tss	norloop
total_long_simple_indel	PD11342	0	0	norloop_tss	Serena_ER	tss	norloop
total_long_simple_indel	PD11343	0	0	norloop_tss	Serena_ER	tss	norloop
total_long_simple_indel	PD11352	0	0	norloop_tss	Serena_ER	tss	norloop
total_long_simple_indel	PD11355	0	0	norloop_tss	Serena_ER	tss	norloop
total_long_simple_indel	PD11357	0	0	norloop_tss	Serena_ER	tss	norloop
total_long_simple_indel	PD11358	0	0	norloop_tss	Serena_ER	tss	norloop
total_long_simple_indel	PD11359	1	0.105392591090553	norloop_tss	Serena_ER	tss	norloop
total_long_simple_indel	PD11360	0	0	norloop_tss	Serena_ER	tss	norloop
total_long_simple_indel	PD11361	0	0	norloop_tss	Serena_ER	tss	norloop
total_long_simple_indel	PD11364	0	0	norloop_tss	Serena_ER	tss	norloop
total_long_simple_indel	PD11365	1	0.105392591090553	norloop_tss	Serena_ER	tss	norloop
total_long_simple_indel	PD11366	0	0	norloop_tss	Serena_ER	tss	norloop
total_long_simple_indel	PD11367	0	0	norloop_tss	Serena_ER	tss	norloop
total_long_simple_indel	PD11368	0	0	norloop_tss	Serena_ER	tss	norloop
total_long_simple_indel	PD11369	0	0	norloop_tss	Serena_ER	tss	norloop
total_long_simple_indel	PD11370	0	0	norloop_tss	Serena_ER	tss	norloop
total_long_simple_indel	PD11372	0	0	norloop_tss	Serena_ER	tss	norloop
total_long_simple_indel	PD11374	0	0	norloop_tss	Serena_ER	tss	norloop
total_long_simple_indel	PD11375	0	0	norloop_tss	Serena_ER	tss	norloop
total_long_simple_indel	PD11376	0	0	norloop_tss	Serena_ER	tss	norloop
total_long_simple_indel	PD11379	0	0	norloop_tss	Serena_ER	tss	norloop
total_long_simple_indel	PD11380	2	0.210785182181106	norloop_tss	Serena_ER	tss	norloop
total_long_simple_indel	PD11381	0	0	norloop_tss	Serena_ER	tss	norloop
total_long_simple_indel	PD11383	0	0	norloop_tss	Serena_ER	tss	norloop
total_long_simple_indel	PD11384	0	0	norloop_tss	Serena_ER	tss	norloop
total_long_simple_indel	PD11385	0	0	norloop_tss	Serena_ER	tss	norloop
total_long_simple_indel	PD11386	0	0	norloop_tss	Serena_ER	tss	norloop
total_long_simple_indel	PD11388	0	0	norloop_tss	Serena_ER	tss	norloop
total_long_simple_indel	PD11389	0	0	norloop_tss	Serena_ER	tss	norloop
total_long_simple_indel	PD11391	0	0	norloop_tss	Serena_ER	tss	norloop
total_long_simple_indel	PD11393	0	0	norloop_tss	Serena_ER	tss	norloop
total_long_simple_indel	PD11394	0	0	norloop_tss	Serena_ER	tss	norloop
total_long_simple_indel	PD11395	1	0.105392591090553	norloop_tss	Serena_ER	tss	norloop
total_long_simple_indel	PD11396	2	0.210785182181106	norloop_tss	Serena_ER	tss	norloop
total_long_simple_indel	PD11397	0	0	norloop_tss	Serena_ER	tss	norloop
total_long_simple_indel	PD11398	0	0	norloop_tss	Serena_ER	tss	norloop
total_long_simple_indel	PD11399	1	0.105392591090553	norloop_tss	Serena_ER	tss	norloop
total_long_simple_indel	PD11402	0	0	norloop_tss	Serena_ER	tss	norloop
total_long_simple_indel	PD11740	0	0	norloop_tss	Serena_ER	tss	norloop
total_long_simple_indel	PD11741	0	0	norloop_tss	Serena_ER	tss	norloop
total_long_simple_indel	PD11742	1	0.105392591090553	norloop_tss	Serena_ER	tss	norloop
total_long_simple_indel	PD11743	0	0	norloop_tss	Serena_ER	tss	norloop
total_long_simple_indel	PD11744	0	0	norloop_tss	Serena_ER	tss	norloop
total_long_simple_indel	PD11745	0	0	norloop_tss	Serena_ER	tss	norloop
total_long_simple_indel	PD11750	1	0.105392591090553	norloop_tss	Serena_ER	tss	norloop
total_long_simple_indel	PD11753	0	0	norloop_tss	Serena_ER	tss	norloop
total_long_simple_indel	PD11756	0	0	norloop_tss	Serena_ER	tss	norloop
total_long_simple_indel	PD11760	0	0	norloop_tss	Serena_ER	tss	norloop
total_long_simple_indel	PD11761	0	0	norloop_tss	Serena_ER	tss	norloop
total_long_simple_indel	PD11765	0	0	norloop_tss	Serena_ER	tss	norloop
total_long_simple_indel	PD11766	0	0	norloop_tss	Serena_ER	tss	norloop
total_long_simple_indel	PD11767	0	0	norloop_tss	Serena_ER	tss	norloop
total_long_simple_indel	PD11769	0	0	norloop_tss	Serena_ER	tss	norloop
total_long_simple_indel	PD11816	0	0	norloop_tss	Serena_ER	tss	norloop
total_long_simple_indel	PD11818	0	0	norloop_tss	Serena_ER	tss	norloop
total_long_simple_indel	PD11819	0	0	norloop_tss	Serena_ER	tss	norloop
total_long_simple_indel	PD13302	0	0	norloop_tss	Serena_ER	tss	norloop
total_long_simple_indel	PD13304	1	0.105392591090553	norloop_tss	Serena_ER	tss	norloop
total_long_simple_indel	PD13306	1	0.105392591090553	norloop_tss	Serena_ER	tss	norloop
total_long_simple_indel	PD13307	0	0	norloop_tss	Serena_ER	tss	norloop
total_long_simple_indel	PD13310	0	0	norloop_tss	Serena_ER	tss	norloop
total_long_simple_indel	PD13312	0	0	norloop_tss	Serena_ER	tss	norloop
total_long_simple_indel	PD13416	0	0	norloop_tss	Serena_ER	tss	norloop
total_long_simple_indel	PD13419	0	0	norloop_tss	Serena_ER	tss	norloop
total_long_simple_indel	PD13420	0	0	norloop_tss	Serena_ER	tss	norloop
total_long_simple_indel	PD13422	0	0	norloop_tss	Serena_ER	tss	norloop
total_long_simple_indel	PD13424	0	0	norloop_tss	Serena_ER	tss	norloop
total_long_simple_indel	PD13425	0	0	norloop_tss	Serena_ER	tss	norloop
total_long_simple_indel	PD13426	0	0	norloop_tss	Serena_ER	tss	norloop
total_long_simple_indel	PD13427	0	0	norloop_tss	Serena_ER	tss	norloop
total_long_simple_indel	PD13618	0	0	norloop_tss	Serena_ER	tss	norloop
total_long_simple_indel	PD13619	0	0	norloop_tss	Serena_ER	tss	norloop
total_long_simple_indel	PD13620	0	0	norloop_tss	Serena_ER	tss	norloop
total_long_simple_indel	PD13623	0	0	norloop_tss	Serena_ER	tss	norloop
total_long_simple_indel	PD13625	0	0	norloop_tss	Serena_ER	tss	norloop
total_long_simple_indel	PD13626	0	0	norloop_tss	Serena_ER	tss	norloop
total_long_simple_indel	PD13629	1	0.105392591090553	norloop_tss	Serena_ER	tss	norloop
total_long_simple_indel	PD13630	1	0.105392591090553	norloop_tss	Serena_ER	tss	norloop
total_long_simple_indel	PD13631	0	0	norloop_tss	Serena_ER	tss	norloop
total_long_simple_indel	PD13752	0	0	norloop_tss	Serena_ER	tss	norloop
total_long_simple_indel	PD13753	0	0	norloop_tss	Serena_ER	tss	norloop
total_long_simple_indel	PD13754	2	0.210785182181106	norloop_tss	Serena_ER	tss	norloop
total_long_simple_indel	PD13755	0	0	norloop_tss	Serena_ER	tss	norloop
total_long_simple_indel	PD13756	1	0.105392591090553	norloop_tss	Serena_ER	tss	norloop
total_long_simple_indel	PD13757	0	0	norloop_tss	Serena_ER	tss	norloop
total_long_simple_indel	PD13758	0	0	norloop_tss	Serena_ER	tss	norloop
total_long_simple_indel	PD13760	0	0	norloop_tss	Serena_ER	tss	norloop
total_long_simple_indel	PD13761	0	0	norloop_tss	Serena_ER	tss	norloop
total_long_simple_indel	PD13762	0	0	norloop_tss	Serena_ER	tss	norloop
total_long_simple_indel	PD13763	0	0	norloop_tss	Serena_ER	tss	norloop
total_long_simple_indel	PD13764	0	0	norloop_tss	Serena_ER	tss	norloop
total_long_simple_indel	PD13765	0	0	norloop_tss	Serena_ER	tss	norloop
total_long_simple_indel	PD13766	0	0	norloop_tss	Serena_ER	tss	norloop
total_long_simple_indel	PD13767	1	0.105392591090553	norloop_tss	Serena_ER	tss	norloop
total_long_simple_indel	PD13768	0	0	norloop_tss	Serena_ER	tss	norloop
total_long_simple_indel	PD13770	0	0	norloop_tss	Serena_ER	tss	norloop
total_long_simple_indel	PD13771	0	0	norloop_tss	Serena_ER	tss	norloop
total_long_simple_indel	PD14432	0	0	norloop_tss	Serena_ER	tss	norloop
total_long_simple_indel	PD14433	1	0.105392591090553	norloop_tss	Serena_ER	tss	norloop
total_long_simple_indel	PD14435	0	0	norloop_tss	Serena_ER	tss	norloop
total_long_simple_indel	PD14437	0	0	norloop_tss	Serena_ER	tss	norloop
total_long_simple_indel	PD14439	1	0.105392591090553	norloop_tss	Serena_ER	tss	norloop
total_long_simple_indel	PD14441	0	0	norloop_tss	Serena_ER	tss	norloop
total_long_simple_indel	PD14442	0	0	norloop_tss	Serena_ER	tss	norloop
total_long_simple_indel	PD14450	0	0	norloop_tss	Serena_ER	tss	norloop
total_long_simple_indel	PD14453	0	0	norloop_tss	Serena_ER	tss	norloop
total_long_simple_indel	PD14454	0	0	norloop_tss	Serena_ER	tss	norloop
total_long_simple_indel	PD14456	0	0	norloop_tss	Serena_ER	tss	norloop
total_long_simple_indel	PD14457	1	0.105392591090553	norloop_tss	Serena_ER	tss	norloop
total_long_simple_indel	PD14458	0	0	norloop_tss	Serena_ER	tss	norloop
total_long_simple_indel	PD14459	0	0	norloop_tss	Serena_ER	tss	norloop
total_long_simple_indel	PD14460	0	0	norloop_tss	Serena_ER	tss	norloop
total_long_simple_indel	PD14461	0	0	norloop_tss	Serena_ER	tss	norloop
total_long_simple_indel	PD14462	0	0	norloop_tss	Serena_ER	tss	norloop
total_long_simple_indel	PD14465	0	0	norloop_tss	Serena_ER	tss	norloop
total_long_simple_indel	PD14467	0	0	norloop_tss	Serena_ER	tss	norloop
total_long_simple_indel	PD14468	0	0	norloop_tss	Serena_ER	tss	norloop
total_long_simple_indel	PD14471	0	0	norloop_tss	Serena_ER	tss	norloop
total_long_simple_indel	PD14472	0	0	norloop_tss	Serena_ER	tss	norloop
total_long_simple_indel	PD14473	0	0	norloop_tss	Serena_ER	tss	norloop
total_long_simple_indel	PD17973	0	0	norloop_tss	Serena_ER	tss	norloop
total_long_simple_indel	PD17981	1	0.105392591090553	norloop_tss	Serena_ER	tss	norloop
total_long_simple_indel	PD17991	0	0	norloop_tss	Serena_ER	tss	norloop
total_long_simple_indel	PD17994	0	0	norloop_tss	Serena_ER	tss	norloop
total_long_simple_indel	PD18046	0	0	norloop_tss	Serena_ER	tss	norloop
total_long_simple_indel	PD18100	0	0	norloop_tss	Serena_ER	tss	norloop
total_long_simple_indel	PD18101	0	0	norloop_tss	Serena_ER	tss	norloop
total_long_simple_indel	PD18116	0	0	norloop_tss	Serena_ER	tss	norloop
total_long_simple_indel	PD18149	0	0	norloop_tss	Serena_ER	tss	norloop
total_long_simple_indel	PD18247	0	0	norloop_tss	Serena_ER	tss	norloop
total_long_simple_indel	PD18251	1	0.105392591090553	norloop_tss	Serena_ER	tss	norloop
total_long_simple_indel	PD18257	0	0	norloop_tss	Serena_ER	tss	norloop
total_long_simple_indel	PD18258	0	0	norloop_tss	Serena_ER	tss	norloop
total_long_simple_indel	PD18259	0	0	norloop_tss	Serena_ER	tss	norloop
total_long_simple_indel	PD18264	0	0	norloop_tss	Serena_ER	tss	norloop
total_long_simple_indel	PD18269	0	0	norloop_tss	Serena_ER	tss	norloop
total_long_simple_indel	PD18728	0	0	norloop_tss	Serena_ER	tss	norloop
total_long_simple_indel	PD18730	0	0	norloop_tss	Serena_ER	tss	norloop
total_long_simple_indel	PD18733	0	0	norloop_tss	Serena_ER	tss	norloop
total_long_simple_indel	PD18734	0	0	norloop_tss	Serena_ER	tss	norloop
total_long_simple_indel	PD18748	0	0	norloop_tss	Serena_ER	tss	norloop
total_long_simple_indel	PD18749	0	0	norloop_tss	Serena_ER	tss	norloop
total_long_simple_indel	PD18751	0	0	norloop_tss	Serena_ER	tss	norloop
total_long_simple_indel	PD18754	0	0	norloop_tss	Serena_ER	tss	norloop
total_long_simple_indel	PD18756	1	0.105392591090553	norloop_tss	Serena_ER	tss	norloop
total_long_simple_indel	PD18768	0	0	norloop_tss	Serena_ER	tss	norloop
total_long_simple_indel	PD18769	0	0	norloop_tss	Serena_ER	tss	norloop
total_long_simple_indel	PD18771	0	0	norloop_tss	Serena_ER	tss	norloop
total_long_simple_indel	PD18775	0	0	norloop_tss	Serena_ER	tss	norloop
total_long_simple_indel	PD18776	0	0	norloop_tss	Serena_ER	tss	norloop
total_long_simple_indel	PD22251	0	0	norloop_tss	Serena_ER	tss	norloop
total_long_simple_indel	PD22361	0	0	norloop_tss	Serena_ER	tss	norloop
total_long_simple_indel	PD22364	0	0	norloop_tss	Serena_ER	tss	norloop
total_long_simple_indel	PD22365	0	0	norloop_tss	Serena_ER	tss	norloop
total_long_simple_indel	PD23550	0	0	norloop_tss	Serena_ER	tss	norloop
total_long_simple_indel	PD23558	0	0	norloop_tss	Serena_ER	tss	norloop
total_long_simple_indel	PD23570	0	0	norloop_tss	Serena_ER	tss	norloop
total_long_simple_indel	PD24193	2	0.210785182181106	norloop_tss	Serena_ER	tss	norloop
total_long_simple_indel	PD24199	0	0	norloop_tss	Serena_ER	tss	norloop
total_long_simple_indel	PD24206	0	0	norloop_tss	Serena_ER	tss	norloop
total_long_simple_indel	PD24212	0	0	norloop_tss	Serena_ER	tss	norloop
total_long_simple_indel	PD24214	0	0	norloop_tss	Serena_ER	tss	norloop
total_long_simple_indel	PD24216	0	0	norloop_tss	Serena_ER	tss	norloop
total_long_simple_indel	PD24223	0	0	norloop_tss	Serena_ER	tss	norloop
total_long_simple_indel	PD24302	0	0	norloop_tss	Serena_ER	tss	norloop
total_long_simple_indel	PD24307	1	0.105392591090553	norloop_tss	Serena_ER	tss	norloop
total_long_simple_indel	PD24320	2	0.210785182181106	norloop_tss	Serena_ER	tss	norloop
total_long_simple_indel	PD24327	0	0	norloop_tss	Serena_ER	tss	norloop
total_long_simple_indel	PD24329	0	0	norloop_tss	Serena_ER	tss	norloop
total_long_simple_indel	PD3851	0	0	norloop_tss	Serena_ER	tss	norloop
total_long_simple_indel	PD3904	0	0	norloop_tss	Serena_ER	tss	norloop
total_long_simple_indel	PD3945	0	0	norloop_tss	Serena_ER	tss	norloop
total_long_simple_indel	PD3989	0	0	norloop_tss	Serena_ER	tss	norloop
total_long_simple_indel	PD4069	0	0	norloop_tss	Serena_ER	tss	norloop
total_long_simple_indel	PD4072	0	0	norloop_tss	Serena_ER	tss	norloop
total_long_simple_indel	PD4076	0	0	norloop_tss	Serena_ER	tss	norloop
total_long_simple_indel	PD4085	0	0	norloop_tss	Serena_ER	tss	norloop
total_long_simple_indel	PD4086	0	0	norloop_tss	Serena_ER	tss	norloop
total_long_simple_indel	PD4088	0	0	norloop_tss	Serena_ER	tss	norloop
total_long_simple_indel	PD4103	0	0	norloop_tss	Serena_ER	tss	norloop
total_long_simple_indel	PD4115	0	0	norloop_tss	Serena_ER	tss	norloop
total_long_simple_indel	PD4116	0	0	norloop_tss	Serena_ER	tss	norloop
total_long_simple_indel	PD4225	0	0	norloop_tss	Serena_ER	tss	norloop
total_long_simple_indel	PD4261	0	0	norloop_tss	Serena_ER	tss	norloop
total_long_simple_indel	PD4266	0	0	norloop_tss	Serena_ER	tss	norloop
total_long_simple_indel	PD4267	0	0	norloop_tss	Serena_ER	tss	norloop
total_long_simple_indel	PD4315	0	0	norloop_tss	Serena_ER	tss	norloop
total_long_simple_indel	PD4604	0	0	norloop_tss	Serena_ER	tss	norloop
total_long_simple_indel	PD4605	0	0	norloop_tss	Serena_ER	tss	norloop
total_long_simple_indel	PD4606	0	0	norloop_tss	Serena_ER	tss	norloop
total_long_simple_indel	PD4607	0	0	norloop_tss	Serena_ER	tss	norloop
total_long_simple_indel	PD4613	0	0	norloop_tss	Serena_ER	tss	norloop
total_long_simple_indel	PD4872	0	0	norloop_tss	Serena_ER	tss	norloop
total_long_simple_indel	PD4876	1	0.105392591090553	norloop_tss	Serena_ER	tss	norloop
total_long_simple_indel	PD4951	0	0	norloop_tss	Serena_ER	tss	norloop
total_long_simple_indel	PD4952	1	0.105392591090553	norloop_tss	Serena_ER	tss	norloop
total_long_simple_indel	PD4953	1	0.105392591090553	norloop_tss	Serena_ER	tss	norloop
total_long_simple_indel	PD4954	0	0	norloop_tss	Serena_ER	tss	norloop
total_long_simple_indel	PD4957	0	0	norloop_tss	Serena_ER	tss	norloop
total_long_simple_indel	PD4958	0	0	norloop_tss	Serena_ER	tss	norloop
total_long_simple_indel	PD4959	1	0.105392591090553	norloop_tss	Serena_ER	tss	norloop
total_long_simple_indel	PD4965	0	0	norloop_tss	Serena_ER	tss	norloop
total_long_simple_indel	PD4967	1	0.105392591090553	norloop_tss	Serena_ER	tss	norloop
total_long_simple_indel	PD4968	0	0	norloop_tss	Serena_ER	tss	norloop
total_long_simple_indel	PD4969	0	0	norloop_tss	Serena_ER	tss	norloop
total_long_simple_indel	PD4970	0	0	norloop_tss	Serena_ER	tss	norloop
total_long_simple_indel	PD4971	0	0	norloop_tss	Serena_ER	tss	norloop
total_long_simple_indel	PD4972	0	0	norloop_tss	Serena_ER	tss	norloop
total_long_simple_indel	PD4976	0	0	norloop_tss	Serena_ER	tss	norloop
total_long_simple_indel	PD4981	0	0	norloop_tss	Serena_ER	tss	norloop
total_long_simple_indel	PD4982	0	0	norloop_tss	Serena_ER	tss	norloop
total_long_simple_indel	PD4983	0	0	norloop_tss	Serena_ER	tss	norloop
total_long_simple_indel	PD4985	0	0	norloop_tss	Serena_ER	tss	norloop
total_long_simple_indel	PD4986	0	0	norloop_tss	Serena_ER	tss	norloop
total_long_simple_indel	PD5928	0	0	norloop_tss	Serena_ER	tss	norloop
total_long_simple_indel	PD5936	0	0	norloop_tss	Serena_ER	tss	norloop
total_long_simple_indel	PD5937	4	0.421570364362212	norloop_tss	Serena_ER	tss	norloop
total_long_simple_indel	PD5946	0	0	norloop_tss	Serena_ER	tss	norloop
total_long_simple_indel	PD5947	0	0	norloop_tss	Serena_ER	tss	norloop
total_long_simple_indel	PD5951	0	0	norloop_tss	Serena_ER	tss	norloop
total_long_simple_indel	PD5953	1	0.105392591090553	norloop_tss	Serena_ER	tss	norloop
total_long_simple_indel	PD5956	1	0.105392591090553	norloop_tss	Serena_ER	tss	norloop
total_long_simple_indel	PD5959	0	0	norloop_tss	Serena_ER	tss	norloop
total_long_simple_indel	PD5960	0	0	norloop_tss	Serena_ER	tss	norloop
total_long_simple_indel	PD5961	0	0	norloop_tss	Serena_ER	tss	norloop
total_long_simple_indel	PD5964	0	0	norloop_tss	Serena_ER	tss	norloop
total_long_simple_indel	PD6016	0	0	norloop_tss	Serena_ER	tss	norloop
total_long_simple_indel	PD6041	0	0	norloop_tss	Serena_ER	tss	norloop
total_long_simple_indel	PD6042	1	0.105392591090553	norloop_tss	Serena_ER	tss	norloop
total_long_simple_indel	PD6043	0	0	norloop_tss	Serena_ER	tss	norloop
total_long_simple_indel	PD6044	0	0	norloop_tss	Serena_ER	tss	norloop
total_long_simple_indel	PD6045	0	0	norloop_tss	Serena_ER	tss	norloop
total_long_simple_indel	PD6417	1	0.105392591090553	norloop_tss	Serena_ER	tss	norloop
total_long_simple_indel	PD6418	0	0	norloop_tss	Serena_ER	tss	norloop
total_long_simple_indel	PD6422	0	0	norloop_tss	Serena_ER	tss	norloop
total_long_simple_indel	PD6466	0	0	norloop_tss	Serena_ER	tss	norloop
total_long_simple_indel	PD6711	1	0.105392591090553	norloop_tss	Serena_ER	tss	norloop
total_long_simple_indel	PD6719	0	0	norloop_tss	Serena_ER	tss	norloop
total_long_simple_indel	PD6720	0	0	norloop_tss	Serena_ER	tss	norloop
total_long_simple_indel	PD6721	0	0	norloop_tss	Serena_ER	tss	norloop
total_long_simple_indel	PD7199	0	0	norloop_tss	Serena_ER	tss	norloop
total_long_simple_indel	PD7201	0	0	norloop_tss	Serena_ER	tss	norloop
total_long_simple_indel	PD7206	0	0	norloop_tss	Serena_ER	tss	norloop
total_long_simple_indel	PD7207	1	0.105392591090553	norloop_tss	Serena_ER	tss	norloop
total_long_simple_indel	PD7209	0	0	norloop_tss	Serena_ER	tss	norloop
total_long_simple_indel	PD7210	0	0	norloop_tss	Serena_ER	tss	norloop
total_long_simple_indel	PD7214	0	0	norloop_tss	Serena_ER	tss	norloop
total_long_simple_indel	PD7215	1	0.105392591090553	norloop_tss	Serena_ER	tss	norloop
total_long_simple_indel	PD7218	0	0	norloop_tss	Serena_ER	tss	norloop
total_long_simple_indel	PD7219	0	0	norloop_tss	Serena_ER	tss	norloop
total_long_simple_indel	PD7221	0	0	norloop_tss	Serena_ER	tss	norloop
total_long_simple_indel	PD7238	0	0	norloop_tss	Serena_ER	tss	norloop
total_long_simple_indel	PD7240	0	0	norloop_tss	Serena_ER	tss	norloop
total_long_simple_indel	PD7243	0	0	norloop_tss	Serena_ER	tss	norloop
total_long_simple_indel	PD7322	0	0	norloop_tss	Serena_ER	tss	norloop
total_long_simple_indel	PD8609	0	0	norloop_tss	Serena_ER	tss	norloop
total_long_simple_indel	PD8610	0	0	norloop_tss	Serena_ER	tss	norloop
total_long_simple_indel	PD8612	1	0.105392591090553	norloop_tss	Serena_ER	tss	norloop
total_long_simple_indel	PD8614	0	0	norloop_tss	Serena_ER	tss	norloop
total_long_simple_indel	PD8615	0	0	norloop_tss	Serena_ER	tss	norloop
total_long_simple_indel	PD8617	0	0	norloop_tss	Serena_ER	tss	norloop
total_long_simple_indel	PD8618	0	0	norloop_tss	Serena_ER	tss	norloop
total_long_simple_indel	PD8620	0	0	norloop_tss	Serena_ER	tss	norloop
total_long_simple_indel	PD8622	0	0	norloop_tss	Serena_ER	tss	norloop
total_long_simple_indel	PD8623	0	0	norloop_tss	Serena_ER	tss	norloop
total_long_simple_indel	PD8828	0	0	norloop_tss	Serena_ER	tss	norloop
total_long_simple_indel	PD8973	0	0	norloop_tss	Serena_ER	tss	norloop
total_long_simple_indel	PD8977	0	0	norloop_tss	Serena_ER	tss	norloop
total_long_simple_indel	PD8978	1	0.105392591090553	norloop_tss	Serena_ER	tss	norloop
total_long_simple_indel	PD8979	0	0	norloop_tss	Serena_ER	tss	norloop
total_long_simple_indel	PD8980	0	0	norloop_tss	Serena_ER	tss	norloop
total_long_simple_indel	PD8981	0	0	norloop_tss	Serena_ER	tss	norloop
total_long_simple_indel	PD9000	2	0.210785182181106	norloop_tss	Serena_ER	tss	norloop
total_long_simple_indel	PD9001	1	0.105392591090553	norloop_tss	Serena_ER	tss	norloop
total_long_simple_indel	PD9002	1	0.105392591090553	norloop_tss	Serena_ER	tss	norloop
total_long_simple_indel	PD9063	0	0	norloop_tss	Serena_ER	tss	norloop
total_long_simple_indel	PD9065	0	0	norloop_tss	Serena_ER	tss	norloop
total_long_simple_indel	PD9067	0	0	norloop_tss	Serena_ER	tss	norloop
total_long_simple_indel	PD9193	0	0	norloop_tss	Serena_ER	tss	norloop
total_long_simple_indel	PD9464	0	0	norloop_tss	Serena_ER	tss	norloop
total_long_simple_indel	PD9467	1	0.105392591090553	norloop_tss	Serena_ER	tss	norloop
total_long_simple_indel	PD9539	0	0	norloop_tss	Serena_ER	tss	norloop
total_long_simple_indel	PD9541	1	0.105392591090553	norloop_tss	Serena_ER	tss	norloop
total_long_simple_indel	PD9544	1	0.105392591090553	norloop_tss	Serena_ER	tss	norloop
total_long_simple_indel	PD9567	0	0	norloop_tss	Serena_ER	tss	norloop
total_long_simple_indel	PD9569	0	0	norloop_tss	Serena_ER	tss	norloop
total_long_simple_indel	PD9570	0	0	norloop_tss	Serena_ER	tss	norloop
total_long_simple_indel	PD9572	0	0	norloop_tss	Serena_ER	tss	norloop
total_long_simple_indel	PD9573	0	0	norloop_tss	Serena_ER	tss	norloop
total_long_simple_indel	PD9574	0	0	norloop_tss	Serena_ER	tss	norloop
total_long_simple_indel	PD9577	1	0.105392591090553	norloop_tss	Serena_ER	tss	norloop
total_long_simple_indel	PD9578	0	0	norloop_tss	Serena_ER	tss	norloop
total_long_simple_indel	PD9581	1	0.105392591090553	norloop_tss	Serena_ER	tss	norloop
total_long_simple_indel	PD9582	0	0	norloop_tss	Serena_ER	tss	norloop
total_long_simple_indel	PD9589	0	0	norloop_tss	Serena_ER	tss	norloop
total_long_simple_indel	PD9591	0	0	norloop_tss	Serena_ER	tss	norloop
total_long_simple_indel	PD9593	0	0	norloop_tss	Serena_ER	tss	norloop
total_long_simple_indel	PD9597	0	0	norloop_tss	Serena_ER	tss	norloop
total_long_simple_indel	PD9599	0	0	norloop_tss	Serena_ER	tss	norloop
total_long_simple_indel	PD9600	0	0	norloop_tss	Serena_ER	tss	norloop
total_long_simple_indel	PD9605	0	0	norloop_tss	Serena_ER	tss	norloop
total_long_simple_indel	PD9606	0	0	norloop_tss	Serena_ER	tss	norloop
total_long_simple_indel	PD9694	0	0	norloop_tss	Serena_ER	tss	norloop
total_long_simple_indel	PD9752	0	0	norloop_tss	Serena_ER	tss	norloop
total_long_simple_indel	PD9754	0	0	norloop_tss	Serena_ER	tss	norloop
total_long_simple_indel	PD9756	0	0	norloop_tss	Serena_ER	tss	norloop
total_long_simple_indel	PD9759	0	0	norloop_tss	Serena_ER	tss	norloop
total_long_simple_indel	PD9760	1	0.105392591090553	norloop_tss	Serena_ER	tss	norloop
total_long_simple_indel	PD9761	0	0	norloop_tss	Serena_ER	tss	norloop
total_long_simple_indel	PD9842	0	0	norloop_tss	Serena_ER	tss	norloop
total_long_simple_indel	PD9843	0	0	norloop_tss	Serena_ER	tss	norloop
total_long_simple_indel	PD9844	0	0	norloop_tss	Serena_ER	tss	norloop
total_long_simple_indel	PD9845	1	0.105392591090553	norloop_tss	Serena_ER	tss	norloop
total_long_simple_indel	PD9847	0	0	norloop_tss	Serena_ER	tss	norloop
total_long_indel	PD11336	0	0	norloop_tss	Serena_ER	tss	norloop
total_long_indel	PD11337	0	0	norloop_tss	Serena_ER	tss	norloop
total_long_indel	PD11338	0	0	norloop_tss	Serena_ER	tss	norloop
total_long_indel	PD11339	1	0.105392591090553	norloop_tss	Serena_ER	tss	norloop
total_long_indel	PD11340	4	0.421570364362212	norloop_tss	Serena_ER	tss	norloop
total_long_indel	PD11341	0	0	norloop_tss	Serena_ER	tss	norloop
total_long_indel	PD11342	0	0	norloop_tss	Serena_ER	tss	norloop
total_long_indel	PD11343	0	0	norloop_tss	Serena_ER	tss	norloop
total_long_indel	PD11352	0	0	norloop_tss	Serena_ER	tss	norloop
total_long_indel	PD11355	0	0	norloop_tss	Serena_ER	tss	norloop
total_long_indel	PD11357	0	0	norloop_tss	Serena_ER	tss	norloop
total_long_indel	PD11358	0	0	norloop_tss	Serena_ER	tss	norloop
total_long_indel	PD11359	1	0.105392591090553	norloop_tss	Serena_ER	tss	norloop
total_long_indel	PD11360	0	0	norloop_tss	Serena_ER	tss	norloop
total_long_indel	PD11361	0	0	norloop_tss	Serena_ER	tss	norloop
total_long_indel	PD11364	0	0	norloop_tss	Serena_ER	tss	norloop
total_long_indel	PD11365	1	0.105392591090553	norloop_tss	Serena_ER	tss	norloop
total_long_indel	PD11366	0	0	norloop_tss	Serena_ER	tss	norloop
total_long_indel	PD11367	0	0	norloop_tss	Serena_ER	tss	norloop
total_long_indel	PD11368	0	0	norloop_tss	Serena_ER	tss	norloop
total_long_indel	PD11369	0	0	norloop_tss	Serena_ER	tss	norloop
total_long_indel	PD11370	0	0	norloop_tss	Serena_ER	tss	norloop
total_long_indel	PD11372	0	0	norloop_tss	Serena_ER	tss	norloop
total_long_indel	PD11374	1	0.105392591090553	norloop_tss	Serena_ER	tss	norloop
total_long_indel	PD11375	0	0	norloop_tss	Serena_ER	tss	norloop
total_long_indel	PD11376	0	0	norloop_tss	Serena_ER	tss	norloop
total_long_indel	PD11379	1	0.105392591090553	norloop_tss	Serena_ER	tss	norloop
total_long_indel	PD11380	2	0.210785182181106	norloop_tss	Serena_ER	tss	norloop
total_long_indel	PD11381	0	0	norloop_tss	Serena_ER	tss	norloop
total_long_indel	PD11383	1	0.105392591090553	norloop_tss	Serena_ER	tss	norloop
total_long_indel	PD11384	0	0	norloop_tss	Serena_ER	tss	norloop
total_long_indel	PD11385	0	0	norloop_tss	Serena_ER	tss	norloop
total_long_indel	PD11386	1	0.105392591090553	norloop_tss	Serena_ER	tss	norloop
total_long_indel	PD11388	0	0	norloop_tss	Serena_ER	tss	norloop
total_long_indel	PD11389	0	0	norloop_tss	Serena_ER	tss	norloop
total_long_indel	PD11391	0	0	norloop_tss	Serena_ER	tss	norloop
total_long_indel	PD11393	0	0	norloop_tss	Serena_ER	tss	norloop
total_long_indel	PD11394	0	0	norloop_tss	Serena_ER	tss	norloop
total_long_indel	PD11395	1	0.105392591090553	norloop_tss	Serena_ER	tss	norloop
total_long_indel	PD11396	2	0.210785182181106	norloop_tss	Serena_ER	tss	norloop
total_long_indel	PD11397	0	0	norloop_tss	Serena_ER	tss	norloop
total_long_indel	PD11398	0	0	norloop_tss	Serena_ER	tss	norloop
total_long_indel	PD11399	1	0.105392591090553	norloop_tss	Serena_ER	tss	norloop
total_long_indel	PD11402	0	0	norloop_tss	Serena_ER	tss	norloop
total_long_indel	PD11740	0	0	norloop_tss	Serena_ER	tss	norloop
total_long_indel	PD11741	0	0	norloop_tss	Serena_ER	tss	norloop
total_long_indel	PD11742	2	0.210785182181106	norloop_tss	Serena_ER	tss	norloop
total_long_indel	PD11743	0	0	norloop_tss	Serena_ER	tss	norloop
total_long_indel	PD11744	0	0	norloop_tss	Serena_ER	tss	norloop
total_long_indel	PD11745	0	0	norloop_tss	Serena_ER	tss	norloop
total_long_indel	PD11750	2	0.210785182181106	norloop_tss	Serena_ER	tss	norloop
total_long_indel	PD11753	0	0	norloop_tss	Serena_ER	tss	norloop
total_long_indel	PD11756	1	0.105392591090553	norloop_tss	Serena_ER	tss	norloop
total_long_indel	PD11760	0	0	norloop_tss	Serena_ER	tss	norloop
total_long_indel	PD11761	0	0	norloop_tss	Serena_ER	tss	norloop
total_long_indel	PD11765	0	0	norloop_tss	Serena_ER	tss	norloop
total_long_indel	PD11766	0	0	norloop_tss	Serena_ER	tss	norloop
total_long_indel	PD11767	0	0	norloop_tss	Serena_ER	tss	norloop
total_long_indel	PD11769	0	0	norloop_tss	Serena_ER	tss	norloop
total_long_indel	PD11816	0	0	norloop_tss	Serena_ER	tss	norloop
total_long_indel	PD11818	0	0	norloop_tss	Serena_ER	tss	norloop
total_long_indel	PD11819	0	0	norloop_tss	Serena_ER	tss	norloop
total_long_indel	PD13302	0	0	norloop_tss	Serena_ER	tss	norloop
total_long_indel	PD13304	1	0.105392591090553	norloop_tss	Serena_ER	tss	norloop
total_long_indel	PD13306	1	0.105392591090553	norloop_tss	Serena_ER	tss	norloop
total_long_indel	PD13307	0	0	norloop_tss	Serena_ER	tss	norloop
total_long_indel	PD13310	0	0	norloop_tss	Serena_ER	tss	norloop
total_long_indel	PD13312	0	0	norloop_tss	Serena_ER	tss	norloop
total_long_indel	PD13416	0	0	norloop_tss	Serena_ER	tss	norloop
total_long_indel	PD13419	0	0	norloop_tss	Serena_ER	tss	norloop
total_long_indel	PD13420	0	0	norloop_tss	Serena_ER	tss	norloop
total_long_indel	PD13422	0	0	norloop_tss	Serena_ER	tss	norloop
total_long_indel	PD13424	0	0	norloop_tss	Serena_ER	tss	norloop
total_long_indel	PD13425	0	0	norloop_tss	Serena_ER	tss	norloop
total_long_indel	PD13426	0	0	norloop_tss	Serena_ER	tss	norloop
total_long_indel	PD13427	0	0	norloop_tss	Serena_ER	tss	norloop
total_long_indel	PD13618	0	0	norloop_tss	Serena_ER	tss	norloop
total_long_indel	PD13619	0	0	norloop_tss	Serena_ER	tss	norloop
total_long_indel	PD13620	0	0	norloop_tss	Serena_ER	tss	norloop
total_long_indel	PD13623	0	0	norloop_tss	Serena_ER	tss	norloop
total_long_indel	PD13625	0	0	norloop_tss	Serena_ER	tss	norloop
total_long_indel	PD13626	0	0	norloop_tss	Serena_ER	tss	norloop
total_long_indel	PD13629	1	0.105392591090553	norloop_tss	Serena_ER	tss	norloop
total_long_indel	PD13630	1	0.105392591090553	norloop_tss	Serena_ER	tss	norloop
total_long_indel	PD13631	0	0	norloop_tss	Serena_ER	tss	norloop
total_long_indel	PD13752	0	0	norloop_tss	Serena_ER	tss	norloop
total_long_indel	PD13753	0	0	norloop_tss	Serena_ER	tss	norloop
total_long_indel	PD13754	2	0.210785182181106	norloop_tss	Serena_ER	tss	norloop
total_long_indel	PD13755	0	0	norloop_tss	Serena_ER	tss	norloop
total_long_indel	PD13756	1	0.105392591090553	norloop_tss	Serena_ER	tss	norloop
total_long_indel	PD13757	0	0	norloop_tss	Serena_ER	tss	norloop
total_long_indel	PD13758	0	0	norloop_tss	Serena_ER	tss	norloop
total_long_indel	PD13760	0	0	norloop_tss	Serena_ER	tss	norloop
total_long_indel	PD13761	0	0	norloop_tss	Serena_ER	tss	norloop
total_long_indel	PD13762	0	0	norloop_tss	Serena_ER	tss	norloop
total_long_indel	PD13763	0	0	norloop_tss	Serena_ER	tss	norloop
total_long_indel	PD13764	0	0	norloop_tss	Serena_ER	tss	norloop
total_long_indel	PD13765	1	0.105392591090553	norloop_tss	Serena_ER	tss	norloop
total_long_indel	PD13766	0	0	norloop_tss	Serena_ER	tss	norloop
total_long_indel	PD13767	1	0.105392591090553	norloop_tss	Serena_ER	tss	norloop
total_long_indel	PD13768	0	0	norloop_tss	Serena_ER	tss	norloop
total_long_indel	PD13770	0	0	norloop_tss	Serena_ER	tss	norloop
total_long_indel	PD13771	2	0.210785182181106	norloop_tss	Serena_ER	tss	norloop
total_long_indel	PD14432	0	0	norloop_tss	Serena_ER	tss	norloop
total_long_indel	PD14433	1	0.105392591090553	norloop_tss	Serena_ER	tss	norloop
total_long_indel	PD14435	0	0	norloop_tss	Serena_ER	tss	norloop
total_long_indel	PD14437	0	0	norloop_tss	Serena_ER	tss	norloop
total_long_indel	PD14439	1	0.105392591090553	norloop_tss	Serena_ER	tss	norloop
total_long_indel	PD14441	0	0	norloop_tss	Serena_ER	tss	norloop
total_long_indel	PD14442	0	0	norloop_tss	Serena_ER	tss	norloop
total_long_indel	PD14450	0	0	norloop_tss	Serena_ER	tss	norloop
total_long_indel	PD14453	0	0	norloop_tss	Serena_ER	tss	norloop
total_long_indel	PD14454	0	0	norloop_tss	Serena_ER	tss	norloop
total_long_indel	PD14456	0	0	norloop_tss	Serena_ER	tss	norloop
total_long_indel	PD14457	1	0.105392591090553	norloop_tss	Serena_ER	tss	norloop
total_long_indel	PD14458	1	0.105392591090553	norloop_tss	Serena_ER	tss	norloop
total_long_indel	PD14459	1	0.105392591090553	norloop_tss	Serena_ER	tss	norloop
total_long_indel	PD14460	0	0	norloop_tss	Serena_ER	tss	norloop
total_long_indel	PD14461	0	0	norloop_tss	Serena_ER	tss	norloop
total_long_indel	PD14462	0	0	norloop_tss	Serena_ER	tss	norloop
total_long_indel	PD14465	0	0	norloop_tss	Serena_ER	tss	norloop
total_long_indel	PD14467	0	0	norloop_tss	Serena_ER	tss	norloop
total_long_indel	PD14468	0	0	norloop_tss	Serena_ER	tss	norloop
total_long_indel	PD14471	0	0	norloop_tss	Serena_ER	tss	norloop
total_long_indel	PD14472	0	0	norloop_tss	Serena_ER	tss	norloop
total_long_indel	PD14473	0	0	norloop_tss	Serena_ER	tss	norloop
total_long_indel	PD17973	0	0	norloop_tss	Serena_ER	tss	norloop
total_long_indel	PD17981	1	0.105392591090553	norloop_tss	Serena_ER	tss	norloop
total_long_indel	PD17991	0	0	norloop_tss	Serena_ER	tss	norloop
total_long_indel	PD17994	0	0	norloop_tss	Serena_ER	tss	norloop
total_long_indel	PD18046	1	0.105392591090553	norloop_tss	Serena_ER	tss	norloop
total_long_indel	PD18100	0	0	norloop_tss	Serena_ER	tss	norloop
total_long_indel	PD18101	0	0	norloop_tss	Serena_ER	tss	norloop
total_long_indel	PD18116	0	0	norloop_tss	Serena_ER	tss	norloop
total_long_indel	PD18149	0	0	norloop_tss	Serena_ER	tss	norloop
total_long_indel	PD18247	0	0	norloop_tss	Serena_ER	tss	norloop
total_long_indel	PD18251	1	0.105392591090553	norloop_tss	Serena_ER	tss	norloop
total_long_indel	PD18257	0	0	norloop_tss	Serena_ER	tss	norloop
total_long_indel	PD18258	0	0	norloop_tss	Serena_ER	tss	norloop
total_long_indel	PD18259	1	0.105392591090553	norloop_tss	Serena_ER	tss	norloop
total_long_indel	PD18264	0	0	norloop_tss	Serena_ER	tss	norloop
total_long_indel	PD18269	0	0	norloop_tss	Serena_ER	tss	norloop
total_long_indel	PD18728	0	0	norloop_tss	Serena_ER	tss	norloop
total_long_indel	PD18730	0	0	norloop_tss	Serena_ER	tss	norloop
total_long_indel	PD18733	0	0	norloop_tss	Serena_ER	tss	norloop
total_long_indel	PD18734	0	0	norloop_tss	Serena_ER	tss	norloop
total_long_indel	PD18748	0	0	norloop_tss	Serena_ER	tss	norloop
total_long_indel	PD18749	0	0	norloop_tss	Serena_ER	tss	norloop
total_long_indel	PD18751	1	0.105392591090553	norloop_tss	Serena_ER	tss	norloop
total_long_indel	PD18754	0	0	norloop_tss	Serena_ER	tss	norloop
total_long_indel	PD18756	1	0.105392591090553	norloop_tss	Serena_ER	tss	norloop
total_long_indel	PD18768	0	0	norloop_tss	Serena_ER	tss	norloop
total_long_indel	PD18769	0	0	norloop_tss	Serena_ER	tss	norloop
total_long_indel	PD18771	0	0	norloop_tss	Serena_ER	tss	norloop
total_long_indel	PD18775	0	0	norloop_tss	Serena_ER	tss	norloop
total_long_indel	PD18776	0	0	norloop_tss	Serena_ER	tss	norloop
total_long_indel	PD22251	0	0	norloop_tss	Serena_ER	tss	norloop
total_long_indel	PD22361	0	0	norloop_tss	Serena_ER	tss	norloop
total_long_indel	PD22364	0	0	norloop_tss	Serena_ER	tss	norloop
total_long_indel	PD22365	0	0	norloop_tss	Serena_ER	tss	norloop
total_long_indel	PD23550	0	0	norloop_tss	Serena_ER	tss	norloop
total_long_indel	PD23558	0	0	norloop_tss	Serena_ER	tss	norloop
total_long_indel	PD23570	0	0	norloop_tss	Serena_ER	tss	norloop
total_long_indel	PD24193	2	0.210785182181106	norloop_tss	Serena_ER	tss	norloop
total_long_indel	PD24199	0	0	norloop_tss	Serena_ER	tss	norloop
total_long_indel	PD24206	0	0	norloop_tss	Serena_ER	tss	norloop
total_long_indel	PD24212	1	0.105392591090553	norloop_tss	Serena_ER	tss	norloop
total_long_indel	PD24214	0	0	norloop_tss	Serena_ER	tss	norloop
total_long_indel	PD24216	0	0	norloop_tss	Serena_ER	tss	norloop
total_long_indel	PD24223	0	0	norloop_tss	Serena_ER	tss	norloop
total_long_indel	PD24302	0	0	norloop_tss	Serena_ER	tss	norloop
total_long_indel	PD24307	1	0.105392591090553	norloop_tss	Serena_ER	tss	norloop
total_long_indel	PD24320	4	0.421570364362212	norloop_tss	Serena_ER	tss	norloop
total_long_indel	PD24327	0	0	norloop_tss	Serena_ER	tss	norloop
total_long_indel	PD24329	0	0	norloop_tss	Serena_ER	tss	norloop
total_long_indel	PD3851	0	0	norloop_tss	Serena_ER	tss	norloop
total_long_indel	PD3904	0	0	norloop_tss	Serena_ER	tss	norloop
total_long_indel	PD3945	0	0	norloop_tss	Serena_ER	tss	norloop
total_long_indel	PD3989	0	0	norloop_tss	Serena_ER	tss	norloop
total_long_indel	PD4069	0	0	norloop_tss	Serena_ER	tss	norloop
total_long_indel	PD4072	0	0	norloop_tss	Serena_ER	tss	norloop
total_long_indel	PD4076	0	0	norloop_tss	Serena_ER	tss	norloop
total_long_indel	PD4085	0	0	norloop_tss	Serena_ER	tss	norloop
total_long_indel	PD4086	0	0	norloop_tss	Serena_ER	tss	norloop
total_long_indel	PD4088	0	0	norloop_tss	Serena_ER	tss	norloop
total_long_indel	PD4103	0	0	norloop_tss	Serena_ER	tss	norloop
total_long_indel	PD4115	0	0	norloop_tss	Serena_ER	tss	norloop
total_long_indel	PD4116	0	0	norloop_tss	Serena_ER	tss	norloop
total_long_indel	PD4225	1	0.105392591090553	norloop_tss	Serena_ER	tss	norloop
total_long_indel	PD4261	0	0	norloop_tss	Serena_ER	tss	norloop
total_long_indel	PD4266	0	0	norloop_tss	Serena_ER	tss	norloop
total_long_indel	PD4267	0	0	norloop_tss	Serena_ER	tss	norloop
total_long_indel	PD4315	0	0	norloop_tss	Serena_ER	tss	norloop
total_long_indel	PD4604	1	0.105392591090553	norloop_tss	Serena_ER	tss	norloop
total_long_indel	PD4605	0	0	norloop_tss	Serena_ER	tss	norloop
total_long_indel	PD4606	0	0	norloop_tss	Serena_ER	tss	norloop
total_long_indel	PD4607	0	0	norloop_tss	Serena_ER	tss	norloop
total_long_indel	PD4613	0	0	norloop_tss	Serena_ER	tss	norloop
total_long_indel	PD4872	0	0	norloop_tss	Serena_ER	tss	norloop
total_long_indel	PD4876	1	0.105392591090553	norloop_tss	Serena_ER	tss	norloop
total_long_indel	PD4951	0	0	norloop_tss	Serena_ER	tss	norloop
total_long_indel	PD4952	1	0.105392591090553	norloop_tss	Serena_ER	tss	norloop
total_long_indel	PD4953	2	0.210785182181106	norloop_tss	Serena_ER	tss	norloop
total_long_indel	PD4954	1	0.105392591090553	norloop_tss	Serena_ER	tss	norloop
total_long_indel	PD4957	0	0	norloop_tss	Serena_ER	tss	norloop
total_long_indel	PD4958	0	0	norloop_tss	Serena_ER	tss	norloop
total_long_indel	PD4959	1	0.105392591090553	norloop_tss	Serena_ER	tss	norloop
total_long_indel	PD4965	0	0	norloop_tss	Serena_ER	tss	norloop
total_long_indel	PD4967	1	0.105392591090553	norloop_tss	Serena_ER	tss	norloop
total_long_indel	PD4968	0	0	norloop_tss	Serena_ER	tss	norloop
total_long_indel	PD4969	0	0	norloop_tss	Serena_ER	tss	norloop
total_long_indel	PD4970	1	0.105392591090553	norloop_tss	Serena_ER	tss	norloop
total_long_indel	PD4971	0	0	norloop_tss	Serena_ER	tss	norloop
total_long_indel	PD4972	0	0	norloop_tss	Serena_ER	tss	norloop
total_long_indel	PD4976	0	0	norloop_tss	Serena_ER	tss	norloop
total_long_indel	PD4981	0	0	norloop_tss	Serena_ER	tss	norloop
total_long_indel	PD4982	0	0	norloop_tss	Serena_ER	tss	norloop
total_long_indel	PD4983	0	0	norloop_tss	Serena_ER	tss	norloop
total_long_indel	PD4985	0	0	norloop_tss	Serena_ER	tss	norloop
total_long_indel	PD4986	0	0	norloop_tss	Serena_ER	tss	norloop
total_long_indel	PD5928	1	0.105392591090553	norloop_tss	Serena_ER	tss	norloop
total_long_indel	PD5936	0	0	norloop_tss	Serena_ER	tss	norloop
total_long_indel	PD5937	4	0.421570364362212	norloop_tss	Serena_ER	tss	norloop
total_long_indel	PD5946	1	0.105392591090553	norloop_tss	Serena_ER	tss	norloop
total_long_indel	PD5947	0	0	norloop_tss	Serena_ER	tss	norloop
total_long_indel	PD5951	1	0.105392591090553	norloop_tss	Serena_ER	tss	norloop
total_long_indel	PD5953	2	0.210785182181106	norloop_tss	Serena_ER	tss	norloop
total_long_indel	PD5956	2	0.210785182181106	norloop_tss	Serena_ER	tss	norloop
total_long_indel	PD5959	0	0	norloop_tss	Serena_ER	tss	norloop
total_long_indel	PD5960	0	0	norloop_tss	Serena_ER	tss	norloop
total_long_indel	PD5961	0	0	norloop_tss	Serena_ER	tss	norloop
total_long_indel	PD5964	0	0	norloop_tss	Serena_ER	tss	norloop
total_long_indel	PD6016	0	0	norloop_tss	Serena_ER	tss	norloop
total_long_indel	PD6041	0	0	norloop_tss	Serena_ER	tss	norloop
total_long_indel	PD6042	3	0.316177773271659	norloop_tss	Serena_ER	tss	norloop
total_long_indel	PD6043	0	0	norloop_tss	Serena_ER	tss	norloop
total_long_indel	PD6044	0	0	norloop_tss	Serena_ER	tss	norloop
total_long_indel	PD6045	0	0	norloop_tss	Serena_ER	tss	norloop
total_long_indel	PD6417	1	0.105392591090553	norloop_tss	Serena_ER	tss	norloop
total_long_indel	PD6418	0	0	norloop_tss	Serena_ER	tss	norloop
total_long_indel	PD6422	0	0	norloop_tss	Serena_ER	tss	norloop
total_long_indel	PD6466	0	0	norloop_tss	Serena_ER	tss	norloop
total_long_indel	PD6711	1	0.105392591090553	norloop_tss	Serena_ER	tss	norloop
total_long_indel	PD6719	0	0	norloop_tss	Serena_ER	tss	norloop
total_long_indel	PD6720	0	0	norloop_tss	Serena_ER	tss	norloop
total_long_indel	PD6721	0	0	norloop_tss	Serena_ER	tss	norloop
total_long_indel	PD7199	0	0	norloop_tss	Serena_ER	tss	norloop
total_long_indel	PD7201	0	0	norloop_tss	Serena_ER	tss	norloop
total_long_indel	PD7206	0	0	norloop_tss	Serena_ER	tss	norloop
total_long_indel	PD7207	1	0.105392591090553	norloop_tss	Serena_ER	tss	norloop
total_long_indel	PD7209	0	0	norloop_tss	Serena_ER	tss	norloop
total_long_indel	PD7210	0	0	norloop_tss	Serena_ER	tss	norloop
total_long_indel	PD7214	0	0	norloop_tss	Serena_ER	tss	norloop
total_long_indel	PD7215	1	0.105392591090553	norloop_tss	Serena_ER	tss	norloop
total_long_indel	PD7218	0	0	norloop_tss	Serena_ER	tss	norloop
total_long_indel	PD7219	0	0	norloop_tss	Serena_ER	tss	norloop
total_long_indel	PD7221	0	0	norloop_tss	Serena_ER	tss	norloop
total_long_indel	PD7238	0	0	norloop_tss	Serena_ER	tss	norloop
total_long_indel	PD7240	0	0	norloop_tss	Serena_ER	tss	norloop
total_long_indel	PD7243	0	0	norloop_tss	Serena_ER	tss	norloop
total_long_indel	PD7322	0	0	norloop_tss	Serena_ER	tss	norloop
total_long_indel	PD8609	0	0	norloop_tss	Serena_ER	tss	norloop
total_long_indel	PD8610	0	0	norloop_tss	Serena_ER	tss	norloop
total_long_indel	PD8612	1	0.105392591090553	norloop_tss	Serena_ER	tss	norloop
total_long_indel	PD8614	0	0	norloop_tss	Serena_ER	tss	norloop
total_long_indel	PD8615	0	0	norloop_tss	Serena_ER	tss	norloop
total_long_indel	PD8617	0	0	norloop_tss	Serena_ER	tss	norloop
total_long_indel	PD8618	0	0	norloop_tss	Serena_ER	tss	norloop
total_long_indel	PD8620	0	0	norloop_tss	Serena_ER	tss	norloop
total_long_indel	PD8622	0	0	norloop_tss	Serena_ER	tss	norloop
total_long_indel	PD8623	1	0.105392591090553	norloop_tss	Serena_ER	tss	norloop
total_long_indel	PD8828	0	0	norloop_tss	Serena_ER	tss	norloop
total_long_indel	PD8973	0	0	norloop_tss	Serena_ER	tss	norloop
total_long_indel	PD8977	0	0	norloop_tss	Serena_ER	tss	norloop
total_long_indel	PD8978	2	0.210785182181106	norloop_tss	Serena_ER	tss	norloop
total_long_indel	PD8979	0	0	norloop_tss	Serena_ER	tss	norloop
total_long_indel	PD8980	2	0.210785182181106	norloop_tss	Serena_ER	tss	norloop
total_long_indel	PD8981	0	0	norloop_tss	Serena_ER	tss	norloop
total_long_indel	PD9000	2	0.210785182181106	norloop_tss	Serena_ER	tss	norloop
total_long_indel	PD9001	1	0.105392591090553	norloop_tss	Serena_ER	tss	norloop
total_long_indel	PD9002	1	0.105392591090553	norloop_tss	Serena_ER	tss	norloop
total_long_indel	PD9063	0	0	norloop_tss	Serena_ER	tss	norloop
total_long_indel	PD9065	0	0	norloop_tss	Serena_ER	tss	norloop
total_long_indel	PD9067	0	0	norloop_tss	Serena_ER	tss	norloop
total_long_indel	PD9193	0	0	norloop_tss	Serena_ER	tss	norloop
total_long_indel	PD9464	0	0	norloop_tss	Serena_ER	tss	norloop
total_long_indel	PD9467	1	0.105392591090553	norloop_tss	Serena_ER	tss	norloop
total_long_indel	PD9539	0	0	norloop_tss	Serena_ER	tss	norloop
total_long_indel	PD9541	1	0.105392591090553	norloop_tss	Serena_ER	tss	norloop
total_long_indel	PD9544	1	0.105392591090553	norloop_tss	Serena_ER	tss	norloop
total_long_indel	PD9567	0	0	norloop_tss	Serena_ER	tss	norloop
total_long_indel	PD9569	0	0	norloop_tss	Serena_ER	tss	norloop
total_long_indel	PD9570	0	0	norloop_tss	Serena_ER	tss	norloop
total_long_indel	PD9572	0	0	norloop_tss	Serena_ER	tss	norloop
total_long_indel	PD9573	0	0	norloop_tss	Serena_ER	tss	norloop
total_long_indel	PD9574	0	0	norloop_tss	Serena_ER	tss	norloop
total_long_indel	PD9577	1	0.105392591090553	norloop_tss	Serena_ER	tss	norloop
total_long_indel	PD9578	0	0	norloop_tss	Serena_ER	tss	norloop
total_long_indel	PD9581	1	0.105392591090553	norloop_tss	Serena_ER	tss	norloop
total_long_indel	PD9582	0	0	norloop_tss	Serena_ER	tss	norloop
total_long_indel	PD9589	1	0.105392591090553	norloop_tss	Serena_ER	tss	norloop
total_long_indel	PD9591	0	0	norloop_tss	Serena_ER	tss	norloop
total_long_indel	PD9593	0	0	norloop_tss	Serena_ER	tss	norloop
total_long_indel	PD9597	1	0.105392591090553	norloop_tss	Serena_ER	tss	norloop
total_long_indel	PD9599	0	0	norloop_tss	Serena_ER	tss	norloop
total_long_indel	PD9600	0	0	norloop_tss	Serena_ER	tss	norloop
total_long_indel	PD9605	0	0	norloop_tss	Serena_ER	tss	norloop
total_long_indel	PD9606	0	0	norloop_tss	Serena_ER	tss	norloop
total_long_indel	PD9694	0	0	norloop_tss	Serena_ER	tss	norloop
total_long_indel	PD9752	0	0	norloop_tss	Serena_ER	tss	norloop
total_long_indel	PD9754	0	0	norloop_tss	Serena_ER	tss	norloop
total_long_indel	PD9756	0	0	norloop_tss	Serena_ER	tss	norloop
total_long_indel	PD9759	0	0	norloop_tss	Serena_ER	tss	norloop
total_long_indel	PD9760	1	0.105392591090553	norloop_tss	Serena_ER	tss	norloop
total_long_indel	PD9761	0	0	norloop_tss	Serena_ER	tss	norloop
total_long_indel	PD9842	0	0	norloop_tss	Serena_ER	tss	norloop
total_long_indel	PD9843	0	0	norloop_tss	Serena_ER	tss	norloop
total_long_indel	PD9844	0	0	norloop_tss	Serena_ER	tss	norloop
total_long_indel	PD9845	1	0.105392591090553	norloop_tss	Serena_ER	tss	norloop
total_long_indel	PD9847	0	0	norloop_tss	Serena_ER	tss	norloop
total_Indel	PD11336	1	0.114000309624841	rloop_tts	Serena_ER	tts	rloop
total_Indel	PD11337	1	0.114000309624841	rloop_tts	Serena_ER	tts	rloop
total_Indel	PD11338	0	0	rloop_tts	Serena_ER	tts	rloop
total_Indel	PD11339	1	0.114000309624841	rloop_tts	Serena_ER	tts	rloop
total_Indel	PD11340	2	0.228000619249682	rloop_tts	Serena_ER	tts	rloop
total_Indel	PD11341	0	0	rloop_tts	Serena_ER	tts	rloop
total_Indel	PD11342	1	0.114000309624841	rloop_tts	Serena_ER	tts	rloop
total_Indel	PD11343	0	0	rloop_tts	Serena_ER	tts	rloop
total_Indel	PD11352	0	0	rloop_tts	Serena_ER	tts	rloop
total_Indel	PD11355	1	0.114000309624841	rloop_tts	Serena_ER	tts	rloop
total_Indel	PD11357	2	0.228000619249682	rloop_tts	Serena_ER	tts	rloop
total_Indel	PD11358	0	0	rloop_tts	Serena_ER	tts	rloop
total_Indel	PD11359	2	0.228000619249682	rloop_tts	Serena_ER	tts	rloop
total_Indel	PD11360	0	0	rloop_tts	Serena_ER	tts	rloop
total_Indel	PD11361	0	0	rloop_tts	Serena_ER	tts	rloop
total_Indel	PD11364	0	0	rloop_tts	Serena_ER	tts	rloop
total_Indel	PD11365	23	2.62200712137134	rloop_tts	Serena_ER	tts	rloop
total_Indel	PD11366	3	0.342000928874523	rloop_tts	Serena_ER	tts	rloop
total_Indel	PD11367	2	0.228000619249682	rloop_tts	Serena_ER	tts	rloop
total_Indel	PD11368	5	0.570001548124205	rloop_tts	Serena_ER	tts	rloop
total_Indel	PD11369	1	0.114000309624841	rloop_tts	Serena_ER	tts	rloop
total_Indel	PD11370	0	0	rloop_tts	Serena_ER	tts	rloop
total_Indel	PD11372	1	0.114000309624841	rloop_tts	Serena_ER	tts	rloop
total_Indel	PD11374	0	0	rloop_tts	Serena_ER	tts	rloop
total_Indel	PD11375	1	0.114000309624841	rloop_tts	Serena_ER	tts	rloop
total_Indel	PD11376	0	0	rloop_tts	Serena_ER	tts	rloop
total_Indel	PD11379	2	0.228000619249682	rloop_tts	Serena_ER	tts	rloop
total_Indel	PD11380	1	0.114000309624841	rloop_tts	Serena_ER	tts	rloop
total_Indel	PD11381	2	0.228000619249682	rloop_tts	Serena_ER	tts	rloop
total_Indel	PD11383	3	0.342000928874523	rloop_tts	Serena_ER	tts	rloop
total_Indel	PD11384	0	0	rloop_tts	Serena_ER	tts	rloop
total_Indel	PD11385	0	0	rloop_tts	Serena_ER	tts	rloop
total_Indel	PD11386	2	0.228000619249682	rloop_tts	Serena_ER	tts	rloop
total_Indel	PD11388	2	0.228000619249682	rloop_tts	Serena_ER	tts	rloop
total_Indel	PD11389	1	0.114000309624841	rloop_tts	Serena_ER	tts	rloop
total_Indel	PD11391	2	0.228000619249682	rloop_tts	Serena_ER	tts	rloop
total_Indel	PD11393	0	0	rloop_tts	Serena_ER	tts	rloop
total_Indel	PD11394	1	0.114000309624841	rloop_tts	Serena_ER	tts	rloop
total_Indel	PD11395	0	0	rloop_tts	Serena_ER	tts	rloop
total_Indel	PD11396	2	0.228000619249682	rloop_tts	Serena_ER	tts	rloop
total_Indel	PD11397	0	0	rloop_tts	Serena_ER	tts	rloop
total_Indel	PD11398	1	0.114000309624841	rloop_tts	Serena_ER	tts	rloop
total_Indel	PD11399	0	0	rloop_tts	Serena_ER	tts	rloop
total_Indel	PD11402	0	0	rloop_tts	Serena_ER	tts	rloop
total_Indel	PD11740	0	0	rloop_tts	Serena_ER	tts	rloop
total_Indel	PD11741	2	0.228000619249682	rloop_tts	Serena_ER	tts	rloop
total_Indel	PD11742	1	0.114000309624841	rloop_tts	Serena_ER	tts	rloop
total_Indel	PD11743	1	0.114000309624841	rloop_tts	Serena_ER	tts	rloop
total_Indel	PD11744	0	0	rloop_tts	Serena_ER	tts	rloop
total_Indel	PD11745	1	0.114000309624841	rloop_tts	Serena_ER	tts	rloop
total_Indel	PD11750	0	0	rloop_tts	Serena_ER	tts	rloop
total_Indel	PD11753	2	0.228000619249682	rloop_tts	Serena_ER	tts	rloop
total_Indel	PD11756	1	0.114000309624841	rloop_tts	Serena_ER	tts	rloop
total_Indel	PD11760	1	0.114000309624841	rloop_tts	Serena_ER	tts	rloop
total_Indel	PD11761	0	0	rloop_tts	Serena_ER	tts	rloop
total_Indel	PD11765	0	0	rloop_tts	Serena_ER	tts	rloop
total_Indel	PD11766	0	0	rloop_tts	Serena_ER	tts	rloop
total_Indel	PD11767	0	0	rloop_tts	Serena_ER	tts	rloop
total_Indel	PD11769	0	0	rloop_tts	Serena_ER	tts	rloop
total_Indel	PD11816	1	0.114000309624841	rloop_tts	Serena_ER	tts	rloop
total_Indel	PD11818	1	0.114000309624841	rloop_tts	Serena_ER	tts	rloop
total_Indel	PD11819	0	0	rloop_tts	Serena_ER	tts	rloop
total_Indel	PD13302	3	0.342000928874523	rloop_tts	Serena_ER	tts	rloop
total_Indel	PD13304	0	0	rloop_tts	Serena_ER	tts	rloop
total_Indel	PD13306	0	0	rloop_tts	Serena_ER	tts	rloop
total_Indel	PD13307	1	0.114000309624841	rloop_tts	Serena_ER	tts	rloop
total_Indel	PD13310	1	0.114000309624841	rloop_tts	Serena_ER	tts	rloop
total_Indel	PD13312	0	0	rloop_tts	Serena_ER	tts	rloop
total_Indel	PD13416	0	0	rloop_tts	Serena_ER	tts	rloop
total_Indel	PD13419	0	0	rloop_tts	Serena_ER	tts	rloop
total_Indel	PD13420	0	0	rloop_tts	Serena_ER	tts	rloop
total_Indel	PD13422	1	0.114000309624841	rloop_tts	Serena_ER	tts	rloop
total_Indel	PD13424	0	0	rloop_tts	Serena_ER	tts	rloop
total_Indel	PD13425	1	0.114000309624841	rloop_tts	Serena_ER	tts	rloop
total_Indel	PD13426	0	0	rloop_tts	Serena_ER	tts	rloop
total_Indel	PD13427	0	0	rloop_tts	Serena_ER	tts	rloop
total_Indel	PD13618	0	0	rloop_tts	Serena_ER	tts	rloop
total_Indel	PD13619	0	0	rloop_tts	Serena_ER	tts	rloop
total_Indel	PD13620	2	0.228000619249682	rloop_tts	Serena_ER	tts	rloop
total_Indel	PD13623	0	0	rloop_tts	Serena_ER	tts	rloop
total_Indel	PD13625	3	0.342000928874523	rloop_tts	Serena_ER	tts	rloop
total_Indel	PD13626	0	0	rloop_tts	Serena_ER	tts	rloop
total_Indel	PD13629	0	0	rloop_tts	Serena_ER	tts	rloop
total_Indel	PD13630	0	0	rloop_tts	Serena_ER	tts	rloop
total_Indel	PD13631	0	0	rloop_tts	Serena_ER	tts	rloop
total_Indel	PD13752	1	0.114000309624841	rloop_tts	Serena_ER	tts	rloop
total_Indel	PD13753	0	0	rloop_tts	Serena_ER	tts	rloop
total_Indel	PD13754	1	0.114000309624841	rloop_tts	Serena_ER	tts	rloop
total_Indel	PD13755	0	0	rloop_tts	Serena_ER	tts	rloop
total_Indel	PD13756	1	0.114000309624841	rloop_tts	Serena_ER	tts	rloop
total_Indel	PD13757	0	0	rloop_tts	Serena_ER	tts	rloop
total_Indel	PD13758	1	0.114000309624841	rloop_tts	Serena_ER	tts	rloop
total_Indel	PD13760	0	0	rloop_tts	Serena_ER	tts	rloop
total_Indel	PD13761	0	0	rloop_tts	Serena_ER	tts	rloop
total_Indel	PD13762	1	0.114000309624841	rloop_tts	Serena_ER	tts	rloop
total_Indel	PD13763	0	0	rloop_tts	Serena_ER	tts	rloop
total_Indel	PD13764	0	0	rloop_tts	Serena_ER	tts	rloop
total_Indel	PD13765	1	0.114000309624841	rloop_tts	Serena_ER	tts	rloop
total_Indel	PD13766	0	0	rloop_tts	Serena_ER	tts	rloop
total_Indel	PD13767	1	0.114000309624841	rloop_tts	Serena_ER	tts	rloop
total_Indel	PD13768	0	0	rloop_tts	Serena_ER	tts	rloop
total_Indel	PD13770	0	0	rloop_tts	Serena_ER	tts	rloop
total_Indel	PD13771	4	0.456001238499364	rloop_tts	Serena_ER	tts	rloop
total_Indel	PD14432	1	0.114000309624841	rloop_tts	Serena_ER	tts	rloop
total_Indel	PD14433	1	0.114000309624841	rloop_tts	Serena_ER	tts	rloop
total_Indel	PD14435	0	0	rloop_tts	Serena_ER	tts	rloop
total_Indel	PD14437	1	0.114000309624841	rloop_tts	Serena_ER	tts	rloop
total_Indel	PD14439	1	0.114000309624841	rloop_tts	Serena_ER	tts	rloop
total_Indel	PD14441	2	0.228000619249682	rloop_tts	Serena_ER	tts	rloop
total_Indel	PD14442	1	0.114000309624841	rloop_tts	Serena_ER	tts	rloop
total_Indel	PD14450	1	0.114000309624841	rloop_tts	Serena_ER	tts	rloop
total_Indel	PD14453	1	0.114000309624841	rloop_tts	Serena_ER	tts	rloop
total_Indel	PD14454	2	0.228000619249682	rloop_tts	Serena_ER	tts	rloop
total_Indel	PD14456	0	0	rloop_tts	Serena_ER	tts	rloop
total_Indel	PD14457	0	0	rloop_tts	Serena_ER	tts	rloop
total_Indel	PD14459	4	0.456001238499364	rloop_tts	Serena_ER	tts	rloop
total_Indel	PD14460	0	0	rloop_tts	Serena_ER	tts	rloop
total_Indel	PD14461	0	0	rloop_tts	Serena_ER	tts	rloop
total_Indel	PD14462	0	0	rloop_tts	Serena_ER	tts	rloop
total_Indel	PD14465	1	0.114000309624841	rloop_tts	Serena_ER	tts	rloop
total_Indel	PD14467	0	0	rloop_tts	Serena_ER	tts	rloop
total_Indel	PD14468	2	0.228000619249682	rloop_tts	Serena_ER	tts	rloop
total_Indel	PD14471	0	0	rloop_tts	Serena_ER	tts	rloop
total_Indel	PD14472	2	0.228000619249682	rloop_tts	Serena_ER	tts	rloop
total_Indel	PD14473	0	0	rloop_tts	Serena_ER	tts	rloop
total_Indel	PD17973	0	0	rloop_tts	Serena_ER	tts	rloop
total_Indel	PD17981	1	0.114000309624841	rloop_tts	Serena_ER	tts	rloop
total_Indel	PD17991	1	0.114000309624841	rloop_tts	Serena_ER	tts	rloop
total_Indel	PD17994	0	0	rloop_tts	Serena_ER	tts	rloop
total_Indel	PD18046	0	0	rloop_tts	Serena_ER	tts	rloop
total_Indel	PD18100	0	0	rloop_tts	Serena_ER	tts	rloop
total_Indel	PD18101	0	0	rloop_tts	Serena_ER	tts	rloop
total_Indel	PD18116	1	0.114000309624841	rloop_tts	Serena_ER	tts	rloop
total_Indel	PD18149	0	0	rloop_tts	Serena_ER	tts	rloop
total_Indel	PD18247	1	0.114000309624841	rloop_tts	Serena_ER	tts	rloop
total_Indel	PD18251	0	0	rloop_tts	Serena_ER	tts	rloop
total_Indel	PD18257	0	0	rloop_tts	Serena_ER	tts	rloop
total_Indel	PD18258	0	0	rloop_tts	Serena_ER	tts	rloop
total_Indel	PD18259	1	0.114000309624841	rloop_tts	Serena_ER	tts	rloop
total_Indel	PD18264	1	0.114000309624841	rloop_tts	Serena_ER	tts	rloop
total_Indel	PD18269	0	0	rloop_tts	Serena_ER	tts	rloop
total_Indel	PD18728	1	0.114000309624841	rloop_tts	Serena_ER	tts	rloop
total_Indel	PD18730	0	0	rloop_tts	Serena_ER	tts	rloop
total_Indel	PD18733	0	0	rloop_tts	Serena_ER	tts	rloop
total_Indel	PD18734	1	0.114000309624841	rloop_tts	Serena_ER	tts	rloop
total_Indel	PD18748	1	0.114000309624841	rloop_tts	Serena_ER	tts	rloop
total_Indel	PD18749	3	0.342000928874523	rloop_tts	Serena_ER	tts	rloop
total_Indel	PD18751	0	0	rloop_tts	Serena_ER	tts	rloop
total_Indel	PD18754	0	0	rloop_tts	Serena_ER	tts	rloop
total_Indel	PD18756	0	0	rloop_tts	Serena_ER	tts	rloop
total_Indel	PD18768	0	0	rloop_tts	Serena_ER	tts	rloop
total_Indel	PD18769	0	0	rloop_tts	Serena_ER	tts	rloop
total_Indel	PD18771	1	0.114000309624841	rloop_tts	Serena_ER	tts	rloop
total_Indel	PD18775	1	0.114000309624841	rloop_tts	Serena_ER	tts	rloop
total_Indel	PD18776	1	0.114000309624841	rloop_tts	Serena_ER	tts	rloop
total_Indel	PD22251	0	0	rloop_tts	Serena_ER	tts	rloop
total_Indel	PD22361	0	0	rloop_tts	Serena_ER	tts	rloop
total_Indel	PD22364	1	0.114000309624841	rloop_tts	Serena_ER	tts	rloop
total_Indel	PD22365	1	0.114000309624841	rloop_tts	Serena_ER	tts	rloop
total_Indel	PD23550	0	0	rloop_tts	Serena_ER	tts	rloop
total_Indel	PD23558	0	0	rloop_tts	Serena_ER	tts	rloop
total_Indel	PD23570	0	0	rloop_tts	Serena_ER	tts	rloop
total_Indel	PD24193	5	0.570001548124205	rloop_tts	Serena_ER	tts	rloop
total_Indel	PD24199	0	0	rloop_tts	Serena_ER	tts	rloop
total_Indel	PD24206	1	0.114000309624841	rloop_tts	Serena_ER	tts	rloop
total_Indel	PD24212	1	0.114000309624841	rloop_tts	Serena_ER	tts	rloop
total_Indel	PD24214	0	0	rloop_tts	Serena_ER	tts	rloop
total_Indel	PD24216	0	0	rloop_tts	Serena_ER	tts	rloop
total_Indel	PD24223	0	0	rloop_tts	Serena_ER	tts	rloop
total_Indel	PD24302	0	0	rloop_tts	Serena_ER	tts	rloop
total_Indel	PD24307	0	0	rloop_tts	Serena_ER	tts	rloop
total_Indel	PD24320	10	1.14000309624841	rloop_tts	Serena_ER	tts	rloop
total_Indel	PD24327	0	0	rloop_tts	Serena_ER	tts	rloop
total_Indel	PD24329	1	0.114000309624841	rloop_tts	Serena_ER	tts	rloop
total_Indel	PD3851	1	0.114000309624841	rloop_tts	Serena_ER	tts	rloop
total_Indel	PD3904	2	0.228000619249682	rloop_tts	Serena_ER	tts	rloop
total_Indel	PD3945	1	0.114000309624841	rloop_tts	Serena_ER	tts	rloop
total_Indel	PD3989	1	0.114000309624841	rloop_tts	Serena_ER	tts	rloop
total_Indel	PD4069	1	0.114000309624841	rloop_tts	Serena_ER	tts	rloop
total_Indel	PD4072	1	0.114000309624841	rloop_tts	Serena_ER	tts	rloop
total_Indel	PD4076	0	0	rloop_tts	Serena_ER	tts	rloop
total_Indel	PD4085	0	0	rloop_tts	Serena_ER	tts	rloop
total_Indel	PD4086	0	0	rloop_tts	Serena_ER	tts	rloop
total_Indel	PD4088	0	0	rloop_tts	Serena_ER	tts	rloop
total_Indel	PD4103	1	0.114000309624841	rloop_tts	Serena_ER	tts	rloop
total_Indel	PD4115	0	0	rloop_tts	Serena_ER	tts	rloop
total_Indel	PD4116	0	0	rloop_tts	Serena_ER	tts	rloop
total_Indel	PD4225	2	0.228000619249682	rloop_tts	Serena_ER	tts	rloop
total_Indel	PD4261	0	0	rloop_tts	Serena_ER	tts	rloop
total_Indel	PD4266	0	0	rloop_tts	Serena_ER	tts	rloop
total_Indel	PD4267	1	0.114000309624841	rloop_tts	Serena_ER	tts	rloop
total_Indel	PD4315	0	0	rloop_tts	Serena_ER	tts	rloop
total_Indel	PD4604	1	0.114000309624841	rloop_tts	Serena_ER	tts	rloop
total_Indel	PD4605	1	0.114000309624841	rloop_tts	Serena_ER	tts	rloop
total_Indel	PD4606	0	0	rloop_tts	Serena_ER	tts	rloop
total_Indel	PD4607	0	0	rloop_tts	Serena_ER	tts	rloop
total_Indel	PD4613	1	0.114000309624841	rloop_tts	Serena_ER	tts	rloop
total_Indel	PD4872	0	0	rloop_tts	Serena_ER	tts	rloop
total_Indel	PD4876	0	0	rloop_tts	Serena_ER	tts	rloop
total_Indel	PD4951	0	0	rloop_tts	Serena_ER	tts	rloop
total_Indel	PD4952	1	0.114000309624841	rloop_tts	Serena_ER	tts	rloop
total_Indel	PD4953	2	0.228000619249682	rloop_tts	Serena_ER	tts	rloop
total_Indel	PD4954	1	0.114000309624841	rloop_tts	Serena_ER	tts	rloop
total_Indel	PD4957	0	0	rloop_tts	Serena_ER	tts	rloop
total_Indel	PD4958	1	0.114000309624841	rloop_tts	Serena_ER	tts	rloop
total_Indel	PD4959	1	0.114000309624841	rloop_tts	Serena_ER	tts	rloop
total_Indel	PD4965	1	0.114000309624841	rloop_tts	Serena_ER	tts	rloop
total_Indel	PD4967	0	0	rloop_tts	Serena_ER	tts	rloop
total_Indel	PD4968	2	0.228000619249682	rloop_tts	Serena_ER	tts	rloop
total_Indel	PD4969	0	0	rloop_tts	Serena_ER	tts	rloop
total_Indel	PD4970	1	0.114000309624841	rloop_tts	Serena_ER	tts	rloop
total_Indel	PD4971	2	0.228000619249682	rloop_tts	Serena_ER	tts	rloop
total_Indel	PD4972	1	0.114000309624841	rloop_tts	Serena_ER	tts	rloop
total_Indel	PD4976	3	0.342000928874523	rloop_tts	Serena_ER	tts	rloop
total_Indel	PD4981	1	0.114000309624841	rloop_tts	Serena_ER	tts	rloop
total_Indel	PD4982	1	0.114000309624841	rloop_tts	Serena_ER	tts	rloop
total_Indel	PD4983	0	0	rloop_tts	Serena_ER	tts	rloop
total_Indel	PD4985	1	0.114000309624841	rloop_tts	Serena_ER	tts	rloop
total_Indel	PD4986	5	0.570001548124205	rloop_tts	Serena_ER	tts	rloop
total_Indel	PD5928	0	0	rloop_tts	Serena_ER	tts	rloop
total_Indel	PD5936	0	0	rloop_tts	Serena_ER	tts	rloop
total_Indel	PD5937	63	7.18201950636498	rloop_tts	Serena_ER	tts	rloop
total_Indel	PD5946	1	0.114000309624841	rloop_tts	Serena_ER	tts	rloop
total_Indel	PD5947	0	0	rloop_tts	Serena_ER	tts	rloop
total_Indel	PD5951	0	0	rloop_tts	Serena_ER	tts	rloop
total_Indel	PD5953	4	0.456001238499364	rloop_tts	Serena_ER	tts	rloop
total_Indel	PD5956	1	0.114000309624841	rloop_tts	Serena_ER	tts	rloop
total_Indel	PD5959	0	0	rloop_tts	Serena_ER	tts	rloop
total_Indel	PD5960	1	0.114000309624841	rloop_tts	Serena_ER	tts	rloop
total_Indel	PD5961	0	0	rloop_tts	Serena_ER	tts	rloop
total_Indel	PD5964	0	0	rloop_tts	Serena_ER	tts	rloop
total_Indel	PD6016	2	0.228000619249682	rloop_tts	Serena_ER	tts	rloop
total_Indel	PD6041	1	0.114000309624841	rloop_tts	Serena_ER	tts	rloop
total_Indel	PD6042	1	0.114000309624841	rloop_tts	Serena_ER	tts	rloop
total_Indel	PD6043	0	0	rloop_tts	Serena_ER	tts	rloop
total_Indel	PD6044	0	0	rloop_tts	Serena_ER	tts	rloop
total_Indel	PD6045	0	0	rloop_tts	Serena_ER	tts	rloop
total_Indel	PD6417	0	0	rloop_tts	Serena_ER	tts	rloop
total_Indel	PD6418	1	0.114000309624841	rloop_tts	Serena_ER	tts	rloop
total_Indel	PD6422	2	0.228000619249682	rloop_tts	Serena_ER	tts	rloop
total_Indel	PD6466	0	0	rloop_tts	Serena_ER	tts	rloop
total_Indel	PD6711	1	0.114000309624841	rloop_tts	Serena_ER	tts	rloop
total_Indel	PD6719	0	0	rloop_tts	Serena_ER	tts	rloop
total_Indel	PD6720	0	0	rloop_tts	Serena_ER	tts	rloop
total_Indel	PD6721	0	0	rloop_tts	Serena_ER	tts	rloop
total_Indel	PD7199	0	0	rloop_tts	Serena_ER	tts	rloop
total_Indel	PD7201	1	0.114000309624841	rloop_tts	Serena_ER	tts	rloop
total_Indel	PD7206	1	0.114000309624841	rloop_tts	Serena_ER	tts	rloop
total_Indel	PD7207	0	0	rloop_tts	Serena_ER	tts	rloop
total_Indel	PD7209	0	0	rloop_tts	Serena_ER	tts	rloop
total_Indel	PD7210	1	0.114000309624841	rloop_tts	Serena_ER	tts	rloop
total_Indel	PD7214	2	0.228000619249682	rloop_tts	Serena_ER	tts	rloop
total_Indel	PD7215	0	0	rloop_tts	Serena_ER	tts	rloop
total_Indel	PD7218	0	0	rloop_tts	Serena_ER	tts	rloop
total_Indel	PD7219	0	0	rloop_tts	Serena_ER	tts	rloop
total_Indel	PD7221	1	0.114000309624841	rloop_tts	Serena_ER	tts	rloop
total_Indel	PD7238	0	0	rloop_tts	Serena_ER	tts	rloop
total_Indel	PD7240	0	0	rloop_tts	Serena_ER	tts	rloop
total_Indel	PD7243	2	0.228000619249682	rloop_tts	Serena_ER	tts	rloop
total_Indel	PD7322	0	0	rloop_tts	Serena_ER	tts	rloop
total_Indel	PD8609	0	0	rloop_tts	Serena_ER	tts	rloop
total_Indel	PD8610	0	0	rloop_tts	Serena_ER	tts	rloop
total_Indel	PD8612	1	0.114000309624841	rloop_tts	Serena_ER	tts	rloop
total_Indel	PD8614	1	0.114000309624841	rloop_tts	Serena_ER	tts	rloop
total_Indel	PD8615	1	0.114000309624841	rloop_tts	Serena_ER	tts	rloop
total_Indel	PD8617	0	0	rloop_tts	Serena_ER	tts	rloop
total_Indel	PD8620	1	0.114000309624841	rloop_tts	Serena_ER	tts	rloop
total_Indel	PD8622	1	0.114000309624841	rloop_tts	Serena_ER	tts	rloop
total_Indel	PD8623	1	0.114000309624841	rloop_tts	Serena_ER	tts	rloop
total_Indel	PD8828	0	0	rloop_tts	Serena_ER	tts	rloop
total_Indel	PD8973	0	0	rloop_tts	Serena_ER	tts	rloop
total_Indel	PD8977	2	0.228000619249682	rloop_tts	Serena_ER	tts	rloop
total_Indel	PD8978	2	0.228000619249682	rloop_tts	Serena_ER	tts	rloop
total_Indel	PD8979	0	0	rloop_tts	Serena_ER	tts	rloop
total_Indel	PD8980	6	0.684001857749046	rloop_tts	Serena_ER	tts	rloop
total_Indel	PD8981	0	0	rloop_tts	Serena_ER	tts	rloop
total_Indel	PD9000	0	0	rloop_tts	Serena_ER	tts	rloop
total_Indel	PD9001	3	0.342000928874523	rloop_tts	Serena_ER	tts	rloop
total_Indel	PD9002	3	0.342000928874523	rloop_tts	Serena_ER	tts	rloop
total_Indel	PD9063	0	0	rloop_tts	Serena_ER	tts	rloop
total_Indel	PD9065	0	0	rloop_tts	Serena_ER	tts	rloop
total_Indel	PD9067	0	0	rloop_tts	Serena_ER	tts	rloop
total_Indel	PD9193	1	0.114000309624841	rloop_tts	Serena_ER	tts	rloop
total_Indel	PD9464	0	0	rloop_tts	Serena_ER	tts	rloop
total_Indel	PD9467	1	0.114000309624841	rloop_tts	Serena_ER	tts	rloop
total_Indel	PD9539	0	0	rloop_tts	Serena_ER	tts	rloop
total_Indel	PD9541	0	0	rloop_tts	Serena_ER	tts	rloop
total_Indel	PD9544	0	0	rloop_tts	Serena_ER	tts	rloop
total_Indel	PD9567	0	0	rloop_tts	Serena_ER	tts	rloop
total_Indel	PD9569	0	0	rloop_tts	Serena_ER	tts	rloop
total_Indel	PD9570	2	0.228000619249682	rloop_tts	Serena_ER	tts	rloop
total_Indel	PD9572	0	0	rloop_tts	Serena_ER	tts	rloop
total_Indel	PD9573	1	0.114000309624841	rloop_tts	Serena_ER	tts	rloop
total_Indel	PD9574	0	0	rloop_tts	Serena_ER	tts	rloop
total_Indel	PD9577	0	0	rloop_tts	Serena_ER	tts	rloop
total_Indel	PD9578	0	0	rloop_tts	Serena_ER	tts	rloop
total_Indel	PD9581	1	0.114000309624841	rloop_tts	Serena_ER	tts	rloop
total_Indel	PD9582	0	0	rloop_tts	Serena_ER	tts	rloop
total_Indel	PD9589	0	0	rloop_tts	Serena_ER	tts	rloop
total_Indel	PD9591	0	0	rloop_tts	Serena_ER	tts	rloop
total_Indel	PD9593	1	0.114000309624841	rloop_tts	Serena_ER	tts	rloop
total_Indel	PD9597	0	0	rloop_tts	Serena_ER	tts	rloop
total_Indel	PD9599	0	0	rloop_tts	Serena_ER	tts	rloop
total_Indel	PD9600	0	0	rloop_tts	Serena_ER	tts	rloop
total_Indel	PD9605	0	0	rloop_tts	Serena_ER	tts	rloop
total_Indel	PD9606	0	0	rloop_tts	Serena_ER	tts	rloop
total_Indel	PD9694	0	0	rloop_tts	Serena_ER	tts	rloop
total_Indel	PD9752	0	0	rloop_tts	Serena_ER	tts	rloop
total_Indel	PD9754	1	0.114000309624841	rloop_tts	Serena_ER	tts	rloop
total_Indel	PD9756	2	0.228000619249682	rloop_tts	Serena_ER	tts	rloop
total_Indel	PD9759	0	0	rloop_tts	Serena_ER	tts	rloop
total_Indel	PD9760	3	0.342000928874523	rloop_tts	Serena_ER	tts	rloop
total_Indel	PD9761	1	0.114000309624841	rloop_tts	Serena_ER	tts	rloop
total_Indel	PD9842	0	0	rloop_tts	Serena_ER	tts	rloop
total_Indel	PD9843	0	0	rloop_tts	Serena_ER	tts	rloop
total_Indel	PD9844	0	0	rloop_tts	Serena_ER	tts	rloop
total_Indel	PD9845	0	0	rloop_tts	Serena_ER	tts	rloop
total_Indel	PD9847	2	0.228000619249682	rloop_tts	Serena_ER	tts	rloop
total_long_simple_indel	PD11336	0	0	rloop_tts	Serena_ER	tts	rloop
total_long_simple_indel	PD11337	1	0.114000309624841	rloop_tts	Serena_ER	tts	rloop
total_long_simple_indel	PD11338	0	0	rloop_tts	Serena_ER	tts	rloop
total_long_simple_indel	PD11339	0	0	rloop_tts	Serena_ER	tts	rloop
total_long_simple_indel	PD11340	1	0.114000309624841	rloop_tts	Serena_ER	tts	rloop
total_long_simple_indel	PD11341	0	0	rloop_tts	Serena_ER	tts	rloop
total_long_simple_indel	PD11342	1	0.114000309624841	rloop_tts	Serena_ER	tts	rloop
total_long_simple_indel	PD11343	0	0	rloop_tts	Serena_ER	tts	rloop
total_long_simple_indel	PD11352	0	0	rloop_tts	Serena_ER	tts	rloop
total_long_simple_indel	PD11355	0	0	rloop_tts	Serena_ER	tts	rloop
total_long_simple_indel	PD11357	0	0	rloop_tts	Serena_ER	tts	rloop
total_long_simple_indel	PD11358	0	0	rloop_tts	Serena_ER	tts	rloop
total_long_simple_indel	PD11359	1	0.114000309624841	rloop_tts	Serena_ER	tts	rloop
total_long_simple_indel	PD11360	0	0	rloop_tts	Serena_ER	tts	rloop
total_long_simple_indel	PD11361	0	0	rloop_tts	Serena_ER	tts	rloop
total_long_simple_indel	PD11364	0	0	rloop_tts	Serena_ER	tts	rloop
total_long_simple_indel	PD11365	1	0.114000309624841	rloop_tts	Serena_ER	tts	rloop
total_long_simple_indel	PD11366	0	0	rloop_tts	Serena_ER	tts	rloop
total_long_simple_indel	PD11367	1	0.114000309624841	rloop_tts	Serena_ER	tts	rloop
total_long_simple_indel	PD11368	1	0.114000309624841	rloop_tts	Serena_ER	tts	rloop
total_long_simple_indel	PD11369	0	0	rloop_tts	Serena_ER	tts	rloop
total_long_simple_indel	PD11370	0	0	rloop_tts	Serena_ER	tts	rloop
total_long_simple_indel	PD11372	0	0	rloop_tts	Serena_ER	tts	rloop
total_long_simple_indel	PD11374	0	0	rloop_tts	Serena_ER	tts	rloop
total_long_simple_indel	PD11375	0	0	rloop_tts	Serena_ER	tts	rloop
total_long_simple_indel	PD11376	0	0	rloop_tts	Serena_ER	tts	rloop
total_long_simple_indel	PD11379	2	0.228000619249682	rloop_tts	Serena_ER	tts	rloop
total_long_simple_indel	PD11380	1	0.114000309624841	rloop_tts	Serena_ER	tts	rloop
total_long_simple_indel	PD11381	1	0.114000309624841	rloop_tts	Serena_ER	tts	rloop
total_long_simple_indel	PD11383	1	0.114000309624841	rloop_tts	Serena_ER	tts	rloop
total_long_simple_indel	PD11384	0	0	rloop_tts	Serena_ER	tts	rloop
total_long_simple_indel	PD11385	0	0	rloop_tts	Serena_ER	tts	rloop
total_long_simple_indel	PD11386	0	0	rloop_tts	Serena_ER	tts	rloop
total_long_simple_indel	PD11388	0	0	rloop_tts	Serena_ER	tts	rloop
total_long_simple_indel	PD11389	0	0	rloop_tts	Serena_ER	tts	rloop
total_long_simple_indel	PD11391	1	0.114000309624841	rloop_tts	Serena_ER	tts	rloop
total_long_simple_indel	PD11393	0	0	rloop_tts	Serena_ER	tts	rloop
total_long_simple_indel	PD11394	0	0	rloop_tts	Serena_ER	tts	rloop
total_long_simple_indel	PD11395	0	0	rloop_tts	Serena_ER	tts	rloop
total_long_simple_indel	PD11396	0	0	rloop_tts	Serena_ER	tts	rloop
total_long_simple_indel	PD11397	0	0	rloop_tts	Serena_ER	tts	rloop
total_long_simple_indel	PD11398	0	0	rloop_tts	Serena_ER	tts	rloop
total_long_simple_indel	PD11399	0	0	rloop_tts	Serena_ER	tts	rloop
total_long_simple_indel	PD11402	0	0	rloop_tts	Serena_ER	tts	rloop
total_long_simple_indel	PD11740	0	0	rloop_tts	Serena_ER	tts	rloop
total_long_simple_indel	PD11741	0	0	rloop_tts	Serena_ER	tts	rloop
total_long_simple_indel	PD11742	0	0	rloop_tts	Serena_ER	tts	rloop
total_long_simple_indel	PD11743	1	0.114000309624841	rloop_tts	Serena_ER	tts	rloop
total_long_simple_indel	PD11744	0	0	rloop_tts	Serena_ER	tts	rloop
total_long_simple_indel	PD11745	0	0	rloop_tts	Serena_ER	tts	rloop
total_long_simple_indel	PD11750	0	0	rloop_tts	Serena_ER	tts	rloop
total_long_simple_indel	PD11753	1	0.114000309624841	rloop_tts	Serena_ER	tts	rloop
total_long_simple_indel	PD11756	0	0	rloop_tts	Serena_ER	tts	rloop
total_long_simple_indel	PD11760	0	0	rloop_tts	Serena_ER	tts	rloop
total_long_simple_indel	PD11761	0	0	rloop_tts	Serena_ER	tts	rloop
total_long_simple_indel	PD11765	0	0	rloop_tts	Serena_ER	tts	rloop
total_long_simple_indel	PD11766	0	0	rloop_tts	Serena_ER	tts	rloop
total_long_simple_indel	PD11767	0	0	rloop_tts	Serena_ER	tts	rloop
total_long_simple_indel	PD11769	0	0	rloop_tts	Serena_ER	tts	rloop
total_long_simple_indel	PD11816	0	0	rloop_tts	Serena_ER	tts	rloop
total_long_simple_indel	PD11818	1	0.114000309624841	rloop_tts	Serena_ER	tts	rloop
total_long_simple_indel	PD11819	0	0	rloop_tts	Serena_ER	tts	rloop
total_long_simple_indel	PD13302	1	0.114000309624841	rloop_tts	Serena_ER	tts	rloop
total_long_simple_indel	PD13304	0	0	rloop_tts	Serena_ER	tts	rloop
total_long_simple_indel	PD13306	0	0	rloop_tts	Serena_ER	tts	rloop
total_long_simple_indel	PD13307	0	0	rloop_tts	Serena_ER	tts	rloop
total_long_simple_indel	PD13310	0	0	rloop_tts	Serena_ER	tts	rloop
total_long_simple_indel	PD13312	0	0	rloop_tts	Serena_ER	tts	rloop
total_long_simple_indel	PD13416	0	0	rloop_tts	Serena_ER	tts	rloop
total_long_simple_indel	PD13419	0	0	rloop_tts	Serena_ER	tts	rloop
total_long_simple_indel	PD13420	0	0	rloop_tts	Serena_ER	tts	rloop
total_long_simple_indel	PD13422	0	0	rloop_tts	Serena_ER	tts	rloop
total_long_simple_indel	PD13424	0	0	rloop_tts	Serena_ER	tts	rloop
total_long_simple_indel	PD13425	0	0	rloop_tts	Serena_ER	tts	rloop
total_long_simple_indel	PD13426	0	0	rloop_tts	Serena_ER	tts	rloop
total_long_simple_indel	PD13427	0	0	rloop_tts	Serena_ER	tts	rloop
total_long_simple_indel	PD13618	0	0	rloop_tts	Serena_ER	tts	rloop
total_long_simple_indel	PD13619	0	0	rloop_tts	Serena_ER	tts	rloop
total_long_simple_indel	PD13620	2	0.228000619249682	rloop_tts	Serena_ER	tts	rloop
total_long_simple_indel	PD13623	0	0	rloop_tts	Serena_ER	tts	rloop
total_long_simple_indel	PD13625	0	0	rloop_tts	Serena_ER	tts	rloop
total_long_simple_indel	PD13626	0	0	rloop_tts	Serena_ER	tts	rloop
total_long_simple_indel	PD13629	0	0	rloop_tts	Serena_ER	tts	rloop
total_long_simple_indel	PD13630	0	0	rloop_tts	Serena_ER	tts	rloop
total_long_simple_indel	PD13631	0	0	rloop_tts	Serena_ER	tts	rloop
total_long_simple_indel	PD13752	1	0.114000309624841	rloop_tts	Serena_ER	tts	rloop
total_long_simple_indel	PD13753	0	0	rloop_tts	Serena_ER	tts	rloop
total_long_simple_indel	PD13754	0	0	rloop_tts	Serena_ER	tts	rloop
total_long_simple_indel	PD13755	0	0	rloop_tts	Serena_ER	tts	rloop
total_long_simple_indel	PD13756	0	0	rloop_tts	Serena_ER	tts	rloop
total_long_simple_indel	PD13757	0	0	rloop_tts	Serena_ER	tts	rloop
total_long_simple_indel	PD13758	0	0	rloop_tts	Serena_ER	tts	rloop
total_long_simple_indel	PD13760	0	0	rloop_tts	Serena_ER	tts	rloop
total_long_simple_indel	PD13761	0	0	rloop_tts	Serena_ER	tts	rloop
total_long_simple_indel	PD13762	0	0	rloop_tts	Serena_ER	tts	rloop
total_long_simple_indel	PD13763	0	0	rloop_tts	Serena_ER	tts	rloop
total_long_simple_indel	PD13764	0	0	rloop_tts	Serena_ER	tts	rloop
total_long_simple_indel	PD13765	0	0	rloop_tts	Serena_ER	tts	rloop
total_long_simple_indel	PD13766	0	0	rloop_tts	Serena_ER	tts	rloop
total_long_simple_indel	PD13767	0	0	rloop_tts	Serena_ER	tts	rloop
total_long_simple_indel	PD13768	0	0	rloop_tts	Serena_ER	tts	rloop
total_long_simple_indel	PD13770	0	0	rloop_tts	Serena_ER	tts	rloop
total_long_simple_indel	PD13771	0	0	rloop_tts	Serena_ER	tts	rloop
total_long_simple_indel	PD14432	1	0.114000309624841	rloop_tts	Serena_ER	tts	rloop
total_long_simple_indel	PD14433	1	0.114000309624841	rloop_tts	Serena_ER	tts	rloop
total_long_simple_indel	PD14435	0	0	rloop_tts	Serena_ER	tts	rloop
total_long_simple_indel	PD14437	0	0	rloop_tts	Serena_ER	tts	rloop
total_long_simple_indel	PD14439	0	0	rloop_tts	Serena_ER	tts	rloop
total_long_simple_indel	PD14441	0	0	rloop_tts	Serena_ER	tts	rloop
total_long_simple_indel	PD14442	1	0.114000309624841	rloop_tts	Serena_ER	tts	rloop
total_long_simple_indel	PD14450	0	0	rloop_tts	Serena_ER	tts	rloop
total_long_simple_indel	PD14453	0	0	rloop_tts	Serena_ER	tts	rloop
total_long_simple_indel	PD14454	0	0	rloop_tts	Serena_ER	tts	rloop
total_long_simple_indel	PD14456	0	0	rloop_tts	Serena_ER	tts	rloop
total_long_simple_indel	PD14457	0	0	rloop_tts	Serena_ER	tts	rloop
total_long_simple_indel	PD14459	2	0.228000619249682	rloop_tts	Serena_ER	tts	rloop
total_long_simple_indel	PD14460	0	0	rloop_tts	Serena_ER	tts	rloop
total_long_simple_indel	PD14461	0	0	rloop_tts	Serena_ER	tts	rloop
total_long_simple_indel	PD14462	0	0	rloop_tts	Serena_ER	tts	rloop
total_long_simple_indel	PD14465	1	0.114000309624841	rloop_tts	Serena_ER	tts	rloop
total_long_simple_indel	PD14467	0	0	rloop_tts	Serena_ER	tts	rloop
total_long_simple_indel	PD14468	0	0	rloop_tts	Serena_ER	tts	rloop
total_long_simple_indel	PD14471	0	0	rloop_tts	Serena_ER	tts	rloop
total_long_simple_indel	PD14472	2	0.228000619249682	rloop_tts	Serena_ER	tts	rloop
total_long_simple_indel	PD14473	0	0	rloop_tts	Serena_ER	tts	rloop
total_long_simple_indel	PD17973	0	0	rloop_tts	Serena_ER	tts	rloop
total_long_simple_indel	PD17981	0	0	rloop_tts	Serena_ER	tts	rloop
total_long_simple_indel	PD17991	0	0	rloop_tts	Serena_ER	tts	rloop
total_long_simple_indel	PD17994	0	0	rloop_tts	Serena_ER	tts	rloop
total_long_simple_indel	PD18046	0	0	rloop_tts	Serena_ER	tts	rloop
total_long_simple_indel	PD18100	0	0	rloop_tts	Serena_ER	tts	rloop
total_long_simple_indel	PD18101	0	0	rloop_tts	Serena_ER	tts	rloop
total_long_simple_indel	PD18116	0	0	rloop_tts	Serena_ER	tts	rloop
total_long_simple_indel	PD18149	0	0	rloop_tts	Serena_ER	tts	rloop
total_long_simple_indel	PD18247	1	0.114000309624841	rloop_tts	Serena_ER	tts	rloop
total_long_simple_indel	PD18251	0	0	rloop_tts	Serena_ER	tts	rloop
total_long_simple_indel	PD18257	0	0	rloop_tts	Serena_ER	tts	rloop
total_long_simple_indel	PD18258	0	0	rloop_tts	Serena_ER	tts	rloop
total_long_simple_indel	PD18259	0	0	rloop_tts	Serena_ER	tts	rloop
total_long_simple_indel	PD18264	0	0	rloop_tts	Serena_ER	tts	rloop
total_long_simple_indel	PD18269	0	0	rloop_tts	Serena_ER	tts	rloop
total_long_simple_indel	PD18728	0	0	rloop_tts	Serena_ER	tts	rloop
total_long_simple_indel	PD18730	0	0	rloop_tts	Serena_ER	tts	rloop
total_long_simple_indel	PD18733	0	0	rloop_tts	Serena_ER	tts	rloop
total_long_simple_indel	PD18734	1	0.114000309624841	rloop_tts	Serena_ER	tts	rloop
total_long_simple_indel	PD18748	0	0	rloop_tts	Serena_ER	tts	rloop
total_long_simple_indel	PD18749	1	0.114000309624841	rloop_tts	Serena_ER	tts	rloop
total_long_simple_indel	PD18751	0	0	rloop_tts	Serena_ER	tts	rloop
total_long_simple_indel	PD18754	0	0	rloop_tts	Serena_ER	tts	rloop
total_long_simple_indel	PD18756	0	0	rloop_tts	Serena_ER	tts	rloop
total_long_simple_indel	PD18768	0	0	rloop_tts	Serena_ER	tts	rloop
total_long_simple_indel	PD18769	0	0	rloop_tts	Serena_ER	tts	rloop
total_long_simple_indel	PD18771	1	0.114000309624841	rloop_tts	Serena_ER	tts	rloop
total_long_simple_indel	PD18775	1	0.114000309624841	rloop_tts	Serena_ER	tts	rloop
total_long_simple_indel	PD18776	0	0	rloop_tts	Serena_ER	tts	rloop
total_long_simple_indel	PD22251	0	0	rloop_tts	Serena_ER	tts	rloop
total_long_simple_indel	PD22361	0	0	rloop_tts	Serena_ER	tts	rloop
total_long_simple_indel	PD22364	1	0.114000309624841	rloop_tts	Serena_ER	tts	rloop
total_long_simple_indel	PD22365	1	0.114000309624841	rloop_tts	Serena_ER	tts	rloop
total_long_simple_indel	PD23550	0	0	rloop_tts	Serena_ER	tts	rloop
total_long_simple_indel	PD23558	0	0	rloop_tts	Serena_ER	tts	rloop
total_long_simple_indel	PD23570	0	0	rloop_tts	Serena_ER	tts	rloop
total_long_simple_indel	PD24193	0	0	rloop_tts	Serena_ER	tts	rloop
total_long_simple_indel	PD24199	0	0	rloop_tts	Serena_ER	tts	rloop
total_long_simple_indel	PD24206	1	0.114000309624841	rloop_tts	Serena_ER	tts	rloop
total_long_simple_indel	PD24212	0	0	rloop_tts	Serena_ER	tts	rloop
total_long_simple_indel	PD24214	0	0	rloop_tts	Serena_ER	tts	rloop
total_long_simple_indel	PD24216	0	0	rloop_tts	Serena_ER	tts	rloop
total_long_simple_indel	PD24223	0	0	rloop_tts	Serena_ER	tts	rloop
total_long_simple_indel	PD24302	0	0	rloop_tts	Serena_ER	tts	rloop
total_long_simple_indel	PD24307	0	0	rloop_tts	Serena_ER	tts	rloop
total_long_simple_indel	PD24320	1	0.114000309624841	rloop_tts	Serena_ER	tts	rloop
total_long_simple_indel	PD24327	0	0	rloop_tts	Serena_ER	tts	rloop
total_long_simple_indel	PD24329	1	0.114000309624841	rloop_tts	Serena_ER	tts	rloop
total_long_simple_indel	PD3851	0	0	rloop_tts	Serena_ER	tts	rloop
total_long_simple_indel	PD3904	0	0	rloop_tts	Serena_ER	tts	rloop
total_long_simple_indel	PD3945	1	0.114000309624841	rloop_tts	Serena_ER	tts	rloop
total_long_simple_indel	PD3989	1	0.114000309624841	rloop_tts	Serena_ER	tts	rloop
total_long_simple_indel	PD4069	0	0	rloop_tts	Serena_ER	tts	rloop
total_long_simple_indel	PD4072	1	0.114000309624841	rloop_tts	Serena_ER	tts	rloop
total_long_simple_indel	PD4076	0	0	rloop_tts	Serena_ER	tts	rloop
total_long_simple_indel	PD4085	0	0	rloop_tts	Serena_ER	tts	rloop
total_long_simple_indel	PD4086	0	0	rloop_tts	Serena_ER	tts	rloop
total_long_simple_indel	PD4088	0	0	rloop_tts	Serena_ER	tts	rloop
total_long_simple_indel	PD4103	0	0	rloop_tts	Serena_ER	tts	rloop
total_long_simple_indel	PD4115	0	0	rloop_tts	Serena_ER	tts	rloop
total_long_simple_indel	PD4116	0	0	rloop_tts	Serena_ER	tts	rloop
total_long_simple_indel	PD4225	0	0	rloop_tts	Serena_ER	tts	rloop
total_long_simple_indel	PD4261	0	0	rloop_tts	Serena_ER	tts	rloop
total_long_simple_indel	PD4266	0	0	rloop_tts	Serena_ER	tts	rloop
total_long_simple_indel	PD4267	0	0	rloop_tts	Serena_ER	tts	rloop
total_long_simple_indel	PD4315	0	0	rloop_tts	Serena_ER	tts	rloop
total_long_simple_indel	PD4604	1	0.114000309624841	rloop_tts	Serena_ER	tts	rloop
total_long_simple_indel	PD4605	1	0.114000309624841	rloop_tts	Serena_ER	tts	rloop
total_long_simple_indel	PD4606	0	0	rloop_tts	Serena_ER	tts	rloop
total_long_simple_indel	PD4607	0	0	rloop_tts	Serena_ER	tts	rloop
total_long_simple_indel	PD4613	0	0	rloop_tts	Serena_ER	tts	rloop
total_long_simple_indel	PD4872	0	0	rloop_tts	Serena_ER	tts	rloop
total_long_simple_indel	PD4876	0	0	rloop_tts	Serena_ER	tts	rloop
total_long_simple_indel	PD4951	0	0	rloop_tts	Serena_ER	tts	rloop
total_long_simple_indel	PD4952	1	0.114000309624841	rloop_tts	Serena_ER	tts	rloop
total_long_simple_indel	PD4953	1	0.114000309624841	rloop_tts	Serena_ER	tts	rloop
total_long_simple_indel	PD4954	1	0.114000309624841	rloop_tts	Serena_ER	tts	rloop
total_long_simple_indel	PD4957	0	0	rloop_tts	Serena_ER	tts	rloop
total_long_simple_indel	PD4958	1	0.114000309624841	rloop_tts	Serena_ER	tts	rloop
total_long_simple_indel	PD4959	1	0.114000309624841	rloop_tts	Serena_ER	tts	rloop
total_long_simple_indel	PD4965	1	0.114000309624841	rloop_tts	Serena_ER	tts	rloop
total_long_simple_indel	PD4967	0	0	rloop_tts	Serena_ER	tts	rloop
total_long_simple_indel	PD4968	1	0.114000309624841	rloop_tts	Serena_ER	tts	rloop
total_long_simple_indel	PD4969	0	0	rloop_tts	Serena_ER	tts	rloop
total_long_simple_indel	PD4970	0	0	rloop_tts	Serena_ER	tts	rloop
total_long_simple_indel	PD4971	2	0.228000619249682	rloop_tts	Serena_ER	tts	rloop
total_long_simple_indel	PD4972	1	0.114000309624841	rloop_tts	Serena_ER	tts	rloop
total_long_simple_indel	PD4976	1	0.114000309624841	rloop_tts	Serena_ER	tts	rloop
total_long_simple_indel	PD4981	0	0	rloop_tts	Serena_ER	tts	rloop
total_long_simple_indel	PD4982	0	0	rloop_tts	Serena_ER	tts	rloop
total_long_simple_indel	PD4983	0	0	rloop_tts	Serena_ER	tts	rloop
total_long_simple_indel	PD4985	0	0	rloop_tts	Serena_ER	tts	rloop
total_long_simple_indel	PD4986	1	0.114000309624841	rloop_tts	Serena_ER	tts	rloop
total_long_simple_indel	PD5928	0	0	rloop_tts	Serena_ER	tts	rloop
total_long_simple_indel	PD5936	0	0	rloop_tts	Serena_ER	tts	rloop
total_long_simple_indel	PD5937	4	0.456001238499364	rloop_tts	Serena_ER	tts	rloop
total_long_simple_indel	PD5946	1	0.114000309624841	rloop_tts	Serena_ER	tts	rloop
total_long_simple_indel	PD5947	0	0	rloop_tts	Serena_ER	tts	rloop
total_long_simple_indel	PD5951	0	0	rloop_tts	Serena_ER	tts	rloop
total_long_simple_indel	PD5953	2	0.228000619249682	rloop_tts	Serena_ER	tts	rloop
total_long_simple_indel	PD5956	1	0.114000309624841	rloop_tts	Serena_ER	tts	rloop
total_long_simple_indel	PD5959	0	0	rloop_tts	Serena_ER	tts	rloop
total_long_simple_indel	PD5960	0	0	rloop_tts	Serena_ER	tts	rloop
total_long_simple_indel	PD5961	0	0	rloop_tts	Serena_ER	tts	rloop
total_long_simple_indel	PD5964	0	0	rloop_tts	Serena_ER	tts	rloop
total_long_simple_indel	PD6016	1	0.114000309624841	rloop_tts	Serena_ER	tts	rloop
total_long_simple_indel	PD6041	0	0	rloop_tts	Serena_ER	tts	rloop
total_long_simple_indel	PD6042	0	0	rloop_tts	Serena_ER	tts	rloop
total_long_simple_indel	PD6043	0	0	rloop_tts	Serena_ER	tts	rloop
total_long_simple_indel	PD6044	0	0	rloop_tts	Serena_ER	tts	rloop
total_long_simple_indel	PD6045	0	0	rloop_tts	Serena_ER	tts	rloop
total_long_simple_indel	PD6417	0	0	rloop_tts	Serena_ER	tts	rloop
total_long_simple_indel	PD6418	0	0	rloop_tts	Serena_ER	tts	rloop
total_long_simple_indel	PD6422	0	0	rloop_tts	Serena_ER	tts	rloop
total_long_simple_indel	PD6466	0	0	rloop_tts	Serena_ER	tts	rloop
total_long_simple_indel	PD6711	0	0	rloop_tts	Serena_ER	tts	rloop
total_long_simple_indel	PD6719	0	0	rloop_tts	Serena_ER	tts	rloop
total_long_simple_indel	PD6720	0	0	rloop_tts	Serena_ER	tts	rloop
total_long_simple_indel	PD6721	0	0	rloop_tts	Serena_ER	tts	rloop
total_long_simple_indel	PD7199	0	0	rloop_tts	Serena_ER	tts	rloop
total_long_simple_indel	PD7201	1	0.114000309624841	rloop_tts	Serena_ER	tts	rloop
total_long_simple_indel	PD7206	1	0.114000309624841	rloop_tts	Serena_ER	tts	rloop
total_long_simple_indel	PD7207	0	0	rloop_tts	Serena_ER	tts	rloop
total_long_simple_indel	PD7209	0	0	rloop_tts	Serena_ER	tts	rloop
total_long_simple_indel	PD7210	0	0	rloop_tts	Serena_ER	tts	rloop
total_long_simple_indel	PD7214	0	0	rloop_tts	Serena_ER	tts	rloop
total_long_simple_indel	PD7215	0	0	rloop_tts	Serena_ER	tts	rloop
total_long_simple_indel	PD7218	0	0	rloop_tts	Serena_ER	tts	rloop
total_long_simple_indel	PD7219	0	0	rloop_tts	Serena_ER	tts	rloop
total_long_simple_indel	PD7221	0	0	rloop_tts	Serena_ER	tts	rloop
total_long_simple_indel	PD7238	0	0	rloop_tts	Serena_ER	tts	rloop
total_long_simple_indel	PD7240	0	0	rloop_tts	Serena_ER	tts	rloop
total_long_simple_indel	PD7243	0	0	rloop_tts	Serena_ER	tts	rloop
total_long_simple_indel	PD7322	0	0	rloop_tts	Serena_ER	tts	rloop
total_long_simple_indel	PD8609	0	0	rloop_tts	Serena_ER	tts	rloop
total_long_simple_indel	PD8610	0	0	rloop_tts	Serena_ER	tts	rloop
total_long_simple_indel	PD8612	0	0	rloop_tts	Serena_ER	tts	rloop
total_long_simple_indel	PD8614	1	0.114000309624841	rloop_tts	Serena_ER	tts	rloop
total_long_simple_indel	PD8615	0	0	rloop_tts	Serena_ER	tts	rloop
total_long_simple_indel	PD8617	0	0	rloop_tts	Serena_ER	tts	rloop
total_long_simple_indel	PD8620	0	0	rloop_tts	Serena_ER	tts	rloop
total_long_simple_indel	PD8622	0	0	rloop_tts	Serena_ER	tts	rloop
total_long_simple_indel	PD8623	0	0	rloop_tts	Serena_ER	tts	rloop
total_long_simple_indel	PD8828	0	0	rloop_tts	Serena_ER	tts	rloop
total_long_simple_indel	PD8973	0	0	rloop_tts	Serena_ER	tts	rloop
total_long_simple_indel	PD8977	2	0.228000619249682	rloop_tts	Serena_ER	tts	rloop
total_long_simple_indel	PD8978	0	0	rloop_tts	Serena_ER	tts	rloop
total_long_simple_indel	PD8979	0	0	rloop_tts	Serena_ER	tts	rloop
total_long_simple_indel	PD8980	3	0.342000928874523	rloop_tts	Serena_ER	tts	rloop
total_long_simple_indel	PD8981	0	0	rloop_tts	Serena_ER	tts	rloop
total_long_simple_indel	PD9000	0	0	rloop_tts	Serena_ER	tts	rloop
total_long_simple_indel	PD9001	1	0.114000309624841	rloop_tts	Serena_ER	tts	rloop
total_long_simple_indel	PD9002	0	0	rloop_tts	Serena_ER	tts	rloop
total_long_simple_indel	PD9063	0	0	rloop_tts	Serena_ER	tts	rloop
total_long_simple_indel	PD9065	0	0	rloop_tts	Serena_ER	tts	rloop
total_long_simple_indel	PD9067	0	0	rloop_tts	Serena_ER	tts	rloop
total_long_simple_indel	PD9193	0	0	rloop_tts	Serena_ER	tts	rloop
total_long_simple_indel	PD9464	0	0	rloop_tts	Serena_ER	tts	rloop
total_long_simple_indel	PD9467	1	0.114000309624841	rloop_tts	Serena_ER	tts	rloop
total_long_simple_indel	PD9539	0	0	rloop_tts	Serena_ER	tts	rloop
total_long_simple_indel	PD9541	0	0	rloop_tts	Serena_ER	tts	rloop
total_long_simple_indel	PD9544	0	0	rloop_tts	Serena_ER	tts	rloop
total_long_simple_indel	PD9567	0	0	rloop_tts	Serena_ER	tts	rloop
total_long_simple_indel	PD9569	0	0	rloop_tts	Serena_ER	tts	rloop
total_long_simple_indel	PD9570	0	0	rloop_tts	Serena_ER	tts	rloop
total_long_simple_indel	PD9572	0	0	rloop_tts	Serena_ER	tts	rloop
total_long_simple_indel	PD9573	0	0	rloop_tts	Serena_ER	tts	rloop
total_long_simple_indel	PD9574	0	0	rloop_tts	Serena_ER	tts	rloop
total_long_simple_indel	PD9577	0	0	rloop_tts	Serena_ER	tts	rloop
total_long_simple_indel	PD9578	0	0	rloop_tts	Serena_ER	tts	rloop
total_long_simple_indel	PD9581	0	0	rloop_tts	Serena_ER	tts	rloop
total_long_simple_indel	PD9582	0	0	rloop_tts	Serena_ER	tts	rloop
total_long_simple_indel	PD9589	0	0	rloop_tts	Serena_ER	tts	rloop
total_long_simple_indel	PD9591	0	0	rloop_tts	Serena_ER	tts	rloop
total_long_simple_indel	PD9593	0	0	rloop_tts	Serena_ER	tts	rloop
total_long_simple_indel	PD9597	0	0	rloop_tts	Serena_ER	tts	rloop
total_long_simple_indel	PD9599	0	0	rloop_tts	Serena_ER	tts	rloop
total_long_simple_indel	PD9600	0	0	rloop_tts	Serena_ER	tts	rloop
total_long_simple_indel	PD9605	0	0	rloop_tts	Serena_ER	tts	rloop
total_long_simple_indel	PD9606	0	0	rloop_tts	Serena_ER	tts	rloop
total_long_simple_indel	PD9694	0	0	rloop_tts	Serena_ER	tts	rloop
total_long_simple_indel	PD9752	0	0	rloop_tts	Serena_ER	tts	rloop
total_long_simple_indel	PD9754	0	0	rloop_tts	Serena_ER	tts	rloop
total_long_simple_indel	PD9756	0	0	rloop_tts	Serena_ER	tts	rloop
total_long_simple_indel	PD9759	0	0	rloop_tts	Serena_ER	tts	rloop
total_long_simple_indel	PD9760	1	0.114000309624841	rloop_tts	Serena_ER	tts	rloop
total_long_simple_indel	PD9761	1	0.114000309624841	rloop_tts	Serena_ER	tts	rloop
total_long_simple_indel	PD9842	0	0	rloop_tts	Serena_ER	tts	rloop
total_long_simple_indel	PD9843	0	0	rloop_tts	Serena_ER	tts	rloop
total_long_simple_indel	PD9844	0	0	rloop_tts	Serena_ER	tts	rloop
total_long_simple_indel	PD9845	0	0	rloop_tts	Serena_ER	tts	rloop
total_long_simple_indel	PD9847	0	0	rloop_tts	Serena_ER	tts	rloop
total_long_indel	PD11336	0	0	rloop_tts	Serena_ER	tts	rloop
total_long_indel	PD11337	1	0.114000309624841	rloop_tts	Serena_ER	tts	rloop
total_long_indel	PD11338	0	0	rloop_tts	Serena_ER	tts	rloop
total_long_indel	PD11339	0	0	rloop_tts	Serena_ER	tts	rloop
total_long_indel	PD11340	1	0.114000309624841	rloop_tts	Serena_ER	tts	rloop
total_long_indel	PD11341	0	0	rloop_tts	Serena_ER	tts	rloop
total_long_indel	PD11342	1	0.114000309624841	rloop_tts	Serena_ER	tts	rloop
total_long_indel	PD11343	0	0	rloop_tts	Serena_ER	tts	rloop
total_long_indel	PD11352	0	0	rloop_tts	Serena_ER	tts	rloop
total_long_indel	PD11355	1	0.114000309624841	rloop_tts	Serena_ER	tts	rloop
total_long_indel	PD11357	1	0.114000309624841	rloop_tts	Serena_ER	tts	rloop
total_long_indel	PD11358	0	0	rloop_tts	Serena_ER	tts	rloop
total_long_indel	PD11359	1	0.114000309624841	rloop_tts	Serena_ER	tts	rloop
total_long_indel	PD11360	0	0	rloop_tts	Serena_ER	tts	rloop
total_long_indel	PD11361	0	0	rloop_tts	Serena_ER	tts	rloop
total_long_indel	PD11364	0	0	rloop_tts	Serena_ER	tts	rloop
total_long_indel	PD11365	1	0.114000309624841	rloop_tts	Serena_ER	tts	rloop
total_long_indel	PD11366	1	0.114000309624841	rloop_tts	Serena_ER	tts	rloop
total_long_indel	PD11367	2	0.228000619249682	rloop_tts	Serena_ER	tts	rloop
total_long_indel	PD11368	2	0.228000619249682	rloop_tts	Serena_ER	tts	rloop
total_long_indel	PD11369	0	0	rloop_tts	Serena_ER	tts	rloop
total_long_indel	PD11370	0	0	rloop_tts	Serena_ER	tts	rloop
total_long_indel	PD11372	0	0	rloop_tts	Serena_ER	tts	rloop
total_long_indel	PD11374	0	0	rloop_tts	Serena_ER	tts	rloop
total_long_indel	PD11375	0	0	rloop_tts	Serena_ER	tts	rloop
total_long_indel	PD11376	0	0	rloop_tts	Serena_ER	tts	rloop
total_long_indel	PD11379	2	0.228000619249682	rloop_tts	Serena_ER	tts	rloop
total_long_indel	PD11380	1	0.114000309624841	rloop_tts	Serena_ER	tts	rloop
total_long_indel	PD11381	1	0.114000309624841	rloop_tts	Serena_ER	tts	rloop
total_long_indel	PD11383	1	0.114000309624841	rloop_tts	Serena_ER	tts	rloop
total_long_indel	PD11384	0	0	rloop_tts	Serena_ER	tts	rloop
total_long_indel	PD11385	0	0	rloop_tts	Serena_ER	tts	rloop
total_long_indel	PD11386	1	0.114000309624841	rloop_tts	Serena_ER	tts	rloop
total_long_indel	PD11388	1	0.114000309624841	rloop_tts	Serena_ER	tts	rloop
total_long_indel	PD11389	0	0	rloop_tts	Serena_ER	tts	rloop
total_long_indel	PD11391	2	0.228000619249682	rloop_tts	Serena_ER	tts	rloop
total_long_indel	PD11393	0	0	rloop_tts	Serena_ER	tts	rloop
total_long_indel	PD11394	0	0	rloop_tts	Serena_ER	tts	rloop
total_long_indel	PD11395	0	0	rloop_tts	Serena_ER	tts	rloop
total_long_indel	PD11396	0	0	rloop_tts	Serena_ER	tts	rloop
total_long_indel	PD11397	0	0	rloop_tts	Serena_ER	tts	rloop
total_long_indel	PD11398	0	0	rloop_tts	Serena_ER	tts	rloop
total_long_indel	PD11399	0	0	rloop_tts	Serena_ER	tts	rloop
total_long_indel	PD11402	0	0	rloop_tts	Serena_ER	tts	rloop
total_long_indel	PD11740	0	0	rloop_tts	Serena_ER	tts	rloop
total_long_indel	PD11741	1	0.114000309624841	rloop_tts	Serena_ER	tts	rloop
total_long_indel	PD11742	0	0	rloop_tts	Serena_ER	tts	rloop
total_long_indel	PD11743	1	0.114000309624841	rloop_tts	Serena_ER	tts	rloop
total_long_indel	PD11744	0	0	rloop_tts	Serena_ER	tts	rloop
total_long_indel	PD11745	0	0	rloop_tts	Serena_ER	tts	rloop
total_long_indel	PD11750	0	0	rloop_tts	Serena_ER	tts	rloop
total_long_indel	PD11753	1	0.114000309624841	rloop_tts	Serena_ER	tts	rloop
total_long_indel	PD11756	0	0	rloop_tts	Serena_ER	tts	rloop
total_long_indel	PD11760	0	0	rloop_tts	Serena_ER	tts	rloop
total_long_indel	PD11761	0	0	rloop_tts	Serena_ER	tts	rloop
total_long_indel	PD11765	0	0	rloop_tts	Serena_ER	tts	rloop
total_long_indel	PD11766	0	0	rloop_tts	Serena_ER	tts	rloop
total_long_indel	PD11767	0	0	rloop_tts	Serena_ER	tts	rloop
total_long_indel	PD11769	0	0	rloop_tts	Serena_ER	tts	rloop
total_long_indel	PD11816	0	0	rloop_tts	Serena_ER	tts	rloop
total_long_indel	PD11818	1	0.114000309624841	rloop_tts	Serena_ER	tts	rloop
total_long_indel	PD11819	0	0	rloop_tts	Serena_ER	tts	rloop
total_long_indel	PD13302	1	0.114000309624841	rloop_tts	Serena_ER	tts	rloop
total_long_indel	PD13304	0	0	rloop_tts	Serena_ER	tts	rloop
total_long_indel	PD13306	0	0	rloop_tts	Serena_ER	tts	rloop
total_long_indel	PD13307	0	0	rloop_tts	Serena_ER	tts	rloop
total_long_indel	PD13310	0	0	rloop_tts	Serena_ER	tts	rloop
total_long_indel	PD13312	0	0	rloop_tts	Serena_ER	tts	rloop
total_long_indel	PD13416	0	0	rloop_tts	Serena_ER	tts	rloop
total_long_indel	PD13419	0	0	rloop_tts	Serena_ER	tts	rloop
total_long_indel	PD13420	0	0	rloop_tts	Serena_ER	tts	rloop
total_long_indel	PD13422	0	0	rloop_tts	Serena_ER	tts	rloop
total_long_indel	PD13424	0	0	rloop_tts	Serena_ER	tts	rloop
total_long_indel	PD13425	0	0	rloop_tts	Serena_ER	tts	rloop
total_long_indel	PD13426	0	0	rloop_tts	Serena_ER	tts	rloop
total_long_indel	PD13427	0	0	rloop_tts	Serena_ER	tts	rloop
total_long_indel	PD13618	0	0	rloop_tts	Serena_ER	tts	rloop
total_long_indel	PD13619	0	0	rloop_tts	Serena_ER	tts	rloop
total_long_indel	PD13620	2	0.228000619249682	rloop_tts	Serena_ER	tts	rloop
total_long_indel	PD13623	0	0	rloop_tts	Serena_ER	tts	rloop
total_long_indel	PD13625	3	0.342000928874523	rloop_tts	Serena_ER	tts	rloop
total_long_indel	PD13626	0	0	rloop_tts	Serena_ER	tts	rloop
total_long_indel	PD13629	0	0	rloop_tts	Serena_ER	tts	rloop
total_long_indel	PD13630	0	0	rloop_tts	Serena_ER	tts	rloop
total_long_indel	PD13631	0	0	rloop_tts	Serena_ER	tts	rloop
total_long_indel	PD13752	1	0.114000309624841	rloop_tts	Serena_ER	tts	rloop
total_long_indel	PD13753	0	0	rloop_tts	Serena_ER	tts	rloop
total_long_indel	PD13754	0	0	rloop_tts	Serena_ER	tts	rloop
total_long_indel	PD13755	0	0	rloop_tts	Serena_ER	tts	rloop
total_long_indel	PD13756	0	0	rloop_tts	Serena_ER	tts	rloop
total_long_indel	PD13757	0	0	rloop_tts	Serena_ER	tts	rloop
total_long_indel	PD13758	0	0	rloop_tts	Serena_ER	tts	rloop
total_long_indel	PD13760	0	0	rloop_tts	Serena_ER	tts	rloop
total_long_indel	PD13761	0	0	rloop_tts	Serena_ER	tts	rloop
total_long_indel	PD13762	1	0.114000309624841	rloop_tts	Serena_ER	tts	rloop
total_long_indel	PD13763	0	0	rloop_tts	Serena_ER	tts	rloop
total_long_indel	PD13764	0	0	rloop_tts	Serena_ER	tts	rloop
total_long_indel	PD13765	0	0	rloop_tts	Serena_ER	tts	rloop
total_long_indel	PD13766	0	0	rloop_tts	Serena_ER	tts	rloop
total_long_indel	PD13767	1	0.114000309624841	rloop_tts	Serena_ER	tts	rloop
total_long_indel	PD13768	0	0	rloop_tts	Serena_ER	tts	rloop
total_long_indel	PD13770	0	0	rloop_tts	Serena_ER	tts	rloop
total_long_indel	PD13771	2	0.228000619249682	rloop_tts	Serena_ER	tts	rloop
total_long_indel	PD14432	1	0.114000309624841	rloop_tts	Serena_ER	tts	rloop
total_long_indel	PD14433	1	0.114000309624841	rloop_tts	Serena_ER	tts	rloop
total_long_indel	PD14435	0	0	rloop_tts	Serena_ER	tts	rloop
total_long_indel	PD14437	0	0	rloop_tts	Serena_ER	tts	rloop
total_long_indel	PD14439	1	0.114000309624841	rloop_tts	Serena_ER	tts	rloop
total_long_indel	PD14441	0	0	rloop_tts	Serena_ER	tts	rloop
total_long_indel	PD14442	1	0.114000309624841	rloop_tts	Serena_ER	tts	rloop
total_long_indel	PD14450	0	0	rloop_tts	Serena_ER	tts	rloop
total_long_indel	PD14453	0	0	rloop_tts	Serena_ER	tts	rloop
total_long_indel	PD14454	0	0	rloop_tts	Serena_ER	tts	rloop
total_long_indel	PD14456	0	0	rloop_tts	Serena_ER	tts	rloop
total_long_indel	PD14457	0	0	rloop_tts	Serena_ER	tts	rloop
total_long_indel	PD14459	3	0.342000928874523	rloop_tts	Serena_ER	tts	rloop
total_long_indel	PD14460	0	0	rloop_tts	Serena_ER	tts	rloop
total_long_indel	PD14461	0	0	rloop_tts	Serena_ER	tts	rloop
total_long_indel	PD14462	0	0	rloop_tts	Serena_ER	tts	rloop
total_long_indel	PD14465	1	0.114000309624841	rloop_tts	Serena_ER	tts	rloop
total_long_indel	PD14467	0	0	rloop_tts	Serena_ER	tts	rloop
total_long_indel	PD14468	1	0.114000309624841	rloop_tts	Serena_ER	tts	rloop
total_long_indel	PD14471	0	0	rloop_tts	Serena_ER	tts	rloop
total_long_indel	PD14472	2	0.228000619249682	rloop_tts	Serena_ER	tts	rloop
total_long_indel	PD14473	0	0	rloop_tts	Serena_ER	tts	rloop
total_long_indel	PD17973	0	0	rloop_tts	Serena_ER	tts	rloop
total_long_indel	PD17981	1	0.114000309624841	rloop_tts	Serena_ER	tts	rloop
total_long_indel	PD17991	0	0	rloop_tts	Serena_ER	tts	rloop
total_long_indel	PD17994	0	0	rloop_tts	Serena_ER	tts	rloop
total_long_indel	PD18046	0	0	rloop_tts	Serena_ER	tts	rloop
total_long_indel	PD18100	0	0	rloop_tts	Serena_ER	tts	rloop
total_long_indel	PD18101	0	0	rloop_tts	Serena_ER	tts	rloop
total_long_indel	PD18116	1	0.114000309624841	rloop_tts	Serena_ER	tts	rloop
total_long_indel	PD18149	0	0	rloop_tts	Serena_ER	tts	rloop
total_long_indel	PD18247	1	0.114000309624841	rloop_tts	Serena_ER	tts	rloop
total_long_indel	PD18251	0	0	rloop_tts	Serena_ER	tts	rloop
total_long_indel	PD18257	0	0	rloop_tts	Serena_ER	tts	rloop
total_long_indel	PD18258	0	0	rloop_tts	Serena_ER	tts	rloop
total_long_indel	PD18259	0	0	rloop_tts	Serena_ER	tts	rloop
total_long_indel	PD18264	1	0.114000309624841	rloop_tts	Serena_ER	tts	rloop
total_long_indel	PD18269	0	0	rloop_tts	Serena_ER	tts	rloop
total_long_indel	PD18728	0	0	rloop_tts	Serena_ER	tts	rloop
total_long_indel	PD18730	0	0	rloop_tts	Serena_ER	tts	rloop
total_long_indel	PD18733	0	0	rloop_tts	Serena_ER	tts	rloop
total_long_indel	PD18734	1	0.114000309624841	rloop_tts	Serena_ER	tts	rloop
total_long_indel	PD18748	0	0	rloop_tts	Serena_ER	tts	rloop
total_long_indel	PD18749	3	0.342000928874523	rloop_tts	Serena_ER	tts	rloop
total_long_indel	PD18751	0	0	rloop_tts	Serena_ER	tts	rloop
total_long_indel	PD18754	0	0	rloop_tts	Serena_ER	tts	rloop
total_long_indel	PD18756	0	0	rloop_tts	Serena_ER	tts	rloop
total_long_indel	PD18768	0	0	rloop_tts	Serena_ER	tts	rloop
total_long_indel	PD18769	0	0	rloop_tts	Serena_ER	tts	rloop
total_long_indel	PD18771	1	0.114000309624841	rloop_tts	Serena_ER	tts	rloop
total_long_indel	PD18775	1	0.114000309624841	rloop_tts	Serena_ER	tts	rloop
total_long_indel	PD18776	0	0	rloop_tts	Serena_ER	tts	rloop
total_long_indel	PD22251	0	0	rloop_tts	Serena_ER	tts	rloop
total_long_indel	PD22361	0	0	rloop_tts	Serena_ER	tts	rloop
total_long_indel	PD22364	1	0.114000309624841	rloop_tts	Serena_ER	tts	rloop
total_long_indel	PD22365	1	0.114000309624841	rloop_tts	Serena_ER	tts	rloop
total_long_indel	PD23550	0	0	rloop_tts	Serena_ER	tts	rloop
total_long_indel	PD23558	0	0	rloop_tts	Serena_ER	tts	rloop
total_long_indel	PD23570	0	0	rloop_tts	Serena_ER	tts	rloop
total_long_indel	PD24193	0	0	rloop_tts	Serena_ER	tts	rloop
total_long_indel	PD24199	0	0	rloop_tts	Serena_ER	tts	rloop
total_long_indel	PD24206	1	0.114000309624841	rloop_tts	Serena_ER	tts	rloop
total_long_indel	PD24212	0	0	rloop_tts	Serena_ER	tts	rloop
total_long_indel	PD24214	0	0	rloop_tts	Serena_ER	tts	rloop
total_long_indel	PD24216	0	0	rloop_tts	Serena_ER	tts	rloop
total_long_indel	PD24223	0	0	rloop_tts	Serena_ER	tts	rloop
total_long_indel	PD24302	0	0	rloop_tts	Serena_ER	tts	rloop
total_long_indel	PD24307	0	0	rloop_tts	Serena_ER	tts	rloop
total_long_indel	PD24320	4	0.456001238499364	rloop_tts	Serena_ER	tts	rloop
total_long_indel	PD24327	0	0	rloop_tts	Serena_ER	tts	rloop
total_long_indel	PD24329	1	0.114000309624841	rloop_tts	Serena_ER	tts	rloop
total_long_indel	PD3851	1	0.114000309624841	rloop_tts	Serena_ER	tts	rloop
total_long_indel	PD3904	2	0.228000619249682	rloop_tts	Serena_ER	tts	rloop
total_long_indel	PD3945	1	0.114000309624841	rloop_tts	Serena_ER	tts	rloop
total_long_indel	PD3989	1	0.114000309624841	rloop_tts	Serena_ER	tts	rloop
total_long_indel	PD4069	0	0	rloop_tts	Serena_ER	tts	rloop
total_long_indel	PD4072	1	0.114000309624841	rloop_tts	Serena_ER	tts	rloop
total_long_indel	PD4076	0	0	rloop_tts	Serena_ER	tts	rloop
total_long_indel	PD4085	0	0	rloop_tts	Serena_ER	tts	rloop
total_long_indel	PD4086	0	0	rloop_tts	Serena_ER	tts	rloop
total_long_indel	PD4088	0	0	rloop_tts	Serena_ER	tts	rloop
total_long_indel	PD4103	0	0	rloop_tts	Serena_ER	tts	rloop
total_long_indel	PD4115	0	0	rloop_tts	Serena_ER	tts	rloop
total_long_indel	PD4116	0	0	rloop_tts	Serena_ER	tts	rloop
total_long_indel	PD4225	1	0.114000309624841	rloop_tts	Serena_ER	tts	rloop
total_long_indel	PD4261	0	0	rloop_tts	Serena_ER	tts	rloop
total_long_indel	PD4266	0	0	rloop_tts	Serena_ER	tts	rloop
total_long_indel	PD4267	0	0	rloop_tts	Serena_ER	tts	rloop
total_long_indel	PD4315	0	0	rloop_tts	Serena_ER	tts	rloop
total_long_indel	PD4604	1	0.114000309624841	rloop_tts	Serena_ER	tts	rloop
total_long_indel	PD4605	1	0.114000309624841	rloop_tts	Serena_ER	tts	rloop
total_long_indel	PD4606	0	0	rloop_tts	Serena_ER	tts	rloop
total_long_indel	PD4607	0	0	rloop_tts	Serena_ER	tts	rloop
total_long_indel	PD4613	0	0	rloop_tts	Serena_ER	tts	rloop
total_long_indel	PD4872	0	0	rloop_tts	Serena_ER	tts	rloop
total_long_indel	PD4876	0	0	rloop_tts	Serena_ER	tts	rloop
total_long_indel	PD4951	0	0	rloop_tts	Serena_ER	tts	rloop
total_long_indel	PD4952	1	0.114000309624841	rloop_tts	Serena_ER	tts	rloop
total_long_indel	PD4953	2	0.228000619249682	rloop_tts	Serena_ER	tts	rloop
total_long_indel	PD4954	1	0.114000309624841	rloop_tts	Serena_ER	tts	rloop
total_long_indel	PD4957	0	0	rloop_tts	Serena_ER	tts	rloop
total_long_indel	PD4958	1	0.114000309624841	rloop_tts	Serena_ER	tts	rloop
total_long_indel	PD4959	1	0.114000309624841	rloop_tts	Serena_ER	tts	rloop
total_long_indel	PD4965	1	0.114000309624841	rloop_tts	Serena_ER	tts	rloop
total_long_indel	PD4967	0	0	rloop_tts	Serena_ER	tts	rloop
total_long_indel	PD4968	1	0.114000309624841	rloop_tts	Serena_ER	tts	rloop
total_long_indel	PD4969	0	0	rloop_tts	Serena_ER	tts	rloop
total_long_indel	PD4970	0	0	rloop_tts	Serena_ER	tts	rloop
total_long_indel	PD4971	2	0.228000619249682	rloop_tts	Serena_ER	tts	rloop
total_long_indel	PD4972	1	0.114000309624841	rloop_tts	Serena_ER	tts	rloop
total_long_indel	PD4976	3	0.342000928874523	rloop_tts	Serena_ER	tts	rloop
total_long_indel	PD4981	1	0.114000309624841	rloop_tts	Serena_ER	tts	rloop
total_long_indel	PD4982	0	0	rloop_tts	Serena_ER	tts	rloop
total_long_indel	PD4983	0	0	rloop_tts	Serena_ER	tts	rloop
total_long_indel	PD4985	0	0	rloop_tts	Serena_ER	tts	rloop
total_long_indel	PD4986	3	0.342000928874523	rloop_tts	Serena_ER	tts	rloop
total_long_indel	PD5928	0	0	rloop_tts	Serena_ER	tts	rloop
total_long_indel	PD5936	0	0	rloop_tts	Serena_ER	tts	rloop
total_long_indel	PD5937	4	0.456001238499364	rloop_tts	Serena_ER	tts	rloop
total_long_indel	PD5946	1	0.114000309624841	rloop_tts	Serena_ER	tts	rloop
total_long_indel	PD5947	0	0	rloop_tts	Serena_ER	tts	rloop
total_long_indel	PD5951	0	0	rloop_tts	Serena_ER	tts	rloop
total_long_indel	PD5953	2	0.228000619249682	rloop_tts	Serena_ER	tts	rloop
total_long_indel	PD5956	1	0.114000309624841	rloop_tts	Serena_ER	tts	rloop
total_long_indel	PD5959	0	0	rloop_tts	Serena_ER	tts	rloop
total_long_indel	PD5960	0	0	rloop_tts	Serena_ER	tts	rloop
total_long_indel	PD5961	0	0	rloop_tts	Serena_ER	tts	rloop
total_long_indel	PD5964	0	0	rloop_tts	Serena_ER	tts	rloop
total_long_indel	PD6016	1	0.114000309624841	rloop_tts	Serena_ER	tts	rloop
total_long_indel	PD6041	0	0	rloop_tts	Serena_ER	tts	rloop
total_long_indel	PD6042	1	0.114000309624841	rloop_tts	Serena_ER	tts	rloop
total_long_indel	PD6043	0	0	rloop_tts	Serena_ER	tts	rloop
total_long_indel	PD6044	0	0	rloop_tts	Serena_ER	tts	rloop
total_long_indel	PD6045	0	0	rloop_tts	Serena_ER	tts	rloop
total_long_indel	PD6417	0	0	rloop_tts	Serena_ER	tts	rloop
total_long_indel	PD6418	0	0	rloop_tts	Serena_ER	tts	rloop
total_long_indel	PD6422	0	0	rloop_tts	Serena_ER	tts	rloop
total_long_indel	PD6466	0	0	rloop_tts	Serena_ER	tts	rloop
total_long_indel	PD6711	1	0.114000309624841	rloop_tts	Serena_ER	tts	rloop
total_long_indel	PD6719	0	0	rloop_tts	Serena_ER	tts	rloop
total_long_indel	PD6720	0	0	rloop_tts	Serena_ER	tts	rloop
total_long_indel	PD6721	0	0	rloop_tts	Serena_ER	tts	rloop
total_long_indel	PD7199	0	0	rloop_tts	Serena_ER	tts	rloop
total_long_indel	PD7201	1	0.114000309624841	rloop_tts	Serena_ER	tts	rloop
total_long_indel	PD7206	1	0.114000309624841	rloop_tts	Serena_ER	tts	rloop
total_long_indel	PD7207	0	0	rloop_tts	Serena_ER	tts	rloop
total_long_indel	PD7209	0	0	rloop_tts	Serena_ER	tts	rloop
total_long_indel	PD7210	0	0	rloop_tts	Serena_ER	tts	rloop
total_long_indel	PD7214	1	0.114000309624841	rloop_tts	Serena_ER	tts	rloop
total_long_indel	PD7215	0	0	rloop_tts	Serena_ER	tts	rloop
total_long_indel	PD7218	0	0	rloop_tts	Serena_ER	tts	rloop
total_long_indel	PD7219	0	0	rloop_tts	Serena_ER	tts	rloop
total_long_indel	PD7221	1	0.114000309624841	rloop_tts	Serena_ER	tts	rloop
total_long_indel	PD7238	0	0	rloop_tts	Serena_ER	tts	rloop
total_long_indel	PD7240	0	0	rloop_tts	Serena_ER	tts	rloop
total_long_indel	PD7243	0	0	rloop_tts	Serena_ER	tts	rloop
total_long_indel	PD7322	0	0	rloop_tts	Serena_ER	tts	rloop
total_long_indel	PD8609	0	0	rloop_tts	Serena_ER	tts	rloop
total_long_indel	PD8610	0	0	rloop_tts	Serena_ER	tts	rloop
total_long_indel	PD8612	0	0	rloop_tts	Serena_ER	tts	rloop
total_long_indel	PD8614	1	0.114000309624841	rloop_tts	Serena_ER	tts	rloop
total_long_indel	PD8615	0	0	rloop_tts	Serena_ER	tts	rloop
total_long_indel	PD8617	0	0	rloop_tts	Serena_ER	tts	rloop
total_long_indel	PD8620	0	0	rloop_tts	Serena_ER	tts	rloop
total_long_indel	PD8622	0	0	rloop_tts	Serena_ER	tts	rloop
total_long_indel	PD8623	0	0	rloop_tts	Serena_ER	tts	rloop
total_long_indel	PD8828	0	0	rloop_tts	Serena_ER	tts	rloop
total_long_indel	PD8973	0	0	rloop_tts	Serena_ER	tts	rloop
total_long_indel	PD8977	2	0.228000619249682	rloop_tts	Serena_ER	tts	rloop
total_long_indel	PD8978	0	0	rloop_tts	Serena_ER	tts	rloop
total_long_indel	PD8979	0	0	rloop_tts	Serena_ER	tts	rloop
total_long_indel	PD8980	3	0.342000928874523	rloop_tts	Serena_ER	tts	rloop
total_long_indel	PD8981	0	0	rloop_tts	Serena_ER	tts	rloop
total_long_indel	PD9000	0	0	rloop_tts	Serena_ER	tts	rloop
total_long_indel	PD9001	1	0.114000309624841	rloop_tts	Serena_ER	tts	rloop
total_long_indel	PD9002	1	0.114000309624841	rloop_tts	Serena_ER	tts	rloop
total_long_indel	PD9063	0	0	rloop_tts	Serena_ER	tts	rloop
total_long_indel	PD9065	0	0	rloop_tts	Serena_ER	tts	rloop
total_long_indel	PD9067	0	0	rloop_tts	Serena_ER	tts	rloop
total_long_indel	PD9193	1	0.114000309624841	rloop_tts	Serena_ER	tts	rloop
total_long_indel	PD9464	0	0	rloop_tts	Serena_ER	tts	rloop
total_long_indel	PD9467	1	0.114000309624841	rloop_tts	Serena_ER	tts	rloop
total_long_indel	PD9539	0	0	rloop_tts	Serena_ER	tts	rloop
total_long_indel	PD9541	0	0	rloop_tts	Serena_ER	tts	rloop
total_long_indel	PD9544	0	0	rloop_tts	Serena_ER	tts	rloop
total_long_indel	PD9567	0	0	rloop_tts	Serena_ER	tts	rloop
total_long_indel	PD9569	0	0	rloop_tts	Serena_ER	tts	rloop
total_long_indel	PD9570	1	0.114000309624841	rloop_tts	Serena_ER	tts	rloop
total_long_indel	PD9572	0	0	rloop_tts	Serena_ER	tts	rloop
total_long_indel	PD9573	0	0	rloop_tts	Serena_ER	tts	rloop
total_long_indel	PD9574	0	0	rloop_tts	Serena_ER	tts	rloop
total_long_indel	PD9577	0	0	rloop_tts	Serena_ER	tts	rloop
total_long_indel	PD9578	0	0	rloop_tts	Serena_ER	tts	rloop
total_long_indel	PD9581	1	0.114000309624841	rloop_tts	Serena_ER	tts	rloop
total_long_indel	PD9582	0	0	rloop_tts	Serena_ER	tts	rloop
total_long_indel	PD9589	0	0	rloop_tts	Serena_ER	tts	rloop
total_long_indel	PD9591	0	0	rloop_tts	Serena_ER	tts	rloop
total_long_indel	PD9593	1	0.114000309624841	rloop_tts	Serena_ER	tts	rloop
total_long_indel	PD9597	0	0	rloop_tts	Serena_ER	tts	rloop
total_long_indel	PD9599	0	0	rloop_tts	Serena_ER	tts	rloop
total_long_indel	PD9600	0	0	rloop_tts	Serena_ER	tts	rloop
total_long_indel	PD9605	0	0	rloop_tts	Serena_ER	tts	rloop
total_long_indel	PD9606	0	0	rloop_tts	Serena_ER	tts	rloop
total_long_indel	PD9694	0	0	rloop_tts	Serena_ER	tts	rloop
total_long_indel	PD9752	0	0	rloop_tts	Serena_ER	tts	rloop
total_long_indel	PD9754	0	0	rloop_tts	Serena_ER	tts	rloop
total_long_indel	PD9756	1	0.114000309624841	rloop_tts	Serena_ER	tts	rloop
total_long_indel	PD9759	0	0	rloop_tts	Serena_ER	tts	rloop
total_long_indel	PD9760	2	0.228000619249682	rloop_tts	Serena_ER	tts	rloop
total_long_indel	PD9761	1	0.114000309624841	rloop_tts	Serena_ER	tts	rloop
total_long_indel	PD9842	0	0	rloop_tts	Serena_ER	tts	rloop
total_long_indel	PD9843	0	0	rloop_tts	Serena_ER	tts	rloop
total_long_indel	PD9844	0	0	rloop_tts	Serena_ER	tts	rloop
total_long_indel	PD9845	0	0	rloop_tts	Serena_ER	tts	rloop
total_long_indel	PD9847	0	0	rloop_tts	Serena_ER	tts	rloop
total_Indel	PD11336	1	0.0933996782381085	norloop_tts	Serena_ER	tts	norloop
total_Indel	PD11337	1	0.0933996782381085	norloop_tts	Serena_ER	tts	norloop
total_Indel	PD11338	0	0	norloop_tts	Serena_ER	tts	norloop
total_Indel	PD11339	0	0	norloop_tts	Serena_ER	tts	norloop
total_Indel	PD11340	2	0.186799356476217	norloop_tts	Serena_ER	tts	norloop
total_Indel	PD11341	0	0	norloop_tts	Serena_ER	tts	norloop
total_Indel	PD11342	1	0.0933996782381085	norloop_tts	Serena_ER	tts	norloop
total_Indel	PD11343	1	0.0933996782381085	norloop_tts	Serena_ER	tts	norloop
total_Indel	PD11352	2	0.186799356476217	norloop_tts	Serena_ER	tts	norloop
total_Indel	PD11355	0	0	norloop_tts	Serena_ER	tts	norloop
total_Indel	PD11357	0	0	norloop_tts	Serena_ER	tts	norloop
total_Indel	PD11358	1	0.0933996782381085	norloop_tts	Serena_ER	tts	norloop
total_Indel	PD11359	2	0.186799356476217	norloop_tts	Serena_ER	tts	norloop
total_Indel	PD11360	1	0.0933996782381085	norloop_tts	Serena_ER	tts	norloop
total_Indel	PD11361	0	0	norloop_tts	Serena_ER	tts	norloop
total_Indel	PD11364	1	0.0933996782381085	norloop_tts	Serena_ER	tts	norloop
total_Indel	PD11365	8	0.747197425904868	norloop_tts	Serena_ER	tts	norloop
total_Indel	PD11366	0	0	norloop_tts	Serena_ER	tts	norloop
total_Indel	PD11367	2	0.186799356476217	norloop_tts	Serena_ER	tts	norloop
total_Indel	PD11368	6	0.560398069428651	norloop_tts	Serena_ER	tts	norloop
total_Indel	PD11369	0	0	norloop_tts	Serena_ER	tts	norloop
total_Indel	PD11370	0	0	norloop_tts	Serena_ER	tts	norloop
total_Indel	PD11372	2	0.186799356476217	norloop_tts	Serena_ER	tts	norloop
total_Indel	PD11374	0	0	norloop_tts	Serena_ER	tts	norloop
total_Indel	PD11375	1	0.0933996782381085	norloop_tts	Serena_ER	tts	norloop
total_Indel	PD11376	1	0.0933996782381085	norloop_tts	Serena_ER	tts	norloop
total_Indel	PD11379	1	0.0933996782381085	norloop_tts	Serena_ER	tts	norloop
total_Indel	PD11380	1	0.0933996782381085	norloop_tts	Serena_ER	tts	norloop
total_Indel	PD11381	0	0	norloop_tts	Serena_ER	tts	norloop
total_Indel	PD11383	1	0.0933996782381085	norloop_tts	Serena_ER	tts	norloop
total_Indel	PD11384	0	0	norloop_tts	Serena_ER	tts	norloop
total_Indel	PD11385	0	0	norloop_tts	Serena_ER	tts	norloop
total_Indel	PD11386	0	0	norloop_tts	Serena_ER	tts	norloop
total_Indel	PD11388	2	0.186799356476217	norloop_tts	Serena_ER	tts	norloop
total_Indel	PD11389	0	0	norloop_tts	Serena_ER	tts	norloop
total_Indel	PD11391	0	0	norloop_tts	Serena_ER	tts	norloop
total_Indel	PD11393	3	0.280199034714325	norloop_tts	Serena_ER	tts	norloop
total_Indel	PD11394	2	0.186799356476217	norloop_tts	Serena_ER	tts	norloop
total_Indel	PD11395	1	0.0933996782381085	norloop_tts	Serena_ER	tts	norloop
total_Indel	PD11396	1	0.0933996782381085	norloop_tts	Serena_ER	tts	norloop
total_Indel	PD11397	0	0	norloop_tts	Serena_ER	tts	norloop
total_Indel	PD11398	0	0	norloop_tts	Serena_ER	tts	norloop
total_Indel	PD11399	0	0	norloop_tts	Serena_ER	tts	norloop
total_Indel	PD11402	1	0.0933996782381085	norloop_tts	Serena_ER	tts	norloop
total_Indel	PD11740	1	0.0933996782381085	norloop_tts	Serena_ER	tts	norloop
total_Indel	PD11741	1	0.0933996782381085	norloop_tts	Serena_ER	tts	norloop
total_Indel	PD11742	4	0.373598712952434	norloop_tts	Serena_ER	tts	norloop
total_Indel	PD11743	2	0.186799356476217	norloop_tts	Serena_ER	tts	norloop
total_Indel	PD11744	2	0.186799356476217	norloop_tts	Serena_ER	tts	norloop
total_Indel	PD11745	1	0.0933996782381085	norloop_tts	Serena_ER	tts	norloop
total_Indel	PD11750	2	0.186799356476217	norloop_tts	Serena_ER	tts	norloop
total_Indel	PD11753	0	0	norloop_tts	Serena_ER	tts	norloop
total_Indel	PD11756	0	0	norloop_tts	Serena_ER	tts	norloop
total_Indel	PD11760	1	0.0933996782381085	norloop_tts	Serena_ER	tts	norloop
total_Indel	PD11761	2	0.186799356476217	norloop_tts	Serena_ER	tts	norloop
total_Indel	PD11765	1	0.0933996782381085	norloop_tts	Serena_ER	tts	norloop
total_Indel	PD11766	0	0	norloop_tts	Serena_ER	tts	norloop
total_Indel	PD11767	0	0	norloop_tts	Serena_ER	tts	norloop
total_Indel	PD11769	2	0.186799356476217	norloop_tts	Serena_ER	tts	norloop
total_Indel	PD11816	3	0.280199034714325	norloop_tts	Serena_ER	tts	norloop
total_Indel	PD11818	0	0	norloop_tts	Serena_ER	tts	norloop
total_Indel	PD11819	0	0	norloop_tts	Serena_ER	tts	norloop
total_Indel	PD13302	2	0.186799356476217	norloop_tts	Serena_ER	tts	norloop
total_Indel	PD13304	2	0.186799356476217	norloop_tts	Serena_ER	tts	norloop
total_Indel	PD13306	1	0.0933996782381085	norloop_tts	Serena_ER	tts	norloop
total_Indel	PD13307	1	0.0933996782381085	norloop_tts	Serena_ER	tts	norloop
total_Indel	PD13310	1	0.0933996782381085	norloop_tts	Serena_ER	tts	norloop
total_Indel	PD13312	2	0.186799356476217	norloop_tts	Serena_ER	tts	norloop
total_Indel	PD13416	0	0	norloop_tts	Serena_ER	tts	norloop
total_Indel	PD13419	0	0	norloop_tts	Serena_ER	tts	norloop
total_Indel	PD13420	1	0.0933996782381085	norloop_tts	Serena_ER	tts	norloop
total_Indel	PD13422	1	0.0933996782381085	norloop_tts	Serena_ER	tts	norloop
total_Indel	PD13424	1	0.0933996782381085	norloop_tts	Serena_ER	tts	norloop
total_Indel	PD13425	0	0	norloop_tts	Serena_ER	tts	norloop
total_Indel	PD13426	1	0.0933996782381085	norloop_tts	Serena_ER	tts	norloop
total_Indel	PD13427	0	0	norloop_tts	Serena_ER	tts	norloop
total_Indel	PD13618	0	0	norloop_tts	Serena_ER	tts	norloop
total_Indel	PD13619	0	0	norloop_tts	Serena_ER	tts	norloop
total_Indel	PD13620	1	0.0933996782381085	norloop_tts	Serena_ER	tts	norloop
total_Indel	PD13623	2	0.186799356476217	norloop_tts	Serena_ER	tts	norloop
total_Indel	PD13625	1	0.0933996782381085	norloop_tts	Serena_ER	tts	norloop
total_Indel	PD13626	0	0	norloop_tts	Serena_ER	tts	norloop
total_Indel	PD13629	0	0	norloop_tts	Serena_ER	tts	norloop
total_Indel	PD13630	0	0	norloop_tts	Serena_ER	tts	norloop
total_Indel	PD13631	1	0.0933996782381085	norloop_tts	Serena_ER	tts	norloop
total_Indel	PD13752	1	0.0933996782381085	norloop_tts	Serena_ER	tts	norloop
total_Indel	PD13753	1	0.0933996782381085	norloop_tts	Serena_ER	tts	norloop
total_Indel	PD13754	0	0	norloop_tts	Serena_ER	tts	norloop
total_Indel	PD13755	1	0.0933996782381085	norloop_tts	Serena_ER	tts	norloop
total_Indel	PD13756	0	0	norloop_tts	Serena_ER	tts	norloop
total_Indel	PD13757	1	0.0933996782381085	norloop_tts	Serena_ER	tts	norloop
total_Indel	PD13758	0	0	norloop_tts	Serena_ER	tts	norloop
total_Indel	PD13760	1	0.0933996782381085	norloop_tts	Serena_ER	tts	norloop
total_Indel	PD13761	0	0	norloop_tts	Serena_ER	tts	norloop
total_Indel	PD13762	0	0	norloop_tts	Serena_ER	tts	norloop
total_Indel	PD13763	0	0	norloop_tts	Serena_ER	tts	norloop
total_Indel	PD13764	2	0.186799356476217	norloop_tts	Serena_ER	tts	norloop
total_Indel	PD13765	1	0.0933996782381085	norloop_tts	Serena_ER	tts	norloop
total_Indel	PD13766	0	0	norloop_tts	Serena_ER	tts	norloop
total_Indel	PD13767	0	0	norloop_tts	Serena_ER	tts	norloop
total_Indel	PD13768	0	0	norloop_tts	Serena_ER	tts	norloop
total_Indel	PD13770	1	0.0933996782381085	norloop_tts	Serena_ER	tts	norloop
total_Indel	PD13771	2	0.186799356476217	norloop_tts	Serena_ER	tts	norloop
total_Indel	PD14432	1	0.0933996782381085	norloop_tts	Serena_ER	tts	norloop
total_Indel	PD14433	1	0.0933996782381085	norloop_tts	Serena_ER	tts	norloop
total_Indel	PD14435	0	0	norloop_tts	Serena_ER	tts	norloop
total_Indel	PD14437	0	0	norloop_tts	Serena_ER	tts	norloop
total_Indel	PD14439	1	0.0933996782381085	norloop_tts	Serena_ER	tts	norloop
total_Indel	PD14441	3	0.280199034714325	norloop_tts	Serena_ER	tts	norloop
total_Indel	PD14442	0	0	norloop_tts	Serena_ER	tts	norloop
total_Indel	PD14450	1	0.0933996782381085	norloop_tts	Serena_ER	tts	norloop
total_Indel	PD14453	1	0.0933996782381085	norloop_tts	Serena_ER	tts	norloop
total_Indel	PD14454	0	0	norloop_tts	Serena_ER	tts	norloop
total_Indel	PD14456	0	0	norloop_tts	Serena_ER	tts	norloop
total_Indel	PD14457	1	0.0933996782381085	norloop_tts	Serena_ER	tts	norloop
total_Indel	PD14458	0	0	norloop_tts	Serena_ER	tts	norloop
total_Indel	PD14459	0	0	norloop_tts	Serena_ER	tts	norloop
total_Indel	PD14460	1	0.0933996782381085	norloop_tts	Serena_ER	tts	norloop
total_Indel	PD14461	0	0	norloop_tts	Serena_ER	tts	norloop
total_Indel	PD14462	0	0	norloop_tts	Serena_ER	tts	norloop
total_Indel	PD14465	1	0.0933996782381085	norloop_tts	Serena_ER	tts	norloop
total_Indel	PD14467	0	0	norloop_tts	Serena_ER	tts	norloop
total_Indel	PD14468	1	0.0933996782381085	norloop_tts	Serena_ER	tts	norloop
total_Indel	PD14471	0	0	norloop_tts	Serena_ER	tts	norloop
total_Indel	PD14472	0	0	norloop_tts	Serena_ER	tts	norloop
total_Indel	PD14473	0	0	norloop_tts	Serena_ER	tts	norloop
total_Indel	PD17973	0	0	norloop_tts	Serena_ER	tts	norloop
total_Indel	PD17981	1	0.0933996782381085	norloop_tts	Serena_ER	tts	norloop
total_Indel	PD17991	0	0	norloop_tts	Serena_ER	tts	norloop
total_Indel	PD17994	0	0	norloop_tts	Serena_ER	tts	norloop
total_Indel	PD18046	3	0.280199034714325	norloop_tts	Serena_ER	tts	norloop
total_Indel	PD18100	1	0.0933996782381085	norloop_tts	Serena_ER	tts	norloop
total_Indel	PD18101	1	0.0933996782381085	norloop_tts	Serena_ER	tts	norloop
total_Indel	PD18116	0	0	norloop_tts	Serena_ER	tts	norloop
total_Indel	PD18149	1	0.0933996782381085	norloop_tts	Serena_ER	tts	norloop
total_Indel	PD18247	0	0	norloop_tts	Serena_ER	tts	norloop
total_Indel	PD18251	0	0	norloop_tts	Serena_ER	tts	norloop
total_Indel	PD18257	0	0	norloop_tts	Serena_ER	tts	norloop
total_Indel	PD18258	1	0.0933996782381085	norloop_tts	Serena_ER	tts	norloop
total_Indel	PD18259	0	0	norloop_tts	Serena_ER	tts	norloop
total_Indel	PD18264	3	0.280199034714325	norloop_tts	Serena_ER	tts	norloop
total_Indel	PD18269	0	0	norloop_tts	Serena_ER	tts	norloop
total_Indel	PD18728	0	0	norloop_tts	Serena_ER	tts	norloop
total_Indel	PD18730	0	0	norloop_tts	Serena_ER	tts	norloop
total_Indel	PD18733	1	0.0933996782381085	norloop_tts	Serena_ER	tts	norloop
total_Indel	PD18734	0	0	norloop_tts	Serena_ER	tts	norloop
total_Indel	PD18748	1	0.0933996782381085	norloop_tts	Serena_ER	tts	norloop
total_Indel	PD18749	0	0	norloop_tts	Serena_ER	tts	norloop
total_Indel	PD18751	1	0.0933996782381085	norloop_tts	Serena_ER	tts	norloop
total_Indel	PD18754	1	0.0933996782381085	norloop_tts	Serena_ER	tts	norloop
total_Indel	PD18756	0	0	norloop_tts	Serena_ER	tts	norloop
total_Indel	PD18768	1	0.0933996782381085	norloop_tts	Serena_ER	tts	norloop
total_Indel	PD18769	1	0.0933996782381085	norloop_tts	Serena_ER	tts	norloop
total_Indel	PD18771	0	0	norloop_tts	Serena_ER	tts	norloop
total_Indel	PD18775	1	0.0933996782381085	norloop_tts	Serena_ER	tts	norloop
total_Indel	PD18776	0	0	norloop_tts	Serena_ER	tts	norloop
total_Indel	PD22251	0	0	norloop_tts	Serena_ER	tts	norloop
total_Indel	PD22361	0	0	norloop_tts	Serena_ER	tts	norloop
total_Indel	PD22364	0	0	norloop_tts	Serena_ER	tts	norloop
total_Indel	PD22365	1	0.0933996782381085	norloop_tts	Serena_ER	tts	norloop
total_Indel	PD23550	0	0	norloop_tts	Serena_ER	tts	norloop
total_Indel	PD23558	2	0.186799356476217	norloop_tts	Serena_ER	tts	norloop
total_Indel	PD23570	0	0	norloop_tts	Serena_ER	tts	norloop
total_Indel	PD24193	14	1.30759549533352	norloop_tts	Serena_ER	tts	norloop
total_Indel	PD24199	1	0.0933996782381085	norloop_tts	Serena_ER	tts	norloop
total_Indel	PD24206	0	0	norloop_tts	Serena_ER	tts	norloop
total_Indel	PD24212	2	0.186799356476217	norloop_tts	Serena_ER	tts	norloop
total_Indel	PD24214	1	0.0933996782381085	norloop_tts	Serena_ER	tts	norloop
total_Indel	PD24216	1	0.0933996782381085	norloop_tts	Serena_ER	tts	norloop
total_Indel	PD24223	1	0.0933996782381085	norloop_tts	Serena_ER	tts	norloop
total_Indel	PD24302	0	0	norloop_tts	Serena_ER	tts	norloop
total_Indel	PD24307	2	0.186799356476217	norloop_tts	Serena_ER	tts	norloop
total_Indel	PD24320	13	1.21419581709541	norloop_tts	Serena_ER	tts	norloop
total_Indel	PD24327	1	0.0933996782381085	norloop_tts	Serena_ER	tts	norloop
total_Indel	PD24329	2	0.186799356476217	norloop_tts	Serena_ER	tts	norloop
total_Indel	PD3851	0	0	norloop_tts	Serena_ER	tts	norloop
total_Indel	PD3904	2	0.186799356476217	norloop_tts	Serena_ER	tts	norloop
total_Indel	PD3945	2	0.186799356476217	norloop_tts	Serena_ER	tts	norloop
total_Indel	PD3989	3	0.280199034714325	norloop_tts	Serena_ER	tts	norloop
total_Indel	PD4069	1	0.0933996782381085	norloop_tts	Serena_ER	tts	norloop
total_Indel	PD4072	0	0	norloop_tts	Serena_ER	tts	norloop
total_Indel	PD4076	0	0	norloop_tts	Serena_ER	tts	norloop
total_Indel	PD4085	0	0	norloop_tts	Serena_ER	tts	norloop
total_Indel	PD4086	0	0	norloop_tts	Serena_ER	tts	norloop
total_Indel	PD4088	1	0.0933996782381085	norloop_tts	Serena_ER	tts	norloop
total_Indel	PD4103	1	0.0933996782381085	norloop_tts	Serena_ER	tts	norloop
total_Indel	PD4115	3	0.280199034714325	norloop_tts	Serena_ER	tts	norloop
total_Indel	PD4116	1	0.0933996782381085	norloop_tts	Serena_ER	tts	norloop
total_Indel	PD4225	0	0	norloop_tts	Serena_ER	tts	norloop
total_Indel	PD4261	2	0.186799356476217	norloop_tts	Serena_ER	tts	norloop
total_Indel	PD4266	0	0	norloop_tts	Serena_ER	tts	norloop
total_Indel	PD4267	0	0	norloop_tts	Serena_ER	tts	norloop
total_Indel	PD4315	3	0.280199034714325	norloop_tts	Serena_ER	tts	norloop
total_Indel	PD4604	3	0.280199034714325	norloop_tts	Serena_ER	tts	norloop
total_Indel	PD4605	0	0	norloop_tts	Serena_ER	tts	norloop
total_Indel	PD4606	1	0.0933996782381085	norloop_tts	Serena_ER	tts	norloop
total_Indel	PD4607	2	0.186799356476217	norloop_tts	Serena_ER	tts	norloop
total_Indel	PD4613	0	0	norloop_tts	Serena_ER	tts	norloop
total_Indel	PD4872	0	0	norloop_tts	Serena_ER	tts	norloop
total_Indel	PD4876	0	0	norloop_tts	Serena_ER	tts	norloop
total_Indel	PD4951	0	0	norloop_tts	Serena_ER	tts	norloop
total_Indel	PD4952	1	0.0933996782381085	norloop_tts	Serena_ER	tts	norloop
total_Indel	PD4953	0	0	norloop_tts	Serena_ER	tts	norloop
total_Indel	PD4954	2	0.186799356476217	norloop_tts	Serena_ER	tts	norloop
total_Indel	PD4957	0	0	norloop_tts	Serena_ER	tts	norloop
total_Indel	PD4958	3	0.280199034714325	norloop_tts	Serena_ER	tts	norloop
total_Indel	PD4959	0	0	norloop_tts	Serena_ER	tts	norloop
total_Indel	PD4965	2	0.186799356476217	norloop_tts	Serena_ER	tts	norloop
total_Indel	PD4967	0	0	norloop_tts	Serena_ER	tts	norloop
total_Indel	PD4968	3	0.280199034714325	norloop_tts	Serena_ER	tts	norloop
total_Indel	PD4969	0	0	norloop_tts	Serena_ER	tts	norloop
total_Indel	PD4970	0	0	norloop_tts	Serena_ER	tts	norloop
total_Indel	PD4971	0	0	norloop_tts	Serena_ER	tts	norloop
total_Indel	PD4972	0	0	norloop_tts	Serena_ER	tts	norloop
total_Indel	PD4976	0	0	norloop_tts	Serena_ER	tts	norloop
total_Indel	PD4981	0	0	norloop_tts	Serena_ER	tts	norloop
total_Indel	PD4982	1	0.0933996782381085	norloop_tts	Serena_ER	tts	norloop
total_Indel	PD4983	1	0.0933996782381085	norloop_tts	Serena_ER	tts	norloop
total_Indel	PD4985	0	0	norloop_tts	Serena_ER	tts	norloop
total_Indel	PD4986	3	0.280199034714325	norloop_tts	Serena_ER	tts	norloop
total_Indel	PD5928	5	0.466998391190542	norloop_tts	Serena_ER	tts	norloop
total_Indel	PD5936	1	0.0933996782381085	norloop_tts	Serena_ER	tts	norloop
total_Indel	PD5937	62	5.79078005076273	norloop_tts	Serena_ER	tts	norloop
total_Indel	PD5946	0	0	norloop_tts	Serena_ER	tts	norloop
total_Indel	PD5947	0	0	norloop_tts	Serena_ER	tts	norloop
total_Indel	PD5951	2	0.186799356476217	norloop_tts	Serena_ER	tts	norloop
total_Indel	PD5953	1	0.0933996782381085	norloop_tts	Serena_ER	tts	norloop
total_Indel	PD5956	1	0.0933996782381085	norloop_tts	Serena_ER	tts	norloop
total_Indel	PD5959	0	0	norloop_tts	Serena_ER	tts	norloop
total_Indel	PD5960	0	0	norloop_tts	Serena_ER	tts	norloop
total_Indel	PD5961	0	0	norloop_tts	Serena_ER	tts	norloop
total_Indel	PD5964	0	0	norloop_tts	Serena_ER	tts	norloop
total_Indel	PD6016	1	0.0933996782381085	norloop_tts	Serena_ER	tts	norloop
total_Indel	PD6041	0	0	norloop_tts	Serena_ER	tts	norloop
total_Indel	PD6042	2	0.186799356476217	norloop_tts	Serena_ER	tts	norloop
total_Indel	PD6043	1	0.0933996782381085	norloop_tts	Serena_ER	tts	norloop
total_Indel	PD6044	1	0.0933996782381085	norloop_tts	Serena_ER	tts	norloop
total_Indel	PD6045	0	0	norloop_tts	Serena_ER	tts	norloop
total_Indel	PD6417	0	0	norloop_tts	Serena_ER	tts	norloop
total_Indel	PD6418	0	0	norloop_tts	Serena_ER	tts	norloop
total_Indel	PD6422	1	0.0933996782381085	norloop_tts	Serena_ER	tts	norloop
total_Indel	PD6466	0	0	norloop_tts	Serena_ER	tts	norloop
total_Indel	PD6711	1	0.0933996782381085	norloop_tts	Serena_ER	tts	norloop
total_Indel	PD6719	0	0	norloop_tts	Serena_ER	tts	norloop
total_Indel	PD6720	0	0	norloop_tts	Serena_ER	tts	norloop
total_Indel	PD6721	1	0.0933996782381085	norloop_tts	Serena_ER	tts	norloop
total_Indel	PD7199	0	0	norloop_tts	Serena_ER	tts	norloop
total_Indel	PD7201	0	0	norloop_tts	Serena_ER	tts	norloop
total_Indel	PD7206	0	0	norloop_tts	Serena_ER	tts	norloop
total_Indel	PD7207	0	0	norloop_tts	Serena_ER	tts	norloop
total_Indel	PD7209	0	0	norloop_tts	Serena_ER	tts	norloop
total_Indel	PD7210	1	0.0933996782381085	norloop_tts	Serena_ER	tts	norloop
total_Indel	PD7214	1	0.0933996782381085	norloop_tts	Serena_ER	tts	norloop
total_Indel	PD7215	1	0.0933996782381085	norloop_tts	Serena_ER	tts	norloop
total_Indel	PD7218	0	0	norloop_tts	Serena_ER	tts	norloop
total_Indel	PD7219	0	0	norloop_tts	Serena_ER	tts	norloop
total_Indel	PD7221	2	0.186799356476217	norloop_tts	Serena_ER	tts	norloop
total_Indel	PD7238	1	0.0933996782381085	norloop_tts	Serena_ER	tts	norloop
total_Indel	PD7240	0	0	norloop_tts	Serena_ER	tts	norloop
total_Indel	PD7243	0	0	norloop_tts	Serena_ER	tts	norloop
total_Indel	PD7322	1	0.0933996782381085	norloop_tts	Serena_ER	tts	norloop
total_Indel	PD8609	1	0.0933996782381085	norloop_tts	Serena_ER	tts	norloop
total_Indel	PD8610	0	0	norloop_tts	Serena_ER	tts	norloop
total_Indel	PD8612	1	0.0933996782381085	norloop_tts	Serena_ER	tts	norloop
total_Indel	PD8614	0	0	norloop_tts	Serena_ER	tts	norloop
total_Indel	PD8615	0	0	norloop_tts	Serena_ER	tts	norloop
total_Indel	PD8617	0	0	norloop_tts	Serena_ER	tts	norloop
total_Indel	PD8618	1	0.0933996782381085	norloop_tts	Serena_ER	tts	norloop
total_Indel	PD8620	1	0.0933996782381085	norloop_tts	Serena_ER	tts	norloop
total_Indel	PD8622	3	0.280199034714325	norloop_tts	Serena_ER	tts	norloop
total_Indel	PD8623	1	0.0933996782381085	norloop_tts	Serena_ER	tts	norloop
total_Indel	PD8828	0	0	norloop_tts	Serena_ER	tts	norloop
total_Indel	PD8973	1	0.0933996782381085	norloop_tts	Serena_ER	tts	norloop
total_Indel	PD8977	3	0.280199034714325	norloop_tts	Serena_ER	tts	norloop
total_Indel	PD8978	3	0.280199034714325	norloop_tts	Serena_ER	tts	norloop
total_Indel	PD8979	1	0.0933996782381085	norloop_tts	Serena_ER	tts	norloop
total_Indel	PD8980	3	0.280199034714325	norloop_tts	Serena_ER	tts	norloop
total_Indel	PD8981	0	0	norloop_tts	Serena_ER	tts	norloop
total_Indel	PD9000	4	0.373598712952434	norloop_tts	Serena_ER	tts	norloop
total_Indel	PD9001	0	0	norloop_tts	Serena_ER	tts	norloop
total_Indel	PD9002	2	0.186799356476217	norloop_tts	Serena_ER	tts	norloop
total_Indel	PD9063	1	0.0933996782381085	norloop_tts	Serena_ER	tts	norloop
total_Indel	PD9065	2	0.186799356476217	norloop_tts	Serena_ER	tts	norloop
total_Indel	PD9067	0	0	norloop_tts	Serena_ER	tts	norloop
total_Indel	PD9193	0	0	norloop_tts	Serena_ER	tts	norloop
total_Indel	PD9464	2	0.186799356476217	norloop_tts	Serena_ER	tts	norloop
total_Indel	PD9467	1	0.0933996782381085	norloop_tts	Serena_ER	tts	norloop
total_Indel	PD9539	0	0	norloop_tts	Serena_ER	tts	norloop
total_Indel	PD9541	2	0.186799356476217	norloop_tts	Serena_ER	tts	norloop
total_Indel	PD9544	0	0	norloop_tts	Serena_ER	tts	norloop
total_Indel	PD9567	0	0	norloop_tts	Serena_ER	tts	norloop
total_Indel	PD9569	0	0	norloop_tts	Serena_ER	tts	norloop
total_Indel	PD9570	1	0.0933996782381085	norloop_tts	Serena_ER	tts	norloop
total_Indel	PD9572	0	0	norloop_tts	Serena_ER	tts	norloop
total_Indel	PD9573	0	0	norloop_tts	Serena_ER	tts	norloop
total_Indel	PD9574	1	0.0933996782381085	norloop_tts	Serena_ER	tts	norloop
total_Indel	PD9577	1	0.0933996782381085	norloop_tts	Serena_ER	tts	norloop
total_Indel	PD9578	0	0	norloop_tts	Serena_ER	tts	norloop
total_Indel	PD9581	0	0	norloop_tts	Serena_ER	tts	norloop
total_Indel	PD9582	2	0.186799356476217	norloop_tts	Serena_ER	tts	norloop
total_Indel	PD9589	0	0	norloop_tts	Serena_ER	tts	norloop
total_Indel	PD9591	0	0	norloop_tts	Serena_ER	tts	norloop
total_Indel	PD9593	0	0	norloop_tts	Serena_ER	tts	norloop
total_Indel	PD9597	0	0	norloop_tts	Serena_ER	tts	norloop
total_Indel	PD9599	0	0	norloop_tts	Serena_ER	tts	norloop
total_Indel	PD9600	1	0.0933996782381085	norloop_tts	Serena_ER	tts	norloop
total_Indel	PD9605	1	0.0933996782381085	norloop_tts	Serena_ER	tts	norloop
total_Indel	PD9606	0	0	norloop_tts	Serena_ER	tts	norloop
total_Indel	PD9694	0	0	norloop_tts	Serena_ER	tts	norloop
total_Indel	PD9752	2	0.186799356476217	norloop_tts	Serena_ER	tts	norloop
total_Indel	PD9754	1	0.0933996782381085	norloop_tts	Serena_ER	tts	norloop
total_Indel	PD9756	1	0.0933996782381085	norloop_tts	Serena_ER	tts	norloop
total_Indel	PD9759	0	0	norloop_tts	Serena_ER	tts	norloop
total_Indel	PD9760	1	0.0933996782381085	norloop_tts	Serena_ER	tts	norloop
total_Indel	PD9761	0	0	norloop_tts	Serena_ER	tts	norloop
total_Indel	PD9842	0	0	norloop_tts	Serena_ER	tts	norloop
total_Indel	PD9843	1	0.0933996782381085	norloop_tts	Serena_ER	tts	norloop
total_Indel	PD9844	0	0	norloop_tts	Serena_ER	tts	norloop
total_Indel	PD9845	0	0	norloop_tts	Serena_ER	tts	norloop
total_Indel	PD9847	1	0.0933996782381085	norloop_tts	Serena_ER	tts	norloop
total_long_simple_indel	PD11336	0	0	norloop_tts	Serena_ER	tts	norloop
total_long_simple_indel	PD11337	0	0	norloop_tts	Serena_ER	tts	norloop
total_long_simple_indel	PD11338	0	0	norloop_tts	Serena_ER	tts	norloop
total_long_simple_indel	PD11339	0	0	norloop_tts	Serena_ER	tts	norloop
total_long_simple_indel	PD11340	0	0	norloop_tts	Serena_ER	tts	norloop
total_long_simple_indel	PD11341	0	0	norloop_tts	Serena_ER	tts	norloop
total_long_simple_indel	PD11342	1	0.0933996782381085	norloop_tts	Serena_ER	tts	norloop
total_long_simple_indel	PD11343	0	0	norloop_tts	Serena_ER	tts	norloop
total_long_simple_indel	PD11352	1	0.0933996782381085	norloop_tts	Serena_ER	tts	norloop
total_long_simple_indel	PD11355	0	0	norloop_tts	Serena_ER	tts	norloop
total_long_simple_indel	PD11357	0	0	norloop_tts	Serena_ER	tts	norloop
total_long_simple_indel	PD11358	1	0.0933996782381085	norloop_tts	Serena_ER	tts	norloop
total_long_simple_indel	PD11359	1	0.0933996782381085	norloop_tts	Serena_ER	tts	norloop
total_long_simple_indel	PD11360	0	0	norloop_tts	Serena_ER	tts	norloop
total_long_simple_indel	PD11361	0	0	norloop_tts	Serena_ER	tts	norloop
total_long_simple_indel	PD11364	1	0.0933996782381085	norloop_tts	Serena_ER	tts	norloop
total_long_simple_indel	PD11365	0	0	norloop_tts	Serena_ER	tts	norloop
total_long_simple_indel	PD11366	0	0	norloop_tts	Serena_ER	tts	norloop
total_long_simple_indel	PD11367	0	0	norloop_tts	Serena_ER	tts	norloop
total_long_simple_indel	PD11368	2	0.186799356476217	norloop_tts	Serena_ER	tts	norloop
total_long_simple_indel	PD11369	0	0	norloop_tts	Serena_ER	tts	norloop
total_long_simple_indel	PD11370	0	0	norloop_tts	Serena_ER	tts	norloop
total_long_simple_indel	PD11372	0	0	norloop_tts	Serena_ER	tts	norloop
total_long_simple_indel	PD11374	0	0	norloop_tts	Serena_ER	tts	norloop
total_long_simple_indel	PD11375	1	0.0933996782381085	norloop_tts	Serena_ER	tts	norloop
total_long_simple_indel	PD11376	0	0	norloop_tts	Serena_ER	tts	norloop
total_long_simple_indel	PD11379	0	0	norloop_tts	Serena_ER	tts	norloop
total_long_simple_indel	PD11380	1	0.0933996782381085	norloop_tts	Serena_ER	tts	norloop
total_long_simple_indel	PD11381	0	0	norloop_tts	Serena_ER	tts	norloop
total_long_simple_indel	PD11383	1	0.0933996782381085	norloop_tts	Serena_ER	tts	norloop
total_long_simple_indel	PD11384	0	0	norloop_tts	Serena_ER	tts	norloop
total_long_simple_indel	PD11385	0	0	norloop_tts	Serena_ER	tts	norloop
total_long_simple_indel	PD11386	0	0	norloop_tts	Serena_ER	tts	norloop
total_long_simple_indel	PD11388	0	0	norloop_tts	Serena_ER	tts	norloop
total_long_simple_indel	PD11389	0	0	norloop_tts	Serena_ER	tts	norloop
total_long_simple_indel	PD11391	0	0	norloop_tts	Serena_ER	tts	norloop
total_long_simple_indel	PD11393	1	0.0933996782381085	norloop_tts	Serena_ER	tts	norloop
total_long_simple_indel	PD11394	0	0	norloop_tts	Serena_ER	tts	norloop
total_long_simple_indel	PD11395	0	0	norloop_tts	Serena_ER	tts	norloop
total_long_simple_indel	PD11396	1	0.0933996782381085	norloop_tts	Serena_ER	tts	norloop
total_long_simple_indel	PD11397	0	0	norloop_tts	Serena_ER	tts	norloop
total_long_simple_indel	PD11398	0	0	norloop_tts	Serena_ER	tts	norloop
total_long_simple_indel	PD11399	0	0	norloop_tts	Serena_ER	tts	norloop
total_long_simple_indel	PD11402	0	0	norloop_tts	Serena_ER	tts	norloop
total_long_simple_indel	PD11740	0	0	norloop_tts	Serena_ER	tts	norloop
total_long_simple_indel	PD11741	1	0.0933996782381085	norloop_tts	Serena_ER	tts	norloop
total_long_simple_indel	PD11742	2	0.186799356476217	norloop_tts	Serena_ER	tts	norloop
total_long_simple_indel	PD11743	0	0	norloop_tts	Serena_ER	tts	norloop
total_long_simple_indel	PD11744	1	0.0933996782381085	norloop_tts	Serena_ER	tts	norloop
total_long_simple_indel	PD11745	1	0.0933996782381085	norloop_tts	Serena_ER	tts	norloop
total_long_simple_indel	PD11750	1	0.0933996782381085	norloop_tts	Serena_ER	tts	norloop
total_long_simple_indel	PD11753	0	0	norloop_tts	Serena_ER	tts	norloop
total_long_simple_indel	PD11756	0	0	norloop_tts	Serena_ER	tts	norloop
total_long_simple_indel	PD11760	0	0	norloop_tts	Serena_ER	tts	norloop
total_long_simple_indel	PD11761	0	0	norloop_tts	Serena_ER	tts	norloop
total_long_simple_indel	PD11765	0	0	norloop_tts	Serena_ER	tts	norloop
total_long_simple_indel	PD11766	0	0	norloop_tts	Serena_ER	tts	norloop
total_long_simple_indel	PD11767	0	0	norloop_tts	Serena_ER	tts	norloop
total_long_simple_indel	PD11769	0	0	norloop_tts	Serena_ER	tts	norloop
total_long_simple_indel	PD11816	1	0.0933996782381085	norloop_tts	Serena_ER	tts	norloop
total_long_simple_indel	PD11818	0	0	norloop_tts	Serena_ER	tts	norloop
total_long_simple_indel	PD11819	0	0	norloop_tts	Serena_ER	tts	norloop
total_long_simple_indel	PD13302	1	0.0933996782381085	norloop_tts	Serena_ER	tts	norloop
total_long_simple_indel	PD13304	0	0	norloop_tts	Serena_ER	tts	norloop
total_long_simple_indel	PD13306	0	0	norloop_tts	Serena_ER	tts	norloop
total_long_simple_indel	PD13307	0	0	norloop_tts	Serena_ER	tts	norloop
total_long_simple_indel	PD13310	0	0	norloop_tts	Serena_ER	tts	norloop
total_long_simple_indel	PD13312	1	0.0933996782381085	norloop_tts	Serena_ER	tts	norloop
total_long_simple_indel	PD13416	0	0	norloop_tts	Serena_ER	tts	norloop
total_long_simple_indel	PD13419	0	0	norloop_tts	Serena_ER	tts	norloop
total_long_simple_indel	PD13420	0	0	norloop_tts	Serena_ER	tts	norloop
total_long_simple_indel	PD13422	0	0	norloop_tts	Serena_ER	tts	norloop
total_long_simple_indel	PD13424	0	0	norloop_tts	Serena_ER	tts	norloop
total_long_simple_indel	PD13425	0	0	norloop_tts	Serena_ER	tts	norloop
total_long_simple_indel	PD13426	1	0.0933996782381085	norloop_tts	Serena_ER	tts	norloop
total_long_simple_indel	PD13427	0	0	norloop_tts	Serena_ER	tts	norloop
total_long_simple_indel	PD13618	0	0	norloop_tts	Serena_ER	tts	norloop
total_long_simple_indel	PD13619	0	0	norloop_tts	Serena_ER	tts	norloop
total_long_simple_indel	PD13620	0	0	norloop_tts	Serena_ER	tts	norloop
total_long_simple_indel	PD13623	0	0	norloop_tts	Serena_ER	tts	norloop
total_long_simple_indel	PD13625	0	0	norloop_tts	Serena_ER	tts	norloop
total_long_simple_indel	PD13626	0	0	norloop_tts	Serena_ER	tts	norloop
total_long_simple_indel	PD13629	0	0	norloop_tts	Serena_ER	tts	norloop
total_long_simple_indel	PD13630	0	0	norloop_tts	Serena_ER	tts	norloop
total_long_simple_indel	PD13631	0	0	norloop_tts	Serena_ER	tts	norloop
total_long_simple_indel	PD13752	0	0	norloop_tts	Serena_ER	tts	norloop
total_long_simple_indel	PD13753	0	0	norloop_tts	Serena_ER	tts	norloop
total_long_simple_indel	PD13754	0	0	norloop_tts	Serena_ER	tts	norloop
total_long_simple_indel	PD13755	0	0	norloop_tts	Serena_ER	tts	norloop
total_long_simple_indel	PD13756	0	0	norloop_tts	Serena_ER	tts	norloop
total_long_simple_indel	PD13757	0	0	norloop_tts	Serena_ER	tts	norloop
total_long_simple_indel	PD13758	0	0	norloop_tts	Serena_ER	tts	norloop
total_long_simple_indel	PD13760	0	0	norloop_tts	Serena_ER	tts	norloop
total_long_simple_indel	PD13761	0	0	norloop_tts	Serena_ER	tts	norloop
total_long_simple_indel	PD13762	0	0	norloop_tts	Serena_ER	tts	norloop
total_long_simple_indel	PD13763	0	0	norloop_tts	Serena_ER	tts	norloop
total_long_simple_indel	PD13764	0	0	norloop_tts	Serena_ER	tts	norloop
total_long_simple_indel	PD13765	0	0	norloop_tts	Serena_ER	tts	norloop
total_long_simple_indel	PD13766	0	0	norloop_tts	Serena_ER	tts	norloop
total_long_simple_indel	PD13767	0	0	norloop_tts	Serena_ER	tts	norloop
total_long_simple_indel	PD13768	0	0	norloop_tts	Serena_ER	tts	norloop
total_long_simple_indel	PD13770	0	0	norloop_tts	Serena_ER	tts	norloop
total_long_simple_indel	PD13771	0	0	norloop_tts	Serena_ER	tts	norloop
total_long_simple_indel	PD14432	0	0	norloop_tts	Serena_ER	tts	norloop
total_long_simple_indel	PD14433	0	0	norloop_tts	Serena_ER	tts	norloop
total_long_simple_indel	PD14435	0	0	norloop_tts	Serena_ER	tts	norloop
total_long_simple_indel	PD14437	0	0	norloop_tts	Serena_ER	tts	norloop
total_long_simple_indel	PD14439	0	0	norloop_tts	Serena_ER	tts	norloop
total_long_simple_indel	PD14441	0	0	norloop_tts	Serena_ER	tts	norloop
total_long_simple_indel	PD14442	0	0	norloop_tts	Serena_ER	tts	norloop
total_long_simple_indel	PD14450	0	0	norloop_tts	Serena_ER	tts	norloop
total_long_simple_indel	PD14453	0	0	norloop_tts	Serena_ER	tts	norloop
total_long_simple_indel	PD14454	0	0	norloop_tts	Serena_ER	tts	norloop
total_long_simple_indel	PD14456	0	0	norloop_tts	Serena_ER	tts	norloop
total_long_simple_indel	PD14457	1	0.0933996782381085	norloop_tts	Serena_ER	tts	norloop
total_long_simple_indel	PD14458	0	0	norloop_tts	Serena_ER	tts	norloop
total_long_simple_indel	PD14459	0	0	norloop_tts	Serena_ER	tts	norloop
total_long_simple_indel	PD14460	0	0	norloop_tts	Serena_ER	tts	norloop
total_long_simple_indel	PD14461	0	0	norloop_tts	Serena_ER	tts	norloop
total_long_simple_indel	PD14462	0	0	norloop_tts	Serena_ER	tts	norloop
total_long_simple_indel	PD14465	0	0	norloop_tts	Serena_ER	tts	norloop
total_long_simple_indel	PD14467	0	0	norloop_tts	Serena_ER	tts	norloop
total_long_simple_indel	PD14468	1	0.0933996782381085	norloop_tts	Serena_ER	tts	norloop
total_long_simple_indel	PD14471	0	0	norloop_tts	Serena_ER	tts	norloop
total_long_simple_indel	PD14472	0	0	norloop_tts	Serena_ER	tts	norloop
total_long_simple_indel	PD14473	0	0	norloop_tts	Serena_ER	tts	norloop
total_long_simple_indel	PD17973	0	0	norloop_tts	Serena_ER	tts	norloop
total_long_simple_indel	PD17981	0	0	norloop_tts	Serena_ER	tts	norloop
total_long_simple_indel	PD17991	0	0	norloop_tts	Serena_ER	tts	norloop
total_long_simple_indel	PD17994	0	0	norloop_tts	Serena_ER	tts	norloop
total_long_simple_indel	PD18046	0	0	norloop_tts	Serena_ER	tts	norloop
total_long_simple_indel	PD18100	0	0	norloop_tts	Serena_ER	tts	norloop
total_long_simple_indel	PD18101	0	0	norloop_tts	Serena_ER	tts	norloop
total_long_simple_indel	PD18116	0	0	norloop_tts	Serena_ER	tts	norloop
total_long_simple_indel	PD18149	0	0	norloop_tts	Serena_ER	tts	norloop
total_long_simple_indel	PD18247	0	0	norloop_tts	Serena_ER	tts	norloop
total_long_simple_indel	PD18251	0	0	norloop_tts	Serena_ER	tts	norloop
total_long_simple_indel	PD18257	0	0	norloop_tts	Serena_ER	tts	norloop
total_long_simple_indel	PD18258	0	0	norloop_tts	Serena_ER	tts	norloop
total_long_simple_indel	PD18259	0	0	norloop_tts	Serena_ER	tts	norloop
total_long_simple_indel	PD18264	0	0	norloop_tts	Serena_ER	tts	norloop
total_long_simple_indel	PD18269	0	0	norloop_tts	Serena_ER	tts	norloop
total_long_simple_indel	PD18728	0	0	norloop_tts	Serena_ER	tts	norloop
total_long_simple_indel	PD18730	0	0	norloop_tts	Serena_ER	tts	norloop
total_long_simple_indel	PD18733	0	0	norloop_tts	Serena_ER	tts	norloop
total_long_simple_indel	PD18734	0	0	norloop_tts	Serena_ER	tts	norloop
total_long_simple_indel	PD18748	0	0	norloop_tts	Serena_ER	tts	norloop
total_long_simple_indel	PD18749	0	0	norloop_tts	Serena_ER	tts	norloop
total_long_simple_indel	PD18751	1	0.0933996782381085	norloop_tts	Serena_ER	tts	norloop
total_long_simple_indel	PD18754	0	0	norloop_tts	Serena_ER	tts	norloop
total_long_simple_indel	PD18756	0	0	norloop_tts	Serena_ER	tts	norloop
total_long_simple_indel	PD18768	0	0	norloop_tts	Serena_ER	tts	norloop
total_long_simple_indel	PD18769	1	0.0933996782381085	norloop_tts	Serena_ER	tts	norloop
total_long_simple_indel	PD18771	0	0	norloop_tts	Serena_ER	tts	norloop
total_long_simple_indel	PD18775	0	0	norloop_tts	Serena_ER	tts	norloop
total_long_simple_indel	PD18776	0	0	norloop_tts	Serena_ER	tts	norloop
total_long_simple_indel	PD22251	0	0	norloop_tts	Serena_ER	tts	norloop
total_long_simple_indel	PD22361	0	0	norloop_tts	Serena_ER	tts	norloop
total_long_simple_indel	PD22364	0	0	norloop_tts	Serena_ER	tts	norloop
total_long_simple_indel	PD22365	1	0.0933996782381085	norloop_tts	Serena_ER	tts	norloop
total_long_simple_indel	PD23550	0	0	norloop_tts	Serena_ER	tts	norloop
total_long_simple_indel	PD23558	1	0.0933996782381085	norloop_tts	Serena_ER	tts	norloop
total_long_simple_indel	PD23570	0	0	norloop_tts	Serena_ER	tts	norloop
total_long_simple_indel	PD24193	1	0.0933996782381085	norloop_tts	Serena_ER	tts	norloop
total_long_simple_indel	PD24199	0	0	norloop_tts	Serena_ER	tts	norloop
total_long_simple_indel	PD24206	0	0	norloop_tts	Serena_ER	tts	norloop
total_long_simple_indel	PD24212	0	0	norloop_tts	Serena_ER	tts	norloop
total_long_simple_indel	PD24214	0	0	norloop_tts	Serena_ER	tts	norloop
total_long_simple_indel	PD24216	0	0	norloop_tts	Serena_ER	tts	norloop
total_long_simple_indel	PD24223	0	0	norloop_tts	Serena_ER	tts	norloop
total_long_simple_indel	PD24302	0	0	norloop_tts	Serena_ER	tts	norloop
total_long_simple_indel	PD24307	0	0	norloop_tts	Serena_ER	tts	norloop
total_long_simple_indel	PD24320	0	0	norloop_tts	Serena_ER	tts	norloop
total_long_simple_indel	PD24327	0	0	norloop_tts	Serena_ER	tts	norloop
total_long_simple_indel	PD24329	0	0	norloop_tts	Serena_ER	tts	norloop
total_long_simple_indel	PD3851	0	0	norloop_tts	Serena_ER	tts	norloop
total_long_simple_indel	PD3904	0	0	norloop_tts	Serena_ER	tts	norloop
total_long_simple_indel	PD3945	1	0.0933996782381085	norloop_tts	Serena_ER	tts	norloop
total_long_simple_indel	PD3989	1	0.0933996782381085	norloop_tts	Serena_ER	tts	norloop
total_long_simple_indel	PD4069	1	0.0933996782381085	norloop_tts	Serena_ER	tts	norloop
total_long_simple_indel	PD4072	0	0	norloop_tts	Serena_ER	tts	norloop
total_long_simple_indel	PD4076	0	0	norloop_tts	Serena_ER	tts	norloop
total_long_simple_indel	PD4085	0	0	norloop_tts	Serena_ER	tts	norloop
total_long_simple_indel	PD4086	0	0	norloop_tts	Serena_ER	tts	norloop
total_long_simple_indel	PD4088	0	0	norloop_tts	Serena_ER	tts	norloop
total_long_simple_indel	PD4103	0	0	norloop_tts	Serena_ER	tts	norloop
total_long_simple_indel	PD4115	0	0	norloop_tts	Serena_ER	tts	norloop
total_long_simple_indel	PD4116	1	0.0933996782381085	norloop_tts	Serena_ER	tts	norloop
total_long_simple_indel	PD4225	0	0	norloop_tts	Serena_ER	tts	norloop
total_long_simple_indel	PD4261	0	0	norloop_tts	Serena_ER	tts	norloop
total_long_simple_indel	PD4266	0	0	norloop_tts	Serena_ER	tts	norloop
total_long_simple_indel	PD4267	0	0	norloop_tts	Serena_ER	tts	norloop
total_long_simple_indel	PD4315	0	0	norloop_tts	Serena_ER	tts	norloop
total_long_simple_indel	PD4604	1	0.0933996782381085	norloop_tts	Serena_ER	tts	norloop
total_long_simple_indel	PD4605	0	0	norloop_tts	Serena_ER	tts	norloop
total_long_simple_indel	PD4606	0	0	norloop_tts	Serena_ER	tts	norloop
total_long_simple_indel	PD4607	0	0	norloop_tts	Serena_ER	tts	norloop
total_long_simple_indel	PD4613	0	0	norloop_tts	Serena_ER	tts	norloop
total_long_simple_indel	PD4872	0	0	norloop_tts	Serena_ER	tts	norloop
total_long_simple_indel	PD4876	0	0	norloop_tts	Serena_ER	tts	norloop
total_long_simple_indel	PD4951	0	0	norloop_tts	Serena_ER	tts	norloop
total_long_simple_indel	PD4952	0	0	norloop_tts	Serena_ER	tts	norloop
total_long_simple_indel	PD4953	0	0	norloop_tts	Serena_ER	tts	norloop
total_long_simple_indel	PD4954	0	0	norloop_tts	Serena_ER	tts	norloop
total_long_simple_indel	PD4957	0	0	norloop_tts	Serena_ER	tts	norloop
total_long_simple_indel	PD4958	1	0.0933996782381085	norloop_tts	Serena_ER	tts	norloop
total_long_simple_indel	PD4959	0	0	norloop_tts	Serena_ER	tts	norloop
total_long_simple_indel	PD4965	0	0	norloop_tts	Serena_ER	tts	norloop
total_long_simple_indel	PD4967	0	0	norloop_tts	Serena_ER	tts	norloop
total_long_simple_indel	PD4968	0	0	norloop_tts	Serena_ER	tts	norloop
total_long_simple_indel	PD4969	0	0	norloop_tts	Serena_ER	tts	norloop
total_long_simple_indel	PD4970	0	0	norloop_tts	Serena_ER	tts	norloop
total_long_simple_indel	PD4971	0	0	norloop_tts	Serena_ER	tts	norloop
total_long_simple_indel	PD4972	0	0	norloop_tts	Serena_ER	tts	norloop
total_long_simple_indel	PD4976	0	0	norloop_tts	Serena_ER	tts	norloop
total_long_simple_indel	PD4981	0	0	norloop_tts	Serena_ER	tts	norloop
total_long_simple_indel	PD4982	0	0	norloop_tts	Serena_ER	tts	norloop
total_long_simple_indel	PD4983	0	0	norloop_tts	Serena_ER	tts	norloop
total_long_simple_indel	PD4985	0	0	norloop_tts	Serena_ER	tts	norloop
total_long_simple_indel	PD4986	0	0	norloop_tts	Serena_ER	tts	norloop
total_long_simple_indel	PD5928	1	0.0933996782381085	norloop_tts	Serena_ER	tts	norloop
total_long_simple_indel	PD5936	0	0	norloop_tts	Serena_ER	tts	norloop
total_long_simple_indel	PD5937	1	0.0933996782381085	norloop_tts	Serena_ER	tts	norloop
total_long_simple_indel	PD5946	0	0	norloop_tts	Serena_ER	tts	norloop
total_long_simple_indel	PD5947	0	0	norloop_tts	Serena_ER	tts	norloop
total_long_simple_indel	PD5951	0	0	norloop_tts	Serena_ER	tts	norloop
total_long_simple_indel	PD5953	1	0.0933996782381085	norloop_tts	Serena_ER	tts	norloop
total_long_simple_indel	PD5956	0	0	norloop_tts	Serena_ER	tts	norloop
total_long_simple_indel	PD5959	0	0	norloop_tts	Serena_ER	tts	norloop
total_long_simple_indel	PD5960	0	0	norloop_tts	Serena_ER	tts	norloop
total_long_simple_indel	PD5961	0	0	norloop_tts	Serena_ER	tts	norloop
total_long_simple_indel	PD5964	0	0	norloop_tts	Serena_ER	tts	norloop
total_long_simple_indel	PD6016	0	0	norloop_tts	Serena_ER	tts	norloop
total_long_simple_indel	PD6041	0	0	norloop_tts	Serena_ER	tts	norloop
total_long_simple_indel	PD6042	1	0.0933996782381085	norloop_tts	Serena_ER	tts	norloop
total_long_simple_indel	PD6043	0	0	norloop_tts	Serena_ER	tts	norloop
total_long_simple_indel	PD6044	0	0	norloop_tts	Serena_ER	tts	norloop
total_long_simple_indel	PD6045	0	0	norloop_tts	Serena_ER	tts	norloop
total_long_simple_indel	PD6417	0	0	norloop_tts	Serena_ER	tts	norloop
total_long_simple_indel	PD6418	0	0	norloop_tts	Serena_ER	tts	norloop
total_long_simple_indel	PD6422	0	0	norloop_tts	Serena_ER	tts	norloop
total_long_simple_indel	PD6466	0	0	norloop_tts	Serena_ER	tts	norloop
total_long_simple_indel	PD6711	1	0.0933996782381085	norloop_tts	Serena_ER	tts	norloop
total_long_simple_indel	PD6719	0	0	norloop_tts	Serena_ER	tts	norloop
total_long_simple_indel	PD6720	0	0	norloop_tts	Serena_ER	tts	norloop
total_long_simple_indel	PD6721	0	0	norloop_tts	Serena_ER	tts	norloop
total_long_simple_indel	PD7199	0	0	norloop_tts	Serena_ER	tts	norloop
total_long_simple_indel	PD7201	0	0	norloop_tts	Serena_ER	tts	norloop
total_long_simple_indel	PD7206	0	0	norloop_tts	Serena_ER	tts	norloop
total_long_simple_indel	PD7207	0	0	norloop_tts	Serena_ER	tts	norloop
total_long_simple_indel	PD7209	0	0	norloop_tts	Serena_ER	tts	norloop
total_long_simple_indel	PD7210	1	0.0933996782381085	norloop_tts	Serena_ER	tts	norloop
total_long_simple_indel	PD7214	0	0	norloop_tts	Serena_ER	tts	norloop
total_long_simple_indel	PD7215	0	0	norloop_tts	Serena_ER	tts	norloop
total_long_simple_indel	PD7218	0	0	norloop_tts	Serena_ER	tts	norloop
total_long_simple_indel	PD7219	0	0	norloop_tts	Serena_ER	tts	norloop
total_long_simple_indel	PD7221	0	0	norloop_tts	Serena_ER	tts	norloop
total_long_simple_indel	PD7238	0	0	norloop_tts	Serena_ER	tts	norloop
total_long_simple_indel	PD7240	0	0	norloop_tts	Serena_ER	tts	norloop
total_long_simple_indel	PD7243	0	0	norloop_tts	Serena_ER	tts	norloop
total_long_simple_indel	PD7322	0	0	norloop_tts	Serena_ER	tts	norloop
total_long_simple_indel	PD8609	0	0	norloop_tts	Serena_ER	tts	norloop
total_long_simple_indel	PD8610	0	0	norloop_tts	Serena_ER	tts	norloop
total_long_simple_indel	PD8612	0	0	norloop_tts	Serena_ER	tts	norloop
total_long_simple_indel	PD8614	0	0	norloop_tts	Serena_ER	tts	norloop
total_long_simple_indel	PD8615	0	0	norloop_tts	Serena_ER	tts	norloop
total_long_simple_indel	PD8617	0	0	norloop_tts	Serena_ER	tts	norloop
total_long_simple_indel	PD8618	0	0	norloop_tts	Serena_ER	tts	norloop
total_long_simple_indel	PD8620	0	0	norloop_tts	Serena_ER	tts	norloop
total_long_simple_indel	PD8622	1	0.0933996782381085	norloop_tts	Serena_ER	tts	norloop
total_long_simple_indel	PD8623	0	0	norloop_tts	Serena_ER	tts	norloop
total_long_simple_indel	PD8828	0	0	norloop_tts	Serena_ER	tts	norloop
total_long_simple_indel	PD8973	0	0	norloop_tts	Serena_ER	tts	norloop
total_long_simple_indel	PD8977	1	0.0933996782381085	norloop_tts	Serena_ER	tts	norloop
total_long_simple_indel	PD8978	0	0	norloop_tts	Serena_ER	tts	norloop
total_long_simple_indel	PD8979	0	0	norloop_tts	Serena_ER	tts	norloop
total_long_simple_indel	PD8980	1	0.0933996782381085	norloop_tts	Serena_ER	tts	norloop
total_long_simple_indel	PD8981	0	0	norloop_tts	Serena_ER	tts	norloop
total_long_simple_indel	PD9000	4	0.373598712952434	norloop_tts	Serena_ER	tts	norloop
total_long_simple_indel	PD9001	0	0	norloop_tts	Serena_ER	tts	norloop
total_long_simple_indel	PD9002	0	0	norloop_tts	Serena_ER	tts	norloop
total_long_simple_indel	PD9063	0	0	norloop_tts	Serena_ER	tts	norloop
total_long_simple_indel	PD9065	1	0.0933996782381085	norloop_tts	Serena_ER	tts	norloop
total_long_simple_indel	PD9067	0	0	norloop_tts	Serena_ER	tts	norloop
total_long_simple_indel	PD9193	0	0	norloop_tts	Serena_ER	tts	norloop
total_long_simple_indel	PD9464	0	0	norloop_tts	Serena_ER	tts	norloop
total_long_simple_indel	PD9467	1	0.0933996782381085	norloop_tts	Serena_ER	tts	norloop
total_long_simple_indel	PD9539	0	0	norloop_tts	Serena_ER	tts	norloop
total_long_simple_indel	PD9541	0	0	norloop_tts	Serena_ER	tts	norloop
total_long_simple_indel	PD9544	0	0	norloop_tts	Serena_ER	tts	norloop
total_long_simple_indel	PD9567	0	0	norloop_tts	Serena_ER	tts	norloop
total_long_simple_indel	PD9569	0	0	norloop_tts	Serena_ER	tts	norloop
total_long_simple_indel	PD9570	0	0	norloop_tts	Serena_ER	tts	norloop
total_long_simple_indel	PD9572	0	0	norloop_tts	Serena_ER	tts	norloop
total_long_simple_indel	PD9573	0	0	norloop_tts	Serena_ER	tts	norloop
total_long_simple_indel	PD9574	0	0	norloop_tts	Serena_ER	tts	norloop
total_long_simple_indel	PD9577	0	0	norloop_tts	Serena_ER	tts	norloop
total_long_simple_indel	PD9578	0	0	norloop_tts	Serena_ER	tts	norloop
total_long_simple_indel	PD9581	0	0	norloop_tts	Serena_ER	tts	norloop
total_long_simple_indel	PD9582	0	0	norloop_tts	Serena_ER	tts	norloop
total_long_simple_indel	PD9589	0	0	norloop_tts	Serena_ER	tts	norloop
total_long_simple_indel	PD9591	0	0	norloop_tts	Serena_ER	tts	norloop
total_long_simple_indel	PD9593	0	0	norloop_tts	Serena_ER	tts	norloop
total_long_simple_indel	PD9597	0	0	norloop_tts	Serena_ER	tts	norloop
total_long_simple_indel	PD9599	0	0	norloop_tts	Serena_ER	tts	norloop
total_long_simple_indel	PD9600	0	0	norloop_tts	Serena_ER	tts	norloop
total_long_simple_indel	PD9605	0	0	norloop_tts	Serena_ER	tts	norloop
total_long_simple_indel	PD9606	0	0	norloop_tts	Serena_ER	tts	norloop
total_long_simple_indel	PD9694	0	0	norloop_tts	Serena_ER	tts	norloop
total_long_simple_indel	PD9752	2	0.186799356476217	norloop_tts	Serena_ER	tts	norloop
total_long_simple_indel	PD9754	0	0	norloop_tts	Serena_ER	tts	norloop
total_long_simple_indel	PD9756	0	0	norloop_tts	Serena_ER	tts	norloop
total_long_simple_indel	PD9759	0	0	norloop_tts	Serena_ER	tts	norloop
total_long_simple_indel	PD9760	0	0	norloop_tts	Serena_ER	tts	norloop
total_long_simple_indel	PD9761	0	0	norloop_tts	Serena_ER	tts	norloop
total_long_simple_indel	PD9842	0	0	norloop_tts	Serena_ER	tts	norloop
total_long_simple_indel	PD9843	0	0	norloop_tts	Serena_ER	tts	norloop
total_long_simple_indel	PD9844	0	0	norloop_tts	Serena_ER	tts	norloop
total_long_simple_indel	PD9845	0	0	norloop_tts	Serena_ER	tts	norloop
total_long_simple_indel	PD9847	0	0	norloop_tts	Serena_ER	tts	norloop
total_long_indel	PD11336	0	0	norloop_tts	Serena_ER	tts	norloop
total_long_indel	PD11337	0	0	norloop_tts	Serena_ER	tts	norloop
total_long_indel	PD11338	0	0	norloop_tts	Serena_ER	tts	norloop
total_long_indel	PD11339	0	0	norloop_tts	Serena_ER	tts	norloop
total_long_indel	PD11340	0	0	norloop_tts	Serena_ER	tts	norloop
total_long_indel	PD11341	0	0	norloop_tts	Serena_ER	tts	norloop
total_long_indel	PD11342	1	0.0933996782381085	norloop_tts	Serena_ER	tts	norloop
total_long_indel	PD11343	0	0	norloop_tts	Serena_ER	tts	norloop
total_long_indel	PD11352	1	0.0933996782381085	norloop_tts	Serena_ER	tts	norloop
total_long_indel	PD11355	0	0	norloop_tts	Serena_ER	tts	norloop
total_long_indel	PD11357	0	0	norloop_tts	Serena_ER	tts	norloop
total_long_indel	PD11358	1	0.0933996782381085	norloop_tts	Serena_ER	tts	norloop
total_long_indel	PD11359	1	0.0933996782381085	norloop_tts	Serena_ER	tts	norloop
total_long_indel	PD11360	0	0	norloop_tts	Serena_ER	tts	norloop
total_long_indel	PD11361	0	0	norloop_tts	Serena_ER	tts	norloop
total_long_indel	PD11364	1	0.0933996782381085	norloop_tts	Serena_ER	tts	norloop
total_long_indel	PD11365	0	0	norloop_tts	Serena_ER	tts	norloop
total_long_indel	PD11366	0	0	norloop_tts	Serena_ER	tts	norloop
total_long_indel	PD11367	0	0	norloop_tts	Serena_ER	tts	norloop
total_long_indel	PD11368	2	0.186799356476217	norloop_tts	Serena_ER	tts	norloop
total_long_indel	PD11369	0	0	norloop_tts	Serena_ER	tts	norloop
total_long_indel	PD11370	0	0	norloop_tts	Serena_ER	tts	norloop
total_long_indel	PD11372	1	0.0933996782381085	norloop_tts	Serena_ER	tts	norloop
total_long_indel	PD11374	0	0	norloop_tts	Serena_ER	tts	norloop
total_long_indel	PD11375	1	0.0933996782381085	norloop_tts	Serena_ER	tts	norloop
total_long_indel	PD11376	0	0	norloop_tts	Serena_ER	tts	norloop
total_long_indel	PD11379	1	0.0933996782381085	norloop_tts	Serena_ER	tts	norloop
total_long_indel	PD11380	1	0.0933996782381085	norloop_tts	Serena_ER	tts	norloop
total_long_indel	PD11381	0	0	norloop_tts	Serena_ER	tts	norloop
total_long_indel	PD11383	1	0.0933996782381085	norloop_tts	Serena_ER	tts	norloop
total_long_indel	PD11384	0	0	norloop_tts	Serena_ER	tts	norloop
total_long_indel	PD11385	0	0	norloop_tts	Serena_ER	tts	norloop
total_long_indel	PD11386	0	0	norloop_tts	Serena_ER	tts	norloop
total_long_indel	PD11388	0	0	norloop_tts	Serena_ER	tts	norloop
total_long_indel	PD11389	0	0	norloop_tts	Serena_ER	tts	norloop
total_long_indel	PD11391	0	0	norloop_tts	Serena_ER	tts	norloop
total_long_indel	PD11393	1	0.0933996782381085	norloop_tts	Serena_ER	tts	norloop
total_long_indel	PD11394	0	0	norloop_tts	Serena_ER	tts	norloop
total_long_indel	PD11395	0	0	norloop_tts	Serena_ER	tts	norloop
total_long_indel	PD11396	1	0.0933996782381085	norloop_tts	Serena_ER	tts	norloop
total_long_indel	PD11397	0	0	norloop_tts	Serena_ER	tts	norloop
total_long_indel	PD11398	0	0	norloop_tts	Serena_ER	tts	norloop
total_long_indel	PD11399	0	0	norloop_tts	Serena_ER	tts	norloop
total_long_indel	PD11402	0	0	norloop_tts	Serena_ER	tts	norloop
total_long_indel	PD11740	0	0	norloop_tts	Serena_ER	tts	norloop
total_long_indel	PD11741	1	0.0933996782381085	norloop_tts	Serena_ER	tts	norloop
total_long_indel	PD11742	2	0.186799356476217	norloop_tts	Serena_ER	tts	norloop
total_long_indel	PD11743	0	0	norloop_tts	Serena_ER	tts	norloop
total_long_indel	PD11744	1	0.0933996782381085	norloop_tts	Serena_ER	tts	norloop
total_long_indel	PD11745	1	0.0933996782381085	norloop_tts	Serena_ER	tts	norloop
total_long_indel	PD11750	1	0.0933996782381085	norloop_tts	Serena_ER	tts	norloop
total_long_indel	PD11753	0	0	norloop_tts	Serena_ER	tts	norloop
total_long_indel	PD11756	0	0	norloop_tts	Serena_ER	tts	norloop
total_long_indel	PD11760	0	0	norloop_tts	Serena_ER	tts	norloop
total_long_indel	PD11761	1	0.0933996782381085	norloop_tts	Serena_ER	tts	norloop
total_long_indel	PD11765	0	0	norloop_tts	Serena_ER	tts	norloop
total_long_indel	PD11766	0	0	norloop_tts	Serena_ER	tts	norloop
total_long_indel	PD11767	0	0	norloop_tts	Serena_ER	tts	norloop
total_long_indel	PD11769	1	0.0933996782381085	norloop_tts	Serena_ER	tts	norloop
total_long_indel	PD11816	1	0.0933996782381085	norloop_tts	Serena_ER	tts	norloop
total_long_indel	PD11818	0	0	norloop_tts	Serena_ER	tts	norloop
total_long_indel	PD11819	0	0	norloop_tts	Serena_ER	tts	norloop
total_long_indel	PD13302	1	0.0933996782381085	norloop_tts	Serena_ER	tts	norloop
total_long_indel	PD13304	0	0	norloop_tts	Serena_ER	tts	norloop
total_long_indel	PD13306	0	0	norloop_tts	Serena_ER	tts	norloop
total_long_indel	PD13307	0	0	norloop_tts	Serena_ER	tts	norloop
total_long_indel	PD13310	0	0	norloop_tts	Serena_ER	tts	norloop
total_long_indel	PD13312	1	0.0933996782381085	norloop_tts	Serena_ER	tts	norloop
total_long_indel	PD13416	0	0	norloop_tts	Serena_ER	tts	norloop
total_long_indel	PD13419	0	0	norloop_tts	Serena_ER	tts	norloop
total_long_indel	PD13420	0	0	norloop_tts	Serena_ER	tts	norloop
total_long_indel	PD13422	1	0.0933996782381085	norloop_tts	Serena_ER	tts	norloop
total_long_indel	PD13424	0	0	norloop_tts	Serena_ER	tts	norloop
total_long_indel	PD13425	0	0	norloop_tts	Serena_ER	tts	norloop
total_long_indel	PD13426	1	0.0933996782381085	norloop_tts	Serena_ER	tts	norloop
total_long_indel	PD13427	0	0	norloop_tts	Serena_ER	tts	norloop
total_long_indel	PD13618	0	0	norloop_tts	Serena_ER	tts	norloop
total_long_indel	PD13619	0	0	norloop_tts	Serena_ER	tts	norloop
total_long_indel	PD13620	1	0.0933996782381085	norloop_tts	Serena_ER	tts	norloop
total_long_indel	PD13623	0	0	norloop_tts	Serena_ER	tts	norloop
total_long_indel	PD13625	1	0.0933996782381085	norloop_tts	Serena_ER	tts	norloop
total_long_indel	PD13626	0	0	norloop_tts	Serena_ER	tts	norloop
total_long_indel	PD13629	0	0	norloop_tts	Serena_ER	tts	norloop
total_long_indel	PD13630	0	0	norloop_tts	Serena_ER	tts	norloop
total_long_indel	PD13631	0	0	norloop_tts	Serena_ER	tts	norloop
total_long_indel	PD13752	0	0	norloop_tts	Serena_ER	tts	norloop
total_long_indel	PD13753	1	0.0933996782381085	norloop_tts	Serena_ER	tts	norloop
total_long_indel	PD13754	0	0	norloop_tts	Serena_ER	tts	norloop
total_long_indel	PD13755	0	0	norloop_tts	Serena_ER	tts	norloop
total_long_indel	PD13756	0	0	norloop_tts	Serena_ER	tts	norloop
total_long_indel	PD13757	0	0	norloop_tts	Serena_ER	tts	norloop
total_long_indel	PD13758	0	0	norloop_tts	Serena_ER	tts	norloop
total_long_indel	PD13760	0	0	norloop_tts	Serena_ER	tts	norloop
total_long_indel	PD13761	0	0	norloop_tts	Serena_ER	tts	norloop
total_long_indel	PD13762	0	0	norloop_tts	Serena_ER	tts	norloop
total_long_indel	PD13763	0	0	norloop_tts	Serena_ER	tts	norloop
total_long_indel	PD13764	1	0.0933996782381085	norloop_tts	Serena_ER	tts	norloop
total_long_indel	PD13765	0	0	norloop_tts	Serena_ER	tts	norloop
total_long_indel	PD13766	0	0	norloop_tts	Serena_ER	tts	norloop
total_long_indel	PD13767	0	0	norloop_tts	Serena_ER	tts	norloop
total_long_indel	PD13768	0	0	norloop_tts	Serena_ER	tts	norloop
total_long_indel	PD13770	0	0	norloop_tts	Serena_ER	tts	norloop
total_long_indel	PD13771	1	0.0933996782381085	norloop_tts	Serena_ER	tts	norloop
total_long_indel	PD14432	0	0	norloop_tts	Serena_ER	tts	norloop
total_long_indel	PD14433	0	0	norloop_tts	Serena_ER	tts	norloop
total_long_indel	PD14435	0	0	norloop_tts	Serena_ER	tts	norloop
total_long_indel	PD14437	0	0	norloop_tts	Serena_ER	tts	norloop
total_long_indel	PD14439	0	0	norloop_tts	Serena_ER	tts	norloop
total_long_indel	PD14441	0	0	norloop_tts	Serena_ER	tts	norloop
total_long_indel	PD14442	0	0	norloop_tts	Serena_ER	tts	norloop
total_long_indel	PD14450	0	0	norloop_tts	Serena_ER	tts	norloop
total_long_indel	PD14453	0	0	norloop_tts	Serena_ER	tts	norloop
total_long_indel	PD14454	0	0	norloop_tts	Serena_ER	tts	norloop
total_long_indel	PD14456	0	0	norloop_tts	Serena_ER	tts	norloop
total_long_indel	PD14457	1	0.0933996782381085	norloop_tts	Serena_ER	tts	norloop
total_long_indel	PD14458	0	0	norloop_tts	Serena_ER	tts	norloop
total_long_indel	PD14459	0	0	norloop_tts	Serena_ER	tts	norloop
total_long_indel	PD14460	0	0	norloop_tts	Serena_ER	tts	norloop
total_long_indel	PD14461	0	0	norloop_tts	Serena_ER	tts	norloop
total_long_indel	PD14462	0	0	norloop_tts	Serena_ER	tts	norloop
total_long_indel	PD14465	1	0.0933996782381085	norloop_tts	Serena_ER	tts	norloop
total_long_indel	PD14467	0	0	norloop_tts	Serena_ER	tts	norloop
total_long_indel	PD14468	1	0.0933996782381085	norloop_tts	Serena_ER	tts	norloop
total_long_indel	PD14471	0	0	norloop_tts	Serena_ER	tts	norloop
total_long_indel	PD14472	0	0	norloop_tts	Serena_ER	tts	norloop
total_long_indel	PD14473	0	0	norloop_tts	Serena_ER	tts	norloop
total_long_indel	PD17973	0	0	norloop_tts	Serena_ER	tts	norloop
total_long_indel	PD17981	0	0	norloop_tts	Serena_ER	tts	norloop
total_long_indel	PD17991	0	0	norloop_tts	Serena_ER	tts	norloop
total_long_indel	PD17994	0	0	norloop_tts	Serena_ER	tts	norloop
total_long_indel	PD18046	0	0	norloop_tts	Serena_ER	tts	norloop
total_long_indel	PD18100	0	0	norloop_tts	Serena_ER	tts	norloop
total_long_indel	PD18101	0	0	norloop_tts	Serena_ER	tts	norloop
total_long_indel	PD18116	0	0	norloop_tts	Serena_ER	tts	norloop
total_long_indel	PD18149	0	0	norloop_tts	Serena_ER	tts	norloop
total_long_indel	PD18247	0	0	norloop_tts	Serena_ER	tts	norloop
total_long_indel	PD18251	0	0	norloop_tts	Serena_ER	tts	norloop
total_long_indel	PD18257	0	0	norloop_tts	Serena_ER	tts	norloop
total_long_indel	PD18258	1	0.0933996782381085	norloop_tts	Serena_ER	tts	norloop
total_long_indel	PD18259	0	0	norloop_tts	Serena_ER	tts	norloop
total_long_indel	PD18264	0	0	norloop_tts	Serena_ER	tts	norloop
total_long_indel	PD18269	0	0	norloop_tts	Serena_ER	tts	norloop
total_long_indel	PD18728	0	0	norloop_tts	Serena_ER	tts	norloop
total_long_indel	PD18730	0	0	norloop_tts	Serena_ER	tts	norloop
total_long_indel	PD18733	0	0	norloop_tts	Serena_ER	tts	norloop
total_long_indel	PD18734	0	0	norloop_tts	Serena_ER	tts	norloop
total_long_indel	PD18748	1	0.0933996782381085	norloop_tts	Serena_ER	tts	norloop
total_long_indel	PD18749	0	0	norloop_tts	Serena_ER	tts	norloop
total_long_indel	PD18751	1	0.0933996782381085	norloop_tts	Serena_ER	tts	norloop
total_long_indel	PD18754	1	0.0933996782381085	norloop_tts	Serena_ER	tts	norloop
total_long_indel	PD18756	0	0	norloop_tts	Serena_ER	tts	norloop
total_long_indel	PD18768	0	0	norloop_tts	Serena_ER	tts	norloop
total_long_indel	PD18769	1	0.0933996782381085	norloop_tts	Serena_ER	tts	norloop
total_long_indel	PD18771	0	0	norloop_tts	Serena_ER	tts	norloop
total_long_indel	PD18775	0	0	norloop_tts	Serena_ER	tts	norloop
total_long_indel	PD18776	0	0	norloop_tts	Serena_ER	tts	norloop
total_long_indel	PD22251	0	0	norloop_tts	Serena_ER	tts	norloop
total_long_indel	PD22361	0	0	norloop_tts	Serena_ER	tts	norloop
total_long_indel	PD22364	0	0	norloop_tts	Serena_ER	tts	norloop
total_long_indel	PD22365	1	0.0933996782381085	norloop_tts	Serena_ER	tts	norloop
total_long_indel	PD23550	0	0	norloop_tts	Serena_ER	tts	norloop
total_long_indel	PD23558	1	0.0933996782381085	norloop_tts	Serena_ER	tts	norloop
total_long_indel	PD23570	0	0	norloop_tts	Serena_ER	tts	norloop
total_long_indel	PD24193	1	0.0933996782381085	norloop_tts	Serena_ER	tts	norloop
total_long_indel	PD24199	1	0.0933996782381085	norloop_tts	Serena_ER	tts	norloop
total_long_indel	PD24206	0	0	norloop_tts	Serena_ER	tts	norloop
total_long_indel	PD24212	2	0.186799356476217	norloop_tts	Serena_ER	tts	norloop
total_long_indel	PD24214	0	0	norloop_tts	Serena_ER	tts	norloop
total_long_indel	PD24216	1	0.0933996782381085	norloop_tts	Serena_ER	tts	norloop
total_long_indel	PD24223	0	0	norloop_tts	Serena_ER	tts	norloop
total_long_indel	PD24302	0	0	norloop_tts	Serena_ER	tts	norloop
total_long_indel	PD24307	1	0.0933996782381085	norloop_tts	Serena_ER	tts	norloop
total_long_indel	PD24320	2	0.186799356476217	norloop_tts	Serena_ER	tts	norloop
total_long_indel	PD24327	0	0	norloop_tts	Serena_ER	tts	norloop
total_long_indel	PD24329	0	0	norloop_tts	Serena_ER	tts	norloop
total_long_indel	PD3851	0	0	norloop_tts	Serena_ER	tts	norloop
total_long_indel	PD3904	0	0	norloop_tts	Serena_ER	tts	norloop
total_long_indel	PD3945	1	0.0933996782381085	norloop_tts	Serena_ER	tts	norloop
total_long_indel	PD3989	2	0.186799356476217	norloop_tts	Serena_ER	tts	norloop
total_long_indel	PD4069	1	0.0933996782381085	norloop_tts	Serena_ER	tts	norloop
total_long_indel	PD4072	0	0	norloop_tts	Serena_ER	tts	norloop
total_long_indel	PD4076	0	0	norloop_tts	Serena_ER	tts	norloop
total_long_indel	PD4085	0	0	norloop_tts	Serena_ER	tts	norloop
total_long_indel	PD4086	0	0	norloop_tts	Serena_ER	tts	norloop
total_long_indel	PD4088	0	0	norloop_tts	Serena_ER	tts	norloop
total_long_indel	PD4103	0	0	norloop_tts	Serena_ER	tts	norloop
total_long_indel	PD4115	1	0.0933996782381085	norloop_tts	Serena_ER	tts	norloop
total_long_indel	PD4116	1	0.0933996782381085	norloop_tts	Serena_ER	tts	norloop
total_long_indel	PD4225	0	0	norloop_tts	Serena_ER	tts	norloop
total_long_indel	PD4261	0	0	norloop_tts	Serena_ER	tts	norloop
total_long_indel	PD4266	0	0	norloop_tts	Serena_ER	tts	norloop
total_long_indel	PD4267	0	0	norloop_tts	Serena_ER	tts	norloop
total_long_indel	PD4315	0	0	norloop_tts	Serena_ER	tts	norloop
total_long_indel	PD4604	3	0.280199034714325	norloop_tts	Serena_ER	tts	norloop
total_long_indel	PD4605	0	0	norloop_tts	Serena_ER	tts	norloop
total_long_indel	PD4606	0	0	norloop_tts	Serena_ER	tts	norloop
total_long_indel	PD4607	0	0	norloop_tts	Serena_ER	tts	norloop
total_long_indel	PD4613	0	0	norloop_tts	Serena_ER	tts	norloop
total_long_indel	PD4872	0	0	norloop_tts	Serena_ER	tts	norloop
total_long_indel	PD4876	0	0	norloop_tts	Serena_ER	tts	norloop
total_long_indel	PD4951	0	0	norloop_tts	Serena_ER	tts	norloop
total_long_indel	PD4952	1	0.0933996782381085	norloop_tts	Serena_ER	tts	norloop
total_long_indel	PD4953	0	0	norloop_tts	Serena_ER	tts	norloop
total_long_indel	PD4954	2	0.186799356476217	norloop_tts	Serena_ER	tts	norloop
total_long_indel	PD4957	0	0	norloop_tts	Serena_ER	tts	norloop
total_long_indel	PD4958	3	0.280199034714325	norloop_tts	Serena_ER	tts	norloop
total_long_indel	PD4959	0	0	norloop_tts	Serena_ER	tts	norloop
total_long_indel	PD4965	0	0	norloop_tts	Serena_ER	tts	norloop
total_long_indel	PD4967	0	0	norloop_tts	Serena_ER	tts	norloop
total_long_indel	PD4968	0	0	norloop_tts	Serena_ER	tts	norloop
total_long_indel	PD4969	0	0	norloop_tts	Serena_ER	tts	norloop
total_long_indel	PD4970	0	0	norloop_tts	Serena_ER	tts	norloop
total_long_indel	PD4971	0	0	norloop_tts	Serena_ER	tts	norloop
total_long_indel	PD4972	0	0	norloop_tts	Serena_ER	tts	norloop
total_long_indel	PD4976	0	0	norloop_tts	Serena_ER	tts	norloop
total_long_indel	PD4981	0	0	norloop_tts	Serena_ER	tts	norloop
total_long_indel	PD4982	0	0	norloop_tts	Serena_ER	tts	norloop
total_long_indel	PD4983	0	0	norloop_tts	Serena_ER	tts	norloop
total_long_indel	PD4985	0	0	norloop_tts	Serena_ER	tts	norloop
total_long_indel	PD4986	1	0.0933996782381085	norloop_tts	Serena_ER	tts	norloop
total_long_indel	PD5928	4	0.373598712952434	norloop_tts	Serena_ER	tts	norloop
total_long_indel	PD5936	0	0	norloop_tts	Serena_ER	tts	norloop
total_long_indel	PD5937	1	0.0933996782381085	norloop_tts	Serena_ER	tts	norloop
total_long_indel	PD5946	0	0	norloop_tts	Serena_ER	tts	norloop
total_long_indel	PD5947	0	0	norloop_tts	Serena_ER	tts	norloop
total_long_indel	PD5951	0	0	norloop_tts	Serena_ER	tts	norloop
total_long_indel	PD5953	1	0.0933996782381085	norloop_tts	Serena_ER	tts	norloop
total_long_indel	PD5956	0	0	norloop_tts	Serena_ER	tts	norloop
total_long_indel	PD5959	0	0	norloop_tts	Serena_ER	tts	norloop
total_long_indel	PD5960	0	0	norloop_tts	Serena_ER	tts	norloop
total_long_indel	PD5961	0	0	norloop_tts	Serena_ER	tts	norloop
total_long_indel	PD5964	0	0	norloop_tts	Serena_ER	tts	norloop
total_long_indel	PD6016	0	0	norloop_tts	Serena_ER	tts	norloop
total_long_indel	PD6041	0	0	norloop_tts	Serena_ER	tts	norloop
total_long_indel	PD6042	1	0.0933996782381085	norloop_tts	Serena_ER	tts	norloop
total_long_indel	PD6043	0	0	norloop_tts	Serena_ER	tts	norloop
total_long_indel	PD6044	0	0	norloop_tts	Serena_ER	tts	norloop
total_long_indel	PD6045	0	0	norloop_tts	Serena_ER	tts	norloop
total_long_indel	PD6417	0	0	norloop_tts	Serena_ER	tts	norloop
total_long_indel	PD6418	0	0	norloop_tts	Serena_ER	tts	norloop
total_long_indel	PD6422	0	0	norloop_tts	Serena_ER	tts	norloop
total_long_indel	PD6466	0	0	norloop_tts	Serena_ER	tts	norloop
total_long_indel	PD6711	1	0.0933996782381085	norloop_tts	Serena_ER	tts	norloop
total_long_indel	PD6719	0	0	norloop_tts	Serena_ER	tts	norloop
total_long_indel	PD6720	0	0	norloop_tts	Serena_ER	tts	norloop
total_long_indel	PD6721	1	0.0933996782381085	norloop_tts	Serena_ER	tts	norloop
total_long_indel	PD7199	0	0	norloop_tts	Serena_ER	tts	norloop
total_long_indel	PD7201	0	0	norloop_tts	Serena_ER	tts	norloop
total_long_indel	PD7206	0	0	norloop_tts	Serena_ER	tts	norloop
total_long_indel	PD7207	0	0	norloop_tts	Serena_ER	tts	norloop
total_long_indel	PD7209	0	0	norloop_tts	Serena_ER	tts	norloop
total_long_indel	PD7210	1	0.0933996782381085	norloop_tts	Serena_ER	tts	norloop
total_long_indel	PD7214	0	0	norloop_tts	Serena_ER	tts	norloop
total_long_indel	PD7215	1	0.0933996782381085	norloop_tts	Serena_ER	tts	norloop
total_long_indel	PD7218	0	0	norloop_tts	Serena_ER	tts	norloop
total_long_indel	PD7219	0	0	norloop_tts	Serena_ER	tts	norloop
total_long_indel	PD7221	0	0	norloop_tts	Serena_ER	tts	norloop
total_long_indel	PD7238	0	0	norloop_tts	Serena_ER	tts	norloop
total_long_indel	PD7240	0	0	norloop_tts	Serena_ER	tts	norloop
total_long_indel	PD7243	0	0	norloop_tts	Serena_ER	tts	norloop
total_long_indel	PD7322	0	0	norloop_tts	Serena_ER	tts	norloop
total_long_indel	PD8609	0	0	norloop_tts	Serena_ER	tts	norloop
total_long_indel	PD8610	0	0	norloop_tts	Serena_ER	tts	norloop
total_long_indel	PD8612	0	0	norloop_tts	Serena_ER	tts	norloop
total_long_indel	PD8614	0	0	norloop_tts	Serena_ER	tts	norloop
total_long_indel	PD8615	0	0	norloop_tts	Serena_ER	tts	norloop
total_long_indel	PD8617	0	0	norloop_tts	Serena_ER	tts	norloop
total_long_indel	PD8618	0	0	norloop_tts	Serena_ER	tts	norloop
total_long_indel	PD8620	0	0	norloop_tts	Serena_ER	tts	norloop
total_long_indel	PD8622	1	0.0933996782381085	norloop_tts	Serena_ER	tts	norloop
total_long_indel	PD8623	0	0	norloop_tts	Serena_ER	tts	norloop
total_long_indel	PD8828	0	0	norloop_tts	Serena_ER	tts	norloop
total_long_indel	PD8973	0	0	norloop_tts	Serena_ER	tts	norloop
total_long_indel	PD8977	1	0.0933996782381085	norloop_tts	Serena_ER	tts	norloop
total_long_indel	PD8978	2	0.186799356476217	norloop_tts	Serena_ER	tts	norloop
total_long_indel	PD8979	1	0.0933996782381085	norloop_tts	Serena_ER	tts	norloop
total_long_indel	PD8980	1	0.0933996782381085	norloop_tts	Serena_ER	tts	norloop
total_long_indel	PD8981	0	0	norloop_tts	Serena_ER	tts	norloop
total_long_indel	PD9000	4	0.373598712952434	norloop_tts	Serena_ER	tts	norloop
total_long_indel	PD9001	0	0	norloop_tts	Serena_ER	tts	norloop
total_long_indel	PD9002	0	0	norloop_tts	Serena_ER	tts	norloop
total_long_indel	PD9063	1	0.0933996782381085	norloop_tts	Serena_ER	tts	norloop
total_long_indel	PD9065	2	0.186799356476217	norloop_tts	Serena_ER	tts	norloop
total_long_indel	PD9067	0	0	norloop_tts	Serena_ER	tts	norloop
total_long_indel	PD9193	0	0	norloop_tts	Serena_ER	tts	norloop
total_long_indel	PD9464	2	0.186799356476217	norloop_tts	Serena_ER	tts	norloop
total_long_indel	PD9467	1	0.0933996782381085	norloop_tts	Serena_ER	tts	norloop
total_long_indel	PD9539	0	0	norloop_tts	Serena_ER	tts	norloop
total_long_indel	PD9541	0	0	norloop_tts	Serena_ER	tts	norloop
total_long_indel	PD9544	0	0	norloop_tts	Serena_ER	tts	norloop
total_long_indel	PD9567	0	0	norloop_tts	Serena_ER	tts	norloop
total_long_indel	PD9569	0	0	norloop_tts	Serena_ER	tts	norloop
total_long_indel	PD9570	0	0	norloop_tts	Serena_ER	tts	norloop
total_long_indel	PD9572	0	0	norloop_tts	Serena_ER	tts	norloop
total_long_indel	PD9573	0	0	norloop_tts	Serena_ER	tts	norloop
total_long_indel	PD9574	0	0	norloop_tts	Serena_ER	tts	norloop
total_long_indel	PD9577	0	0	norloop_tts	Serena_ER	tts	norloop
total_long_indel	PD9578	0	0	norloop_tts	Serena_ER	tts	norloop
total_long_indel	PD9581	0	0	norloop_tts	Serena_ER	tts	norloop
total_long_indel	PD9582	0	0	norloop_tts	Serena_ER	tts	norloop
total_long_indel	PD9589	0	0	norloop_tts	Serena_ER	tts	norloop
total_long_indel	PD9591	0	0	norloop_tts	Serena_ER	tts	norloop
total_long_indel	PD9593	0	0	norloop_tts	Serena_ER	tts	norloop
total_long_indel	PD9597	0	0	norloop_tts	Serena_ER	tts	norloop
total_long_indel	PD9599	0	0	norloop_tts	Serena_ER	tts	norloop
total_long_indel	PD9600	0	0	norloop_tts	Serena_ER	tts	norloop
total_long_indel	PD9605	0	0	norloop_tts	Serena_ER	tts	norloop
total_long_indel	PD9606	0	0	norloop_tts	Serena_ER	tts	norloop
total_long_indel	PD9694	0	0	norloop_tts	Serena_ER	tts	norloop
total_long_indel	PD9752	2	0.186799356476217	norloop_tts	Serena_ER	tts	norloop
total_long_indel	PD9754	0	0	norloop_tts	Serena_ER	tts	norloop
total_long_indel	PD9756	0	0	norloop_tts	Serena_ER	tts	norloop
total_long_indel	PD9759	0	0	norloop_tts	Serena_ER	tts	norloop
total_long_indel	PD9760	0	0	norloop_tts	Serena_ER	tts	norloop
total_long_indel	PD9761	0	0	norloop_tts	Serena_ER	tts	norloop
total_long_indel	PD9842	0	0	norloop_tts	Serena_ER	tts	norloop
total_long_indel	PD9843	1	0.0933996782381085	norloop_tts	Serena_ER	tts	norloop
total_long_indel	PD9844	0	0	norloop_tts	Serena_ER	tts	norloop
total_long_indel	PD9845	0	0	norloop_tts	Serena_ER	tts	norloop
total_long_indel	PD9847	0	0	norloop_tts	Serena_ER	tts	norloop
total_Indel	DO220841	1	0.140549639040417	rloop_tss	ICGC_Melanoma	tss	rloop
total_Indel	DO220842	3	0.421648917121251	rloop_tss	ICGC_Melanoma	tss	rloop
total_Indel	DO220843	3	0.421648917121251	rloop_tss	ICGC_Melanoma	tss	rloop
total_Indel	DO220844	4	0.562198556161668	rloop_tss	ICGC_Melanoma	tss	rloop
total_Indel	DO220845	0	0	rloop_tss	ICGC_Melanoma	tss	rloop
total_Indel	DO220846	2	0.281099278080834	rloop_tss	ICGC_Melanoma	tss	rloop
total_Indel	DO220847	2	0.281099278080834	rloop_tss	ICGC_Melanoma	tss	rloop
total_Indel	DO220848	0	0	rloop_tss	ICGC_Melanoma	tss	rloop
total_Indel	DO220849	2	0.281099278080834	rloop_tss	ICGC_Melanoma	tss	rloop
total_Indel	DO220850	1	0.140549639040417	rloop_tss	ICGC_Melanoma	tss	rloop
total_Indel	DO220851	8	1.12439711232334	rloop_tss	ICGC_Melanoma	tss	rloop
total_Indel	DO220852	2	0.281099278080834	rloop_tss	ICGC_Melanoma	tss	rloop
total_Indel	DO220853	1	0.140549639040417	rloop_tss	ICGC_Melanoma	tss	rloop
total_Indel	DO220855	3	0.421648917121251	rloop_tss	ICGC_Melanoma	tss	rloop
total_Indel	DO220857	3	0.421648917121251	rloop_tss	ICGC_Melanoma	tss	rloop
total_Indel	DO220858	0	0	rloop_tss	ICGC_Melanoma	tss	rloop
total_Indel	DO220859	0	0	rloop_tss	ICGC_Melanoma	tss	rloop
total_Indel	DO220860	0	0	rloop_tss	ICGC_Melanoma	tss	rloop
total_Indel	DO220861	1	0.140549639040417	rloop_tss	ICGC_Melanoma	tss	rloop
total_Indel	DO220862	0	0	rloop_tss	ICGC_Melanoma	tss	rloop
total_Indel	DO220863	0	0	rloop_tss	ICGC_Melanoma	tss	rloop
total_Indel	DO220864	1	0.140549639040417	rloop_tss	ICGC_Melanoma	tss	rloop
total_Indel	DO220865	0	0	rloop_tss	ICGC_Melanoma	tss	rloop
total_Indel	DO220866	0	0	rloop_tss	ICGC_Melanoma	tss	rloop
total_Indel	DO220867	0	0	rloop_tss	ICGC_Melanoma	tss	rloop
total_Indel	DO220868	0	0	rloop_tss	ICGC_Melanoma	tss	rloop
total_Indel	DO220869	1	0.140549639040417	rloop_tss	ICGC_Melanoma	tss	rloop
total_Indel	DO220870	0	0	rloop_tss	ICGC_Melanoma	tss	rloop
total_Indel	DO220871	1	0.140549639040417	rloop_tss	ICGC_Melanoma	tss	rloop
total_Indel	DO220872	2	0.281099278080834	rloop_tss	ICGC_Melanoma	tss	rloop
total_Indel	DO220873	9	1.26494675136375	rloop_tss	ICGC_Melanoma	tss	rloop
total_Indel	DO220874	1	0.140549639040417	rloop_tss	ICGC_Melanoma	tss	rloop
total_Indel	DO220875	2	0.281099278080834	rloop_tss	ICGC_Melanoma	tss	rloop
total_Indel	DO220877	1	0.140549639040417	rloop_tss	ICGC_Melanoma	tss	rloop
total_Indel	DO220878	43	6.04363447873793	rloop_tss	ICGC_Melanoma	tss	rloop
total_Indel	DO220879	4	0.562198556161668	rloop_tss	ICGC_Melanoma	tss	rloop
total_Indel	DO220880	3	0.421648917121251	rloop_tss	ICGC_Melanoma	tss	rloop
total_Indel	DO220881	1	0.140549639040417	rloop_tss	ICGC_Melanoma	tss	rloop
total_Indel	DO220882	3	0.421648917121251	rloop_tss	ICGC_Melanoma	tss	rloop
total_Indel	DO220883	1	0.140549639040417	rloop_tss	ICGC_Melanoma	tss	rloop
total_Indel	DO220884	3	0.421648917121251	rloop_tss	ICGC_Melanoma	tss	rloop
total_Indel	DO220885	0	0	rloop_tss	ICGC_Melanoma	tss	rloop
total_Indel	DO220886	4	0.562198556161668	rloop_tss	ICGC_Melanoma	tss	rloop
total_Indel	DO220887	0	0	rloop_tss	ICGC_Melanoma	tss	rloop
total_Indel	DO220888	3	0.421648917121251	rloop_tss	ICGC_Melanoma	tss	rloop
total_Indel	DO220889	0	0	rloop_tss	ICGC_Melanoma	tss	rloop
total_Indel	DO220890	2	0.281099278080834	rloop_tss	ICGC_Melanoma	tss	rloop
total_Indel	DO220891	0	0	rloop_tss	ICGC_Melanoma	tss	rloop
total_Indel	DO220892	0	0	rloop_tss	ICGC_Melanoma	tss	rloop
total_Indel	DO220893	3	0.421648917121251	rloop_tss	ICGC_Melanoma	tss	rloop
total_Indel	DO220894	0	0	rloop_tss	ICGC_Melanoma	tss	rloop
total_Indel	DO220895	1	0.140549639040417	rloop_tss	ICGC_Melanoma	tss	rloop
total_Indel	DO220896	2	0.281099278080834	rloop_tss	ICGC_Melanoma	tss	rloop
total_Indel	DO220897	0	0	rloop_tss	ICGC_Melanoma	tss	rloop
total_Indel	DO220898	0	0	rloop_tss	ICGC_Melanoma	tss	rloop
total_Indel	DO220899	7	0.983847473282919	rloop_tss	ICGC_Melanoma	tss	rloop
total_Indel	DO220900	1	0.140549639040417	rloop_tss	ICGC_Melanoma	tss	rloop
total_Indel	DO220901	0	0	rloop_tss	ICGC_Melanoma	tss	rloop
total_Indel	DO220902	4	0.562198556161668	rloop_tss	ICGC_Melanoma	tss	rloop
total_Indel	DO220903	1	0.140549639040417	rloop_tss	ICGC_Melanoma	tss	rloop
total_Indel	DO220904	0	0	rloop_tss	ICGC_Melanoma	tss	rloop
total_Indel	DO220905	3	0.421648917121251	rloop_tss	ICGC_Melanoma	tss	rloop
total_Indel	DO220906	5	0.702748195202085	rloop_tss	ICGC_Melanoma	tss	rloop
total_Indel	DO220907	3	0.421648917121251	rloop_tss	ICGC_Melanoma	tss	rloop
total_Indel	DO220908	0	0	rloop_tss	ICGC_Melanoma	tss	rloop
total_Indel	DO220909	1	0.140549639040417	rloop_tss	ICGC_Melanoma	tss	rloop
total_Indel	DO220910	2	0.281099278080834	rloop_tss	ICGC_Melanoma	tss	rloop
total_Indel	DO220911	2	0.281099278080834	rloop_tss	ICGC_Melanoma	tss	rloop
total_Indel	DO220912	2	0.281099278080834	rloop_tss	ICGC_Melanoma	tss	rloop
total_Indel	DO220913	4	0.562198556161668	rloop_tss	ICGC_Melanoma	tss	rloop
total_long_simple_indel	DO220841	1	0.140549639040417	rloop_tss	ICGC_Melanoma	tss	rloop
total_long_simple_indel	DO220842	1	0.140549639040417	rloop_tss	ICGC_Melanoma	tss	rloop
total_long_simple_indel	DO220843	1	0.140549639040417	rloop_tss	ICGC_Melanoma	tss	rloop
total_long_simple_indel	DO220844	2	0.281099278080834	rloop_tss	ICGC_Melanoma	tss	rloop
total_long_simple_indel	DO220845	0	0	rloop_tss	ICGC_Melanoma	tss	rloop
total_long_simple_indel	DO220846	1	0.140549639040417	rloop_tss	ICGC_Melanoma	tss	rloop
total_long_simple_indel	DO220847	2	0.281099278080834	rloop_tss	ICGC_Melanoma	tss	rloop
total_long_simple_indel	DO220848	0	0	rloop_tss	ICGC_Melanoma	tss	rloop
total_long_simple_indel	DO220849	0	0	rloop_tss	ICGC_Melanoma	tss	rloop
total_long_simple_indel	DO220850	0	0	rloop_tss	ICGC_Melanoma	tss	rloop
total_long_simple_indel	DO220851	2	0.281099278080834	rloop_tss	ICGC_Melanoma	tss	rloop
total_long_simple_indel	DO220852	1	0.140549639040417	rloop_tss	ICGC_Melanoma	tss	rloop
total_long_simple_indel	DO220853	0	0	rloop_tss	ICGC_Melanoma	tss	rloop
total_long_simple_indel	DO220855	1	0.140549639040417	rloop_tss	ICGC_Melanoma	tss	rloop
total_long_simple_indel	DO220857	0	0	rloop_tss	ICGC_Melanoma	tss	rloop
total_long_simple_indel	DO220858	0	0	rloop_tss	ICGC_Melanoma	tss	rloop
total_long_simple_indel	DO220859	0	0	rloop_tss	ICGC_Melanoma	tss	rloop
total_long_simple_indel	DO220860	0	0	rloop_tss	ICGC_Melanoma	tss	rloop
total_long_simple_indel	DO220861	0	0	rloop_tss	ICGC_Melanoma	tss	rloop
total_long_simple_indel	DO220862	0	0	rloop_tss	ICGC_Melanoma	tss	rloop
total_long_simple_indel	DO220863	0	0	rloop_tss	ICGC_Melanoma	tss	rloop
total_long_simple_indel	DO220864	0	0	rloop_tss	ICGC_Melanoma	tss	rloop
total_long_simple_indel	DO220865	0	0	rloop_tss	ICGC_Melanoma	tss	rloop
total_long_simple_indel	DO220866	0	0	rloop_tss	ICGC_Melanoma	tss	rloop
total_long_simple_indel	DO220867	0	0	rloop_tss	ICGC_Melanoma	tss	rloop
total_long_simple_indel	DO220868	0	0	rloop_tss	ICGC_Melanoma	tss	rloop
total_long_simple_indel	DO220869	1	0.140549639040417	rloop_tss	ICGC_Melanoma	tss	rloop
total_long_simple_indel	DO220870	0	0	rloop_tss	ICGC_Melanoma	tss	rloop
total_long_simple_indel	DO220871	0	0	rloop_tss	ICGC_Melanoma	tss	rloop
total_long_simple_indel	DO220872	0	0	rloop_tss	ICGC_Melanoma	tss	rloop
total_long_simple_indel	DO220873	6	0.843297834242502	rloop_tss	ICGC_Melanoma	tss	rloop
total_long_simple_indel	DO220874	0	0	rloop_tss	ICGC_Melanoma	tss	rloop
total_long_simple_indel	DO220875	0	0	rloop_tss	ICGC_Melanoma	tss	rloop
total_long_simple_indel	DO220877	0	0	rloop_tss	ICGC_Melanoma	tss	rloop
total_long_simple_indel	DO220878	2	0.281099278080834	rloop_tss	ICGC_Melanoma	tss	rloop
total_long_simple_indel	DO220879	1	0.140549639040417	rloop_tss	ICGC_Melanoma	tss	rloop
total_long_simple_indel	DO220880	1	0.140549639040417	rloop_tss	ICGC_Melanoma	tss	rloop
total_long_simple_indel	DO220881	1	0.140549639040417	rloop_tss	ICGC_Melanoma	tss	rloop
total_long_simple_indel	DO220882	2	0.281099278080834	rloop_tss	ICGC_Melanoma	tss	rloop
total_long_simple_indel	DO220883	1	0.140549639040417	rloop_tss	ICGC_Melanoma	tss	rloop
total_long_simple_indel	DO220884	0	0	rloop_tss	ICGC_Melanoma	tss	rloop
total_long_simple_indel	DO220885	0	0	rloop_tss	ICGC_Melanoma	tss	rloop
total_long_simple_indel	DO220886	0	0	rloop_tss	ICGC_Melanoma	tss	rloop
total_long_simple_indel	DO220887	0	0	rloop_tss	ICGC_Melanoma	tss	rloop
total_long_simple_indel	DO220888	2	0.281099278080834	rloop_tss	ICGC_Melanoma	tss	rloop
total_long_simple_indel	DO220889	0	0	rloop_tss	ICGC_Melanoma	tss	rloop
total_long_simple_indel	DO220890	2	0.281099278080834	rloop_tss	ICGC_Melanoma	tss	rloop
total_long_simple_indel	DO220891	0	0	rloop_tss	ICGC_Melanoma	tss	rloop
total_long_simple_indel	DO220892	0	0	rloop_tss	ICGC_Melanoma	tss	rloop
total_long_simple_indel	DO220893	2	0.281099278080834	rloop_tss	ICGC_Melanoma	tss	rloop
total_long_simple_indel	DO220894	0	0	rloop_tss	ICGC_Melanoma	tss	rloop
total_long_simple_indel	DO220895	1	0.140549639040417	rloop_tss	ICGC_Melanoma	tss	rloop
total_long_simple_indel	DO220896	0	0	rloop_tss	ICGC_Melanoma	tss	rloop
total_long_simple_indel	DO220897	0	0	rloop_tss	ICGC_Melanoma	tss	rloop
total_long_simple_indel	DO220898	0	0	rloop_tss	ICGC_Melanoma	tss	rloop
total_long_simple_indel	DO220899	3	0.421648917121251	rloop_tss	ICGC_Melanoma	tss	rloop
total_long_simple_indel	DO220900	0	0	rloop_tss	ICGC_Melanoma	tss	rloop
total_long_simple_indel	DO220901	0	0	rloop_tss	ICGC_Melanoma	tss	rloop
total_long_simple_indel	DO220902	0	0	rloop_tss	ICGC_Melanoma	tss	rloop
total_long_simple_indel	DO220903	1	0.140549639040417	rloop_tss	ICGC_Melanoma	tss	rloop
total_long_simple_indel	DO220904	0	0	rloop_tss	ICGC_Melanoma	tss	rloop
total_long_simple_indel	DO220905	1	0.140549639040417	rloop_tss	ICGC_Melanoma	tss	rloop
total_long_simple_indel	DO220906	1	0.140549639040417	rloop_tss	ICGC_Melanoma	tss	rloop
total_long_simple_indel	DO220907	2	0.281099278080834	rloop_tss	ICGC_Melanoma	tss	rloop
total_long_simple_indel	DO220908	0	0	rloop_tss	ICGC_Melanoma	tss	rloop
total_long_simple_indel	DO220909	1	0.140549639040417	rloop_tss	ICGC_Melanoma	tss	rloop
total_long_simple_indel	DO220910	0	0	rloop_tss	ICGC_Melanoma	tss	rloop
total_long_simple_indel	DO220911	0	0	rloop_tss	ICGC_Melanoma	tss	rloop
total_long_simple_indel	DO220912	1	0.140549639040417	rloop_tss	ICGC_Melanoma	tss	rloop
total_long_simple_indel	DO220913	0	0	rloop_tss	ICGC_Melanoma	tss	rloop
total_long_indel	DO220841	1	0.140549639040417	rloop_tss	ICGC_Melanoma	tss	rloop
total_long_indel	DO220842	2	0.281099278080834	rloop_tss	ICGC_Melanoma	tss	rloop
total_long_indel	DO220843	1	0.140549639040417	rloop_tss	ICGC_Melanoma	tss	rloop
total_long_indel	DO220844	4	0.562198556161668	rloop_tss	ICGC_Melanoma	tss	rloop
total_long_indel	DO220845	0	0	rloop_tss	ICGC_Melanoma	tss	rloop
total_long_indel	DO220846	2	0.281099278080834	rloop_tss	ICGC_Melanoma	tss	rloop
total_long_indel	DO220847	2	0.281099278080834	rloop_tss	ICGC_Melanoma	tss	rloop
total_long_indel	DO220848	0	0	rloop_tss	ICGC_Melanoma	tss	rloop
total_long_indel	DO220849	1	0.140549639040417	rloop_tss	ICGC_Melanoma	tss	rloop
total_long_indel	DO220850	0	0	rloop_tss	ICGC_Melanoma	tss	rloop
total_long_indel	DO220851	4	0.562198556161668	rloop_tss	ICGC_Melanoma	tss	rloop
total_long_indel	DO220852	1	0.140549639040417	rloop_tss	ICGC_Melanoma	tss	rloop
total_long_indel	DO220853	0	0	rloop_tss	ICGC_Melanoma	tss	rloop
total_long_indel	DO220855	1	0.140549639040417	rloop_tss	ICGC_Melanoma	tss	rloop
total_long_indel	DO220857	1	0.140549639040417	rloop_tss	ICGC_Melanoma	tss	rloop
total_long_indel	DO220858	0	0	rloop_tss	ICGC_Melanoma	tss	rloop
total_long_indel	DO220859	0	0	rloop_tss	ICGC_Melanoma	tss	rloop
total_long_indel	DO220860	0	0	rloop_tss	ICGC_Melanoma	tss	rloop
total_long_indel	DO220861	0	0	rloop_tss	ICGC_Melanoma	tss	rloop
total_long_indel	DO220862	0	0	rloop_tss	ICGC_Melanoma	tss	rloop
total_long_indel	DO220863	0	0	rloop_tss	ICGC_Melanoma	tss	rloop
total_long_indel	DO220864	0	0	rloop_tss	ICGC_Melanoma	tss	rloop
total_long_indel	DO220865	0	0	rloop_tss	ICGC_Melanoma	tss	rloop
total_long_indel	DO220866	0	0	rloop_tss	ICGC_Melanoma	tss	rloop
total_long_indel	DO220867	0	0	rloop_tss	ICGC_Melanoma	tss	rloop
total_long_indel	DO220868	0	0	rloop_tss	ICGC_Melanoma	tss	rloop
total_long_indel	DO220869	1	0.140549639040417	rloop_tss	ICGC_Melanoma	tss	rloop
total_long_indel	DO220870	0	0	rloop_tss	ICGC_Melanoma	tss	rloop
total_long_indel	DO220871	0	0	rloop_tss	ICGC_Melanoma	tss	rloop
total_long_indel	DO220872	0	0	rloop_tss	ICGC_Melanoma	tss	rloop
total_long_indel	DO220873	9	1.26494675136375	rloop_tss	ICGC_Melanoma	tss	rloop
total_long_indel	DO220874	0	0	rloop_tss	ICGC_Melanoma	tss	rloop
total_long_indel	DO220875	1	0.140549639040417	rloop_tss	ICGC_Melanoma	tss	rloop
total_long_indel	DO220877	0	0	rloop_tss	ICGC_Melanoma	tss	rloop
total_long_indel	DO220878	3	0.421648917121251	rloop_tss	ICGC_Melanoma	tss	rloop
total_long_indel	DO220879	4	0.562198556161668	rloop_tss	ICGC_Melanoma	tss	rloop
total_long_indel	DO220880	3	0.421648917121251	rloop_tss	ICGC_Melanoma	tss	rloop
total_long_indel	DO220881	1	0.140549639040417	rloop_tss	ICGC_Melanoma	tss	rloop
total_long_indel	DO220882	3	0.421648917121251	rloop_tss	ICGC_Melanoma	tss	rloop
total_long_indel	DO220883	1	0.140549639040417	rloop_tss	ICGC_Melanoma	tss	rloop
total_long_indel	DO220884	1	0.140549639040417	rloop_tss	ICGC_Melanoma	tss	rloop
total_long_indel	DO220885	0	0	rloop_tss	ICGC_Melanoma	tss	rloop
total_long_indel	DO220886	2	0.281099278080834	rloop_tss	ICGC_Melanoma	tss	rloop
total_long_indel	DO220887	0	0	rloop_tss	ICGC_Melanoma	tss	rloop
total_long_indel	DO220888	2	0.281099278080834	rloop_tss	ICGC_Melanoma	tss	rloop
total_long_indel	DO220889	0	0	rloop_tss	ICGC_Melanoma	tss	rloop
total_long_indel	DO220890	2	0.281099278080834	rloop_tss	ICGC_Melanoma	tss	rloop
total_long_indel	DO220891	0	0	rloop_tss	ICGC_Melanoma	tss	rloop
total_long_indel	DO220892	0	0	rloop_tss	ICGC_Melanoma	tss	rloop
total_long_indel	DO220893	3	0.421648917121251	rloop_tss	ICGC_Melanoma	tss	rloop
total_long_indel	DO220894	0	0	rloop_tss	ICGC_Melanoma	tss	rloop
total_long_indel	DO220895	1	0.140549639040417	rloop_tss	ICGC_Melanoma	tss	rloop
total_long_indel	DO220896	1	0.140549639040417	rloop_tss	ICGC_Melanoma	tss	rloop
total_long_indel	DO220897	0	0	rloop_tss	ICGC_Melanoma	tss	rloop
total_long_indel	DO220898	0	0	rloop_tss	ICGC_Melanoma	tss	rloop
total_long_indel	DO220899	6	0.843297834242502	rloop_tss	ICGC_Melanoma	tss	rloop
total_long_indel	DO220900	0	0	rloop_tss	ICGC_Melanoma	tss	rloop
total_long_indel	DO220901	0	0	rloop_tss	ICGC_Melanoma	tss	rloop
total_long_indel	DO220902	0	0	rloop_tss	ICGC_Melanoma	tss	rloop
total_long_indel	DO220903	1	0.140549639040417	rloop_tss	ICGC_Melanoma	tss	rloop
total_long_indel	DO220904	0	0	rloop_tss	ICGC_Melanoma	tss	rloop
total_long_indel	DO220905	2	0.281099278080834	rloop_tss	ICGC_Melanoma	tss	rloop
total_long_indel	DO220906	3	0.421648917121251	rloop_tss	ICGC_Melanoma	tss	rloop
total_long_indel	DO220907	2	0.281099278080834	rloop_tss	ICGC_Melanoma	tss	rloop
total_long_indel	DO220908	0	0	rloop_tss	ICGC_Melanoma	tss	rloop
total_long_indel	DO220909	1	0.140549639040417	rloop_tss	ICGC_Melanoma	tss	rloop
total_long_indel	DO220910	0	0	rloop_tss	ICGC_Melanoma	tss	rloop
total_long_indel	DO220911	1	0.140549639040417	rloop_tss	ICGC_Melanoma	tss	rloop
total_long_indel	DO220912	1	0.140549639040417	rloop_tss	ICGC_Melanoma	tss	rloop
total_long_indel	DO220913	1	0.140549639040417	rloop_tss	ICGC_Melanoma	tss	rloop
total_Indel	DO220841	3	0.316177773271659	norloop_tss	ICGC_Melanoma	tss	norloop
total_Indel	DO220842	2	0.210785182181106	norloop_tss	ICGC_Melanoma	tss	norloop
total_Indel	DO220843	1	0.105392591090553	norloop_tss	ICGC_Melanoma	tss	norloop
total_Indel	DO220844	1	0.105392591090553	norloop_tss	ICGC_Melanoma	tss	norloop
total_Indel	DO220845	0	0	norloop_tss	ICGC_Melanoma	tss	norloop
total_Indel	DO220846	0	0	norloop_tss	ICGC_Melanoma	tss	norloop
total_Indel	DO220847	0	0	norloop_tss	ICGC_Melanoma	tss	norloop
total_Indel	DO220848	0	0	norloop_tss	ICGC_Melanoma	tss	norloop
total_Indel	DO220849	1	0.105392591090553	norloop_tss	ICGC_Melanoma	tss	norloop
total_Indel	DO220850	3	0.316177773271659	norloop_tss	ICGC_Melanoma	tss	norloop
total_Indel	DO220851	5	0.526962955452765	norloop_tss	ICGC_Melanoma	tss	norloop
total_Indel	DO220852	3	0.316177773271659	norloop_tss	ICGC_Melanoma	tss	norloop
total_Indel	DO220853	2	0.210785182181106	norloop_tss	ICGC_Melanoma	tss	norloop
total_Indel	DO220855	1	0.105392591090553	norloop_tss	ICGC_Melanoma	tss	norloop
total_Indel	DO220857	2	0.210785182181106	norloop_tss	ICGC_Melanoma	tss	norloop
total_Indel	DO220858	0	0	norloop_tss	ICGC_Melanoma	tss	norloop
total_Indel	DO220859	2	0.210785182181106	norloop_tss	ICGC_Melanoma	tss	norloop
total_Indel	DO220860	1	0.105392591090553	norloop_tss	ICGC_Melanoma	tss	norloop
total_Indel	DO220861	2	0.210785182181106	norloop_tss	ICGC_Melanoma	tss	norloop
total_Indel	DO220862	1	0.105392591090553	norloop_tss	ICGC_Melanoma	tss	norloop
total_Indel	DO220863	0	0	norloop_tss	ICGC_Melanoma	tss	norloop
total_Indel	DO220864	0	0	norloop_tss	ICGC_Melanoma	tss	norloop
total_Indel	DO220865	0	0	norloop_tss	ICGC_Melanoma	tss	norloop
total_Indel	DO220866	1	0.105392591090553	norloop_tss	ICGC_Melanoma	tss	norloop
total_Indel	DO220867	0	0	norloop_tss	ICGC_Melanoma	tss	norloop
total_Indel	DO220868	0	0	norloop_tss	ICGC_Melanoma	tss	norloop
total_Indel	DO220869	0	0	norloop_tss	ICGC_Melanoma	tss	norloop
total_Indel	DO220870	0	0	norloop_tss	ICGC_Melanoma	tss	norloop
total_Indel	DO220871	1	0.105392591090553	norloop_tss	ICGC_Melanoma	tss	norloop
total_Indel	DO220872	4	0.421570364362212	norloop_tss	ICGC_Melanoma	tss	norloop
total_Indel	DO220873	6	0.632355546543318	norloop_tss	ICGC_Melanoma	tss	norloop
total_Indel	DO220874	1	0.105392591090553	norloop_tss	ICGC_Melanoma	tss	norloop
total_Indel	DO220875	1	0.105392591090553	norloop_tss	ICGC_Melanoma	tss	norloop
total_Indel	DO220877	4	0.421570364362212	norloop_tss	ICGC_Melanoma	tss	norloop
total_Indel	DO220878	60	6.32355546543318	norloop_tss	ICGC_Melanoma	tss	norloop
total_Indel	DO220879	2	0.210785182181106	norloop_tss	ICGC_Melanoma	tss	norloop
total_Indel	DO220880	0	0	norloop_tss	ICGC_Melanoma	tss	norloop
total_Indel	DO220881	2	0.210785182181106	norloop_tss	ICGC_Melanoma	tss	norloop
total_Indel	DO220882	4	0.421570364362212	norloop_tss	ICGC_Melanoma	tss	norloop
total_Indel	DO220883	3	0.316177773271659	norloop_tss	ICGC_Melanoma	tss	norloop
total_Indel	DO220884	1	0.105392591090553	norloop_tss	ICGC_Melanoma	tss	norloop
total_Indel	DO220885	2	0.210785182181106	norloop_tss	ICGC_Melanoma	tss	norloop
total_Indel	DO220886	7	0.737748137633871	norloop_tss	ICGC_Melanoma	tss	norloop
total_Indel	DO220887	1	0.105392591090553	norloop_tss	ICGC_Melanoma	tss	norloop
total_Indel	DO220888	0	0	norloop_tss	ICGC_Melanoma	tss	norloop
total_Indel	DO220889	1	0.105392591090553	norloop_tss	ICGC_Melanoma	tss	norloop
total_Indel	DO220890	1	0.105392591090553	norloop_tss	ICGC_Melanoma	tss	norloop
total_Indel	DO220891	7	0.737748137633871	norloop_tss	ICGC_Melanoma	tss	norloop
total_Indel	DO220892	1	0.105392591090553	norloop_tss	ICGC_Melanoma	tss	norloop
total_Indel	DO220893	1	0.105392591090553	norloop_tss	ICGC_Melanoma	tss	norloop
total_Indel	DO220894	2	0.210785182181106	norloop_tss	ICGC_Melanoma	tss	norloop
total_Indel	DO220895	0	0	norloop_tss	ICGC_Melanoma	tss	norloop
total_Indel	DO220896	5	0.526962955452765	norloop_tss	ICGC_Melanoma	tss	norloop
total_Indel	DO220897	0	0	norloop_tss	ICGC_Melanoma	tss	norloop
total_Indel	DO220898	1	0.105392591090553	norloop_tss	ICGC_Melanoma	tss	norloop
total_Indel	DO220899	8	0.843140728724424	norloop_tss	ICGC_Melanoma	tss	norloop
total_Indel	DO220900	0	0	norloop_tss	ICGC_Melanoma	tss	norloop
total_Indel	DO220901	2	0.210785182181106	norloop_tss	ICGC_Melanoma	tss	norloop
total_Indel	DO220902	4	0.421570364362212	norloop_tss	ICGC_Melanoma	tss	norloop
total_Indel	DO220903	4	0.421570364362212	norloop_tss	ICGC_Melanoma	tss	norloop
total_Indel	DO220904	0	0	norloop_tss	ICGC_Melanoma	tss	norloop
total_Indel	DO220905	2	0.210785182181106	norloop_tss	ICGC_Melanoma	tss	norloop
total_Indel	DO220906	12	1.26471109308664	norloop_tss	ICGC_Melanoma	tss	norloop
total_Indel	DO220907	2	0.210785182181106	norloop_tss	ICGC_Melanoma	tss	norloop
total_Indel	DO220908	3	0.316177773271659	norloop_tss	ICGC_Melanoma	tss	norloop
total_Indel	DO220909	1	0.105392591090553	norloop_tss	ICGC_Melanoma	tss	norloop
total_Indel	DO220910	2	0.210785182181106	norloop_tss	ICGC_Melanoma	tss	norloop
total_Indel	DO220911	4	0.421570364362212	norloop_tss	ICGC_Melanoma	tss	norloop
total_Indel	DO220912	4	0.421570364362212	norloop_tss	ICGC_Melanoma	tss	norloop
total_Indel	DO220913	1	0.105392591090553	norloop_tss	ICGC_Melanoma	tss	norloop
total_long_simple_indel	DO220841	0	0	norloop_tss	ICGC_Melanoma	tss	norloop
total_long_simple_indel	DO220842	0	0	norloop_tss	ICGC_Melanoma	tss	norloop
total_long_simple_indel	DO220843	1	0.105392591090553	norloop_tss	ICGC_Melanoma	tss	norloop
total_long_simple_indel	DO220844	0	0	norloop_tss	ICGC_Melanoma	tss	norloop
total_long_simple_indel	DO220845	0	0	norloop_tss	ICGC_Melanoma	tss	norloop
total_long_simple_indel	DO220846	0	0	norloop_tss	ICGC_Melanoma	tss	norloop
total_long_simple_indel	DO220847	0	0	norloop_tss	ICGC_Melanoma	tss	norloop
total_long_simple_indel	DO220848	0	0	norloop_tss	ICGC_Melanoma	tss	norloop
total_long_simple_indel	DO220849	0	0	norloop_tss	ICGC_Melanoma	tss	norloop
total_long_simple_indel	DO220850	0	0	norloop_tss	ICGC_Melanoma	tss	norloop
total_long_simple_indel	DO220851	0	0	norloop_tss	ICGC_Melanoma	tss	norloop
total_long_simple_indel	DO220852	2	0.210785182181106	norloop_tss	ICGC_Melanoma	tss	norloop
total_long_simple_indel	DO220853	0	0	norloop_tss	ICGC_Melanoma	tss	norloop
total_long_simple_indel	DO220855	0	0	norloop_tss	ICGC_Melanoma	tss	norloop
total_long_simple_indel	DO220857	1	0.105392591090553	norloop_tss	ICGC_Melanoma	tss	norloop
total_long_simple_indel	DO220858	0	0	norloop_tss	ICGC_Melanoma	tss	norloop
total_long_simple_indel	DO220859	0	0	norloop_tss	ICGC_Melanoma	tss	norloop
total_long_simple_indel	DO220860	0	0	norloop_tss	ICGC_Melanoma	tss	norloop
total_long_simple_indel	DO220861	0	0	norloop_tss	ICGC_Melanoma	tss	norloop
total_long_simple_indel	DO220862	0	0	norloop_tss	ICGC_Melanoma	tss	norloop
total_long_simple_indel	DO220863	0	0	norloop_tss	ICGC_Melanoma	tss	norloop
total_long_simple_indel	DO220864	0	0	norloop_tss	ICGC_Melanoma	tss	norloop
total_long_simple_indel	DO220865	0	0	norloop_tss	ICGC_Melanoma	tss	norloop
total_long_simple_indel	DO220866	0	0	norloop_tss	ICGC_Melanoma	tss	norloop
total_long_simple_indel	DO220867	0	0	norloop_tss	ICGC_Melanoma	tss	norloop
total_long_simple_indel	DO220868	0	0	norloop_tss	ICGC_Melanoma	tss	norloop
total_long_simple_indel	DO220869	0	0	norloop_tss	ICGC_Melanoma	tss	norloop
total_long_simple_indel	DO220870	0	0	norloop_tss	ICGC_Melanoma	tss	norloop
total_long_simple_indel	DO220871	1	0.105392591090553	norloop_tss	ICGC_Melanoma	tss	norloop
total_long_simple_indel	DO220872	2	0.210785182181106	norloop_tss	ICGC_Melanoma	tss	norloop
total_long_simple_indel	DO220873	4	0.421570364362212	norloop_tss	ICGC_Melanoma	tss	norloop
total_long_simple_indel	DO220874	0	0	norloop_tss	ICGC_Melanoma	tss	norloop
total_long_simple_indel	DO220875	0	0	norloop_tss	ICGC_Melanoma	tss	norloop
total_long_simple_indel	DO220877	1	0.105392591090553	norloop_tss	ICGC_Melanoma	tss	norloop
total_long_simple_indel	DO220878	11	1.15931850199608	norloop_tss	ICGC_Melanoma	tss	norloop
total_long_simple_indel	DO220879	0	0	norloop_tss	ICGC_Melanoma	tss	norloop
total_long_simple_indel	DO220880	0	0	norloop_tss	ICGC_Melanoma	tss	norloop
total_long_simple_indel	DO220881	0	0	norloop_tss	ICGC_Melanoma	tss	norloop
total_long_simple_indel	DO220882	0	0	norloop_tss	ICGC_Melanoma	tss	norloop
total_long_simple_indel	DO220883	0	0	norloop_tss	ICGC_Melanoma	tss	norloop
total_long_simple_indel	DO220884	0	0	norloop_tss	ICGC_Melanoma	tss	norloop
total_long_simple_indel	DO220885	0	0	norloop_tss	ICGC_Melanoma	tss	norloop
total_long_simple_indel	DO220886	0	0	norloop_tss	ICGC_Melanoma	tss	norloop
total_long_simple_indel	DO220887	0	0	norloop_tss	ICGC_Melanoma	tss	norloop
total_long_simple_indel	DO220888	0	0	norloop_tss	ICGC_Melanoma	tss	norloop
total_long_simple_indel	DO220889	0	0	norloop_tss	ICGC_Melanoma	tss	norloop
total_long_simple_indel	DO220890	0	0	norloop_tss	ICGC_Melanoma	tss	norloop
total_long_simple_indel	DO220891	1	0.105392591090553	norloop_tss	ICGC_Melanoma	tss	norloop
total_long_simple_indel	DO220892	0	0	norloop_tss	ICGC_Melanoma	tss	norloop
total_long_simple_indel	DO220893	0	0	norloop_tss	ICGC_Melanoma	tss	norloop
total_long_simple_indel	DO220894	0	0	norloop_tss	ICGC_Melanoma	tss	norloop
total_long_simple_indel	DO220895	0	0	norloop_tss	ICGC_Melanoma	tss	norloop
total_long_simple_indel	DO220896	2	0.210785182181106	norloop_tss	ICGC_Melanoma	tss	norloop
total_long_simple_indel	DO220897	0	0	norloop_tss	ICGC_Melanoma	tss	norloop
total_long_simple_indel	DO220898	0	0	norloop_tss	ICGC_Melanoma	tss	norloop
total_long_simple_indel	DO220899	2	0.210785182181106	norloop_tss	ICGC_Melanoma	tss	norloop
total_long_simple_indel	DO220900	0	0	norloop_tss	ICGC_Melanoma	tss	norloop
total_long_simple_indel	DO220901	0	0	norloop_tss	ICGC_Melanoma	tss	norloop
total_long_simple_indel	DO220902	0	0	norloop_tss	ICGC_Melanoma	tss	norloop
total_long_simple_indel	DO220903	1	0.105392591090553	norloop_tss	ICGC_Melanoma	tss	norloop
total_long_simple_indel	DO220904	0	0	norloop_tss	ICGC_Melanoma	tss	norloop
total_long_simple_indel	DO220905	0	0	norloop_tss	ICGC_Melanoma	tss	norloop
total_long_simple_indel	DO220906	1	0.105392591090553	norloop_tss	ICGC_Melanoma	tss	norloop
total_long_simple_indel	DO220907	1	0.105392591090553	norloop_tss	ICGC_Melanoma	tss	norloop
total_long_simple_indel	DO220908	0	0	norloop_tss	ICGC_Melanoma	tss	norloop
total_long_simple_indel	DO220909	0	0	norloop_tss	ICGC_Melanoma	tss	norloop
total_long_simple_indel	DO220910	0	0	norloop_tss	ICGC_Melanoma	tss	norloop
total_long_simple_indel	DO220911	2	0.210785182181106	norloop_tss	ICGC_Melanoma	tss	norloop
total_long_simple_indel	DO220912	1	0.105392591090553	norloop_tss	ICGC_Melanoma	tss	norloop
total_long_simple_indel	DO220913	0	0	norloop_tss	ICGC_Melanoma	tss	norloop
total_long_indel	DO220841	1	0.105392591090553	norloop_tss	ICGC_Melanoma	tss	norloop
total_long_indel	DO220842	0	0	norloop_tss	ICGC_Melanoma	tss	norloop
total_long_indel	DO220843	1	0.105392591090553	norloop_tss	ICGC_Melanoma	tss	norloop
total_long_indel	DO220844	0	0	norloop_tss	ICGC_Melanoma	tss	norloop
total_long_indel	DO220845	0	0	norloop_tss	ICGC_Melanoma	tss	norloop
total_long_indel	DO220846	0	0	norloop_tss	ICGC_Melanoma	tss	norloop
total_long_indel	DO220847	0	0	norloop_tss	ICGC_Melanoma	tss	norloop
total_long_indel	DO220848	0	0	norloop_tss	ICGC_Melanoma	tss	norloop
total_long_indel	DO220849	0	0	norloop_tss	ICGC_Melanoma	tss	norloop
total_long_indel	DO220850	1	0.105392591090553	norloop_tss	ICGC_Melanoma	tss	norloop
total_long_indel	DO220851	0	0	norloop_tss	ICGC_Melanoma	tss	norloop
total_long_indel	DO220852	2	0.210785182181106	norloop_tss	ICGC_Melanoma	tss	norloop
total_long_indel	DO220853	0	0	norloop_tss	ICGC_Melanoma	tss	norloop
total_long_indel	DO220855	0	0	norloop_tss	ICGC_Melanoma	tss	norloop
total_long_indel	DO220857	1	0.105392591090553	norloop_tss	ICGC_Melanoma	tss	norloop
total_long_indel	DO220858	0	0	norloop_tss	ICGC_Melanoma	tss	norloop
total_long_indel	DO220859	0	0	norloop_tss	ICGC_Melanoma	tss	norloop
total_long_indel	DO220860	0	0	norloop_tss	ICGC_Melanoma	tss	norloop
total_long_indel	DO220861	1	0.105392591090553	norloop_tss	ICGC_Melanoma	tss	norloop
total_long_indel	DO220862	1	0.105392591090553	norloop_tss	ICGC_Melanoma	tss	norloop
total_long_indel	DO220863	0	0	norloop_tss	ICGC_Melanoma	tss	norloop
total_long_indel	DO220864	0	0	norloop_tss	ICGC_Melanoma	tss	norloop
total_long_indel	DO220865	0	0	norloop_tss	ICGC_Melanoma	tss	norloop
total_long_indel	DO220866	0	0	norloop_tss	ICGC_Melanoma	tss	norloop
total_long_indel	DO220867	0	0	norloop_tss	ICGC_Melanoma	tss	norloop
total_long_indel	DO220868	0	0	norloop_tss	ICGC_Melanoma	tss	norloop
total_long_indel	DO220869	0	0	norloop_tss	ICGC_Melanoma	tss	norloop
total_long_indel	DO220870	0	0	norloop_tss	ICGC_Melanoma	tss	norloop
total_long_indel	DO220871	1	0.105392591090553	norloop_tss	ICGC_Melanoma	tss	norloop
total_long_indel	DO220872	2	0.210785182181106	norloop_tss	ICGC_Melanoma	tss	norloop
total_long_indel	DO220873	4	0.421570364362212	norloop_tss	ICGC_Melanoma	tss	norloop
total_long_indel	DO220874	1	0.105392591090553	norloop_tss	ICGC_Melanoma	tss	norloop
total_long_indel	DO220875	1	0.105392591090553	norloop_tss	ICGC_Melanoma	tss	norloop
total_long_indel	DO220877	1	0.105392591090553	norloop_tss	ICGC_Melanoma	tss	norloop
total_long_indel	DO220878	13	1.37010368417719	norloop_tss	ICGC_Melanoma	tss	norloop
total_long_indel	DO220879	0	0	norloop_tss	ICGC_Melanoma	tss	norloop
total_long_indel	DO220880	0	0	norloop_tss	ICGC_Melanoma	tss	norloop
total_long_indel	DO220881	0	0	norloop_tss	ICGC_Melanoma	tss	norloop
total_long_indel	DO220882	2	0.210785182181106	norloop_tss	ICGC_Melanoma	tss	norloop
total_long_indel	DO220883	2	0.210785182181106	norloop_tss	ICGC_Melanoma	tss	norloop
total_long_indel	DO220884	0	0	norloop_tss	ICGC_Melanoma	tss	norloop
total_long_indel	DO220885	0	0	norloop_tss	ICGC_Melanoma	tss	norloop
total_long_indel	DO220886	2	0.210785182181106	norloop_tss	ICGC_Melanoma	tss	norloop
total_long_indel	DO220887	0	0	norloop_tss	ICGC_Melanoma	tss	norloop
total_long_indel	DO220888	0	0	norloop_tss	ICGC_Melanoma	tss	norloop
total_long_indel	DO220889	1	0.105392591090553	norloop_tss	ICGC_Melanoma	tss	norloop
total_long_indel	DO220890	1	0.105392591090553	norloop_tss	ICGC_Melanoma	tss	norloop
total_long_indel	DO220891	4	0.421570364362212	norloop_tss	ICGC_Melanoma	tss	norloop
total_long_indel	DO220892	0	0	norloop_tss	ICGC_Melanoma	tss	norloop
total_long_indel	DO220893	0	0	norloop_tss	ICGC_Melanoma	tss	norloop
total_long_indel	DO220894	0	0	norloop_tss	ICGC_Melanoma	tss	norloop
total_long_indel	DO220895	0	0	norloop_tss	ICGC_Melanoma	tss	norloop
total_long_indel	DO220896	2	0.210785182181106	norloop_tss	ICGC_Melanoma	tss	norloop
total_long_indel	DO220897	0	0	norloop_tss	ICGC_Melanoma	tss	norloop
total_long_indel	DO220898	0	0	norloop_tss	ICGC_Melanoma	tss	norloop
total_long_indel	DO220899	3	0.316177773271659	norloop_tss	ICGC_Melanoma	tss	norloop
total_long_indel	DO220900	0	0	norloop_tss	ICGC_Melanoma	tss	norloop
total_long_indel	DO220901	0	0	norloop_tss	ICGC_Melanoma	tss	norloop
total_long_indel	DO220902	0	0	norloop_tss	ICGC_Melanoma	tss	norloop
total_long_indel	DO220903	2	0.210785182181106	norloop_tss	ICGC_Melanoma	tss	norloop
total_long_indel	DO220904	0	0	norloop_tss	ICGC_Melanoma	tss	norloop
total_long_indel	DO220905	0	0	norloop_tss	ICGC_Melanoma	tss	norloop
total_long_indel	DO220906	3	0.316177773271659	norloop_tss	ICGC_Melanoma	tss	norloop
total_long_indel	DO220907	1	0.105392591090553	norloop_tss	ICGC_Melanoma	tss	norloop
total_long_indel	DO220908	3	0.316177773271659	norloop_tss	ICGC_Melanoma	tss	norloop
total_long_indel	DO220909	0	0	norloop_tss	ICGC_Melanoma	tss	norloop
total_long_indel	DO220910	2	0.210785182181106	norloop_tss	ICGC_Melanoma	tss	norloop
total_long_indel	DO220911	3	0.316177773271659	norloop_tss	ICGC_Melanoma	tss	norloop
total_long_indel	DO220912	1	0.105392591090553	norloop_tss	ICGC_Melanoma	tss	norloop
total_long_indel	DO220913	0	0	norloop_tss	ICGC_Melanoma	tss	norloop
total_Indel	DO220841	1	0.114000309624841	rloop_tts	ICGC_Melanoma	tts	rloop
total_Indel	DO220842	1	0.114000309624841	rloop_tts	ICGC_Melanoma	tts	rloop
total_Indel	DO220843	3	0.342000928874523	rloop_tts	ICGC_Melanoma	tts	rloop
total_Indel	DO220844	1	0.114000309624841	rloop_tts	ICGC_Melanoma	tts	rloop
total_Indel	DO220845	0	0	rloop_tts	ICGC_Melanoma	tts	rloop
total_Indel	DO220846	1	0.114000309624841	rloop_tts	ICGC_Melanoma	tts	rloop
total_Indel	DO220847	0	0	rloop_tts	ICGC_Melanoma	tts	rloop
total_Indel	DO220848	0	0	rloop_tts	ICGC_Melanoma	tts	rloop
total_Indel	DO220849	0	0	rloop_tts	ICGC_Melanoma	tts	rloop
total_Indel	DO220850	1	0.114000309624841	rloop_tts	ICGC_Melanoma	tts	rloop
total_Indel	DO220851	13	1.48200402512293	rloop_tts	ICGC_Melanoma	tts	rloop
total_Indel	DO220852	2	0.228000619249682	rloop_tts	ICGC_Melanoma	tts	rloop
total_Indel	DO220853	3	0.342000928874523	rloop_tts	ICGC_Melanoma	tts	rloop
total_Indel	DO220855	3	0.342000928874523	rloop_tts	ICGC_Melanoma	tts	rloop
total_Indel	DO220857	5	0.570001548124205	rloop_tts	ICGC_Melanoma	tts	rloop
total_Indel	DO220858	0	0	rloop_tts	ICGC_Melanoma	tts	rloop
total_Indel	DO220859	0	0	rloop_tts	ICGC_Melanoma	tts	rloop
total_Indel	DO220860	2	0.228000619249682	rloop_tts	ICGC_Melanoma	tts	rloop
total_Indel	DO220861	0	0	rloop_tts	ICGC_Melanoma	tts	rloop
total_Indel	DO220862	0	0	rloop_tts	ICGC_Melanoma	tts	rloop
total_Indel	DO220863	0	0	rloop_tts	ICGC_Melanoma	tts	rloop
total_Indel	DO220864	2	0.228000619249682	rloop_tts	ICGC_Melanoma	tts	rloop
total_Indel	DO220865	0	0	rloop_tts	ICGC_Melanoma	tts	rloop
total_Indel	DO220866	1	0.114000309624841	rloop_tts	ICGC_Melanoma	tts	rloop
total_Indel	DO220867	0	0	rloop_tts	ICGC_Melanoma	tts	rloop
total_Indel	DO220868	1	0.114000309624841	rloop_tts	ICGC_Melanoma	tts	rloop
total_Indel	DO220869	0	0	rloop_tts	ICGC_Melanoma	tts	rloop
total_Indel	DO220870	1	0.114000309624841	rloop_tts	ICGC_Melanoma	tts	rloop
total_Indel	DO220871	1	0.114000309624841	rloop_tts	ICGC_Melanoma	tts	rloop
total_Indel	DO220872	6	0.684001857749046	rloop_tts	ICGC_Melanoma	tts	rloop
total_Indel	DO220873	7	0.798002167373887	rloop_tts	ICGC_Melanoma	tts	rloop
total_Indel	DO220874	1	0.114000309624841	rloop_tts	ICGC_Melanoma	tts	rloop
total_Indel	DO220875	3	0.342000928874523	rloop_tts	ICGC_Melanoma	tts	rloop
total_Indel	DO220877	4	0.456001238499364	rloop_tts	ICGC_Melanoma	tts	rloop
total_Indel	DO220878	50	5.70001548124205	rloop_tts	ICGC_Melanoma	tts	rloop
total_Indel	DO220879	5	0.570001548124205	rloop_tts	ICGC_Melanoma	tts	rloop
total_Indel	DO220880	0	0	rloop_tts	ICGC_Melanoma	tts	rloop
total_Indel	DO220881	1	0.114000309624841	rloop_tts	ICGC_Melanoma	tts	rloop
total_Indel	DO220882	6	0.684001857749046	rloop_tts	ICGC_Melanoma	tts	rloop
total_Indel	DO220883	3	0.342000928874523	rloop_tts	ICGC_Melanoma	tts	rloop
total_Indel	DO220884	2	0.228000619249682	rloop_tts	ICGC_Melanoma	tts	rloop
total_Indel	DO220885	1	0.114000309624841	rloop_tts	ICGC_Melanoma	tts	rloop
total_Indel	DO220886	15	1.71000464437261	rloop_tts	ICGC_Melanoma	tts	rloop
total_Indel	DO220887	2	0.228000619249682	rloop_tts	ICGC_Melanoma	tts	rloop
total_Indel	DO220888	1	0.114000309624841	rloop_tts	ICGC_Melanoma	tts	rloop
total_Indel	DO220889	0	0	rloop_tts	ICGC_Melanoma	tts	rloop
total_Indel	DO220890	5	0.570001548124205	rloop_tts	ICGC_Melanoma	tts	rloop
total_Indel	DO220891	3	0.342000928874523	rloop_tts	ICGC_Melanoma	tts	rloop
total_Indel	DO220892	0	0	rloop_tts	ICGC_Melanoma	tts	rloop
total_Indel	DO220893	4	0.456001238499364	rloop_tts	ICGC_Melanoma	tts	rloop
total_Indel	DO220894	1	0.114000309624841	rloop_tts	ICGC_Melanoma	tts	rloop
total_Indel	DO220895	0	0	rloop_tts	ICGC_Melanoma	tts	rloop
total_Indel	DO220896	2	0.228000619249682	rloop_tts	ICGC_Melanoma	tts	rloop
total_Indel	DO220897	0	0	rloop_tts	ICGC_Melanoma	tts	rloop
total_Indel	DO220898	0	0	rloop_tts	ICGC_Melanoma	tts	rloop
total_Indel	DO220899	3	0.342000928874523	rloop_tts	ICGC_Melanoma	tts	rloop
total_Indel	DO220900	1	0.114000309624841	rloop_tts	ICGC_Melanoma	tts	rloop
total_Indel	DO220901	2	0.228000619249682	rloop_tts	ICGC_Melanoma	tts	rloop
total_Indel	DO220902	5	0.570001548124205	rloop_tts	ICGC_Melanoma	tts	rloop
total_Indel	DO220903	2	0.228000619249682	rloop_tts	ICGC_Melanoma	tts	rloop
total_Indel	DO220904	3	0.342000928874523	rloop_tts	ICGC_Melanoma	tts	rloop
total_Indel	DO220905	1	0.114000309624841	rloop_tts	ICGC_Melanoma	tts	rloop
total_Indel	DO220906	6	0.684001857749046	rloop_tts	ICGC_Melanoma	tts	rloop
total_Indel	DO220907	1	0.114000309624841	rloop_tts	ICGC_Melanoma	tts	rloop
total_Indel	DO220908	0	0	rloop_tts	ICGC_Melanoma	tts	rloop
total_Indel	DO220909	1	0.114000309624841	rloop_tts	ICGC_Melanoma	tts	rloop
total_Indel	DO220910	1	0.114000309624841	rloop_tts	ICGC_Melanoma	tts	rloop
total_Indel	DO220911	5	0.570001548124205	rloop_tts	ICGC_Melanoma	tts	rloop
total_Indel	DO220912	0	0	rloop_tts	ICGC_Melanoma	tts	rloop
total_Indel	DO220913	2	0.228000619249682	rloop_tts	ICGC_Melanoma	tts	rloop
total_long_simple_indel	DO220841	1	0.114000309624841	rloop_tts	ICGC_Melanoma	tts	rloop
total_long_simple_indel	DO220842	0	0	rloop_tts	ICGC_Melanoma	tts	rloop
total_long_simple_indel	DO220843	1	0.114000309624841	rloop_tts	ICGC_Melanoma	tts	rloop
total_long_simple_indel	DO220844	0	0	rloop_tts	ICGC_Melanoma	tts	rloop
total_long_simple_indel	DO220845	0	0	rloop_tts	ICGC_Melanoma	tts	rloop
total_long_simple_indel	DO220846	0	0	rloop_tts	ICGC_Melanoma	tts	rloop
total_long_simple_indel	DO220847	0	0	rloop_tts	ICGC_Melanoma	tts	rloop
total_long_simple_indel	DO220848	0	0	rloop_tts	ICGC_Melanoma	tts	rloop
total_long_simple_indel	DO220849	0	0	rloop_tts	ICGC_Melanoma	tts	rloop
total_long_simple_indel	DO220850	1	0.114000309624841	rloop_tts	ICGC_Melanoma	tts	rloop
total_long_simple_indel	DO220851	4	0.456001238499364	rloop_tts	ICGC_Melanoma	tts	rloop
total_long_simple_indel	DO220852	1	0.114000309624841	rloop_tts	ICGC_Melanoma	tts	rloop
total_long_simple_indel	DO220853	1	0.114000309624841	rloop_tts	ICGC_Melanoma	tts	rloop
total_long_simple_indel	DO220855	2	0.228000619249682	rloop_tts	ICGC_Melanoma	tts	rloop
total_long_simple_indel	DO220857	2	0.228000619249682	rloop_tts	ICGC_Melanoma	tts	rloop
total_long_simple_indel	DO220858	0	0	rloop_tts	ICGC_Melanoma	tts	rloop
total_long_simple_indel	DO220859	0	0	rloop_tts	ICGC_Melanoma	tts	rloop
total_long_simple_indel	DO220860	0	0	rloop_tts	ICGC_Melanoma	tts	rloop
total_long_simple_indel	DO220861	0	0	rloop_tts	ICGC_Melanoma	tts	rloop
total_long_simple_indel	DO220862	0	0	rloop_tts	ICGC_Melanoma	tts	rloop
total_long_simple_indel	DO220863	0	0	rloop_tts	ICGC_Melanoma	tts	rloop
total_long_simple_indel	DO220864	0	0	rloop_tts	ICGC_Melanoma	tts	rloop
total_long_simple_indel	DO220865	0	0	rloop_tts	ICGC_Melanoma	tts	rloop
total_long_simple_indel	DO220866	0	0	rloop_tts	ICGC_Melanoma	tts	rloop
total_long_simple_indel	DO220867	0	0	rloop_tts	ICGC_Melanoma	tts	rloop
total_long_simple_indel	DO220868	0	0	rloop_tts	ICGC_Melanoma	tts	rloop
total_long_simple_indel	DO220869	0	0	rloop_tts	ICGC_Melanoma	tts	rloop
total_long_simple_indel	DO220870	0	0	rloop_tts	ICGC_Melanoma	tts	rloop
total_long_simple_indel	DO220871	0	0	rloop_tts	ICGC_Melanoma	tts	rloop
total_long_simple_indel	DO220872	2	0.228000619249682	rloop_tts	ICGC_Melanoma	tts	rloop
total_long_simple_indel	DO220873	4	0.456001238499364	rloop_tts	ICGC_Melanoma	tts	rloop
total_long_simple_indel	DO220874	0	0	rloop_tts	ICGC_Melanoma	tts	rloop
total_long_simple_indel	DO220875	1	0.114000309624841	rloop_tts	ICGC_Melanoma	tts	rloop
total_long_simple_indel	DO220877	2	0.228000619249682	rloop_tts	ICGC_Melanoma	tts	rloop
total_long_simple_indel	DO220878	6	0.684001857749046	rloop_tts	ICGC_Melanoma	tts	rloop
total_long_simple_indel	DO220879	0	0	rloop_tts	ICGC_Melanoma	tts	rloop
total_long_simple_indel	DO220880	0	0	rloop_tts	ICGC_Melanoma	tts	rloop
total_long_simple_indel	DO220881	0	0	rloop_tts	ICGC_Melanoma	tts	rloop
total_long_simple_indel	DO220882	2	0.228000619249682	rloop_tts	ICGC_Melanoma	tts	rloop
total_long_simple_indel	DO220883	0	0	rloop_tts	ICGC_Melanoma	tts	rloop
total_long_simple_indel	DO220884	0	0	rloop_tts	ICGC_Melanoma	tts	rloop
total_long_simple_indel	DO220885	0	0	rloop_tts	ICGC_Melanoma	tts	rloop
total_long_simple_indel	DO220886	5	0.570001548124205	rloop_tts	ICGC_Melanoma	tts	rloop
total_long_simple_indel	DO220887	1	0.114000309624841	rloop_tts	ICGC_Melanoma	tts	rloop
total_long_simple_indel	DO220888	0	0	rloop_tts	ICGC_Melanoma	tts	rloop
total_long_simple_indel	DO220889	0	0	rloop_tts	ICGC_Melanoma	tts	rloop
total_long_simple_indel	DO220890	2	0.228000619249682	rloop_tts	ICGC_Melanoma	tts	rloop
total_long_simple_indel	DO220891	1	0.114000309624841	rloop_tts	ICGC_Melanoma	tts	rloop
total_long_simple_indel	DO220892	0	0	rloop_tts	ICGC_Melanoma	tts	rloop
total_long_simple_indel	DO220893	0	0	rloop_tts	ICGC_Melanoma	tts	rloop
total_long_simple_indel	DO220894	0	0	rloop_tts	ICGC_Melanoma	tts	rloop
total_long_simple_indel	DO220895	0	0	rloop_tts	ICGC_Melanoma	tts	rloop
total_long_simple_indel	DO220896	2	0.228000619249682	rloop_tts	ICGC_Melanoma	tts	rloop
total_long_simple_indel	DO220897	0	0	rloop_tts	ICGC_Melanoma	tts	rloop
total_long_simple_indel	DO220898	0	0	rloop_tts	ICGC_Melanoma	tts	rloop
total_long_simple_indel	DO220899	0	0	rloop_tts	ICGC_Melanoma	tts	rloop
total_long_simple_indel	DO220900	0	0	rloop_tts	ICGC_Melanoma	tts	rloop
total_long_simple_indel	DO220901	0	0	rloop_tts	ICGC_Melanoma	tts	rloop
total_long_simple_indel	DO220902	2	0.228000619249682	rloop_tts	ICGC_Melanoma	tts	rloop
total_long_simple_indel	DO220903	1	0.114000309624841	rloop_tts	ICGC_Melanoma	tts	rloop
total_long_simple_indel	DO220904	3	0.342000928874523	rloop_tts	ICGC_Melanoma	tts	rloop
total_long_simple_indel	DO220905	1	0.114000309624841	rloop_tts	ICGC_Melanoma	tts	rloop
total_long_simple_indel	DO220906	0	0	rloop_tts	ICGC_Melanoma	tts	rloop
total_long_simple_indel	DO220907	0	0	rloop_tts	ICGC_Melanoma	tts	rloop
total_long_simple_indel	DO220908	0	0	rloop_tts	ICGC_Melanoma	tts	rloop
total_long_simple_indel	DO220909	1	0.114000309624841	rloop_tts	ICGC_Melanoma	tts	rloop
total_long_simple_indel	DO220910	0	0	rloop_tts	ICGC_Melanoma	tts	rloop
total_long_simple_indel	DO220911	2	0.228000619249682	rloop_tts	ICGC_Melanoma	tts	rloop
total_long_simple_indel	DO220912	0	0	rloop_tts	ICGC_Melanoma	tts	rloop
total_long_simple_indel	DO220913	1	0.114000309624841	rloop_tts	ICGC_Melanoma	tts	rloop
total_long_indel	DO220841	1	0.114000309624841	rloop_tts	ICGC_Melanoma	tts	rloop
total_long_indel	DO220842	0	0	rloop_tts	ICGC_Melanoma	tts	rloop
total_long_indel	DO220843	1	0.114000309624841	rloop_tts	ICGC_Melanoma	tts	rloop
total_long_indel	DO220844	0	0	rloop_tts	ICGC_Melanoma	tts	rloop
total_long_indel	DO220845	0	0	rloop_tts	ICGC_Melanoma	tts	rloop
total_long_indel	DO220846	1	0.114000309624841	rloop_tts	ICGC_Melanoma	tts	rloop
total_long_indel	DO220847	0	0	rloop_tts	ICGC_Melanoma	tts	rloop
total_long_indel	DO220848	0	0	rloop_tts	ICGC_Melanoma	tts	rloop
total_long_indel	DO220849	0	0	rloop_tts	ICGC_Melanoma	tts	rloop
total_long_indel	DO220850	1	0.114000309624841	rloop_tts	ICGC_Melanoma	tts	rloop
total_long_indel	DO220851	9	1.02600278662357	rloop_tts	ICGC_Melanoma	tts	rloop
total_long_indel	DO220852	1	0.114000309624841	rloop_tts	ICGC_Melanoma	tts	rloop
total_long_indel	DO220853	1	0.114000309624841	rloop_tts	ICGC_Melanoma	tts	rloop
total_long_indel	DO220855	2	0.228000619249682	rloop_tts	ICGC_Melanoma	tts	rloop
total_long_indel	DO220857	3	0.342000928874523	rloop_tts	ICGC_Melanoma	tts	rloop
total_long_indel	DO220858	0	0	rloop_tts	ICGC_Melanoma	tts	rloop
total_long_indel	DO220859	0	0	rloop_tts	ICGC_Melanoma	tts	rloop
total_long_indel	DO220860	0	0	rloop_tts	ICGC_Melanoma	tts	rloop
total_long_indel	DO220861	0	0	rloop_tts	ICGC_Melanoma	tts	rloop
total_long_indel	DO220862	0	0	rloop_tts	ICGC_Melanoma	tts	rloop
total_long_indel	DO220863	0	0	rloop_tts	ICGC_Melanoma	tts	rloop
total_long_indel	DO220864	1	0.114000309624841	rloop_tts	ICGC_Melanoma	tts	rloop
total_long_indel	DO220865	0	0	rloop_tts	ICGC_Melanoma	tts	rloop
total_long_indel	DO220866	0	0	rloop_tts	ICGC_Melanoma	tts	rloop
total_long_indel	DO220867	0	0	rloop_tts	ICGC_Melanoma	tts	rloop
total_long_indel	DO220868	0	0	rloop_tts	ICGC_Melanoma	tts	rloop
total_long_indel	DO220869	0	0	rloop_tts	ICGC_Melanoma	tts	rloop
total_long_indel	DO220870	0	0	rloop_tts	ICGC_Melanoma	tts	rloop
total_long_indel	DO220871	0	0	rloop_tts	ICGC_Melanoma	tts	rloop
total_long_indel	DO220872	2	0.228000619249682	rloop_tts	ICGC_Melanoma	tts	rloop
total_long_indel	DO220873	6	0.684001857749046	rloop_tts	ICGC_Melanoma	tts	rloop
total_long_indel	DO220874	0	0	rloop_tts	ICGC_Melanoma	tts	rloop
total_long_indel	DO220875	3	0.342000928874523	rloop_tts	ICGC_Melanoma	tts	rloop
total_long_indel	DO220877	3	0.342000928874523	rloop_tts	ICGC_Melanoma	tts	rloop
total_long_indel	DO220878	7	0.798002167373887	rloop_tts	ICGC_Melanoma	tts	rloop
total_long_indel	DO220879	2	0.228000619249682	rloop_tts	ICGC_Melanoma	tts	rloop
total_long_indel	DO220880	0	0	rloop_tts	ICGC_Melanoma	tts	rloop
total_long_indel	DO220881	0	0	rloop_tts	ICGC_Melanoma	tts	rloop
total_long_indel	DO220882	3	0.342000928874523	rloop_tts	ICGC_Melanoma	tts	rloop
total_long_indel	DO220883	1	0.114000309624841	rloop_tts	ICGC_Melanoma	tts	rloop
total_long_indel	DO220884	0	0	rloop_tts	ICGC_Melanoma	tts	rloop
total_long_indel	DO220885	0	0	rloop_tts	ICGC_Melanoma	tts	rloop
total_long_indel	DO220886	6	0.684001857749046	rloop_tts	ICGC_Melanoma	tts	rloop
total_long_indel	DO220887	1	0.114000309624841	rloop_tts	ICGC_Melanoma	tts	rloop
total_long_indel	DO220888	0	0	rloop_tts	ICGC_Melanoma	tts	rloop
total_long_indel	DO220889	0	0	rloop_tts	ICGC_Melanoma	tts	rloop
total_long_indel	DO220890	3	0.342000928874523	rloop_tts	ICGC_Melanoma	tts	rloop
total_long_indel	DO220891	2	0.228000619249682	rloop_tts	ICGC_Melanoma	tts	rloop
total_long_indel	DO220892	0	0	rloop_tts	ICGC_Melanoma	tts	rloop
total_long_indel	DO220893	4	0.456001238499364	rloop_tts	ICGC_Melanoma	tts	rloop
total_long_indel	DO220894	0	0	rloop_tts	ICGC_Melanoma	tts	rloop
total_long_indel	DO220895	0	0	rloop_tts	ICGC_Melanoma	tts	rloop
total_long_indel	DO220896	2	0.228000619249682	rloop_tts	ICGC_Melanoma	tts	rloop
total_long_indel	DO220897	0	0	rloop_tts	ICGC_Melanoma	tts	rloop
total_long_indel	DO220898	0	0	rloop_tts	ICGC_Melanoma	tts	rloop
total_long_indel	DO220899	2	0.228000619249682	rloop_tts	ICGC_Melanoma	tts	rloop
total_long_indel	DO220900	0	0	rloop_tts	ICGC_Melanoma	tts	rloop
total_long_indel	DO220901	1	0.114000309624841	rloop_tts	ICGC_Melanoma	tts	rloop
total_long_indel	DO220902	2	0.228000619249682	rloop_tts	ICGC_Melanoma	tts	rloop
total_long_indel	DO220903	1	0.114000309624841	rloop_tts	ICGC_Melanoma	tts	rloop
total_long_indel	DO220904	3	0.342000928874523	rloop_tts	ICGC_Melanoma	tts	rloop
total_long_indel	DO220905	1	0.114000309624841	rloop_tts	ICGC_Melanoma	tts	rloop
total_long_indel	DO220906	3	0.342000928874523	rloop_tts	ICGC_Melanoma	tts	rloop
total_long_indel	DO220907	0	0	rloop_tts	ICGC_Melanoma	tts	rloop
total_long_indel	DO220908	0	0	rloop_tts	ICGC_Melanoma	tts	rloop
total_long_indel	DO220909	1	0.114000309624841	rloop_tts	ICGC_Melanoma	tts	rloop
total_long_indel	DO220910	0	0	rloop_tts	ICGC_Melanoma	tts	rloop
total_long_indel	DO220911	4	0.456001238499364	rloop_tts	ICGC_Melanoma	tts	rloop
total_long_indel	DO220912	0	0	rloop_tts	ICGC_Melanoma	tts	rloop
total_long_indel	DO220913	2	0.228000619249682	rloop_tts	ICGC_Melanoma	tts	rloop
total_Indel	DO220841	4	0.373598712952434	norloop_tts	ICGC_Melanoma	tts	norloop
total_Indel	DO220842	6	0.560398069428651	norloop_tts	ICGC_Melanoma	tts	norloop
total_Indel	DO220843	0	0	norloop_tts	ICGC_Melanoma	tts	norloop
total_Indel	DO220844	1	0.0933996782381085	norloop_tts	ICGC_Melanoma	tts	norloop
total_Indel	DO220845	0	0	norloop_tts	ICGC_Melanoma	tts	norloop
total_Indel	DO220846	2	0.186799356476217	norloop_tts	ICGC_Melanoma	tts	norloop
total_Indel	DO220847	1	0.0933996782381085	norloop_tts	ICGC_Melanoma	tts	norloop
total_Indel	DO220848	0	0	norloop_tts	ICGC_Melanoma	tts	norloop
total_Indel	DO220849	1	0.0933996782381085	norloop_tts	ICGC_Melanoma	tts	norloop
total_Indel	DO220850	2	0.186799356476217	norloop_tts	ICGC_Melanoma	tts	norloop
total_Indel	DO220851	4	0.373598712952434	norloop_tts	ICGC_Melanoma	tts	norloop
total_Indel	DO220852	4	0.373598712952434	norloop_tts	ICGC_Melanoma	tts	norloop
total_Indel	DO220853	2	0.186799356476217	norloop_tts	ICGC_Melanoma	tts	norloop
total_Indel	DO220855	2	0.186799356476217	norloop_tts	ICGC_Melanoma	tts	norloop
total_Indel	DO220857	2	0.186799356476217	norloop_tts	ICGC_Melanoma	tts	norloop
total_Indel	DO220858	0	0	norloop_tts	ICGC_Melanoma	tts	norloop
total_Indel	DO220859	3	0.280199034714325	norloop_tts	ICGC_Melanoma	tts	norloop
total_Indel	DO220860	0	0	norloop_tts	ICGC_Melanoma	tts	norloop
total_Indel	DO220861	2	0.186799356476217	norloop_tts	ICGC_Melanoma	tts	norloop
total_Indel	DO220862	1	0.0933996782381085	norloop_tts	ICGC_Melanoma	tts	norloop
total_Indel	DO220863	0	0	norloop_tts	ICGC_Melanoma	tts	norloop
total_Indel	DO220864	1	0.0933996782381085	norloop_tts	ICGC_Melanoma	tts	norloop
total_Indel	DO220865	0	0	norloop_tts	ICGC_Melanoma	tts	norloop
total_Indel	DO220866	1	0.0933996782381085	norloop_tts	ICGC_Melanoma	tts	norloop
total_Indel	DO220867	1	0.0933996782381085	norloop_tts	ICGC_Melanoma	tts	norloop
total_Indel	DO220868	0	0	norloop_tts	ICGC_Melanoma	tts	norloop
total_Indel	DO220869	1	0.0933996782381085	norloop_tts	ICGC_Melanoma	tts	norloop
total_Indel	DO220870	1	0.0933996782381085	norloop_tts	ICGC_Melanoma	tts	norloop
total_Indel	DO220871	0	0	norloop_tts	ICGC_Melanoma	tts	norloop
total_Indel	DO220872	4	0.373598712952434	norloop_tts	ICGC_Melanoma	tts	norloop
total_Indel	DO220873	7	0.653797747666759	norloop_tts	ICGC_Melanoma	tts	norloop
total_Indel	DO220874	1	0.0933996782381085	norloop_tts	ICGC_Melanoma	tts	norloop
total_Indel	DO220875	7	0.653797747666759	norloop_tts	ICGC_Melanoma	tts	norloop
total_Indel	DO220877	3	0.280199034714325	norloop_tts	ICGC_Melanoma	tts	norloop
total_Indel	DO220878	73	6.81817651138192	norloop_tts	ICGC_Melanoma	tts	norloop
total_Indel	DO220879	4	0.373598712952434	norloop_tts	ICGC_Melanoma	tts	norloop
total_Indel	DO220880	3	0.280199034714325	norloop_tts	ICGC_Melanoma	tts	norloop
total_Indel	DO220881	3	0.280199034714325	norloop_tts	ICGC_Melanoma	tts	norloop
total_Indel	DO220882	1	0.0933996782381085	norloop_tts	ICGC_Melanoma	tts	norloop
total_Indel	DO220883	1	0.0933996782381085	norloop_tts	ICGC_Melanoma	tts	norloop
total_Indel	DO220884	0	0	norloop_tts	ICGC_Melanoma	tts	norloop
total_Indel	DO220885	2	0.186799356476217	norloop_tts	ICGC_Melanoma	tts	norloop
total_Indel	DO220886	8	0.747197425904868	norloop_tts	ICGC_Melanoma	tts	norloop
total_Indel	DO220887	2	0.186799356476217	norloop_tts	ICGC_Melanoma	tts	norloop
total_Indel	DO220888	1	0.0933996782381085	norloop_tts	ICGC_Melanoma	tts	norloop
total_Indel	DO220889	0	0	norloop_tts	ICGC_Melanoma	tts	norloop
total_Indel	DO220890	2	0.186799356476217	norloop_tts	ICGC_Melanoma	tts	norloop
total_Indel	DO220891	7	0.653797747666759	norloop_tts	ICGC_Melanoma	tts	norloop
total_Indel	DO220892	0	0	norloop_tts	ICGC_Melanoma	tts	norloop
total_Indel	DO220893	1	0.0933996782381085	norloop_tts	ICGC_Melanoma	tts	norloop
total_Indel	DO220894	1	0.0933996782381085	norloop_tts	ICGC_Melanoma	tts	norloop
total_Indel	DO220895	2	0.186799356476217	norloop_tts	ICGC_Melanoma	tts	norloop
total_Indel	DO220896	4	0.373598712952434	norloop_tts	ICGC_Melanoma	tts	norloop
total_Indel	DO220897	0	0	norloop_tts	ICGC_Melanoma	tts	norloop
total_Indel	DO220898	0	0	norloop_tts	ICGC_Melanoma	tts	norloop
total_Indel	DO220899	6	0.560398069428651	norloop_tts	ICGC_Melanoma	tts	norloop
total_Indel	DO220900	1	0.0933996782381085	norloop_tts	ICGC_Melanoma	tts	norloop
total_Indel	DO220901	1	0.0933996782381085	norloop_tts	ICGC_Melanoma	tts	norloop
total_Indel	DO220902	6	0.560398069428651	norloop_tts	ICGC_Melanoma	tts	norloop
total_Indel	DO220903	3	0.280199034714325	norloop_tts	ICGC_Melanoma	tts	norloop
total_Indel	DO220904	3	0.280199034714325	norloop_tts	ICGC_Melanoma	tts	norloop
total_Indel	DO220905	2	0.186799356476217	norloop_tts	ICGC_Melanoma	tts	norloop
total_Indel	DO220906	17	1.58779453004784	norloop_tts	ICGC_Melanoma	tts	norloop
total_Indel	DO220907	1	0.0933996782381085	norloop_tts	ICGC_Melanoma	tts	norloop
total_Indel	DO220908	3	0.280199034714325	norloop_tts	ICGC_Melanoma	tts	norloop
total_Indel	DO220909	0	0	norloop_tts	ICGC_Melanoma	tts	norloop
total_Indel	DO220910	1	0.0933996782381085	norloop_tts	ICGC_Melanoma	tts	norloop
total_Indel	DO220911	2	0.186799356476217	norloop_tts	ICGC_Melanoma	tts	norloop
total_Indel	DO220912	1	0.0933996782381085	norloop_tts	ICGC_Melanoma	tts	norloop
total_Indel	DO220913	0	0	norloop_tts	ICGC_Melanoma	tts	norloop
total_long_simple_indel	DO220841	0	0	norloop_tts	ICGC_Melanoma	tts	norloop
total_long_simple_indel	DO220842	0	0	norloop_tts	ICGC_Melanoma	tts	norloop
total_long_simple_indel	DO220843	0	0	norloop_tts	ICGC_Melanoma	tts	norloop
total_long_simple_indel	DO220844	0	0	norloop_tts	ICGC_Melanoma	tts	norloop
total_long_simple_indel	DO220845	0	0	norloop_tts	ICGC_Melanoma	tts	norloop
total_long_simple_indel	DO220846	0	0	norloop_tts	ICGC_Melanoma	tts	norloop
total_long_simple_indel	DO220847	0	0	norloop_tts	ICGC_Melanoma	tts	norloop
total_long_simple_indel	DO220848	0	0	norloop_tts	ICGC_Melanoma	tts	norloop
total_long_simple_indel	DO220849	0	0	norloop_tts	ICGC_Melanoma	tts	norloop
total_long_simple_indel	DO220850	2	0.186799356476217	norloop_tts	ICGC_Melanoma	tts	norloop
total_long_simple_indel	DO220851	1	0.0933996782381085	norloop_tts	ICGC_Melanoma	tts	norloop
total_long_simple_indel	DO220852	2	0.186799356476217	norloop_tts	ICGC_Melanoma	tts	norloop
total_long_simple_indel	DO220853	0	0	norloop_tts	ICGC_Melanoma	tts	norloop
total_long_simple_indel	DO220855	0	0	norloop_tts	ICGC_Melanoma	tts	norloop
total_long_simple_indel	DO220857	1	0.0933996782381085	norloop_tts	ICGC_Melanoma	tts	norloop
total_long_simple_indel	DO220858	0	0	norloop_tts	ICGC_Melanoma	tts	norloop
total_long_simple_indel	DO220859	1	0.0933996782381085	norloop_tts	ICGC_Melanoma	tts	norloop
total_long_simple_indel	DO220860	0	0	norloop_tts	ICGC_Melanoma	tts	norloop
total_long_simple_indel	DO220861	1	0.0933996782381085	norloop_tts	ICGC_Melanoma	tts	norloop
total_long_simple_indel	DO220862	0	0	norloop_tts	ICGC_Melanoma	tts	norloop
total_long_simple_indel	DO220863	0	0	norloop_tts	ICGC_Melanoma	tts	norloop
total_long_simple_indel	DO220864	0	0	norloop_tts	ICGC_Melanoma	tts	norloop
total_long_simple_indel	DO220865	0	0	norloop_tts	ICGC_Melanoma	tts	norloop
total_long_simple_indel	DO220866	0	0	norloop_tts	ICGC_Melanoma	tts	norloop
total_long_simple_indel	DO220867	0	0	norloop_tts	ICGC_Melanoma	tts	norloop
total_long_simple_indel	DO220868	0	0	norloop_tts	ICGC_Melanoma	tts	norloop
total_long_simple_indel	DO220869	0	0	norloop_tts	ICGC_Melanoma	tts	norloop
total_long_simple_indel	DO220870	0	0	norloop_tts	ICGC_Melanoma	tts	norloop
total_long_simple_indel	DO220871	0	0	norloop_tts	ICGC_Melanoma	tts	norloop
total_long_simple_indel	DO220872	0	0	norloop_tts	ICGC_Melanoma	tts	norloop
total_long_simple_indel	DO220873	4	0.373598712952434	norloop_tts	ICGC_Melanoma	tts	norloop
total_long_simple_indel	DO220874	0	0	norloop_tts	ICGC_Melanoma	tts	norloop
total_long_simple_indel	DO220875	1	0.0933996782381085	norloop_tts	ICGC_Melanoma	tts	norloop
total_long_simple_indel	DO220877	1	0.0933996782381085	norloop_tts	ICGC_Melanoma	tts	norloop
total_long_simple_indel	DO220878	2	0.186799356476217	norloop_tts	ICGC_Melanoma	tts	norloop
total_long_simple_indel	DO220879	1	0.0933996782381085	norloop_tts	ICGC_Melanoma	tts	norloop
total_long_simple_indel	DO220880	0	0	norloop_tts	ICGC_Melanoma	tts	norloop
total_long_simple_indel	DO220881	0	0	norloop_tts	ICGC_Melanoma	tts	norloop
total_long_simple_indel	DO220882	0	0	norloop_tts	ICGC_Melanoma	tts	norloop
total_long_simple_indel	DO220883	1	0.0933996782381085	norloop_tts	ICGC_Melanoma	tts	norloop
total_long_simple_indel	DO220884	0	0	norloop_tts	ICGC_Melanoma	tts	norloop
total_long_simple_indel	DO220885	1	0.0933996782381085	norloop_tts	ICGC_Melanoma	tts	norloop
total_long_simple_indel	DO220886	3	0.280199034714325	norloop_tts	ICGC_Melanoma	tts	norloop
total_long_simple_indel	DO220887	2	0.186799356476217	norloop_tts	ICGC_Melanoma	tts	norloop
total_long_simple_indel	DO220888	0	0	norloop_tts	ICGC_Melanoma	tts	norloop
total_long_simple_indel	DO220889	0	0	norloop_tts	ICGC_Melanoma	tts	norloop
total_long_simple_indel	DO220890	0	0	norloop_tts	ICGC_Melanoma	tts	norloop
total_long_simple_indel	DO220891	2	0.186799356476217	norloop_tts	ICGC_Melanoma	tts	norloop
total_long_simple_indel	DO220892	0	0	norloop_tts	ICGC_Melanoma	tts	norloop
total_long_simple_indel	DO220893	0	0	norloop_tts	ICGC_Melanoma	tts	norloop
total_long_simple_indel	DO220894	1	0.0933996782381085	norloop_tts	ICGC_Melanoma	tts	norloop
total_long_simple_indel	DO220895	1	0.0933996782381085	norloop_tts	ICGC_Melanoma	tts	norloop
total_long_simple_indel	DO220896	1	0.0933996782381085	norloop_tts	ICGC_Melanoma	tts	norloop
total_long_simple_indel	DO220897	0	0	norloop_tts	ICGC_Melanoma	tts	norloop
total_long_simple_indel	DO220898	0	0	norloop_tts	ICGC_Melanoma	tts	norloop
total_long_simple_indel	DO220899	1	0.0933996782381085	norloop_tts	ICGC_Melanoma	tts	norloop
total_long_simple_indel	DO220900	0	0	norloop_tts	ICGC_Melanoma	tts	norloop
total_long_simple_indel	DO220901	0	0	norloop_tts	ICGC_Melanoma	tts	norloop
total_long_simple_indel	DO220902	1	0.0933996782381085	norloop_tts	ICGC_Melanoma	tts	norloop
total_long_simple_indel	DO220903	0	0	norloop_tts	ICGC_Melanoma	tts	norloop
total_long_simple_indel	DO220904	0	0	norloop_tts	ICGC_Melanoma	tts	norloop
total_long_simple_indel	DO220905	0	0	norloop_tts	ICGC_Melanoma	tts	norloop
total_long_simple_indel	DO220906	1	0.0933996782381085	norloop_tts	ICGC_Melanoma	tts	norloop
total_long_simple_indel	DO220907	0	0	norloop_tts	ICGC_Melanoma	tts	norloop
total_long_simple_indel	DO220908	2	0.186799356476217	norloop_tts	ICGC_Melanoma	tts	norloop
total_long_simple_indel	DO220909	0	0	norloop_tts	ICGC_Melanoma	tts	norloop
total_long_simple_indel	DO220910	0	0	norloop_tts	ICGC_Melanoma	tts	norloop
total_long_simple_indel	DO220911	0	0	norloop_tts	ICGC_Melanoma	tts	norloop
total_long_simple_indel	DO220912	0	0	norloop_tts	ICGC_Melanoma	tts	norloop
total_long_simple_indel	DO220913	0	0	norloop_tts	ICGC_Melanoma	tts	norloop
total_long_indel	DO220841	2	0.186799356476217	norloop_tts	ICGC_Melanoma	tts	norloop
total_long_indel	DO220842	0	0	norloop_tts	ICGC_Melanoma	tts	norloop
total_long_indel	DO220843	0	0	norloop_tts	ICGC_Melanoma	tts	norloop
total_long_indel	DO220844	0	0	norloop_tts	ICGC_Melanoma	tts	norloop
total_long_indel	DO220845	0	0	norloop_tts	ICGC_Melanoma	tts	norloop
total_long_indel	DO220846	0	0	norloop_tts	ICGC_Melanoma	tts	norloop
total_long_indel	DO220847	0	0	norloop_tts	ICGC_Melanoma	tts	norloop
total_long_indel	DO220848	0	0	norloop_tts	ICGC_Melanoma	tts	norloop
total_long_indel	DO220849	1	0.0933996782381085	norloop_tts	ICGC_Melanoma	tts	norloop
total_long_indel	DO220850	2	0.186799356476217	norloop_tts	ICGC_Melanoma	tts	norloop
total_long_indel	DO220851	1	0.0933996782381085	norloop_tts	ICGC_Melanoma	tts	norloop
total_long_indel	DO220852	3	0.280199034714325	norloop_tts	ICGC_Melanoma	tts	norloop
total_long_indel	DO220853	1	0.0933996782381085	norloop_tts	ICGC_Melanoma	tts	norloop
total_long_indel	DO220855	2	0.186799356476217	norloop_tts	ICGC_Melanoma	tts	norloop
total_long_indel	DO220857	1	0.0933996782381085	norloop_tts	ICGC_Melanoma	tts	norloop
total_long_indel	DO220858	0	0	norloop_tts	ICGC_Melanoma	tts	norloop
total_long_indel	DO220859	1	0.0933996782381085	norloop_tts	ICGC_Melanoma	tts	norloop
total_long_indel	DO220860	0	0	norloop_tts	ICGC_Melanoma	tts	norloop
total_long_indel	DO220861	2	0.186799356476217	norloop_tts	ICGC_Melanoma	tts	norloop
total_long_indel	DO220862	1	0.0933996782381085	norloop_tts	ICGC_Melanoma	tts	norloop
total_long_indel	DO220863	0	0	norloop_tts	ICGC_Melanoma	tts	norloop
total_long_indel	DO220864	0	0	norloop_tts	ICGC_Melanoma	tts	norloop
total_long_indel	DO220865	0	0	norloop_tts	ICGC_Melanoma	tts	norloop
total_long_indel	DO220866	0	0	norloop_tts	ICGC_Melanoma	tts	norloop
total_long_indel	DO220867	0	0	norloop_tts	ICGC_Melanoma	tts	norloop
total_long_indel	DO220868	0	0	norloop_tts	ICGC_Melanoma	tts	norloop
total_long_indel	DO220869	0	0	norloop_tts	ICGC_Melanoma	tts	norloop
total_long_indel	DO220870	0	0	norloop_tts	ICGC_Melanoma	tts	norloop
total_long_indel	DO220871	0	0	norloop_tts	ICGC_Melanoma	tts	norloop
total_long_indel	DO220872	2	0.186799356476217	norloop_tts	ICGC_Melanoma	tts	norloop
total_long_indel	DO220873	4	0.373598712952434	norloop_tts	ICGC_Melanoma	tts	norloop
total_long_indel	DO220874	0	0	norloop_tts	ICGC_Melanoma	tts	norloop
total_long_indel	DO220875	1	0.0933996782381085	norloop_tts	ICGC_Melanoma	tts	norloop
total_long_indel	DO220877	1	0.0933996782381085	norloop_tts	ICGC_Melanoma	tts	norloop
total_long_indel	DO220878	4	0.373598712952434	norloop_tts	ICGC_Melanoma	tts	norloop
total_long_indel	DO220879	3	0.280199034714325	norloop_tts	ICGC_Melanoma	tts	norloop
total_long_indel	DO220880	2	0.186799356476217	norloop_tts	ICGC_Melanoma	tts	norloop
total_long_indel	DO220881	0	0	norloop_tts	ICGC_Melanoma	tts	norloop
total_long_indel	DO220882	0	0	norloop_tts	ICGC_Melanoma	tts	norloop
total_long_indel	DO220883	1	0.0933996782381085	norloop_tts	ICGC_Melanoma	tts	norloop
total_long_indel	DO220884	0	0	norloop_tts	ICGC_Melanoma	tts	norloop
total_long_indel	DO220885	1	0.0933996782381085	norloop_tts	ICGC_Melanoma	tts	norloop
total_long_indel	DO220886	4	0.373598712952434	norloop_tts	ICGC_Melanoma	tts	norloop
total_long_indel	DO220887	2	0.186799356476217	norloop_tts	ICGC_Melanoma	tts	norloop
total_long_indel	DO220888	0	0	norloop_tts	ICGC_Melanoma	tts	norloop
total_long_indel	DO220889	0	0	norloop_tts	ICGC_Melanoma	tts	norloop
total_long_indel	DO220890	0	0	norloop_tts	ICGC_Melanoma	tts	norloop
total_long_indel	DO220891	3	0.280199034714325	norloop_tts	ICGC_Melanoma	tts	norloop
total_long_indel	DO220892	0	0	norloop_tts	ICGC_Melanoma	tts	norloop
total_long_indel	DO220893	0	0	norloop_tts	ICGC_Melanoma	tts	norloop
total_long_indel	DO220894	1	0.0933996782381085	norloop_tts	ICGC_Melanoma	tts	norloop
total_long_indel	DO220895	1	0.0933996782381085	norloop_tts	ICGC_Melanoma	tts	norloop
total_long_indel	DO220896	2	0.186799356476217	norloop_tts	ICGC_Melanoma	tts	norloop
total_long_indel	DO220897	0	0	norloop_tts	ICGC_Melanoma	tts	norloop
total_long_indel	DO220898	0	0	norloop_tts	ICGC_Melanoma	tts	norloop
total_long_indel	DO220899	3	0.280199034714325	norloop_tts	ICGC_Melanoma	tts	norloop
total_long_indel	DO220900	0	0	norloop_tts	ICGC_Melanoma	tts	norloop
total_long_indel	DO220901	1	0.0933996782381085	norloop_tts	ICGC_Melanoma	tts	norloop
total_long_indel	DO220902	2	0.186799356476217	norloop_tts	ICGC_Melanoma	tts	norloop
total_long_indel	DO220903	1	0.0933996782381085	norloop_tts	ICGC_Melanoma	tts	norloop
total_long_indel	DO220904	0	0	norloop_tts	ICGC_Melanoma	tts	norloop
total_long_indel	DO220905	0	0	norloop_tts	ICGC_Melanoma	tts	norloop
total_long_indel	DO220906	2	0.186799356476217	norloop_tts	ICGC_Melanoma	tts	norloop
total_long_indel	DO220907	0	0	norloop_tts	ICGC_Melanoma	tts	norloop
total_long_indel	DO220908	2	0.186799356476217	norloop_tts	ICGC_Melanoma	tts	norloop
total_long_indel	DO220909	0	0	norloop_tts	ICGC_Melanoma	tts	norloop
total_long_indel	DO220910	0	0	norloop_tts	ICGC_Melanoma	tts	norloop
total_long_indel	DO220911	0	0	norloop_tts	ICGC_Melanoma	tts	norloop
total_long_indel	DO220912	0	0	norloop_tts	ICGC_Melanoma	tts	norloop
total_long_indel	DO220913	0	0	norloop_tts	ICGC_Melanoma	tts	norloop
