MutationType	variable	value	adjusted_count	type	tumor	region	rloop
totalSNV	DO23508	30	4.21648917121251	rloop_tss	ICGC_Liver	tss	rloop
totalSNV	DO23509	11	1.54604602944459	rloop_tss	ICGC_Liver	tss	rloop
totalSNV	DO23510	8	1.12439711232334	rloop_tss	ICGC_Liver	tss	rloop
totalSNV	DO23512	13	1.82714530752542	rloop_tss	ICGC_Liver	tss	rloop
totalSNV	DO23513	17	2.38934386368709	rloop_tss	ICGC_Liver	tss	rloop
totalSNV	DO23514	10	1.40549639040417	rloop_tss	ICGC_Liver	tss	rloop
totalSNV	DO23515	5	0.702748195202085	rloop_tss	ICGC_Liver	tss	rloop
totalSNV	DO23516	32	4.49758844929334	rloop_tss	ICGC_Liver	tss	rloop
totalSNV	DO23517	14	1.96769494656584	rloop_tss	ICGC_Liver	tss	rloop
totalSNV	DO23518	9	1.26494675136375	rloop_tss	ICGC_Liver	tss	rloop
totalSNV	DO23519	9	1.26494675136375	rloop_tss	ICGC_Liver	tss	rloop
totalSNV	DO23520	10	1.40549639040417	rloop_tss	ICGC_Liver	tss	rloop
totalSNV	DO23521	9	1.26494675136375	rloop_tss	ICGC_Liver	tss	rloop
totalSNV	DO23522	9	1.26494675136375	rloop_tss	ICGC_Liver	tss	rloop
totalSNV	DO23524	2	0.281099278080834	rloop_tss	ICGC_Liver	tss	rloop
totalSNV	DO23525	16	2.24879422464667	rloop_tss	ICGC_Liver	tss	rloop
totalSNV	DO23526	6	0.843297834242502	rloop_tss	ICGC_Liver	tss	rloop
totalSNV	DO23527	12	1.686595668485	rloop_tss	ICGC_Liver	tss	rloop
totalSNV	DO23528	4	0.562198556161668	rloop_tss	ICGC_Liver	tss	rloop
totalSNV	DO23529	3	0.421648917121251	rloop_tss	ICGC_Liver	tss	rloop
totalSNV	DO23530	1	0.140549639040417	rloop_tss	ICGC_Liver	tss	rloop
totalSNV	DO23532	3	0.421648917121251	rloop_tss	ICGC_Liver	tss	rloop
totalSNV	DO23533	23	3.23264169792959	rloop_tss	ICGC_Liver	tss	rloop
totalSNV	DO23534	9	1.26494675136375	rloop_tss	ICGC_Liver	tss	rloop
totalSNV	DO23535	7	0.983847473282919	rloop_tss	ICGC_Liver	tss	rloop
totalSNV	DO23536	21	2.95154241984876	rloop_tss	ICGC_Liver	tss	rloop
totalSNV	DO23537	13	1.82714530752542	rloop_tss	ICGC_Liver	tss	rloop
totalSNV	DO23538	7	0.983847473282919	rloop_tss	ICGC_Liver	tss	rloop
totalSNV	DO23539	12	1.686595668485	rloop_tss	ICGC_Liver	tss	rloop
totalSNV	DO23540	23	3.23264169792959	rloop_tss	ICGC_Liver	tss	rloop
totalSNV	DO23541	16	2.24879422464667	rloop_tss	ICGC_Liver	tss	rloop
totalSNV	DO23542	15	2.10824458560626	rloop_tss	ICGC_Liver	tss	rloop
totalSNV	DO23543	39	5.48143592257626	rloop_tss	ICGC_Liver	tss	rloop
totalSNV	DO23544	11	1.54604602944459	rloop_tss	ICGC_Liver	tss	rloop
totalSNV	DO23545	13	1.82714530752542	rloop_tss	ICGC_Liver	tss	rloop
totalSNV	DO23546	14	1.96769494656584	rloop_tss	ICGC_Liver	tss	rloop
totalSNV	DO23547	1	0.140549639040417	rloop_tss	ICGC_Liver	tss	rloop
totalSNV	DO23548	6	0.843297834242502	rloop_tss	ICGC_Liver	tss	rloop
totalSNV	DO23549	8	1.12439711232334	rloop_tss	ICGC_Liver	tss	rloop
totalSNV	DO23550	11	1.54604602944459	rloop_tss	ICGC_Liver	tss	rloop
totalSNV	DO23551	27	3.79484025409126	rloop_tss	ICGC_Liver	tss	rloop
totalSNV	DO23552	10	1.40549639040417	rloop_tss	ICGC_Liver	tss	rloop
totalSNV	DO44740	11	1.54604602944459	rloop_tss	ICGC_Liver	tss	rloop
totalSNV	DO44744	13	1.82714530752542	rloop_tss	ICGC_Liver	tss	rloop
totalSNV	DO44806	18	2.52989350272751	rloop_tss	ICGC_Liver	tss	rloop
totalSNV	DO44808	14	1.96769494656584	rloop_tss	ICGC_Liver	tss	rloop
totalSNV	DO44828	21	2.95154241984876	rloop_tss	ICGC_Liver	tss	rloop
totalSNV	DO44832	27	3.79484025409126	rloop_tss	ICGC_Liver	tss	rloop
totalSNV	DO45029	8	1.12439711232334	rloop_tss	ICGC_Liver	tss	rloop
totalSNV	DO45035	13	1.82714530752542	rloop_tss	ICGC_Liver	tss	rloop
totalSNV	DO45037	25	3.51374097601043	rloop_tss	ICGC_Liver	tss	rloop
totalSNV	DO45039	30	4.21648917121251	rloop_tss	ICGC_Liver	tss	rloop
totalSNV	DO45041	72	10.11957401091	rloop_tss	ICGC_Liver	tss	rloop
totalSNV	DO45043	15	2.10824458560626	rloop_tss	ICGC_Liver	tss	rloop
totalSNV	DO45045	21	2.95154241984876	rloop_tss	ICGC_Liver	tss	rloop
totalSNV	DO45047	6	0.843297834242502	rloop_tss	ICGC_Liver	tss	rloop
totalSNV	DO45049	40	5.62198556161668	rloop_tss	ICGC_Liver	tss	rloop
totalSNV	DO45051	13	1.82714530752542	rloop_tss	ICGC_Liver	tss	rloop
totalSNV	DO45055	7	0.983847473282919	rloop_tss	ICGC_Liver	tss	rloop
totalSNV	DO45057	25	3.51374097601043	rloop_tss	ICGC_Liver	tss	rloop
totalSNV	DO45059	6	0.843297834242502	rloop_tss	ICGC_Liver	tss	rloop
totalSNV	DO45061	13	1.82714530752542	rloop_tss	ICGC_Liver	tss	rloop
totalSNV	DO45064	20	2.81099278080834	rloop_tss	ICGC_Liver	tss	rloop
totalSNV	DO45065	12	1.686595668485	rloop_tss	ICGC_Liver	tss	rloop
totalSNV	DO45067	13	1.82714530752542	rloop_tss	ICGC_Liver	tss	rloop
totalSNV	DO45069	27	3.79484025409126	rloop_tss	ICGC_Liver	tss	rloop
totalSNV	DO45071	17	2.38934386368709	rloop_tss	ICGC_Liver	tss	rloop
totalSNV	DO45073	14	1.96769494656584	rloop_tss	ICGC_Liver	tss	rloop
totalSNV	DO45075	23	3.23264169792959	rloop_tss	ICGC_Liver	tss	rloop
totalSNV	DO45077	17	2.38934386368709	rloop_tss	ICGC_Liver	tss	rloop
totalSNV	DO45079	21	2.95154241984876	rloop_tss	ICGC_Liver	tss	rloop
totalSNV	DO45081	30	4.21648917121251	rloop_tss	ICGC_Liver	tss	rloop
totalSNV	DO45083	34	4.77868772737418	rloop_tss	ICGC_Liver	tss	rloop
totalSNV	DO45085	15	2.10824458560626	rloop_tss	ICGC_Liver	tss	rloop
totalSNV	DO45087	27	3.79484025409126	rloop_tss	ICGC_Liver	tss	rloop
totalSNV	DO45089	17	2.38934386368709	rloop_tss	ICGC_Liver	tss	rloop
totalSNV	DO45091	21	2.95154241984876	rloop_tss	ICGC_Liver	tss	rloop
totalSNV	DO45092	15	2.10824458560626	rloop_tss	ICGC_Liver	tss	rloop
totalSNV	DO45093	15	2.10824458560626	rloop_tss	ICGC_Liver	tss	rloop
totalSNV	DO45094	15	2.10824458560626	rloop_tss	ICGC_Liver	tss	rloop
totalSNV	DO45095	7	0.983847473282919	rloop_tss	ICGC_Liver	tss	rloop
totalSNV	DO45096	21	2.95154241984876	rloop_tss	ICGC_Liver	tss	rloop
totalSNV	DO45097	13	1.82714530752542	rloop_tss	ICGC_Liver	tss	rloop
totalSNV	DO45099	5	0.702748195202085	rloop_tss	ICGC_Liver	tss	rloop
totalSNV	DO45101	6	0.843297834242502	rloop_tss	ICGC_Liver	tss	rloop
totalSNV	DO45103	5	0.702748195202085	rloop_tss	ICGC_Liver	tss	rloop
totalSNV	DO45105	14	1.96769494656584	rloop_tss	ICGC_Liver	tss	rloop
totalSNV	DO45107	8	1.12439711232334	rloop_tss	ICGC_Liver	tss	rloop
totalSNV	DO45109	4	0.562198556161668	rloop_tss	ICGC_Liver	tss	rloop
totalSNV	DO45111	8	1.12439711232334	rloop_tss	ICGC_Liver	tss	rloop
totalSNV	DO45113	3	0.421648917121251	rloop_tss	ICGC_Liver	tss	rloop
totalSNV	DO45115	16	2.24879422464667	rloop_tss	ICGC_Liver	tss	rloop
totalSNV	DO45117	14	1.96769494656584	rloop_tss	ICGC_Liver	tss	rloop
totalSNV	DO45119	23	3.23264169792959	rloop_tss	ICGC_Liver	tss	rloop
totalSNV	DO45121	1	0.140549639040417	rloop_tss	ICGC_Liver	tss	rloop
totalSNV	DO45123	7	0.983847473282919	rloop_tss	ICGC_Liver	tss	rloop
totalSNV	DO45125	8	1.12439711232334	rloop_tss	ICGC_Liver	tss	rloop
totalSNV	DO45127	47	6.6058330348996	rloop_tss	ICGC_Liver	tss	rloop
totalSNV	DO45129	11	1.54604602944459	rloop_tss	ICGC_Liver	tss	rloop
totalSNV	DO45131	6	0.843297834242502	rloop_tss	ICGC_Liver	tss	rloop
totalSNV	DO45133	18	2.52989350272751	rloop_tss	ICGC_Liver	tss	rloop
totalSNV	DO45135	2	0.281099278080834	rloop_tss	ICGC_Liver	tss	rloop
totalSNV	DO45137	9	1.26494675136375	rloop_tss	ICGC_Liver	tss	rloop
totalSNV	DO45139	23	3.23264169792959	rloop_tss	ICGC_Liver	tss	rloop
totalSNV	DO45141	26	3.65429061505084	rloop_tss	ICGC_Liver	tss	rloop
totalSNV	DO45143	10	1.40549639040417	rloop_tss	ICGC_Liver	tss	rloop
totalSNV	DO45145	19	2.67044314176792	rloop_tss	ICGC_Liver	tss	rloop
totalSNV	DO45147	6	0.843297834242502	rloop_tss	ICGC_Liver	tss	rloop
totalSNV	DO45149	8	1.12439711232334	rloop_tss	ICGC_Liver	tss	rloop
totalSNV	DO45151	14	1.96769494656584	rloop_tss	ICGC_Liver	tss	rloop
totalSNV	DO45153	18	2.52989350272751	rloop_tss	ICGC_Liver	tss	rloop
totalSNV	DO45155	11	1.54604602944459	rloop_tss	ICGC_Liver	tss	rloop
totalSNV	DO45157	4	0.562198556161668	rloop_tss	ICGC_Liver	tss	rloop
totalSNV	DO45159	5	0.702748195202085	rloop_tss	ICGC_Liver	tss	rloop
totalSNV	DO45161	15	2.10824458560626	rloop_tss	ICGC_Liver	tss	rloop
totalSNV	DO45163	23	3.23264169792959	rloop_tss	ICGC_Liver	tss	rloop
totalSNV	DO45165	10	1.40549639040417	rloop_tss	ICGC_Liver	tss	rloop
totalSNV	DO45167	5	0.702748195202085	rloop_tss	ICGC_Liver	tss	rloop
totalSNV	DO45169	21	2.95154241984876	rloop_tss	ICGC_Liver	tss	rloop
totalSNV	DO45171	6	0.843297834242502	rloop_tss	ICGC_Liver	tss	rloop
totalSNV	DO45173	19	2.67044314176792	rloop_tss	ICGC_Liver	tss	rloop
totalSNV	DO45175	10	1.40549639040417	rloop_tss	ICGC_Liver	tss	rloop
totalSNV	DO45177	10	1.40549639040417	rloop_tss	ICGC_Liver	tss	rloop
totalSNV	DO45179	12	1.686595668485	rloop_tss	ICGC_Liver	tss	rloop
totalSNV	DO45181	14	1.96769494656584	rloop_tss	ICGC_Liver	tss	rloop
totalSNV	DO45183	11	1.54604602944459	rloop_tss	ICGC_Liver	tss	rloop
totalSNV	DO45185	9	1.26494675136375	rloop_tss	ICGC_Liver	tss	rloop
totalSNV	DO45187	3	0.421648917121251	rloop_tss	ICGC_Liver	tss	rloop
totalSNV	DO45189	4	0.562198556161668	rloop_tss	ICGC_Liver	tss	rloop
totalSNV	DO45191	6	0.843297834242502	rloop_tss	ICGC_Liver	tss	rloop
totalSNV	DO45193	16	2.24879422464667	rloop_tss	ICGC_Liver	tss	rloop
totalSNV	DO45197	9	1.26494675136375	rloop_tss	ICGC_Liver	tss	rloop
totalSNV	DO45199	17	2.38934386368709	rloop_tss	ICGC_Liver	tss	rloop
totalSNV	DO45201	16	2.24879422464667	rloop_tss	ICGC_Liver	tss	rloop
totalSNV	DO45203	28	3.93538989313168	rloop_tss	ICGC_Liver	tss	rloop
totalSNV	DO45205	12	1.686595668485	rloop_tss	ICGC_Liver	tss	rloop
totalSNV	DO45207	21	2.95154241984876	rloop_tss	ICGC_Liver	tss	rloop
totalSNV	DO45209	14	1.96769494656584	rloop_tss	ICGC_Liver	tss	rloop
totalSNV	DO45211	7	0.983847473282919	rloop_tss	ICGC_Liver	tss	rloop
totalSNV	DO45213	9	1.26494675136375	rloop_tss	ICGC_Liver	tss	rloop
totalSNV	DO45215	8	1.12439711232334	rloop_tss	ICGC_Liver	tss	rloop
totalSNV	DO45217	10	1.40549639040417	rloop_tss	ICGC_Liver	tss	rloop
totalSNV	DO45219	7	0.983847473282919	rloop_tss	ICGC_Liver	tss	rloop
totalSNV	DO45221	6	0.843297834242502	rloop_tss	ICGC_Liver	tss	rloop
totalSNV	DO45223	2	0.281099278080834	rloop_tss	ICGC_Liver	tss	rloop
totalSNV	DO45225	13	1.82714530752542	rloop_tss	ICGC_Liver	tss	rloop
totalSNV	DO45227	14	1.96769494656584	rloop_tss	ICGC_Liver	tss	rloop
totalSNV	DO45229	12	1.686595668485	rloop_tss	ICGC_Liver	tss	rloop
totalSNV	DO45233	5	0.702748195202085	rloop_tss	ICGC_Liver	tss	rloop
totalSNV	DO45235	8	1.12439711232334	rloop_tss	ICGC_Liver	tss	rloop
totalSNV	DO45237	72	10.11957401091	rloop_tss	ICGC_Liver	tss	rloop
totalSNV	DO45239	4	0.562198556161668	rloop_tss	ICGC_Liver	tss	rloop
totalSNV	DO45241	11	1.54604602944459	rloop_tss	ICGC_Liver	tss	rloop
totalSNV	DO45247	2	0.281099278080834	rloop_tss	ICGC_Liver	tss	rloop
totalSNV	DO45253	10	1.40549639040417	rloop_tss	ICGC_Liver	tss	rloop
totalSNV	DO45255	15	2.10824458560626	rloop_tss	ICGC_Liver	tss	rloop
totalSNV	DO45257	7	0.983847473282919	rloop_tss	ICGC_Liver	tss	rloop
totalSNV	DO45263	8	1.12439711232334	rloop_tss	ICGC_Liver	tss	rloop
totalSNV	DO45265	10	1.40549639040417	rloop_tss	ICGC_Liver	tss	rloop
totalSNV	DO45267	41	5.7625352006571	rloop_tss	ICGC_Liver	tss	rloop
totalSNV	DO45269	10	1.40549639040417	rloop_tss	ICGC_Liver	tss	rloop
totalSNV	DO45273	13	1.82714530752542	rloop_tss	ICGC_Liver	tss	rloop
totalSNV	DO45277	10	1.40549639040417	rloop_tss	ICGC_Liver	tss	rloop
totalSNV	DO45281	10	1.40549639040417	rloop_tss	ICGC_Liver	tss	rloop
totalSNV	DO48672	6	0.843297834242502	rloop_tss	ICGC_Liver	tss	rloop
totalSNV	DO48674	7	0.983847473282919	rloop_tss	ICGC_Liver	tss	rloop
totalSNV	DO48677	22	3.09209205888917	rloop_tss	ICGC_Liver	tss	rloop
totalSNV	DO48679	8	1.12439711232334	rloop_tss	ICGC_Liver	tss	rloop
totalSNV	DO48681	8	1.12439711232334	rloop_tss	ICGC_Liver	tss	rloop
totalSNV	DO48682	54	7.58968050818252	rloop_tss	ICGC_Liver	tss	rloop
totalSNV	DO48684	6	0.843297834242502	rloop_tss	ICGC_Liver	tss	rloop
totalSNV	DO48686	12	1.686595668485	rloop_tss	ICGC_Liver	tss	rloop
totalSNV	DO48687	4	0.562198556161668	rloop_tss	ICGC_Liver	tss	rloop
totalSNV	DO48689	20	2.81099278080834	rloop_tss	ICGC_Liver	tss	rloop
totalSNV	DO48691	4	0.562198556161668	rloop_tss	ICGC_Liver	tss	rloop
totalSNV	DO48692	6	0.843297834242502	rloop_tss	ICGC_Liver	tss	rloop
totalSNV	DO48693	6	0.843297834242502	rloop_tss	ICGC_Liver	tss	rloop
totalSNV	DO48694	5	0.702748195202085	rloop_tss	ICGC_Liver	tss	rloop
totalSNV	DO48695	10	1.40549639040417	rloop_tss	ICGC_Liver	tss	rloop
totalSNV	DO48697	5	0.702748195202085	rloop_tss	ICGC_Liver	tss	rloop
totalSNV	DO48700	3	0.421648917121251	rloop_tss	ICGC_Liver	tss	rloop
totalSNV	DO48701	12	1.686595668485	rloop_tss	ICGC_Liver	tss	rloop
totalSNV	DO48703	9	1.26494675136375	rloop_tss	ICGC_Liver	tss	rloop
totalSNV	DO48704	5	0.702748195202085	rloop_tss	ICGC_Liver	tss	rloop
totalSNV	DO48706	12	1.686595668485	rloop_tss	ICGC_Liver	tss	rloop
totalSNV	DO48709	11	1.54604602944459	rloop_tss	ICGC_Liver	tss	rloop
totalSNV	DO48712	5	0.702748195202085	rloop_tss	ICGC_Liver	tss	rloop
totalSNV	DO48715	12	1.686595668485	rloop_tss	ICGC_Liver	tss	rloop
totalSNV	DO48716	19	2.67044314176792	rloop_tss	ICGC_Liver	tss	rloop
totalSNV	DO48717	1	0.140549639040417	rloop_tss	ICGC_Liver	tss	rloop
totalSNV	DO48719	34	4.77868772737418	rloop_tss	ICGC_Liver	tss	rloop
totalSNV	DO48720	8	1.12439711232334	rloop_tss	ICGC_Liver	tss	rloop
totalSNV	DO48721	16	2.24879422464667	rloop_tss	ICGC_Liver	tss	rloop
totalSNV	DO48723	14	1.96769494656584	rloop_tss	ICGC_Liver	tss	rloop
totalSNV	DO48725	6	0.843297834242502	rloop_tss	ICGC_Liver	tss	rloop
totalSNV	DO48727	12	1.686595668485	rloop_tss	ICGC_Liver	tss	rloop
totalSNV	DO48728	7	0.983847473282919	rloop_tss	ICGC_Liver	tss	rloop
totalSNV	DO48730	6	0.843297834242502	rloop_tss	ICGC_Liver	tss	rloop
totalSNV	DO48732	14	1.96769494656584	rloop_tss	ICGC_Liver	tss	rloop
totalSNV	DO48733	7	0.983847473282919	rloop_tss	ICGC_Liver	tss	rloop
totalSNV	DO48736	7	0.983847473282919	rloop_tss	ICGC_Liver	tss	rloop
totalSNV	DO48737	8	1.12439711232334	rloop_tss	ICGC_Liver	tss	rloop
totalSNV	DO48741	11	1.54604602944459	rloop_tss	ICGC_Liver	tss	rloop
totalSNV	DO48742	24	3.37319133697001	rloop_tss	ICGC_Liver	tss	rloop
totalSNV	DO48743	6	0.843297834242502	rloop_tss	ICGC_Liver	tss	rloop
totalSNV	DO48751	15	2.10824458560626	rloop_tss	ICGC_Liver	tss	rloop
totalSNV	DO48753	2	0.281099278080834	rloop_tss	ICGC_Liver	tss	rloop
totalSNV	DO48757	14	1.96769494656584	rloop_tss	ICGC_Liver	tss	rloop
totalSNV	DO48759	7	0.983847473282919	rloop_tss	ICGC_Liver	tss	rloop
totalSNV	DO48760	17	2.38934386368709	rloop_tss	ICGC_Liver	tss	rloop
totalSNV	DO48761	7	0.983847473282919	rloop_tss	ICGC_Liver	tss	rloop
totalSNV	DO50772	9	1.26494675136375	rloop_tss	ICGC_Liver	tss	rloop
totalSNV	DO50774	4	0.562198556161668	rloop_tss	ICGC_Liver	tss	rloop
totalSNV	DO50776	24	3.37319133697001	rloop_tss	ICGC_Liver	tss	rloop
totalSNV	DO50778	4	0.562198556161668	rloop_tss	ICGC_Liver	tss	rloop
totalSNV	DO50780	20	2.81099278080834	rloop_tss	ICGC_Liver	tss	rloop
totalSNV	DO50783	9	1.26494675136375	rloop_tss	ICGC_Liver	tss	rloop
totalSNV	DO50785	13	1.82714530752542	rloop_tss	ICGC_Liver	tss	rloop
totalSNV	DO50787	5	0.702748195202085	rloop_tss	ICGC_Liver	tss	rloop
totalSNV	DO50789	14	1.96769494656584	rloop_tss	ICGC_Liver	tss	rloop
totalSNV	DO50791	14	1.96769494656584	rloop_tss	ICGC_Liver	tss	rloop
totalSNV	DO50793	39	5.48143592257626	rloop_tss	ICGC_Liver	tss	rloop
totalSNV	DO50796	7	0.983847473282919	rloop_tss	ICGC_Liver	tss	rloop
totalSNV	DO50798	16	2.24879422464667	rloop_tss	ICGC_Liver	tss	rloop
totalSNV	DO50799	8	1.12439711232334	rloop_tss	ICGC_Liver	tss	rloop
totalSNV	DO50800	7	0.983847473282919	rloop_tss	ICGC_Liver	tss	rloop
totalSNV	DO50802	9	1.26494675136375	rloop_tss	ICGC_Liver	tss	rloop
totalSNV	DO50803	11	1.54604602944459	rloop_tss	ICGC_Liver	tss	rloop
totalSNV	DO50804	26	3.65429061505084	rloop_tss	ICGC_Liver	tss	rloop
totalSNV	DO50805	20	2.81099278080834	rloop_tss	ICGC_Liver	tss	rloop
totalSNV	DO50806	6	0.843297834242502	rloop_tss	ICGC_Liver	tss	rloop
totalSNV	DO50807	15	2.10824458560626	rloop_tss	ICGC_Liver	tss	rloop
totalSNV	DO50808	8	1.12439711232334	rloop_tss	ICGC_Liver	tss	rloop
totalSNV	DO50809	11	1.54604602944459	rloop_tss	ICGC_Liver	tss	rloop
totalSNV	DO50811	12	1.686595668485	rloop_tss	ICGC_Liver	tss	rloop
totalSNV	DO50813	12	1.686595668485	rloop_tss	ICGC_Liver	tss	rloop
totalSNV	DO50814	44	6.18418411777835	rloop_tss	ICGC_Liver	tss	rloop
totalSNV	DO50815	19	2.67044314176792	rloop_tss	ICGC_Liver	tss	rloop
totalSNV	DO50816	11	1.54604602944459	rloop_tss	ICGC_Liver	tss	rloop
totalSNV	DO50817	30	4.21648917121251	rloop_tss	ICGC_Liver	tss	rloop
totalSNV	DO50818	26	3.65429061505084	rloop_tss	ICGC_Liver	tss	rloop
totalSNV	DO50819	1	0.140549639040417	rloop_tss	ICGC_Liver	tss	rloop
totalSNV	DO50820	13	1.82714530752542	rloop_tss	ICGC_Liver	tss	rloop
totalSNV	DO50822	17	2.38934386368709	rloop_tss	ICGC_Liver	tss	rloop
totalSNV	DO50825	26	3.65429061505084	rloop_tss	ICGC_Liver	tss	rloop
totalSNV	DO50827	13	1.82714530752542	rloop_tss	ICGC_Liver	tss	rloop
totalSNV	DO50829	9	1.26494675136375	rloop_tss	ICGC_Liver	tss	rloop
totalSNV	DO50831	6	0.843297834242502	rloop_tss	ICGC_Liver	tss	rloop
totalSNV	DO50832	18	2.52989350272751	rloop_tss	ICGC_Liver	tss	rloop
totalSNV	DO50834	13	1.82714530752542	rloop_tss	ICGC_Liver	tss	rloop
totalSNV	DO50837	3	0.421648917121251	rloop_tss	ICGC_Liver	tss	rloop
totalSNV	DO50839	10	1.40549639040417	rloop_tss	ICGC_Liver	tss	rloop
totalSNV	DO50840	16	2.24879422464667	rloop_tss	ICGC_Liver	tss	rloop
totalSNV	DO50842	37	5.20033664449543	rloop_tss	ICGC_Liver	tss	rloop
totalSNV	DO50844	43	6.04363447873793	rloop_tss	ICGC_Liver	tss	rloop
totalSNV	DO50845	4	0.562198556161668	rloop_tss	ICGC_Liver	tss	rloop
totalSNV	DO50848	4	0.562198556161668	rloop_tss	ICGC_Liver	tss	rloop
totalSNV	DO50850	10	1.40549639040417	rloop_tss	ICGC_Liver	tss	rloop
totalSNV	DO50851	25	3.51374097601043	rloop_tss	ICGC_Liver	tss	rloop
totalSNV	DO50855	10	1.40549639040417	rloop_tss	ICGC_Liver	tss	rloop
totalSNV	DO50857	14	1.96769494656584	rloop_tss	ICGC_Liver	tss	rloop
totalSNV	DO50859	19	2.67044314176792	rloop_tss	ICGC_Liver	tss	rloop
totalSNV	DO23508	48	5.05884437234654	norloop_tss	ICGC_Liver	tss	norloop
totalSNV	DO23509	46	4.84805919016544	norloop_tss	ICGC_Liver	tss	norloop
totalSNV	DO23510	25	2.63481477726383	norloop_tss	ICGC_Liver	tss	norloop
totalSNV	DO23512	33	3.47795550598825	norloop_tss	ICGC_Liver	tss	norloop
totalSNV	DO23513	45	4.74266659907489	norloop_tss	ICGC_Liver	tss	norloop
totalSNV	DO23514	34	3.5833480970788	norloop_tss	ICGC_Liver	tss	norloop
totalSNV	DO23515	21	2.21324441290161	norloop_tss	ICGC_Liver	tss	norloop
totalSNV	DO23516	77	8.11522951397258	norloop_tss	ICGC_Liver	tss	norloop
totalSNV	DO23517	29	3.05638514162604	norloop_tss	ICGC_Liver	tss	norloop
totalSNV	DO23518	21	2.21324441290161	norloop_tss	ICGC_Liver	tss	norloop
totalSNV	DO23519	39	4.11031105253157	norloop_tss	ICGC_Liver	tss	norloop
totalSNV	DO23520	21	2.21324441290161	norloop_tss	ICGC_Liver	tss	norloop
totalSNV	DO23521	30	3.16177773271659	norloop_tss	ICGC_Liver	tss	norloop
totalSNV	DO23522	30	3.16177773271659	norloop_tss	ICGC_Liver	tss	norloop
totalSNV	DO23524	28	2.95099255053548	norloop_tss	ICGC_Liver	tss	norloop
totalSNV	DO23525	54	5.69119991888986	norloop_tss	ICGC_Liver	tss	norloop
totalSNV	DO23526	13	1.37010368417719	norloop_tss	ICGC_Liver	tss	norloop
totalSNV	DO23527	21	2.21324441290161	norloop_tss	ICGC_Liver	tss	norloop
totalSNV	DO23528	11	1.15931850199608	norloop_tss	ICGC_Liver	tss	norloop
totalSNV	DO23529	13	1.37010368417719	norloop_tss	ICGC_Liver	tss	norloop
totalSNV	DO23530	6	0.632355546543318	norloop_tss	ICGC_Liver	tss	norloop
totalSNV	DO23532	18	1.89706663962995	norloop_tss	ICGC_Liver	tss	norloop
totalSNV	DO23533	36	3.79413327925991	norloop_tss	ICGC_Liver	tss	norloop
totalSNV	DO23534	29	3.05638514162604	norloop_tss	ICGC_Liver	tss	norloop
totalSNV	DO23535	27	2.84559995944493	norloop_tss	ICGC_Liver	tss	norloop
totalSNV	DO23536	39	4.11031105253157	norloop_tss	ICGC_Liver	tss	norloop
totalSNV	DO23537	78	8.22062210506313	norloop_tss	ICGC_Liver	tss	norloop
totalSNV	DO23538	21	2.21324441290161	norloop_tss	ICGC_Liver	tss	norloop
totalSNV	DO23539	33	3.47795550598825	norloop_tss	ICGC_Liver	tss	norloop
totalSNV	DO23540	39	4.11031105253157	norloop_tss	ICGC_Liver	tss	norloop
totalSNV	DO23541	46	4.84805919016544	norloop_tss	ICGC_Liver	tss	norloop
totalSNV	DO23542	33	3.47795550598825	norloop_tss	ICGC_Liver	tss	norloop
totalSNV	DO23543	58	6.11277028325207	norloop_tss	ICGC_Liver	tss	norloop
totalSNV	DO23544	41	4.32109623471267	norloop_tss	ICGC_Liver	tss	norloop
totalSNV	DO23545	37	3.89952587035046	norloop_tss	ICGC_Liver	tss	norloop
totalSNV	DO23546	21	2.21324441290161	norloop_tss	ICGC_Liver	tss	norloop
totalSNV	DO23547	13	1.37010368417719	norloop_tss	ICGC_Liver	tss	norloop
totalSNV	DO23548	28	2.95099255053548	norloop_tss	ICGC_Liver	tss	norloop
totalSNV	DO23549	22	2.31863700399217	norloop_tss	ICGC_Liver	tss	norloop
totalSNV	DO23550	20	2.10785182181106	norloop_tss	ICGC_Liver	tss	norloop
totalSNV	DO23551	60	6.32355546543318	norloop_tss	ICGC_Liver	tss	norloop
totalSNV	DO23552	19	2.00245923072051	norloop_tss	ICGC_Liver	tss	norloop
totalSNV	DO44740	23	2.42402959508272	norloop_tss	ICGC_Liver	tss	norloop
totalSNV	DO44744	31	3.26717032380714	norloop_tss	ICGC_Liver	tss	norloop
totalSNV	DO44806	22	2.31863700399217	norloop_tss	ICGC_Liver	tss	norloop
totalSNV	DO44808	19	2.00245923072051	norloop_tss	ICGC_Liver	tss	norloop
totalSNV	DO44828	85	8.958370242697	norloop_tss	ICGC_Liver	tss	norloop
totalSNV	DO44832	97	10.2230813357836	norloop_tss	ICGC_Liver	tss	norloop
totalSNV	DO45029	20	2.10785182181106	norloop_tss	ICGC_Liver	tss	norloop
totalSNV	DO45035	23	2.42402959508272	norloop_tss	ICGC_Liver	tss	norloop
totalSNV	DO45037	26	2.74020736835438	norloop_tss	ICGC_Liver	tss	norloop
totalSNV	DO45039	33	3.47795550598825	norloop_tss	ICGC_Liver	tss	norloop
totalSNV	DO45041	86	9.06376283378756	norloop_tss	ICGC_Liver	tss	norloop
totalSNV	DO45043	29	3.05638514162604	norloop_tss	ICGC_Liver	tss	norloop
totalSNV	DO45045	20	2.10785182181106	norloop_tss	ICGC_Liver	tss	norloop
totalSNV	DO45047	12	1.26471109308664	norloop_tss	ICGC_Liver	tss	norloop
totalSNV	DO45049	43	4.53188141689378	norloop_tss	ICGC_Liver	tss	norloop
totalSNV	DO45051	19	2.00245923072051	norloop_tss	ICGC_Liver	tss	norloop
totalSNV	DO45055	12	1.26471109308664	norloop_tss	ICGC_Liver	tss	norloop
totalSNV	DO45057	58	6.11277028325207	norloop_tss	ICGC_Liver	tss	norloop
totalSNV	DO45059	11	1.15931850199608	norloop_tss	ICGC_Liver	tss	norloop
totalSNV	DO45061	14	1.47549627526774	norloop_tss	ICGC_Liver	tss	norloop
totalSNV	DO45064	36	3.79413327925991	norloop_tss	ICGC_Liver	tss	norloop
totalSNV	DO45065	17	1.7916740485394	norloop_tss	ICGC_Liver	tss	norloop
totalSNV	DO45067	20	2.10785182181106	norloop_tss	ICGC_Liver	tss	norloop
totalSNV	DO45069	33	3.47795550598825	norloop_tss	ICGC_Liver	tss	norloop
totalSNV	DO45071	39	4.11031105253157	norloop_tss	ICGC_Liver	tss	norloop
totalSNV	DO45073	23	2.42402959508272	norloop_tss	ICGC_Liver	tss	norloop
totalSNV	DO45075	30	3.16177773271659	norloop_tss	ICGC_Liver	tss	norloop
totalSNV	DO45077	20	2.10785182181106	norloop_tss	ICGC_Liver	tss	norloop
totalSNV	DO45079	25	2.63481477726383	norloop_tss	ICGC_Liver	tss	norloop
totalSNV	DO45081	40	4.21570364362212	norloop_tss	ICGC_Liver	tss	norloop
totalSNV	DO45083	50	5.26962955452765	norloop_tss	ICGC_Liver	tss	norloop
totalSNV	DO45085	32	3.3725629148977	norloop_tss	ICGC_Liver	tss	norloop
totalSNV	DO45087	50	5.26962955452765	norloop_tss	ICGC_Liver	tss	norloop
totalSNV	DO45089	36	3.79413327925991	norloop_tss	ICGC_Liver	tss	norloop
totalSNV	DO45091	54	5.69119991888986	norloop_tss	ICGC_Liver	tss	norloop
totalSNV	DO45092	27	2.84559995944493	norloop_tss	ICGC_Liver	tss	norloop
totalSNV	DO45093	25	2.63481477726383	norloop_tss	ICGC_Liver	tss	norloop
totalSNV	DO45094	36	3.79413327925991	norloop_tss	ICGC_Liver	tss	norloop
totalSNV	DO45095	13	1.37010368417719	norloop_tss	ICGC_Liver	tss	norloop
totalSNV	DO45096	102	10.7500442912364	norloop_tss	ICGC_Liver	tss	norloop
totalSNV	DO45097	26	2.74020736835438	norloop_tss	ICGC_Liver	tss	norloop
totalSNV	DO45099	15	1.5808888663583	norloop_tss	ICGC_Liver	tss	norloop
totalSNV	DO45101	17	1.7916740485394	norloop_tss	ICGC_Liver	tss	norloop
totalSNV	DO45103	10	1.05392591090553	norloop_tss	ICGC_Liver	tss	norloop
totalSNV	DO45105	32	3.3725629148977	norloop_tss	ICGC_Liver	tss	norloop
totalSNV	DO45107	20	2.10785182181106	norloop_tss	ICGC_Liver	tss	norloop
totalSNV	DO45109	13	1.37010368417719	norloop_tss	ICGC_Liver	tss	norloop
totalSNV	DO45111	42	4.42648882580323	norloop_tss	ICGC_Liver	tss	norloop
totalSNV	DO45113	11	1.15931850199608	norloop_tss	ICGC_Liver	tss	norloop
totalSNV	DO45115	41	4.32109623471267	norloop_tss	ICGC_Liver	tss	norloop
totalSNV	DO45117	33	3.47795550598825	norloop_tss	ICGC_Liver	tss	norloop
totalSNV	DO45119	44	4.63727400798433	norloop_tss	ICGC_Liver	tss	norloop
totalSNV	DO45121	14	1.47549627526774	norloop_tss	ICGC_Liver	tss	norloop
totalSNV	DO45123	24	2.52942218617327	norloop_tss	ICGC_Liver	tss	norloop
totalSNV	DO45125	13	1.37010368417719	norloop_tss	ICGC_Liver	tss	norloop
totalSNV	DO45127	74	7.79905174070092	norloop_tss	ICGC_Liver	tss	norloop
totalSNV	DO45129	23	2.42402959508272	norloop_tss	ICGC_Liver	tss	norloop
totalSNV	DO45131	17	1.7916740485394	norloop_tss	ICGC_Liver	tss	norloop
totalSNV	DO45133	33	3.47795550598825	norloop_tss	ICGC_Liver	tss	norloop
totalSNV	DO45135	16	1.68628145744885	norloop_tss	ICGC_Liver	tss	norloop
totalSNV	DO45137	14	1.47549627526774	norloop_tss	ICGC_Liver	tss	norloop
totalSNV	DO45139	80	8.43140728724424	norloop_tss	ICGC_Liver	tss	norloop
totalSNV	DO45141	50	5.26962955452765	norloop_tss	ICGC_Liver	tss	norloop
totalSNV	DO45143	17	1.7916740485394	norloop_tss	ICGC_Liver	tss	norloop
totalSNV	DO45145	45	4.74266659907489	norloop_tss	ICGC_Liver	tss	norloop
totalSNV	DO45147	16	1.68628145744885	norloop_tss	ICGC_Liver	tss	norloop
totalSNV	DO45149	19	2.00245923072051	norloop_tss	ICGC_Liver	tss	norloop
totalSNV	DO45151	39	4.11031105253157	norloop_tss	ICGC_Liver	tss	norloop
totalSNV	DO45153	60	6.32355546543318	norloop_tss	ICGC_Liver	tss	norloop
totalSNV	DO45155	33	3.47795550598825	norloop_tss	ICGC_Liver	tss	norloop
totalSNV	DO45157	12	1.26471109308664	norloop_tss	ICGC_Liver	tss	norloop
totalSNV	DO45159	22	2.31863700399217	norloop_tss	ICGC_Liver	tss	norloop
totalSNV	DO45161	35	3.68874068816936	norloop_tss	ICGC_Liver	tss	norloop
totalSNV	DO45163	42	4.42648882580323	norloop_tss	ICGC_Liver	tss	norloop
totalSNV	DO45165	17	1.7916740485394	norloop_tss	ICGC_Liver	tss	norloop
totalSNV	DO45167	5	0.526962955452765	norloop_tss	ICGC_Liver	tss	norloop
totalSNV	DO45169	57	6.00737769216152	norloop_tss	ICGC_Liver	tss	norloop
totalSNV	DO45171	25	2.63481477726383	norloop_tss	ICGC_Liver	tss	norloop
totalSNV	DO45173	28	2.95099255053548	norloop_tss	ICGC_Liver	tss	norloop
totalSNV	DO45175	26	2.74020736835438	norloop_tss	ICGC_Liver	tss	norloop
totalSNV	DO45177	21	2.21324441290161	norloop_tss	ICGC_Liver	tss	norloop
totalSNV	DO45179	26	2.74020736835438	norloop_tss	ICGC_Liver	tss	norloop
totalSNV	DO45181	37	3.89952587035046	norloop_tss	ICGC_Liver	tss	norloop
totalSNV	DO45183	20	2.10785182181106	norloop_tss	ICGC_Liver	tss	norloop
totalSNV	DO45185	45	4.74266659907489	norloop_tss	ICGC_Liver	tss	norloop
totalSNV	DO45187	6	0.632355546543318	norloop_tss	ICGC_Liver	tss	norloop
totalSNV	DO45189	17	1.7916740485394	norloop_tss	ICGC_Liver	tss	norloop
totalSNV	DO45191	13	1.37010368417719	norloop_tss	ICGC_Liver	tss	norloop
totalSNV	DO45193	37	3.89952587035046	norloop_tss	ICGC_Liver	tss	norloop
totalSNV	DO45197	46	4.84805919016544	norloop_tss	ICGC_Liver	tss	norloop
totalSNV	DO45199	42	4.42648882580323	norloop_tss	ICGC_Liver	tss	norloop
totalSNV	DO45201	34	3.5833480970788	norloop_tss	ICGC_Liver	tss	norloop
totalSNV	DO45203	36	3.79413327925991	norloop_tss	ICGC_Liver	tss	norloop
totalSNV	DO45205	24	2.52942218617327	norloop_tss	ICGC_Liver	tss	norloop
totalSNV	DO45207	45	4.74266659907489	norloop_tss	ICGC_Liver	tss	norloop
totalSNV	DO45209	24	2.52942218617327	norloop_tss	ICGC_Liver	tss	norloop
totalSNV	DO45211	12	1.26471109308664	norloop_tss	ICGC_Liver	tss	norloop
totalSNV	DO45213	24	2.52942218617327	norloop_tss	ICGC_Liver	tss	norloop
totalSNV	DO45215	12	1.26471109308664	norloop_tss	ICGC_Liver	tss	norloop
totalSNV	DO45217	14	1.47549627526774	norloop_tss	ICGC_Liver	tss	norloop
totalSNV	DO45219	25	2.63481477726383	norloop_tss	ICGC_Liver	tss	norloop
totalSNV	DO45221	25	2.63481477726383	norloop_tss	ICGC_Liver	tss	norloop
totalSNV	DO45223	10	1.05392591090553	norloop_tss	ICGC_Liver	tss	norloop
totalSNV	DO45225	36	3.79413327925991	norloop_tss	ICGC_Liver	tss	norloop
totalSNV	DO45227	21	2.21324441290161	norloop_tss	ICGC_Liver	tss	norloop
totalSNV	DO45229	25	2.63481477726383	norloop_tss	ICGC_Liver	tss	norloop
totalSNV	DO45233	17	1.7916740485394	norloop_tss	ICGC_Liver	tss	norloop
totalSNV	DO45235	8	0.843140728724424	norloop_tss	ICGC_Liver	tss	norloop
totalSNV	DO45237	100	10.5392591090553	norloop_tss	ICGC_Liver	tss	norloop
totalSNV	DO45239	12	1.26471109308664	norloop_tss	ICGC_Liver	tss	norloop
totalSNV	DO45241	21	2.21324441290161	norloop_tss	ICGC_Liver	tss	norloop
totalSNV	DO45247	15	1.5808888663583	norloop_tss	ICGC_Liver	tss	norloop
totalSNV	DO45253	17	1.7916740485394	norloop_tss	ICGC_Liver	tss	norloop
totalSNV	DO45255	19	2.00245923072051	norloop_tss	ICGC_Liver	tss	norloop
totalSNV	DO45257	16	1.68628145744885	norloop_tss	ICGC_Liver	tss	norloop
totalSNV	DO45263	20	2.10785182181106	norloop_tss	ICGC_Liver	tss	norloop
totalSNV	DO45265	28	2.95099255053548	norloop_tss	ICGC_Liver	tss	norloop
totalSNV	DO45267	52	5.48041473670876	norloop_tss	ICGC_Liver	tss	norloop
totalSNV	DO45269	34	3.5833480970788	norloop_tss	ICGC_Liver	tss	norloop
totalSNV	DO45273	58	6.11277028325207	norloop_tss	ICGC_Liver	tss	norloop
totalSNV	DO45277	30	3.16177773271659	norloop_tss	ICGC_Liver	tss	norloop
totalSNV	DO45281	35	3.68874068816936	norloop_tss	ICGC_Liver	tss	norloop
totalSNV	DO48672	54	5.69119991888986	norloop_tss	ICGC_Liver	tss	norloop
totalSNV	DO48674	27	2.84559995944493	norloop_tss	ICGC_Liver	tss	norloop
totalSNV	DO48677	41	4.32109623471267	norloop_tss	ICGC_Liver	tss	norloop
totalSNV	DO48679	29	3.05638514162604	norloop_tss	ICGC_Liver	tss	norloop
totalSNV	DO48681	30	3.16177773271659	norloop_tss	ICGC_Liver	tss	norloop
totalSNV	DO48682	140	14.7549627526774	norloop_tss	ICGC_Liver	tss	norloop
totalSNV	DO48684	24	2.52942218617327	norloop_tss	ICGC_Liver	tss	norloop
totalSNV	DO48686	27	2.84559995944493	norloop_tss	ICGC_Liver	tss	norloop
totalSNV	DO48687	28	2.95099255053548	norloop_tss	ICGC_Liver	tss	norloop
totalSNV	DO48689	23	2.42402959508272	norloop_tss	ICGC_Liver	tss	norloop
totalSNV	DO48691	28	2.95099255053548	norloop_tss	ICGC_Liver	tss	norloop
totalSNV	DO48692	18	1.89706663962995	norloop_tss	ICGC_Liver	tss	norloop
totalSNV	DO48693	8	0.843140728724424	norloop_tss	ICGC_Liver	tss	norloop
totalSNV	DO48694	26	2.74020736835438	norloop_tss	ICGC_Liver	tss	norloop
totalSNV	DO48695	31	3.26717032380714	norloop_tss	ICGC_Liver	tss	norloop
totalSNV	DO48697	22	2.31863700399217	norloop_tss	ICGC_Liver	tss	norloop
totalSNV	DO48700	23	2.42402959508272	norloop_tss	ICGC_Liver	tss	norloop
totalSNV	DO48701	43	4.53188141689378	norloop_tss	ICGC_Liver	tss	norloop
totalSNV	DO48703	20	2.10785182181106	norloop_tss	ICGC_Liver	tss	norloop
totalSNV	DO48704	24	2.52942218617327	norloop_tss	ICGC_Liver	tss	norloop
totalSNV	DO48706	58	6.11277028325207	norloop_tss	ICGC_Liver	tss	norloop
totalSNV	DO48709	17	1.7916740485394	norloop_tss	ICGC_Liver	tss	norloop
totalSNV	DO48712	10	1.05392591090553	norloop_tss	ICGC_Liver	tss	norloop
totalSNV	DO48715	24	2.52942218617327	norloop_tss	ICGC_Liver	tss	norloop
totalSNV	DO48716	44	4.63727400798433	norloop_tss	ICGC_Liver	tss	norloop
totalSNV	DO48717	4	0.421570364362212	norloop_tss	ICGC_Liver	tss	norloop
totalSNV	DO48719	108	11.3823998377797	norloop_tss	ICGC_Liver	tss	norloop
totalSNV	DO48720	15	1.5808888663583	norloop_tss	ICGC_Liver	tss	norloop
totalSNV	DO48721	42	4.42648882580323	norloop_tss	ICGC_Liver	tss	norloop
totalSNV	DO48723	27	2.84559995944493	norloop_tss	ICGC_Liver	tss	norloop
totalSNV	DO48725	13	1.37010368417719	norloop_tss	ICGC_Liver	tss	norloop
totalSNV	DO48727	28	2.95099255053548	norloop_tss	ICGC_Liver	tss	norloop
totalSNV	DO48728	18	1.89706663962995	norloop_tss	ICGC_Liver	tss	norloop
totalSNV	DO48730	22	2.31863700399217	norloop_tss	ICGC_Liver	tss	norloop
totalSNV	DO48732	42	4.42648882580323	norloop_tss	ICGC_Liver	tss	norloop
totalSNV	DO48733	32	3.3725629148977	norloop_tss	ICGC_Liver	tss	norloop
totalSNV	DO48736	6	0.632355546543318	norloop_tss	ICGC_Liver	tss	norloop
totalSNV	DO48737	33	3.47795550598825	norloop_tss	ICGC_Liver	tss	norloop
totalSNV	DO48741	38	4.00491846144101	norloop_tss	ICGC_Liver	tss	norloop
totalSNV	DO48742	46	4.84805919016544	norloop_tss	ICGC_Liver	tss	norloop
totalSNV	DO48743	20	2.10785182181106	norloop_tss	ICGC_Liver	tss	norloop
totalSNV	DO48747	13	1.37010368417719	norloop_tss	ICGC_Liver	tss	norloop
totalSNV	DO48751	30	3.16177773271659	norloop_tss	ICGC_Liver	tss	norloop
totalSNV	DO48753	16	1.68628145744885	norloop_tss	ICGC_Liver	tss	norloop
totalSNV	DO48757	24	2.52942218617327	norloop_tss	ICGC_Liver	tss	norloop
totalSNV	DO48759	26	2.74020736835438	norloop_tss	ICGC_Liver	tss	norloop
totalSNV	DO48760	36	3.79413327925991	norloop_tss	ICGC_Liver	tss	norloop
totalSNV	DO48761	21	2.21324441290161	norloop_tss	ICGC_Liver	tss	norloop
totalSNV	DO50772	38	4.00491846144101	norloop_tss	ICGC_Liver	tss	norloop
totalSNV	DO50774	26	2.74020736835438	norloop_tss	ICGC_Liver	tss	norloop
totalSNV	DO50776	44	4.63727400798433	norloop_tss	ICGC_Liver	tss	norloop
totalSNV	DO50778	21	2.21324441290161	norloop_tss	ICGC_Liver	tss	norloop
totalSNV	DO50780	54	5.69119991888986	norloop_tss	ICGC_Liver	tss	norloop
totalSNV	DO50783	20	2.10785182181106	norloop_tss	ICGC_Liver	tss	norloop
totalSNV	DO50785	12	1.26471109308664	norloop_tss	ICGC_Liver	tss	norloop
totalSNV	DO50787	21	2.21324441290161	norloop_tss	ICGC_Liver	tss	norloop
totalSNV	DO50789	28	2.95099255053548	norloop_tss	ICGC_Liver	tss	norloop
totalSNV	DO50791	20	2.10785182181106	norloop_tss	ICGC_Liver	tss	norloop
totalSNV	DO50793	82	8.64219246942535	norloop_tss	ICGC_Liver	tss	norloop
totalSNV	DO50796	10	1.05392591090553	norloop_tss	ICGC_Liver	tss	norloop
totalSNV	DO50798	47	4.95345178125599	norloop_tss	ICGC_Liver	tss	norloop
totalSNV	DO50799	34	3.5833480970788	norloop_tss	ICGC_Liver	tss	norloop
totalSNV	DO50800	26	2.74020736835438	norloop_tss	ICGC_Liver	tss	norloop
totalSNV	DO50802	42	4.42648882580323	norloop_tss	ICGC_Liver	tss	norloop
totalSNV	DO50803	40	4.21570364362212	norloop_tss	ICGC_Liver	tss	norloop
totalSNV	DO50804	57	6.00737769216152	norloop_tss	ICGC_Liver	tss	norloop
totalSNV	DO50805	36	3.79413327925991	norloop_tss	ICGC_Liver	tss	norloop
totalSNV	DO50806	35	3.68874068816936	norloop_tss	ICGC_Liver	tss	norloop
totalSNV	DO50807	39	4.11031105253157	norloop_tss	ICGC_Liver	tss	norloop
totalSNV	DO50808	21	2.21324441290161	norloop_tss	ICGC_Liver	tss	norloop
totalSNV	DO50809	18	1.89706663962995	norloop_tss	ICGC_Liver	tss	norloop
totalSNV	DO50811	30	3.16177773271659	norloop_tss	ICGC_Liver	tss	norloop
totalSNV	DO50813	29	3.05638514162604	norloop_tss	ICGC_Liver	tss	norloop
totalSNV	DO50814	68	7.1666961941576	norloop_tss	ICGC_Liver	tss	norloop
totalSNV	DO50815	45	4.74266659907489	norloop_tss	ICGC_Liver	tss	norloop
totalSNV	DO50816	42	4.42648882580323	norloop_tss	ICGC_Liver	tss	norloop
totalSNV	DO50817	44	4.63727400798433	norloop_tss	ICGC_Liver	tss	norloop
totalSNV	DO50818	40	4.21570364362212	norloop_tss	ICGC_Liver	tss	norloop
totalSNV	DO50819	11	1.15931850199608	norloop_tss	ICGC_Liver	tss	norloop
totalSNV	DO50820	16	1.68628145744885	norloop_tss	ICGC_Liver	tss	norloop
totalSNV	DO50822	29	3.05638514162604	norloop_tss	ICGC_Liver	tss	norloop
totalSNV	DO50825	51	5.3750221456182	norloop_tss	ICGC_Liver	tss	norloop
totalSNV	DO50827	13	1.37010368417719	norloop_tss	ICGC_Liver	tss	norloop
totalSNV	DO50829	22	2.31863700399217	norloop_tss	ICGC_Liver	tss	norloop
totalSNV	DO50831	15	1.5808888663583	norloop_tss	ICGC_Liver	tss	norloop
totalSNV	DO50832	39	4.11031105253157	norloop_tss	ICGC_Liver	tss	norloop
totalSNV	DO50834	47	4.95345178125599	norloop_tss	ICGC_Liver	tss	norloop
totalSNV	DO50837	2	0.210785182181106	norloop_tss	ICGC_Liver	tss	norloop
totalSNV	DO50839	20	2.10785182181106	norloop_tss	ICGC_Liver	tss	norloop
totalSNV	DO50840	22	2.31863700399217	norloop_tss	ICGC_Liver	tss	norloop
totalSNV	DO50842	90	9.48533319814977	norloop_tss	ICGC_Liver	tss	norloop
totalSNV	DO50844	59	6.21816287434263	norloop_tss	ICGC_Liver	tss	norloop
totalSNV	DO50845	22	2.31863700399217	norloop_tss	ICGC_Liver	tss	norloop
totalSNV	DO50848	10	1.05392591090553	norloop_tss	ICGC_Liver	tss	norloop
totalSNV	DO50850	26	2.74020736835438	norloop_tss	ICGC_Liver	tss	norloop
totalSNV	DO50851	39	4.11031105253157	norloop_tss	ICGC_Liver	tss	norloop
totalSNV	DO50855	17	1.7916740485394	norloop_tss	ICGC_Liver	tss	norloop
totalSNV	DO50857	29	3.05638514162604	norloop_tss	ICGC_Liver	tss	norloop
totalSNV	DO50859	40	4.21570364362212	norloop_tss	ICGC_Liver	tss	norloop
totalSNV	DO23508	37	4.21801145611911	rloop_tts	ICGC_Liver	tts	rloop
totalSNV	DO23509	16	1.82400495399746	rloop_tts	ICGC_Liver	tts	rloop
totalSNV	DO23510	13	1.48200402512293	rloop_tts	ICGC_Liver	tts	rloop
totalSNV	DO23512	24	2.73600743099618	rloop_tts	ICGC_Liver	tts	rloop
totalSNV	DO23513	28	3.19200866949555	rloop_tts	ICGC_Liver	tts	rloop
totalSNV	DO23514	21	2.39400650212166	rloop_tts	ICGC_Liver	tts	rloop
totalSNV	DO23515	16	1.82400495399746	rloop_tts	ICGC_Liver	tts	rloop
totalSNV	DO23516	49	5.58601517161721	rloop_tts	ICGC_Liver	tts	rloop
totalSNV	DO23517	12	1.36800371549809	rloop_tts	ICGC_Liver	tts	rloop
totalSNV	DO23518	13	1.48200402512293	rloop_tts	ICGC_Liver	tts	rloop
totalSNV	DO23519	13	1.48200402512293	rloop_tts	ICGC_Liver	tts	rloop
totalSNV	DO23520	12	1.36800371549809	rloop_tts	ICGC_Liver	tts	rloop
totalSNV	DO23521	18	2.05200557324714	rloop_tts	ICGC_Liver	tts	rloop
totalSNV	DO23522	17	1.9380052636223	rloop_tts	ICGC_Liver	tts	rloop
totalSNV	DO23524	12	1.36800371549809	rloop_tts	ICGC_Liver	tts	rloop
totalSNV	DO23525	30	3.42000928874523	rloop_tts	ICGC_Liver	tts	rloop
totalSNV	DO23526	7	0.798002167373887	rloop_tts	ICGC_Liver	tts	rloop
totalSNV	DO23527	14	1.59600433474777	rloop_tts	ICGC_Liver	tts	rloop
totalSNV	DO23528	5	0.570001548124205	rloop_tts	ICGC_Liver	tts	rloop
totalSNV	DO23529	6	0.684001857749046	rloop_tts	ICGC_Liver	tts	rloop
totalSNV	DO23532	5	0.570001548124205	rloop_tts	ICGC_Liver	tts	rloop
totalSNV	DO23533	29	3.30600897912039	rloop_tts	ICGC_Liver	tts	rloop
totalSNV	DO23534	12	1.36800371549809	rloop_tts	ICGC_Liver	tts	rloop
totalSNV	DO23535	9	1.02600278662357	rloop_tts	ICGC_Liver	tts	rloop
totalSNV	DO23536	25	2.85000774062102	rloop_tts	ICGC_Liver	tts	rloop
totalSNV	DO23537	21	2.39400650212166	rloop_tts	ICGC_Liver	tts	rloop
totalSNV	DO23538	18	2.05200557324714	rloop_tts	ICGC_Liver	tts	rloop
totalSNV	DO23539	22	2.5080068117465	rloop_tts	ICGC_Liver	tts	rloop
totalSNV	DO23540	24	2.73600743099618	rloop_tts	ICGC_Liver	tts	rloop
totalSNV	DO23541	15	1.71000464437261	rloop_tts	ICGC_Liver	tts	rloop
totalSNV	DO23542	26	2.96400805024586	rloop_tts	ICGC_Liver	tts	rloop
totalSNV	DO23543	39	4.4460120753688	rloop_tts	ICGC_Liver	tts	rloop
totalSNV	DO23544	24	2.73600743099618	rloop_tts	ICGC_Liver	tts	rloop
totalSNV	DO23545	27	3.07800835987071	rloop_tts	ICGC_Liver	tts	rloop
totalSNV	DO23546	10	1.14000309624841	rloop_tts	ICGC_Liver	tts	rloop
totalSNV	DO23547	2	0.228000619249682	rloop_tts	ICGC_Liver	tts	rloop
totalSNV	DO23548	8	0.912002476998727	rloop_tts	ICGC_Liver	tts	rloop
totalSNV	DO23549	11	1.25400340587325	rloop_tts	ICGC_Liver	tts	rloop
totalSNV	DO23550	24	2.73600743099618	rloop_tts	ICGC_Liver	tts	rloop
totalSNV	DO23551	19	2.16600588287198	rloop_tts	ICGC_Liver	tts	rloop
totalSNV	DO23552	7	0.798002167373887	rloop_tts	ICGC_Liver	tts	rloop
totalSNV	DO44740	21	2.39400650212166	rloop_tts	ICGC_Liver	tts	rloop
totalSNV	DO44744	18	2.05200557324714	rloop_tts	ICGC_Liver	tts	rloop
totalSNV	DO44806	22	2.5080068117465	rloop_tts	ICGC_Liver	tts	rloop
totalSNV	DO44808	15	1.71000464437261	rloop_tts	ICGC_Liver	tts	rloop
totalSNV	DO44828	23	2.62200712137134	rloop_tts	ICGC_Liver	tts	rloop
totalSNV	DO44832	40	4.56001238499364	rloop_tts	ICGC_Liver	tts	rloop
totalSNV	DO45029	14	1.59600433474777	rloop_tts	ICGC_Liver	tts	rloop
totalSNV	DO45035	21	2.39400650212166	rloop_tts	ICGC_Liver	tts	rloop
totalSNV	DO45037	25	2.85000774062102	rloop_tts	ICGC_Liver	tts	rloop
totalSNV	DO45039	29	3.30600897912039	rloop_tts	ICGC_Liver	tts	rloop
totalSNV	DO45041	100	11.4000309624841	rloop_tts	ICGC_Liver	tts	rloop
totalSNV	DO45043	12	1.36800371549809	rloop_tts	ICGC_Liver	tts	rloop
totalSNV	DO45045	26	2.96400805024586	rloop_tts	ICGC_Liver	tts	rloop
totalSNV	DO45047	12	1.36800371549809	rloop_tts	ICGC_Liver	tts	rloop
totalSNV	DO45049	57	6.49801764861593	rloop_tts	ICGC_Liver	tts	rloop
totalSNV	DO45051	13	1.48200402512293	rloop_tts	ICGC_Liver	tts	rloop
totalSNV	DO45055	9	1.02600278662357	rloop_tts	ICGC_Liver	tts	rloop
totalSNV	DO45057	31	3.53400959837007	rloop_tts	ICGC_Liver	tts	rloop
totalSNV	DO45059	6	0.684001857749046	rloop_tts	ICGC_Liver	tts	rloop
totalSNV	DO45061	6	0.684001857749046	rloop_tts	ICGC_Liver	tts	rloop
totalSNV	DO45064	34	3.87601052724459	rloop_tts	ICGC_Liver	tts	rloop
totalSNV	DO45065	5	0.570001548124205	rloop_tts	ICGC_Liver	tts	rloop
totalSNV	DO45067	19	2.16600588287198	rloop_tts	ICGC_Liver	tts	rloop
totalSNV	DO45069	25	2.85000774062102	rloop_tts	ICGC_Liver	tts	rloop
totalSNV	DO45071	22	2.5080068117465	rloop_tts	ICGC_Liver	tts	rloop
totalSNV	DO45073	14	1.59600433474777	rloop_tts	ICGC_Liver	tts	rloop
totalSNV	DO45075	20	2.28000619249682	rloop_tts	ICGC_Liver	tts	rloop
totalSNV	DO45077	22	2.5080068117465	rloop_tts	ICGC_Liver	tts	rloop
totalSNV	DO45079	20	2.28000619249682	rloop_tts	ICGC_Liver	tts	rloop
totalSNV	DO45081	49	5.58601517161721	rloop_tts	ICGC_Liver	tts	rloop
totalSNV	DO45083	39	4.4460120753688	rloop_tts	ICGC_Liver	tts	rloop
totalSNV	DO45085	17	1.9380052636223	rloop_tts	ICGC_Liver	tts	rloop
totalSNV	DO45087	40	4.56001238499364	rloop_tts	ICGC_Liver	tts	rloop
totalSNV	DO45089	28	3.19200866949555	rloop_tts	ICGC_Liver	tts	rloop
totalSNV	DO45091	19	2.16600588287198	rloop_tts	ICGC_Liver	tts	rloop
totalSNV	DO45092	18	2.05200557324714	rloop_tts	ICGC_Liver	tts	rloop
totalSNV	DO45093	16	1.82400495399746	rloop_tts	ICGC_Liver	tts	rloop
totalSNV	DO45094	25	2.85000774062102	rloop_tts	ICGC_Liver	tts	rloop
totalSNV	DO45095	10	1.14000309624841	rloop_tts	ICGC_Liver	tts	rloop
totalSNV	DO45096	33	3.76201021761975	rloop_tts	ICGC_Liver	tts	rloop
totalSNV	DO45097	19	2.16600588287198	rloop_tts	ICGC_Liver	tts	rloop
totalSNV	DO45099	10	1.14000309624841	rloop_tts	ICGC_Liver	tts	rloop
totalSNV	DO45101	9	1.02600278662357	rloop_tts	ICGC_Liver	tts	rloop
totalSNV	DO45103	9	1.02600278662357	rloop_tts	ICGC_Liver	tts	rloop
totalSNV	DO45105	17	1.9380052636223	rloop_tts	ICGC_Liver	tts	rloop
totalSNV	DO45107	14	1.59600433474777	rloop_tts	ICGC_Liver	tts	rloop
totalSNV	DO45109	11	1.25400340587325	rloop_tts	ICGC_Liver	tts	rloop
totalSNV	DO45111	13	1.48200402512293	rloop_tts	ICGC_Liver	tts	rloop
totalSNV	DO45113	6	0.684001857749046	rloop_tts	ICGC_Liver	tts	rloop
totalSNV	DO45115	21	2.39400650212166	rloop_tts	ICGC_Liver	tts	rloop
totalSNV	DO45117	21	2.39400650212166	rloop_tts	ICGC_Liver	tts	rloop
totalSNV	DO45119	32	3.64800990799491	rloop_tts	ICGC_Liver	tts	rloop
totalSNV	DO45121	10	1.14000309624841	rloop_tts	ICGC_Liver	tts	rloop
totalSNV	DO45123	13	1.48200402512293	rloop_tts	ICGC_Liver	tts	rloop
totalSNV	DO45125	18	2.05200557324714	rloop_tts	ICGC_Liver	tts	rloop
totalSNV	DO45127	57	6.49801764861593	rloop_tts	ICGC_Liver	tts	rloop
totalSNV	DO45129	13	1.48200402512293	rloop_tts	ICGC_Liver	tts	rloop
totalSNV	DO45131	7	0.798002167373887	rloop_tts	ICGC_Liver	tts	rloop
totalSNV	DO45133	24	2.73600743099618	rloop_tts	ICGC_Liver	tts	rloop
totalSNV	DO45135	7	0.798002167373887	rloop_tts	ICGC_Liver	tts	rloop
totalSNV	DO45137	9	1.02600278662357	rloop_tts	ICGC_Liver	tts	rloop
totalSNV	DO45139	49	5.58601517161721	rloop_tts	ICGC_Liver	tts	rloop
totalSNV	DO45141	28	3.19200866949555	rloop_tts	ICGC_Liver	tts	rloop
totalSNV	DO45143	9	1.02600278662357	rloop_tts	ICGC_Liver	tts	rloop
totalSNV	DO45145	38	4.33201176574396	rloop_tts	ICGC_Liver	tts	rloop
totalSNV	DO45147	27	3.07800835987071	rloop_tts	ICGC_Liver	tts	rloop
totalSNV	DO45149	13	1.48200402512293	rloop_tts	ICGC_Liver	tts	rloop
totalSNV	DO45151	36	4.10401114649427	rloop_tts	ICGC_Liver	tts	rloop
totalSNV	DO45153	18	2.05200557324714	rloop_tts	ICGC_Liver	tts	rloop
totalSNV	DO45155	16	1.82400495399746	rloop_tts	ICGC_Liver	tts	rloop
totalSNV	DO45157	2	0.228000619249682	rloop_tts	ICGC_Liver	tts	rloop
totalSNV	DO45159	7	0.798002167373887	rloop_tts	ICGC_Liver	tts	rloop
totalSNV	DO45161	20	2.28000619249682	rloop_tts	ICGC_Liver	tts	rloop
totalSNV	DO45163	44	5.016013623493	rloop_tts	ICGC_Liver	tts	rloop
totalSNV	DO45165	13	1.48200402512293	rloop_tts	ICGC_Liver	tts	rloop
totalSNV	DO45167	6	0.684001857749046	rloop_tts	ICGC_Liver	tts	rloop
totalSNV	DO45169	30	3.42000928874523	rloop_tts	ICGC_Liver	tts	rloop
totalSNV	DO45171	8	0.912002476998727	rloop_tts	ICGC_Liver	tts	rloop
totalSNV	DO45173	32	3.64800990799491	rloop_tts	ICGC_Liver	tts	rloop
totalSNV	DO45175	15	1.71000464437261	rloop_tts	ICGC_Liver	tts	rloop
totalSNV	DO45177	12	1.36800371549809	rloop_tts	ICGC_Liver	tts	rloop
totalSNV	DO45179	20	2.28000619249682	rloop_tts	ICGC_Liver	tts	rloop
totalSNV	DO45181	19	2.16600588287198	rloop_tts	ICGC_Liver	tts	rloop
totalSNV	DO45183	16	1.82400495399746	rloop_tts	ICGC_Liver	tts	rloop
totalSNV	DO45185	14	1.59600433474777	rloop_tts	ICGC_Liver	tts	rloop
totalSNV	DO45187	5	0.570001548124205	rloop_tts	ICGC_Liver	tts	rloop
totalSNV	DO45189	12	1.36800371549809	rloop_tts	ICGC_Liver	tts	rloop
totalSNV	DO45191	12	1.36800371549809	rloop_tts	ICGC_Liver	tts	rloop
totalSNV	DO45193	18	2.05200557324714	rloop_tts	ICGC_Liver	tts	rloop
totalSNV	DO45197	17	1.9380052636223	rloop_tts	ICGC_Liver	tts	rloop
totalSNV	DO45199	22	2.5080068117465	rloop_tts	ICGC_Liver	tts	rloop
totalSNV	DO45201	16	1.82400495399746	rloop_tts	ICGC_Liver	tts	rloop
totalSNV	DO45203	33	3.76201021761975	rloop_tts	ICGC_Liver	tts	rloop
totalSNV	DO45205	19	2.16600588287198	rloop_tts	ICGC_Liver	tts	rloop
totalSNV	DO45207	22	2.5080068117465	rloop_tts	ICGC_Liver	tts	rloop
totalSNV	DO45209	17	1.9380052636223	rloop_tts	ICGC_Liver	tts	rloop
totalSNV	DO45211	15	1.71000464437261	rloop_tts	ICGC_Liver	tts	rloop
totalSNV	DO45213	13	1.48200402512293	rloop_tts	ICGC_Liver	tts	rloop
totalSNV	DO45215	11	1.25400340587325	rloop_tts	ICGC_Liver	tts	rloop
totalSNV	DO45217	15	1.71000464437261	rloop_tts	ICGC_Liver	tts	rloop
totalSNV	DO45219	11	1.25400340587325	rloop_tts	ICGC_Liver	tts	rloop
totalSNV	DO45221	8	0.912002476998727	rloop_tts	ICGC_Liver	tts	rloop
totalSNV	DO45223	3	0.342000928874523	rloop_tts	ICGC_Liver	tts	rloop
totalSNV	DO45225	26	2.96400805024586	rloop_tts	ICGC_Liver	tts	rloop
totalSNV	DO45227	14	1.59600433474777	rloop_tts	ICGC_Liver	tts	rloop
totalSNV	DO45229	18	2.05200557324714	rloop_tts	ICGC_Liver	tts	rloop
totalSNV	DO45233	10	1.14000309624841	rloop_tts	ICGC_Liver	tts	rloop
totalSNV	DO45235	4	0.456001238499364	rloop_tts	ICGC_Liver	tts	rloop
totalSNV	DO45237	67	7.63802074486434	rloop_tts	ICGC_Liver	tts	rloop
totalSNV	DO45239	7	0.798002167373887	rloop_tts	ICGC_Liver	tts	rloop
totalSNV	DO45241	11	1.25400340587325	rloop_tts	ICGC_Liver	tts	rloop
totalSNV	DO45247	7	0.798002167373887	rloop_tts	ICGC_Liver	tts	rloop
totalSNV	DO45253	11	1.25400340587325	rloop_tts	ICGC_Liver	tts	rloop
totalSNV	DO45255	18	2.05200557324714	rloop_tts	ICGC_Liver	tts	rloop
totalSNV	DO45257	11	1.25400340587325	rloop_tts	ICGC_Liver	tts	rloop
totalSNV	DO45263	17	1.9380052636223	rloop_tts	ICGC_Liver	tts	rloop
totalSNV	DO45265	14	1.59600433474777	rloop_tts	ICGC_Liver	tts	rloop
totalSNV	DO45267	40	4.56001238499364	rloop_tts	ICGC_Liver	tts	rloop
totalSNV	DO45269	22	2.5080068117465	rloop_tts	ICGC_Liver	tts	rloop
totalSNV	DO45273	23	2.62200712137134	rloop_tts	ICGC_Liver	tts	rloop
totalSNV	DO45277	15	1.71000464437261	rloop_tts	ICGC_Liver	tts	rloop
totalSNV	DO45281	19	2.16600588287198	rloop_tts	ICGC_Liver	tts	rloop
totalSNV	DO48672	15	1.71000464437261	rloop_tts	ICGC_Liver	tts	rloop
totalSNV	DO48674	17	1.9380052636223	rloop_tts	ICGC_Liver	tts	rloop
totalSNV	DO48677	26	2.96400805024586	rloop_tts	ICGC_Liver	tts	rloop
totalSNV	DO48679	11	1.25400340587325	rloop_tts	ICGC_Liver	tts	rloop
totalSNV	DO48681	18	2.05200557324714	rloop_tts	ICGC_Liver	tts	rloop
totalSNV	DO48682	116	13.2240359164816	rloop_tts	ICGC_Liver	tts	rloop
totalSNV	DO48684	9	1.02600278662357	rloop_tts	ICGC_Liver	tts	rloop
totalSNV	DO48686	14	1.59600433474777	rloop_tts	ICGC_Liver	tts	rloop
totalSNV	DO48687	9	1.02600278662357	rloop_tts	ICGC_Liver	tts	rloop
totalSNV	DO48689	36	4.10401114649427	rloop_tts	ICGC_Liver	tts	rloop
totalSNV	DO48691	7	0.798002167373887	rloop_tts	ICGC_Liver	tts	rloop
totalSNV	DO48692	4	0.456001238499364	rloop_tts	ICGC_Liver	tts	rloop
totalSNV	DO48693	6	0.684001857749046	rloop_tts	ICGC_Liver	tts	rloop
totalSNV	DO48694	6	0.684001857749046	rloop_tts	ICGC_Liver	tts	rloop
totalSNV	DO48695	11	1.25400340587325	rloop_tts	ICGC_Liver	tts	rloop
totalSNV	DO48697	5	0.570001548124205	rloop_tts	ICGC_Liver	tts	rloop
totalSNV	DO48700	4	0.456001238499364	rloop_tts	ICGC_Liver	tts	rloop
totalSNV	DO48701	25	2.85000774062102	rloop_tts	ICGC_Liver	tts	rloop
totalSNV	DO48703	11	1.25400340587325	rloop_tts	ICGC_Liver	tts	rloop
totalSNV	DO48704	10	1.14000309624841	rloop_tts	ICGC_Liver	tts	rloop
totalSNV	DO48706	20	2.28000619249682	rloop_tts	ICGC_Liver	tts	rloop
totalSNV	DO48709	11	1.25400340587325	rloop_tts	ICGC_Liver	tts	rloop
totalSNV	DO48712	7	0.798002167373887	rloop_tts	ICGC_Liver	tts	rloop
totalSNV	DO48715	19	2.16600588287198	rloop_tts	ICGC_Liver	tts	rloop
totalSNV	DO48716	35	3.99001083686943	rloop_tts	ICGC_Liver	tts	rloop
totalSNV	DO48719	61	6.9540188871153	rloop_tts	ICGC_Liver	tts	rloop
totalSNV	DO48720	13	1.48200402512293	rloop_tts	ICGC_Liver	tts	rloop
totalSNV	DO48721	17	1.9380052636223	rloop_tts	ICGC_Liver	tts	rloop
totalSNV	DO48723	12	1.36800371549809	rloop_tts	ICGC_Liver	tts	rloop
totalSNV	DO48725	6	0.684001857749046	rloop_tts	ICGC_Liver	tts	rloop
totalSNV	DO48727	16	1.82400495399746	rloop_tts	ICGC_Liver	tts	rloop
totalSNV	DO48728	5	0.570001548124205	rloop_tts	ICGC_Liver	tts	rloop
totalSNV	DO48730	10	1.14000309624841	rloop_tts	ICGC_Liver	tts	rloop
totalSNV	DO48732	20	2.28000619249682	rloop_tts	ICGC_Liver	tts	rloop
totalSNV	DO48733	14	1.59600433474777	rloop_tts	ICGC_Liver	tts	rloop
totalSNV	DO48736	5	0.570001548124205	rloop_tts	ICGC_Liver	tts	rloop
totalSNV	DO48737	16	1.82400495399746	rloop_tts	ICGC_Liver	tts	rloop
totalSNV	DO48741	22	2.5080068117465	rloop_tts	ICGC_Liver	tts	rloop
totalSNV	DO48742	31	3.53400959837007	rloop_tts	ICGC_Liver	tts	rloop
totalSNV	DO48743	12	1.36800371549809	rloop_tts	ICGC_Liver	tts	rloop
totalSNV	DO48747	2	0.228000619249682	rloop_tts	ICGC_Liver	tts	rloop
totalSNV	DO48751	33	3.76201021761975	rloop_tts	ICGC_Liver	tts	rloop
totalSNV	DO48753	5	0.570001548124205	rloop_tts	ICGC_Liver	tts	rloop
totalSNV	DO48757	11	1.25400340587325	rloop_tts	ICGC_Liver	tts	rloop
totalSNV	DO48759	6	0.684001857749046	rloop_tts	ICGC_Liver	tts	rloop
totalSNV	DO48760	14	1.59600433474777	rloop_tts	ICGC_Liver	tts	rloop
totalSNV	DO48761	10	1.14000309624841	rloop_tts	ICGC_Liver	tts	rloop
totalSNV	DO50772	8	0.912002476998727	rloop_tts	ICGC_Liver	tts	rloop
totalSNV	DO50774	5	0.570001548124205	rloop_tts	ICGC_Liver	tts	rloop
totalSNV	DO50776	44	5.016013623493	rloop_tts	ICGC_Liver	tts	rloop
totalSNV	DO50778	5	0.570001548124205	rloop_tts	ICGC_Liver	tts	rloop
totalSNV	DO50780	37	4.21801145611911	rloop_tts	ICGC_Liver	tts	rloop
totalSNV	DO50783	10	1.14000309624841	rloop_tts	ICGC_Liver	tts	rloop
totalSNV	DO50785	8	0.912002476998727	rloop_tts	ICGC_Liver	tts	rloop
totalSNV	DO50787	9	1.02600278662357	rloop_tts	ICGC_Liver	tts	rloop
totalSNV	DO50789	23	2.62200712137134	rloop_tts	ICGC_Liver	tts	rloop
totalSNV	DO50791	11	1.25400340587325	rloop_tts	ICGC_Liver	tts	rloop
totalSNV	DO50793	53	6.04201641011657	rloop_tts	ICGC_Liver	tts	rloop
totalSNV	DO50796	7	0.798002167373887	rloop_tts	ICGC_Liver	tts	rloop
totalSNV	DO50798	39	4.4460120753688	rloop_tts	ICGC_Liver	tts	rloop
totalSNV	DO50799	15	1.71000464437261	rloop_tts	ICGC_Liver	tts	rloop
totalSNV	DO50800	9	1.02600278662357	rloop_tts	ICGC_Liver	tts	rloop
totalSNV	DO50802	20	2.28000619249682	rloop_tts	ICGC_Liver	tts	rloop
totalSNV	DO50803	24	2.73600743099618	rloop_tts	ICGC_Liver	tts	rloop
totalSNV	DO50804	53	6.04201641011657	rloop_tts	ICGC_Liver	tts	rloop
totalSNV	DO50805	32	3.64800990799491	rloop_tts	ICGC_Liver	tts	rloop
totalSNV	DO50806	18	2.05200557324714	rloop_tts	ICGC_Liver	tts	rloop
totalSNV	DO50807	18	2.05200557324714	rloop_tts	ICGC_Liver	tts	rloop
totalSNV	DO50808	14	1.59600433474777	rloop_tts	ICGC_Liver	tts	rloop
totalSNV	DO50809	8	0.912002476998727	rloop_tts	ICGC_Liver	tts	rloop
totalSNV	DO50811	15	1.71000464437261	rloop_tts	ICGC_Liver	tts	rloop
totalSNV	DO50813	19	2.16600588287198	rloop_tts	ICGC_Liver	tts	rloop
totalSNV	DO50814	53	6.04201641011657	rloop_tts	ICGC_Liver	tts	rloop
totalSNV	DO50815	21	2.39400650212166	rloop_tts	ICGC_Liver	tts	rloop
totalSNV	DO50816	19	2.16600588287198	rloop_tts	ICGC_Liver	tts	rloop
totalSNV	DO50817	36	4.10401114649427	rloop_tts	ICGC_Liver	tts	rloop
totalSNV	DO50818	34	3.87601052724459	rloop_tts	ICGC_Liver	tts	rloop
totalSNV	DO50819	4	0.456001238499364	rloop_tts	ICGC_Liver	tts	rloop
totalSNV	DO50820	10	1.14000309624841	rloop_tts	ICGC_Liver	tts	rloop
totalSNV	DO50822	25	2.85000774062102	rloop_tts	ICGC_Liver	tts	rloop
totalSNV	DO50825	45	5.13001393311784	rloop_tts	ICGC_Liver	tts	rloop
totalSNV	DO50827	13	1.48200402512293	rloop_tts	ICGC_Liver	tts	rloop
totalSNV	DO50829	19	2.16600588287198	rloop_tts	ICGC_Liver	tts	rloop
totalSNV	DO50831	8	0.912002476998727	rloop_tts	ICGC_Liver	tts	rloop
totalSNV	DO50832	36	4.10401114649427	rloop_tts	ICGC_Liver	tts	rloop
totalSNV	DO50834	11	1.25400340587325	rloop_tts	ICGC_Liver	tts	rloop
totalSNV	DO50837	6	0.684001857749046	rloop_tts	ICGC_Liver	tts	rloop
totalSNV	DO50839	14	1.59600433474777	rloop_tts	ICGC_Liver	tts	rloop
totalSNV	DO50840	24	2.73600743099618	rloop_tts	ICGC_Liver	tts	rloop
totalSNV	DO50842	46	5.24401424274268	rloop_tts	ICGC_Liver	tts	rloop
totalSNV	DO50844	55	6.27001702936625	rloop_tts	ICGC_Liver	tts	rloop
totalSNV	DO50845	3	0.342000928874523	rloop_tts	ICGC_Liver	tts	rloop
totalSNV	DO50848	10	1.14000309624841	rloop_tts	ICGC_Liver	tts	rloop
totalSNV	DO50850	13	1.48200402512293	rloop_tts	ICGC_Liver	tts	rloop
totalSNV	DO50851	42	4.78801300424332	rloop_tts	ICGC_Liver	tts	rloop
totalSNV	DO50855	19	2.16600588287198	rloop_tts	ICGC_Liver	tts	rloop
totalSNV	DO50857	28	3.19200866949555	rloop_tts	ICGC_Liver	tts	rloop
totalSNV	DO50859	21	2.39400650212166	rloop_tts	ICGC_Liver	tts	rloop
totalSNV	DO23508	84	7.84557297200111	norloop_tts	ICGC_Liver	tts	norloop
totalSNV	DO23509	43	4.01618616423866	norloop_tts	ICGC_Liver	tts	norloop
totalSNV	DO23510	23	2.1481925994765	norloop_tts	ICGC_Liver	tts	norloop
totalSNV	DO23512	42	3.92278648600056	norloop_tts	ICGC_Liver	tts	norloop
totalSNV	DO23513	65	6.07097908547705	norloop_tts	ICGC_Liver	tts	norloop
totalSNV	DO23514	33	3.08218938185758	norloop_tts	ICGC_Liver	tts	norloop
totalSNV	DO23515	32	2.98878970361947	norloop_tts	ICGC_Liver	tts	norloop
totalSNV	DO23516	86	8.03237232847733	norloop_tts	ICGC_Liver	tts	norloop
totalSNV	DO23517	45	4.20298552071488	norloop_tts	ICGC_Liver	tts	norloop
totalSNV	DO23518	28	2.61519099066704	norloop_tts	ICGC_Liver	tts	norloop
totalSNV	DO23519	44	4.10958584247677	norloop_tts	ICGC_Liver	tts	norloop
totalSNV	DO23520	38	3.54918777304812	norloop_tts	ICGC_Liver	tts	norloop
totalSNV	DO23521	41	3.82938680776245	norloop_tts	ICGC_Liver	tts	norloop
totalSNV	DO23522	32	2.98878970361947	norloop_tts	ICGC_Liver	tts	norloop
totalSNV	DO23524	33	3.08218938185758	norloop_tts	ICGC_Liver	tts	norloop
totalSNV	DO23525	68	6.35117812019138	norloop_tts	ICGC_Liver	tts	norloop
totalSNV	DO23526	21	1.96139324300028	norloop_tts	ICGC_Liver	tts	norloop
totalSNV	DO23527	31	2.89539002538136	norloop_tts	ICGC_Liver	tts	norloop
totalSNV	DO23528	14	1.30759549533352	norloop_tts	ICGC_Liver	tts	norloop
totalSNV	DO23529	14	1.30759549533352	norloop_tts	ICGC_Liver	tts	norloop
totalSNV	DO23530	1	0.0933996782381085	norloop_tts	ICGC_Liver	tts	norloop
totalSNV	DO23532	23	2.1481925994765	norloop_tts	ICGC_Liver	tts	norloop
totalSNV	DO23533	37	3.45578809481001	norloop_tts	ICGC_Liver	tts	norloop
totalSNV	DO23534	30	2.80199034714325	norloop_tts	ICGC_Liver	tts	norloop
totalSNV	DO23535	25	2.33499195595271	norloop_tts	ICGC_Liver	tts	norloop
totalSNV	DO23536	64	5.97757940723894	norloop_tts	ICGC_Liver	tts	norloop
totalSNV	DO23537	59	5.5105810160484	norloop_tts	ICGC_Liver	tts	norloop
totalSNV	DO23538	34	3.17558906009569	norloop_tts	ICGC_Liver	tts	norloop
totalSNV	DO23539	40	3.73598712952434	norloop_tts	ICGC_Liver	tts	norloop
totalSNV	DO23540	56	5.23038198133408	norloop_tts	ICGC_Liver	tts	norloop
totalSNV	DO23541	44	4.10958584247677	norloop_tts	ICGC_Liver	tts	norloop
totalSNV	DO23542	51	4.76338359014353	norloop_tts	ICGC_Liver	tts	norloop
totalSNV	DO23543	91	8.49937071966787	norloop_tts	ICGC_Liver	tts	norloop
totalSNV	DO23544	35	3.2689887383338	norloop_tts	ICGC_Liver	tts	norloop
totalSNV	DO23545	51	4.76338359014353	norloop_tts	ICGC_Liver	tts	norloop
totalSNV	DO23546	19	1.77459388652406	norloop_tts	ICGC_Liver	tts	norloop
totalSNV	DO23547	7	0.653797747666759	norloop_tts	ICGC_Liver	tts	norloop
totalSNV	DO23548	37	3.45578809481001	norloop_tts	ICGC_Liver	tts	norloop
totalSNV	DO23549	32	2.98878970361947	norloop_tts	ICGC_Liver	tts	norloop
totalSNV	DO23550	30	2.80199034714325	norloop_tts	ICGC_Liver	tts	norloop
totalSNV	DO23551	61	5.69738037252462	norloop_tts	ICGC_Liver	tts	norloop
totalSNV	DO23552	23	2.1481925994765	norloop_tts	ICGC_Liver	tts	norloop
totalSNV	DO44740	41	3.82938680776245	norloop_tts	ICGC_Liver	tts	norloop
totalSNV	DO44744	32	2.98878970361947	norloop_tts	ICGC_Liver	tts	norloop
totalSNV	DO44806	30	2.80199034714325	norloop_tts	ICGC_Liver	tts	norloop
totalSNV	DO44808	21	1.96139324300028	norloop_tts	ICGC_Liver	tts	norloop
totalSNV	DO44828	77	7.19177522433435	norloop_tts	ICGC_Liver	tts	norloop
totalSNV	DO44832	114	10.6475633191444	norloop_tts	ICGC_Liver	tts	norloop
totalSNV	DO45029	17	1.58779453004784	norloop_tts	ICGC_Liver	tts	norloop
totalSNV	DO45035	31	2.89539002538136	norloop_tts	ICGC_Liver	tts	norloop
totalSNV	DO45037	23	2.1481925994765	norloop_tts	ICGC_Liver	tts	norloop
totalSNV	DO45039	27	2.52179131242893	norloop_tts	ICGC_Liver	tts	norloop
totalSNV	DO45041	74	6.91157618962003	norloop_tts	ICGC_Liver	tts	norloop
totalSNV	DO45043	24	2.2415922777146	norloop_tts	ICGC_Liver	tts	norloop
totalSNV	DO45045	15	1.40099517357163	norloop_tts	ICGC_Liver	tts	norloop
totalSNV	DO45047	10	0.933996782381085	norloop_tts	ICGC_Liver	tts	norloop
totalSNV	DO45049	54	5.04358262485786	norloop_tts	ICGC_Liver	tts	norloop
totalSNV	DO45051	22	2.05479292123839	norloop_tts	ICGC_Liver	tts	norloop
totalSNV	DO45055	20	1.86799356476217	norloop_tts	ICGC_Liver	tts	norloop
totalSNV	DO45057	55	5.13698230309597	norloop_tts	ICGC_Liver	tts	norloop
totalSNV	DO45059	10	0.933996782381085	norloop_tts	ICGC_Liver	tts	norloop
totalSNV	DO45061	12	1.1207961388573	norloop_tts	ICGC_Liver	tts	norloop
totalSNV	DO45064	32	2.98878970361947	norloop_tts	ICGC_Liver	tts	norloop
totalSNV	DO45065	12	1.1207961388573	norloop_tts	ICGC_Liver	tts	norloop
totalSNV	DO45067	17	1.58779453004784	norloop_tts	ICGC_Liver	tts	norloop
totalSNV	DO45069	41	3.82938680776245	norloop_tts	ICGC_Liver	tts	norloop
totalSNV	DO45071	36	3.3623884165719	norloop_tts	ICGC_Liver	tts	norloop
totalSNV	DO45073	39	3.64258745128623	norloop_tts	ICGC_Liver	tts	norloop
totalSNV	DO45075	39	3.64258745128623	norloop_tts	ICGC_Liver	tts	norloop
totalSNV	DO45077	40	3.73598712952434	norloop_tts	ICGC_Liver	tts	norloop
totalSNV	DO45079	30	2.80199034714325	norloop_tts	ICGC_Liver	tts	norloop
totalSNV	DO45081	57	5.32378165957218	norloop_tts	ICGC_Liver	tts	norloop
totalSNV	DO45083	49	4.57658423366731	norloop_tts	ICGC_Liver	tts	norloop
totalSNV	DO45085	37	3.45578809481001	norloop_tts	ICGC_Liver	tts	norloop
totalSNV	DO45087	59	5.5105810160484	norloop_tts	ICGC_Liver	tts	norloop
totalSNV	DO45089	32	2.98878970361947	norloop_tts	ICGC_Liver	tts	norloop
totalSNV	DO45091	56	5.23038198133408	norloop_tts	ICGC_Liver	tts	norloop
totalSNV	DO45092	47	4.3897848771911	norloop_tts	ICGC_Liver	tts	norloop
totalSNV	DO45093	21	1.96139324300028	norloop_tts	ICGC_Liver	tts	norloop
totalSNV	DO45094	44	4.10958584247677	norloop_tts	ICGC_Liver	tts	norloop
totalSNV	DO45095	20	1.86799356476217	norloop_tts	ICGC_Liver	tts	norloop
totalSNV	DO45096	128	11.9551588144779	norloop_tts	ICGC_Liver	tts	norloop
totalSNV	DO45097	36	3.3623884165719	norloop_tts	ICGC_Liver	tts	norloop
totalSNV	DO45099	20	1.86799356476217	norloop_tts	ICGC_Liver	tts	norloop
totalSNV	DO45101	29	2.70859066890515	norloop_tts	ICGC_Liver	tts	norloop
totalSNV	DO45103	17	1.58779453004784	norloop_tts	ICGC_Liver	tts	norloop
totalSNV	DO45105	56	5.23038198133408	norloop_tts	ICGC_Liver	tts	norloop
totalSNV	DO45107	38	3.54918777304812	norloop_tts	ICGC_Liver	tts	norloop
totalSNV	DO45109	21	1.96139324300028	norloop_tts	ICGC_Liver	tts	norloop
totalSNV	DO45111	54	5.04358262485786	norloop_tts	ICGC_Liver	tts	norloop
totalSNV	DO45113	18	1.68119420828595	norloop_tts	ICGC_Liver	tts	norloop
totalSNV	DO45115	55	5.13698230309597	norloop_tts	ICGC_Liver	tts	norloop
totalSNV	DO45117	42	3.92278648600056	norloop_tts	ICGC_Liver	tts	norloop
totalSNV	DO45119	69	6.44457779842948	norloop_tts	ICGC_Liver	tts	norloop
totalSNV	DO45121	14	1.30759549533352	norloop_tts	ICGC_Liver	tts	norloop
totalSNV	DO45123	36	3.3623884165719	norloop_tts	ICGC_Liver	tts	norloop
totalSNV	DO45125	20	1.86799356476217	norloop_tts	ICGC_Liver	tts	norloop
totalSNV	DO45127	95	8.8729694326203	norloop_tts	ICGC_Liver	tts	norloop
totalSNV	DO45129	34	3.17558906009569	norloop_tts	ICGC_Liver	tts	norloop
totalSNV	DO45131	21	1.96139324300028	norloop_tts	ICGC_Liver	tts	norloop
totalSNV	DO45133	30	2.80199034714325	norloop_tts	ICGC_Liver	tts	norloop
totalSNV	DO45135	12	1.1207961388573	norloop_tts	ICGC_Liver	tts	norloop
totalSNV	DO45137	20	1.86799356476217	norloop_tts	ICGC_Liver	tts	norloop
totalSNV	DO45139	77	7.19177522433435	norloop_tts	ICGC_Liver	tts	norloop
totalSNV	DO45141	69	6.44457779842948	norloop_tts	ICGC_Liver	tts	norloop
totalSNV	DO45143	22	2.05479292123839	norloop_tts	ICGC_Liver	tts	norloop
totalSNV	DO45145	58	5.41718133781029	norloop_tts	ICGC_Liver	tts	norloop
totalSNV	DO45147	30	2.80199034714325	norloop_tts	ICGC_Liver	tts	norloop
totalSNV	DO45149	33	3.08218938185758	norloop_tts	ICGC_Liver	tts	norloop
totalSNV	DO45151	64	5.97757940723894	norloop_tts	ICGC_Liver	tts	norloop
totalSNV	DO45153	59	5.5105810160484	norloop_tts	ICGC_Liver	tts	norloop
totalSNV	DO45155	46	4.29638519895299	norloop_tts	ICGC_Liver	tts	norloop
totalSNV	DO45157	10	0.933996782381085	norloop_tts	ICGC_Liver	tts	norloop
totalSNV	DO45159	33	3.08218938185758	norloop_tts	ICGC_Liver	tts	norloop
totalSNV	DO45161	40	3.73598712952434	norloop_tts	ICGC_Liver	tts	norloop
totalSNV	DO45163	50	4.66998391190542	norloop_tts	ICGC_Liver	tts	norloop
totalSNV	DO45165	28	2.61519099066704	norloop_tts	ICGC_Liver	tts	norloop
totalSNV	DO45167	4	0.373598712952434	norloop_tts	ICGC_Liver	tts	norloop
totalSNV	DO45169	70	6.53797747666759	norloop_tts	ICGC_Liver	tts	norloop
totalSNV	DO45171	16	1.49439485180974	norloop_tts	ICGC_Liver	tts	norloop
totalSNV	DO45173	45	4.20298552071488	norloop_tts	ICGC_Liver	tts	norloop
totalSNV	DO45175	41	3.82938680776245	norloop_tts	ICGC_Liver	tts	norloop
totalSNV	DO45177	21	1.96139324300028	norloop_tts	ICGC_Liver	tts	norloop
totalSNV	DO45179	39	3.64258745128623	norloop_tts	ICGC_Liver	tts	norloop
totalSNV	DO45181	33	3.08218938185758	norloop_tts	ICGC_Liver	tts	norloop
totalSNV	DO45183	28	2.61519099066704	norloop_tts	ICGC_Liver	tts	norloop
totalSNV	DO45185	49	4.57658423366731	norloop_tts	ICGC_Liver	tts	norloop
totalSNV	DO45187	3	0.280199034714325	norloop_tts	ICGC_Liver	tts	norloop
totalSNV	DO45189	23	2.1481925994765	norloop_tts	ICGC_Liver	tts	norloop
totalSNV	DO45191	17	1.58779453004784	norloop_tts	ICGC_Liver	tts	norloop
totalSNV	DO45193	50	4.66998391190542	norloop_tts	ICGC_Liver	tts	norloop
totalSNV	DO45197	22	2.05479292123839	norloop_tts	ICGC_Liver	tts	norloop
totalSNV	DO45199	49	4.57658423366731	norloop_tts	ICGC_Liver	tts	norloop
totalSNV	DO45201	43	4.01618616423866	norloop_tts	ICGC_Liver	tts	norloop
totalSNV	DO45203	52	4.85678326838164	norloop_tts	ICGC_Liver	tts	norloop
totalSNV	DO45205	41	3.82938680776245	norloop_tts	ICGC_Liver	tts	norloop
totalSNV	DO45207	48	4.48318455542921	norloop_tts	ICGC_Liver	tts	norloop
totalSNV	DO45209	28	2.61519099066704	norloop_tts	ICGC_Liver	tts	norloop
totalSNV	DO45211	24	2.2415922777146	norloop_tts	ICGC_Liver	tts	norloop
totalSNV	DO45213	31	2.89539002538136	norloop_tts	ICGC_Liver	tts	norloop
totalSNV	DO45215	19	1.77459388652406	norloop_tts	ICGC_Liver	tts	norloop
totalSNV	DO45217	24	2.2415922777146	norloop_tts	ICGC_Liver	tts	norloop
totalSNV	DO45219	23	2.1481925994765	norloop_tts	ICGC_Liver	tts	norloop
totalSNV	DO45221	28	2.61519099066704	norloop_tts	ICGC_Liver	tts	norloop
totalSNV	DO45223	29	2.70859066890515	norloop_tts	ICGC_Liver	tts	norloop
totalSNV	DO45225	50	4.66998391190542	norloop_tts	ICGC_Liver	tts	norloop
totalSNV	DO45227	33	3.08218938185758	norloop_tts	ICGC_Liver	tts	norloop
totalSNV	DO45229	33	3.08218938185758	norloop_tts	ICGC_Liver	tts	norloop
totalSNV	DO45233	27	2.52179131242893	norloop_tts	ICGC_Liver	tts	norloop
totalSNV	DO45235	24	2.2415922777146	norloop_tts	ICGC_Liver	tts	norloop
totalSNV	DO45237	93	8.68617007614409	norloop_tts	ICGC_Liver	tts	norloop
totalSNV	DO45239	9	0.840597104142976	norloop_tts	ICGC_Liver	tts	norloop
totalSNV	DO45241	29	2.70859066890515	norloop_tts	ICGC_Liver	tts	norloop
totalSNV	DO45247	19	1.77459388652406	norloop_tts	ICGC_Liver	tts	norloop
totalSNV	DO45253	16	1.49439485180974	norloop_tts	ICGC_Liver	tts	norloop
totalSNV	DO45255	24	2.2415922777146	norloop_tts	ICGC_Liver	tts	norloop
totalSNV	DO45257	25	2.33499195595271	norloop_tts	ICGC_Liver	tts	norloop
totalSNV	DO45263	15	1.40099517357163	norloop_tts	ICGC_Liver	tts	norloop
totalSNV	DO45265	30	2.80199034714325	norloop_tts	ICGC_Liver	tts	norloop
totalSNV	DO45267	56	5.23038198133408	norloop_tts	ICGC_Liver	tts	norloop
totalSNV	DO45269	39	3.64258745128623	norloop_tts	ICGC_Liver	tts	norloop
totalSNV	DO45273	70	6.53797747666759	norloop_tts	ICGC_Liver	tts	norloop
totalSNV	DO45277	36	3.3623884165719	norloop_tts	ICGC_Liver	tts	norloop
totalSNV	DO45281	43	4.01618616423866	norloop_tts	ICGC_Liver	tts	norloop
totalSNV	DO48672	39	3.64258745128623	norloop_tts	ICGC_Liver	tts	norloop
totalSNV	DO48674	38	3.54918777304812	norloop_tts	ICGC_Liver	tts	norloop
totalSNV	DO48677	45	4.20298552071488	norloop_tts	ICGC_Liver	tts	norloop
totalSNV	DO48679	43	4.01618616423866	norloop_tts	ICGC_Liver	tts	norloop
totalSNV	DO48681	30	2.80199034714325	norloop_tts	ICGC_Liver	tts	norloop
totalSNV	DO48682	160	14.9439485180974	norloop_tts	ICGC_Liver	tts	norloop
totalSNV	DO48684	24	2.2415922777146	norloop_tts	ICGC_Liver	tts	norloop
totalSNV	DO48686	18	1.68119420828595	norloop_tts	ICGC_Liver	tts	norloop
totalSNV	DO48687	20	1.86799356476217	norloop_tts	ICGC_Liver	tts	norloop
totalSNV	DO48689	30	2.80199034714325	norloop_tts	ICGC_Liver	tts	norloop
totalSNV	DO48691	31	2.89539002538136	norloop_tts	ICGC_Liver	tts	norloop
totalSNV	DO48692	28	2.61519099066704	norloop_tts	ICGC_Liver	tts	norloop
totalSNV	DO48693	15	1.40099517357163	norloop_tts	ICGC_Liver	tts	norloop
totalSNV	DO48694	24	2.2415922777146	norloop_tts	ICGC_Liver	tts	norloop
totalSNV	DO48695	33	3.08218938185758	norloop_tts	ICGC_Liver	tts	norloop
totalSNV	DO48697	24	2.2415922777146	norloop_tts	ICGC_Liver	tts	norloop
totalSNV	DO48700	16	1.49439485180974	norloop_tts	ICGC_Liver	tts	norloop
totalSNV	DO48701	60	5.60398069428651	norloop_tts	ICGC_Liver	tts	norloop
totalSNV	DO48703	33	3.08218938185758	norloop_tts	ICGC_Liver	tts	norloop
totalSNV	DO48704	17	1.58779453004784	norloop_tts	ICGC_Liver	tts	norloop
totalSNV	DO48706	63	5.88417972900083	norloop_tts	ICGC_Liver	tts	norloop
totalSNV	DO48709	29	2.70859066890515	norloop_tts	ICGC_Liver	tts	norloop
totalSNV	DO48712	26	2.42839163419082	norloop_tts	ICGC_Liver	tts	norloop
totalSNV	DO48715	24	2.2415922777146	norloop_tts	ICGC_Liver	tts	norloop
totalSNV	DO48716	73	6.81817651138192	norloop_tts	ICGC_Liver	tts	norloop
totalSNV	DO48717	11	1.02739646061919	norloop_tts	ICGC_Liver	tts	norloop
totalSNV	DO48719	103	9.62016685852517	norloop_tts	ICGC_Liver	tts	norloop
totalSNV	DO48720	23	2.1481925994765	norloop_tts	ICGC_Liver	tts	norloop
totalSNV	DO48721	43	4.01618616423866	norloop_tts	ICGC_Liver	tts	norloop
totalSNV	DO48723	36	3.3623884165719	norloop_tts	ICGC_Liver	tts	norloop
totalSNV	DO48725	15	1.40099517357163	norloop_tts	ICGC_Liver	tts	norloop
totalSNV	DO48727	32	2.98878970361947	norloop_tts	ICGC_Liver	tts	norloop
totalSNV	DO48728	27	2.52179131242893	norloop_tts	ICGC_Liver	tts	norloop
totalSNV	DO48730	19	1.77459388652406	norloop_tts	ICGC_Liver	tts	norloop
totalSNV	DO48732	67	6.25777844195327	norloop_tts	ICGC_Liver	tts	norloop
totalSNV	DO48733	22	2.05479292123839	norloop_tts	ICGC_Liver	tts	norloop
totalSNV	DO48736	16	1.49439485180974	norloop_tts	ICGC_Liver	tts	norloop
totalSNV	DO48737	44	4.10958584247677	norloop_tts	ICGC_Liver	tts	norloop
totalSNV	DO48738	6	0.560398069428651	norloop_tts	ICGC_Liver	tts	norloop
totalSNV	DO48741	41	3.82938680776245	norloop_tts	ICGC_Liver	tts	norloop
totalSNV	DO48742	73	6.81817651138192	norloop_tts	ICGC_Liver	tts	norloop
totalSNV	DO48743	32	2.98878970361947	norloop_tts	ICGC_Liver	tts	norloop
totalSNV	DO48747	20	1.86799356476217	norloop_tts	ICGC_Liver	tts	norloop
totalSNV	DO48751	43	4.01618616423866	norloop_tts	ICGC_Liver	tts	norloop
totalSNV	DO48753	12	1.1207961388573	norloop_tts	ICGC_Liver	tts	norloop
totalSNV	DO48757	51	4.76338359014353	norloop_tts	ICGC_Liver	tts	norloop
totalSNV	DO48759	25	2.33499195595271	norloop_tts	ICGC_Liver	tts	norloop
totalSNV	DO48760	34	3.17558906009569	norloop_tts	ICGC_Liver	tts	norloop
totalSNV	DO48761	28	2.61519099066704	norloop_tts	ICGC_Liver	tts	norloop
totalSNV	DO50772	42	3.92278648600056	norloop_tts	ICGC_Liver	tts	norloop
totalSNV	DO50774	28	2.61519099066704	norloop_tts	ICGC_Liver	tts	norloop
totalSNV	DO50776	44	4.10958584247677	norloop_tts	ICGC_Liver	tts	norloop
totalSNV	DO50778	15	1.40099517357163	norloop_tts	ICGC_Liver	tts	norloop
totalSNV	DO50780	74	6.91157618962003	norloop_tts	ICGC_Liver	tts	norloop
totalSNV	DO50783	39	3.64258745128623	norloop_tts	ICGC_Liver	tts	norloop
totalSNV	DO50785	27	2.52179131242893	norloop_tts	ICGC_Liver	tts	norloop
totalSNV	DO50787	23	2.1481925994765	norloop_tts	ICGC_Liver	tts	norloop
totalSNV	DO50789	27	2.52179131242893	norloop_tts	ICGC_Liver	tts	norloop
totalSNV	DO50791	23	2.1481925994765	norloop_tts	ICGC_Liver	tts	norloop
totalSNV	DO50793	107	9.99376557147761	norloop_tts	ICGC_Liver	tts	norloop
totalSNV	DO50796	14	1.30759549533352	norloop_tts	ICGC_Liver	tts	norloop
totalSNV	DO50798	47	4.3897848771911	norloop_tts	ICGC_Liver	tts	norloop
totalSNV	DO50799	35	3.2689887383338	norloop_tts	ICGC_Liver	tts	norloop
totalSNV	DO50800	26	2.42839163419082	norloop_tts	ICGC_Liver	tts	norloop
totalSNV	DO50802	37	3.45578809481001	norloop_tts	ICGC_Liver	tts	norloop
totalSNV	DO50803	58	5.41718133781029	norloop_tts	ICGC_Liver	tts	norloop
totalSNV	DO50804	70	6.53797747666759	norloop_tts	ICGC_Liver	tts	norloop
totalSNV	DO50805	57	5.32378165957218	norloop_tts	ICGC_Liver	tts	norloop
totalSNV	DO50806	60	5.60398069428651	norloop_tts	ICGC_Liver	tts	norloop
totalSNV	DO50807	41	3.82938680776245	norloop_tts	ICGC_Liver	tts	norloop
totalSNV	DO50808	30	2.80199034714325	norloop_tts	ICGC_Liver	tts	norloop
totalSNV	DO50809	31	2.89539002538136	norloop_tts	ICGC_Liver	tts	norloop
totalSNV	DO50811	36	3.3623884165719	norloop_tts	ICGC_Liver	tts	norloop
totalSNV	DO50813	37	3.45578809481001	norloop_tts	ICGC_Liver	tts	norloop
totalSNV	DO50814	92	8.59277039790598	norloop_tts	ICGC_Liver	tts	norloop
totalSNV	DO50815	55	5.13698230309597	norloop_tts	ICGC_Liver	tts	norloop
totalSNV	DO50816	43	4.01618616423866	norloop_tts	ICGC_Liver	tts	norloop
totalSNV	DO50817	49	4.57658423366731	norloop_tts	ICGC_Liver	tts	norloop
totalSNV	DO50818	48	4.48318455542921	norloop_tts	ICGC_Liver	tts	norloop
totalSNV	DO50819	27	2.52179131242893	norloop_tts	ICGC_Liver	tts	norloop
totalSNV	DO50820	30	2.80199034714325	norloop_tts	ICGC_Liver	tts	norloop
totalSNV	DO50822	41	3.82938680776245	norloop_tts	ICGC_Liver	tts	norloop
totalSNV	DO50825	61	5.69738037252462	norloop_tts	ICGC_Liver	tts	norloop
totalSNV	DO50827	22	2.05479292123839	norloop_tts	ICGC_Liver	tts	norloop
totalSNV	DO50829	31	2.89539002538136	norloop_tts	ICGC_Liver	tts	norloop
totalSNV	DO50831	14	1.30759549533352	norloop_tts	ICGC_Liver	tts	norloop
totalSNV	DO50832	40	3.73598712952434	norloop_tts	ICGC_Liver	tts	norloop
totalSNV	DO50834	50	4.66998391190542	norloop_tts	ICGC_Liver	tts	norloop
totalSNV	DO50837	2	0.186799356476217	norloop_tts	ICGC_Liver	tts	norloop
totalSNV	DO50839	12	1.1207961388573	norloop_tts	ICGC_Liver	tts	norloop
totalSNV	DO50840	23	2.1481925994765	norloop_tts	ICGC_Liver	tts	norloop
totalSNV	DO50842	107	9.99376557147761	norloop_tts	ICGC_Liver	tts	norloop
totalSNV	DO50844	82	7.6587736155249	norloop_tts	ICGC_Liver	tts	norloop
totalSNV	DO50845	16	1.49439485180974	norloop_tts	ICGC_Liver	tts	norloop
totalSNV	DO50848	25	2.33499195595271	norloop_tts	ICGC_Liver	tts	norloop
totalSNV	DO50850	42	3.92278648600056	norloop_tts	ICGC_Liver	tts	norloop
totalSNV	DO50851	54	5.04358262485786	norloop_tts	ICGC_Liver	tts	norloop
totalSNV	DO50855	15	1.40099517357163	norloop_tts	ICGC_Liver	tts	norloop
totalSNV	DO50857	33	3.08218938185758	norloop_tts	ICGC_Liver	tts	norloop
totalSNV	DO50859	39	3.64258745128623	norloop_tts	ICGC_Liver	tts	norloop
totalSNV	DO46325	17	2.38934386368709	rloop_tss	ICGC_OV	tss	rloop
totalSNV	DO46327	16	2.24879422464667	rloop_tss	ICGC_OV	tss	rloop
totalSNV	DO46328	9	1.26494675136375	rloop_tss	ICGC_OV	tss	rloop
totalSNV	DO46329	14	1.96769494656584	rloop_tss	ICGC_OV	tss	rloop
totalSNV	DO46330	46	6.46528339585918	rloop_tss	ICGC_OV	tss	rloop
totalSNV	DO46331	17	2.38934386368709	rloop_tss	ICGC_OV	tss	rloop
totalSNV	DO46333	21	2.95154241984876	rloop_tss	ICGC_OV	tss	rloop
totalSNV	DO46334	11	1.54604602944459	rloop_tss	ICGC_OV	tss	rloop
totalSNV	DO46336	9	1.26494675136375	rloop_tss	ICGC_OV	tss	rloop
totalSNV	DO46338	8	1.12439711232334	rloop_tss	ICGC_OV	tss	rloop
totalSNV	DO46340	18	2.52989350272751	rloop_tss	ICGC_OV	tss	rloop
totalSNV	DO46342	29	4.07593953217209	rloop_tss	ICGC_OV	tss	rloop
totalSNV	DO46344	6	0.843297834242502	rloop_tss	ICGC_OV	tss	rloop
totalSNV	DO46346	14	1.96769494656584	rloop_tss	ICGC_OV	tss	rloop
totalSNV	DO46350	8	1.12439711232334	rloop_tss	ICGC_OV	tss	rloop
totalSNV	DO46352	28	3.93538989313168	rloop_tss	ICGC_OV	tss	rloop
totalSNV	DO46354	19	2.67044314176792	rloop_tss	ICGC_OV	tss	rloop
totalSNV	DO46356	17	2.38934386368709	rloop_tss	ICGC_OV	tss	rloop
totalSNV	DO46358	10	1.40549639040417	rloop_tss	ICGC_OV	tss	rloop
totalSNV	DO46360	13	1.82714530752542	rloop_tss	ICGC_OV	tss	rloop
totalSNV	DO46362	9	1.26494675136375	rloop_tss	ICGC_OV	tss	rloop
totalSNV	DO46364	7	0.983847473282919	rloop_tss	ICGC_OV	tss	rloop
totalSNV	DO46366	13	1.82714530752542	rloop_tss	ICGC_OV	tss	rloop
totalSNV	DO46368	17	2.38934386368709	rloop_tss	ICGC_OV	tss	rloop
totalSNV	DO46370	14	1.96769494656584	rloop_tss	ICGC_OV	tss	rloop
totalSNV	DO46372	32	4.49758844929334	rloop_tss	ICGC_OV	tss	rloop
totalSNV	DO46374	17	2.38934386368709	rloop_tss	ICGC_OV	tss	rloop
totalSNV	DO46376	20	2.81099278080834	rloop_tss	ICGC_OV	tss	rloop
totalSNV	DO46378	40	5.62198556161668	rloop_tss	ICGC_OV	tss	rloop
totalSNV	DO46380	9	1.26494675136375	rloop_tss	ICGC_OV	tss	rloop
totalSNV	DO46382	11	1.54604602944459	rloop_tss	ICGC_OV	tss	rloop
totalSNV	DO46384	4	0.562198556161668	rloop_tss	ICGC_OV	tss	rloop
totalSNV	DO46386	23	3.23264169792959	rloop_tss	ICGC_OV	tss	rloop
totalSNV	DO46388	20	2.81099278080834	rloop_tss	ICGC_OV	tss	rloop
totalSNV	DO46390	40	5.62198556161668	rloop_tss	ICGC_OV	tss	rloop
totalSNV	DO46392	10	1.40549639040417	rloop_tss	ICGC_OV	tss	rloop
totalSNV	DO46394	33	4.63813808833376	rloop_tss	ICGC_OV	tss	rloop
totalSNV	DO46396	11	1.54604602944459	rloop_tss	ICGC_OV	tss	rloop
totalSNV	DO46398	9	1.26494675136375	rloop_tss	ICGC_OV	tss	rloop
totalSNV	DO46400	24	3.37319133697001	rloop_tss	ICGC_OV	tss	rloop
totalSNV	DO46402	28	3.93538989313168	rloop_tss	ICGC_OV	tss	rloop
totalSNV	DO46404	14	1.96769494656584	rloop_tss	ICGC_OV	tss	rloop
totalSNV	DO46408	9	1.26494675136375	rloop_tss	ICGC_OV	tss	rloop
totalSNV	DO46412	37	5.20033664449543	rloop_tss	ICGC_OV	tss	rloop
totalSNV	DO46416	14	1.96769494656584	rloop_tss	ICGC_OV	tss	rloop
totalSNV	DO46420	31	4.35703881025293	rloop_tss	ICGC_OV	tss	rloop
totalSNV	DO46424	51	7.16803159106127	rloop_tss	ICGC_OV	tss	rloop
totalSNV	DO46448	24	3.37319133697001	rloop_tss	ICGC_OV	tss	rloop
totalSNV	DO46473	26	3.65429061505084	rloop_tss	ICGC_OV	tss	rloop
totalSNV	DO46488	24	3.37319133697001	rloop_tss	ICGC_OV	tss	rloop
totalSNV	DO46493	37	5.20033664449543	rloop_tss	ICGC_OV	tss	rloop
totalSNV	DO46498	15	2.10824458560626	rloop_tss	ICGC_OV	tss	rloop
totalSNV	DO46503	17	2.38934386368709	rloop_tss	ICGC_OV	tss	rloop
totalSNV	DO46542	26	3.65429061505084	rloop_tss	ICGC_OV	tss	rloop
totalSNV	DO46551	21	2.95154241984876	rloop_tss	ICGC_OV	tss	rloop
totalSNV	DO46556	53	7.4491308691421	rloop_tss	ICGC_OV	tss	rloop
totalSNV	DO46560	5	0.702748195202085	rloop_tss	ICGC_OV	tss	rloop
totalSNV	DO46561	21	2.95154241984876	rloop_tss	ICGC_OV	tss	rloop
totalSNV	DO46566	5	0.702748195202085	rloop_tss	ICGC_OV	tss	rloop
totalSNV	DO46568	16	2.24879422464667	rloop_tss	ICGC_OV	tss	rloop
totalSNV	DO46571	18	2.52989350272751	rloop_tss	ICGC_OV	tss	rloop
totalSNV	DO46576	6	0.843297834242502	rloop_tss	ICGC_OV	tss	rloop
totalSNV	DO46581	8	1.12439711232334	rloop_tss	ICGC_OV	tss	rloop
totalSNV	DO46586	16	2.24879422464667	rloop_tss	ICGC_OV	tss	rloop
totalSNV	DO46588	20	2.81099278080834	rloop_tss	ICGC_OV	tss	rloop
totalSNV	DO46591	83	11.6656200403546	rloop_tss	ICGC_OV	tss	rloop
totalSNV	DO46593	28	3.93538989313168	rloop_tss	ICGC_OV	tss	rloop
totalSNV	DO46597	17	2.38934386368709	rloop_tss	ICGC_OV	tss	rloop
totalSNV	DO46602	6	0.843297834242502	rloop_tss	ICGC_OV	tss	rloop
totalSNV	DO46606	15	2.10824458560626	rloop_tss	ICGC_OV	tss	rloop
totalSNV	DO46611	22	3.09209205888917	rloop_tss	ICGC_OV	tss	rloop
totalSNV	DO46325	23	2.42402959508272	norloop_tss	ICGC_OV	tss	norloop
totalSNV	DO46327	30	3.16177773271659	norloop_tss	ICGC_OV	tss	norloop
totalSNV	DO46328	15	1.5808888663583	norloop_tss	ICGC_OV	tss	norloop
totalSNV	DO46329	21	2.21324441290161	norloop_tss	ICGC_OV	tss	norloop
totalSNV	DO46330	44	4.63727400798433	norloop_tss	ICGC_OV	tss	norloop
totalSNV	DO46331	32	3.3725629148977	norloop_tss	ICGC_OV	tss	norloop
totalSNV	DO46333	31	3.26717032380714	norloop_tss	ICGC_OV	tss	norloop
totalSNV	DO46334	6	0.632355546543318	norloop_tss	ICGC_OV	tss	norloop
totalSNV	DO46336	14	1.47549627526774	norloop_tss	ICGC_OV	tss	norloop
totalSNV	DO46338	26	2.74020736835438	norloop_tss	ICGC_OV	tss	norloop
totalSNV	DO46340	18	1.89706663962995	norloop_tss	ICGC_OV	tss	norloop
totalSNV	DO46342	52	5.48041473670876	norloop_tss	ICGC_OV	tss	norloop
totalSNV	DO46344	12	1.26471109308664	norloop_tss	ICGC_OV	tss	norloop
totalSNV	DO46346	19	2.00245923072051	norloop_tss	ICGC_OV	tss	norloop
totalSNV	DO46350	16	1.68628145744885	norloop_tss	ICGC_OV	tss	norloop
totalSNV	DO46352	29	3.05638514162604	norloop_tss	ICGC_OV	tss	norloop
totalSNV	DO46354	28	2.95099255053548	norloop_tss	ICGC_OV	tss	norloop
totalSNV	DO46356	21	2.21324441290161	norloop_tss	ICGC_OV	tss	norloop
totalSNV	DO46358	21	2.21324441290161	norloop_tss	ICGC_OV	tss	norloop
totalSNV	DO46360	31	3.26717032380714	norloop_tss	ICGC_OV	tss	norloop
totalSNV	DO46362	9	0.948533319814977	norloop_tss	ICGC_OV	tss	norloop
totalSNV	DO46364	4	0.421570364362212	norloop_tss	ICGC_OV	tss	norloop
totalSNV	DO46366	17	1.7916740485394	norloop_tss	ICGC_OV	tss	norloop
totalSNV	DO46368	24	2.52942218617327	norloop_tss	ICGC_OV	tss	norloop
totalSNV	DO46370	36	3.79413327925991	norloop_tss	ICGC_OV	tss	norloop
totalSNV	DO46372	31	3.26717032380714	norloop_tss	ICGC_OV	tss	norloop
totalSNV	DO46374	28	2.95099255053548	norloop_tss	ICGC_OV	tss	norloop
totalSNV	DO46376	20	2.10785182181106	norloop_tss	ICGC_OV	tss	norloop
totalSNV	DO46378	78	8.22062210506313	norloop_tss	ICGC_OV	tss	norloop
totalSNV	DO46380	26	2.74020736835438	norloop_tss	ICGC_OV	tss	norloop
totalSNV	DO46382	26	2.74020736835438	norloop_tss	ICGC_OV	tss	norloop
totalSNV	DO46384	4	0.421570364362212	norloop_tss	ICGC_OV	tss	norloop
totalSNV	DO46386	22	2.31863700399217	norloop_tss	ICGC_OV	tss	norloop
totalSNV	DO46388	28	2.95099255053548	norloop_tss	ICGC_OV	tss	norloop
totalSNV	DO46390	50	5.26962955452765	norloop_tss	ICGC_OV	tss	norloop
totalSNV	DO46392	23	2.42402959508272	norloop_tss	ICGC_OV	tss	norloop
totalSNV	DO46394	51	5.3750221456182	norloop_tss	ICGC_OV	tss	norloop
totalSNV	DO46396	16	1.68628145744885	norloop_tss	ICGC_OV	tss	norloop
totalSNV	DO46398	12	1.26471109308664	norloop_tss	ICGC_OV	tss	norloop
totalSNV	DO46400	54	5.69119991888986	norloop_tss	ICGC_OV	tss	norloop
totalSNV	DO46402	40	4.21570364362212	norloop_tss	ICGC_OV	tss	norloop
totalSNV	DO46404	29	3.05638514162604	norloop_tss	ICGC_OV	tss	norloop
totalSNV	DO46408	16	1.68628145744885	norloop_tss	ICGC_OV	tss	norloop
totalSNV	DO46412	45	4.74266659907489	norloop_tss	ICGC_OV	tss	norloop
totalSNV	DO46416	49	5.1642369634371	norloop_tss	ICGC_OV	tss	norloop
totalSNV	DO46420	56	5.90198510107097	norloop_tss	ICGC_OV	tss	norloop
totalSNV	DO46424	65	6.85051842088595	norloop_tss	ICGC_OV	tss	norloop
totalSNV	DO46448	29	3.05638514162604	norloop_tss	ICGC_OV	tss	norloop
totalSNV	DO46473	49	5.1642369634371	norloop_tss	ICGC_OV	tss	norloop
totalSNV	DO46488	31	3.26717032380714	norloop_tss	ICGC_OV	tss	norloop
totalSNV	DO46493	47	4.95345178125599	norloop_tss	ICGC_OV	tss	norloop
totalSNV	DO46498	38	4.00491846144101	norloop_tss	ICGC_OV	tss	norloop
totalSNV	DO46503	49	5.1642369634371	norloop_tss	ICGC_OV	tss	norloop
totalSNV	DO46542	54	5.69119991888986	norloop_tss	ICGC_OV	tss	norloop
totalSNV	DO46551	17	1.7916740485394	norloop_tss	ICGC_OV	tss	norloop
totalSNV	DO46556	56	5.90198510107097	norloop_tss	ICGC_OV	tss	norloop
totalSNV	DO46560	8	0.843140728724424	norloop_tss	ICGC_OV	tss	norloop
totalSNV	DO46561	29	3.05638514162604	norloop_tss	ICGC_OV	tss	norloop
totalSNV	DO46566	11	1.15931850199608	norloop_tss	ICGC_OV	tss	norloop
totalSNV	DO46568	25	2.63481477726383	norloop_tss	ICGC_OV	tss	norloop
totalSNV	DO46571	34	3.5833480970788	norloop_tss	ICGC_OV	tss	norloop
totalSNV	DO46576	21	2.21324441290161	norloop_tss	ICGC_OV	tss	norloop
totalSNV	DO46581	15	1.5808888663583	norloop_tss	ICGC_OV	tss	norloop
totalSNV	DO46586	18	1.89706663962995	norloop_tss	ICGC_OV	tss	norloop
totalSNV	DO46588	22	2.31863700399217	norloop_tss	ICGC_OV	tss	norloop
totalSNV	DO46591	125	13.1740738863191	norloop_tss	ICGC_OV	tss	norloop
totalSNV	DO46593	27	2.84559995944493	norloop_tss	ICGC_OV	tss	norloop
totalSNV	DO46597	27	2.84559995944493	norloop_tss	ICGC_OV	tss	norloop
totalSNV	DO46602	11	1.15931850199608	norloop_tss	ICGC_OV	tss	norloop
totalSNV	DO46606	27	2.84559995944493	norloop_tss	ICGC_OV	tss	norloop
totalSNV	DO46611	25	2.63481477726383	norloop_tss	ICGC_OV	tss	norloop
totalSNV	DO46325	19	2.16600588287198	rloop_tts	ICGC_OV	tts	rloop
totalSNV	DO46327	14	1.59600433474777	rloop_tts	ICGC_OV	tts	rloop
totalSNV	DO46328	12	1.36800371549809	rloop_tts	ICGC_OV	tts	rloop
totalSNV	DO46329	21	2.39400650212166	rloop_tts	ICGC_OV	tts	rloop
totalSNV	DO46330	45	5.13001393311784	rloop_tts	ICGC_OV	tts	rloop
totalSNV	DO46331	18	2.05200557324714	rloop_tts	ICGC_OV	tts	rloop
totalSNV	DO46333	17	1.9380052636223	rloop_tts	ICGC_OV	tts	rloop
totalSNV	DO46334	10	1.14000309624841	rloop_tts	ICGC_OV	tts	rloop
totalSNV	DO46336	13	1.48200402512293	rloop_tts	ICGC_OV	tts	rloop
totalSNV	DO46338	9	1.02600278662357	rloop_tts	ICGC_OV	tts	rloop
totalSNV	DO46340	20	2.28000619249682	rloop_tts	ICGC_OV	tts	rloop
totalSNV	DO46342	27	3.07800835987071	rloop_tts	ICGC_OV	tts	rloop
totalSNV	DO46344	9	1.02600278662357	rloop_tts	ICGC_OV	tts	rloop
totalSNV	DO46346	10	1.14000309624841	rloop_tts	ICGC_OV	tts	rloop
totalSNV	DO46350	9	1.02600278662357	rloop_tts	ICGC_OV	tts	rloop
totalSNV	DO46352	26	2.96400805024586	rloop_tts	ICGC_OV	tts	rloop
totalSNV	DO46354	14	1.59600433474777	rloop_tts	ICGC_OV	tts	rloop
totalSNV	DO46356	18	2.05200557324714	rloop_tts	ICGC_OV	tts	rloop
totalSNV	DO46358	13	1.48200402512293	rloop_tts	ICGC_OV	tts	rloop
totalSNV	DO46360	10	1.14000309624841	rloop_tts	ICGC_OV	tts	rloop
totalSNV	DO46362	8	0.912002476998727	rloop_tts	ICGC_OV	tts	rloop
totalSNV	DO46364	7	0.798002167373887	rloop_tts	ICGC_OV	tts	rloop
totalSNV	DO46366	17	1.9380052636223	rloop_tts	ICGC_OV	tts	rloop
totalSNV	DO46368	11	1.25400340587325	rloop_tts	ICGC_OV	tts	rloop
totalSNV	DO46370	15	1.71000464437261	rloop_tts	ICGC_OV	tts	rloop
totalSNV	DO46372	30	3.42000928874523	rloop_tts	ICGC_OV	tts	rloop
totalSNV	DO46374	22	2.5080068117465	rloop_tts	ICGC_OV	tts	rloop
totalSNV	DO46376	21	2.39400650212166	rloop_tts	ICGC_OV	tts	rloop
totalSNV	DO46378	43	4.90201331386816	rloop_tts	ICGC_OV	tts	rloop
totalSNV	DO46380	18	2.05200557324714	rloop_tts	ICGC_OV	tts	rloop
totalSNV	DO46382	14	1.59600433474777	rloop_tts	ICGC_OV	tts	rloop
totalSNV	DO46384	8	0.912002476998727	rloop_tts	ICGC_OV	tts	rloop
totalSNV	DO46386	17	1.9380052636223	rloop_tts	ICGC_OV	tts	rloop
totalSNV	DO46388	9	1.02600278662357	rloop_tts	ICGC_OV	tts	rloop
totalSNV	DO46390	34	3.87601052724459	rloop_tts	ICGC_OV	tts	rloop
totalSNV	DO46392	16	1.82400495399746	rloop_tts	ICGC_OV	tts	rloop
totalSNV	DO46394	30	3.42000928874523	rloop_tts	ICGC_OV	tts	rloop
totalSNV	DO46396	13	1.48200402512293	rloop_tts	ICGC_OV	tts	rloop
totalSNV	DO46398	14	1.59600433474777	rloop_tts	ICGC_OV	tts	rloop
totalSNV	DO46400	24	2.73600743099618	rloop_tts	ICGC_OV	tts	rloop
totalSNV	DO46402	24	2.73600743099618	rloop_tts	ICGC_OV	tts	rloop
totalSNV	DO46404	12	1.36800371549809	rloop_tts	ICGC_OV	tts	rloop
totalSNV	DO46408	15	1.71000464437261	rloop_tts	ICGC_OV	tts	rloop
totalSNV	DO46412	31	3.53400959837007	rloop_tts	ICGC_OV	tts	rloop
totalSNV	DO46416	16	1.82400495399746	rloop_tts	ICGC_OV	tts	rloop
totalSNV	DO46420	28	3.19200866949555	rloop_tts	ICGC_OV	tts	rloop
totalSNV	DO46424	54	6.15601671974141	rloop_tts	ICGC_OV	tts	rloop
totalSNV	DO46448	18	2.05200557324714	rloop_tts	ICGC_OV	tts	rloop
totalSNV	DO46473	39	4.4460120753688	rloop_tts	ICGC_OV	tts	rloop
totalSNV	DO46488	21	2.39400650212166	rloop_tts	ICGC_OV	tts	rloop
totalSNV	DO46493	36	4.10401114649427	rloop_tts	ICGC_OV	tts	rloop
totalSNV	DO46498	19	2.16600588287198	rloop_tts	ICGC_OV	tts	rloop
totalSNV	DO46503	32	3.64800990799491	rloop_tts	ICGC_OV	tts	rloop
totalSNV	DO46542	36	4.10401114649427	rloop_tts	ICGC_OV	tts	rloop
totalSNV	DO46551	23	2.62200712137134	rloop_tts	ICGC_OV	tts	rloop
totalSNV	DO46556	66	7.5240204352395	rloop_tts	ICGC_OV	tts	rloop
totalSNV	DO46560	2	0.228000619249682	rloop_tts	ICGC_OV	tts	rloop
totalSNV	DO46561	18	2.05200557324714	rloop_tts	ICGC_OV	tts	rloop
totalSNV	DO46566	8	0.912002476998727	rloop_tts	ICGC_OV	tts	rloop
totalSNV	DO46568	5	0.570001548124205	rloop_tts	ICGC_OV	tts	rloop
totalSNV	DO46571	22	2.5080068117465	rloop_tts	ICGC_OV	tts	rloop
totalSNV	DO46576	14	1.59600433474777	rloop_tts	ICGC_OV	tts	rloop
totalSNV	DO46581	4	0.456001238499364	rloop_tts	ICGC_OV	tts	rloop
totalSNV	DO46586	18	2.05200557324714	rloop_tts	ICGC_OV	tts	rloop
totalSNV	DO46588	15	1.71000464437261	rloop_tts	ICGC_OV	tts	rloop
totalSNV	DO46591	86	9.80402662773632	rloop_tts	ICGC_OV	tts	rloop
totalSNV	DO46593	17	1.9380052636223	rloop_tts	ICGC_OV	tts	rloop
totalSNV	DO46597	17	1.9380052636223	rloop_tts	ICGC_OV	tts	rloop
totalSNV	DO46602	7	0.798002167373887	rloop_tts	ICGC_OV	tts	rloop
totalSNV	DO46606	28	3.19200866949555	rloop_tts	ICGC_OV	tts	rloop
totalSNV	DO46611	23	2.62200712137134	rloop_tts	ICGC_OV	tts	rloop
totalSNV	DO46325	30	2.80199034714325	norloop_tts	ICGC_OV	tts	norloop
totalSNV	DO46327	26	2.42839163419082	norloop_tts	ICGC_OV	tts	norloop
totalSNV	DO46328	15	1.40099517357163	norloop_tts	ICGC_OV	tts	norloop
totalSNV	DO46329	21	1.96139324300028	norloop_tts	ICGC_OV	tts	norloop
totalSNV	DO46330	60	5.60398069428651	norloop_tts	ICGC_OV	tts	norloop
totalSNV	DO46331	26	2.42839163419082	norloop_tts	ICGC_OV	tts	norloop
totalSNV	DO46333	30	2.80199034714325	norloop_tts	ICGC_OV	tts	norloop
totalSNV	DO46334	7	0.653797747666759	norloop_tts	ICGC_OV	tts	norloop
totalSNV	DO46336	18	1.68119420828595	norloop_tts	ICGC_OV	tts	norloop
totalSNV	DO46338	15	1.40099517357163	norloop_tts	ICGC_OV	tts	norloop
totalSNV	DO46340	17	1.58779453004784	norloop_tts	ICGC_OV	tts	norloop
totalSNV	DO46342	51	4.76338359014353	norloop_tts	ICGC_OV	tts	norloop
totalSNV	DO46344	16	1.49439485180974	norloop_tts	ICGC_OV	tts	norloop
totalSNV	DO46346	13	1.21419581709541	norloop_tts	ICGC_OV	tts	norloop
totalSNV	DO46350	11	1.02739646061919	norloop_tts	ICGC_OV	tts	norloop
totalSNV	DO46352	45	4.20298552071488	norloop_tts	ICGC_OV	tts	norloop
totalSNV	DO46354	25	2.33499195595271	norloop_tts	ICGC_OV	tts	norloop
totalSNV	DO46356	24	2.2415922777146	norloop_tts	ICGC_OV	tts	norloop
totalSNV	DO46358	13	1.21419581709541	norloop_tts	ICGC_OV	tts	norloop
totalSNV	DO46360	26	2.42839163419082	norloop_tts	ICGC_OV	tts	norloop
totalSNV	DO46362	13	1.21419581709541	norloop_tts	ICGC_OV	tts	norloop
totalSNV	DO46364	9	0.840597104142976	norloop_tts	ICGC_OV	tts	norloop
totalSNV	DO46366	20	1.86799356476217	norloop_tts	ICGC_OV	tts	norloop
totalSNV	DO46368	20	1.86799356476217	norloop_tts	ICGC_OV	tts	norloop
totalSNV	DO46370	38	3.54918777304812	norloop_tts	ICGC_OV	tts	norloop
totalSNV	DO46372	36	3.3623884165719	norloop_tts	ICGC_OV	tts	norloop
totalSNV	DO46374	27	2.52179131242893	norloop_tts	ICGC_OV	tts	norloop
totalSNV	DO46376	32	2.98878970361947	norloop_tts	ICGC_OV	tts	norloop
totalSNV	DO46378	72	6.72477683314381	norloop_tts	ICGC_OV	tts	norloop
totalSNV	DO46380	24	2.2415922777146	norloop_tts	ICGC_OV	tts	norloop
totalSNV	DO46382	17	1.58779453004784	norloop_tts	ICGC_OV	tts	norloop
totalSNV	DO46384	9	0.840597104142976	norloop_tts	ICGC_OV	tts	norloop
totalSNV	DO46386	30	2.80199034714325	norloop_tts	ICGC_OV	tts	norloop
totalSNV	DO46388	24	2.2415922777146	norloop_tts	ICGC_OV	tts	norloop
totalSNV	DO46390	48	4.48318455542921	norloop_tts	ICGC_OV	tts	norloop
totalSNV	DO46392	31	2.89539002538136	norloop_tts	ICGC_OV	tts	norloop
totalSNV	DO46394	56	5.23038198133408	norloop_tts	ICGC_OV	tts	norloop
totalSNV	DO46396	18	1.68119420828595	norloop_tts	ICGC_OV	tts	norloop
totalSNV	DO46398	18	1.68119420828595	norloop_tts	ICGC_OV	tts	norloop
totalSNV	DO46400	37	3.45578809481001	norloop_tts	ICGC_OV	tts	norloop
totalSNV	DO46402	41	3.82938680776245	norloop_tts	ICGC_OV	tts	norloop
totalSNV	DO46404	26	2.42839163419082	norloop_tts	ICGC_OV	tts	norloop
totalSNV	DO46408	12	1.1207961388573	norloop_tts	ICGC_OV	tts	norloop
totalSNV	DO46412	38	3.54918777304812	norloop_tts	ICGC_OV	tts	norloop
totalSNV	DO46416	54	5.04358262485786	norloop_tts	ICGC_OV	tts	norloop
totalSNV	DO46420	60	5.60398069428651	norloop_tts	ICGC_OV	tts	norloop
totalSNV	DO46424	81	7.56537393728679	norloop_tts	ICGC_OV	tts	norloop
totalSNV	DO46448	28	2.61519099066704	norloop_tts	ICGC_OV	tts	norloop
totalSNV	DO46473	46	4.29638519895299	norloop_tts	ICGC_OV	tts	norloop
totalSNV	DO46488	39	3.64258745128623	norloop_tts	ICGC_OV	tts	norloop
totalSNV	DO46493	56	5.23038198133408	norloop_tts	ICGC_OV	tts	norloop
totalSNV	DO46498	20	1.86799356476217	norloop_tts	ICGC_OV	tts	norloop
totalSNV	DO46503	33	3.08218938185758	norloop_tts	ICGC_OV	tts	norloop
totalSNV	DO46542	47	4.3897848771911	norloop_tts	ICGC_OV	tts	norloop
totalSNV	DO46551	20	1.86799356476217	norloop_tts	ICGC_OV	tts	norloop
totalSNV	DO46556	62	5.79078005076273	norloop_tts	ICGC_OV	tts	norloop
totalSNV	DO46560	7	0.653797747666759	norloop_tts	ICGC_OV	tts	norloop
totalSNV	DO46561	29	2.70859066890515	norloop_tts	ICGC_OV	tts	norloop
totalSNV	DO46566	16	1.49439485180974	norloop_tts	ICGC_OV	tts	norloop
totalSNV	DO46568	26	2.42839163419082	norloop_tts	ICGC_OV	tts	norloop
totalSNV	DO46571	17	1.58779453004784	norloop_tts	ICGC_OV	tts	norloop
totalSNV	DO46576	19	1.77459388652406	norloop_tts	ICGC_OV	tts	norloop
totalSNV	DO46581	13	1.21419581709541	norloop_tts	ICGC_OV	tts	norloop
totalSNV	DO46586	25	2.33499195595271	norloop_tts	ICGC_OV	tts	norloop
totalSNV	DO46588	16	1.49439485180974	norloop_tts	ICGC_OV	tts	norloop
totalSNV	DO46591	142	13.2627543098114	norloop_tts	ICGC_OV	tts	norloop
totalSNV	DO46593	34	3.17558906009569	norloop_tts	ICGC_OV	tts	norloop
totalSNV	DO46597	28	2.61519099066704	norloop_tts	ICGC_OV	tts	norloop
totalSNV	DO46602	11	1.02739646061919	norloop_tts	ICGC_OV	tts	norloop
totalSNV	DO46606	17	1.58779453004784	norloop_tts	ICGC_OV	tts	norloop
totalSNV	DO46611	26	2.42839163419082	norloop_tts	ICGC_OV	tts	norloop
totalSNV	DO221539	7	0.983847473282919	rloop_tss	ICGC_Pancreatic	tss	rloop
totalSNV	DO221540	23	3.23264169792959	rloop_tss	ICGC_Pancreatic	tss	rloop
totalSNV	DO221541	35	4.9192373664146	rloop_tss	ICGC_Pancreatic	tss	rloop
totalSNV	DO221542	8	1.12439711232334	rloop_tss	ICGC_Pancreatic	tss	rloop
totalSNV	DO221543	4	0.562198556161668	rloop_tss	ICGC_Pancreatic	tss	rloop
totalSNV	DO221544	18	2.52989350272751	rloop_tss	ICGC_Pancreatic	tss	rloop
totalSNV	DO221545	47	6.6058330348996	rloop_tss	ICGC_Pancreatic	tss	rloop
totalSNV	DO221546	7	0.983847473282919	rloop_tss	ICGC_Pancreatic	tss	rloop
totalSNV	DO221547	20	2.81099278080834	rloop_tss	ICGC_Pancreatic	tss	rloop
totalSNV	DO32831	33	4.63813808833376	rloop_tss	ICGC_Pancreatic	tss	rloop
totalSNV	DO32833	5	0.702748195202085	rloop_tss	ICGC_Pancreatic	tss	rloop
totalSNV	DO32837	3	0.421648917121251	rloop_tss	ICGC_Pancreatic	tss	rloop
totalSNV	DO32860	10	1.40549639040417	rloop_tss	ICGC_Pancreatic	tss	rloop
totalSNV	DO32863	13	1.82714530752542	rloop_tss	ICGC_Pancreatic	tss	rloop
totalSNV	DO32875	11	1.54604602944459	rloop_tss	ICGC_Pancreatic	tss	rloop
totalSNV	DO32878	11	1.54604602944459	rloop_tss	ICGC_Pancreatic	tss	rloop
totalSNV	DO32893	7	0.983847473282919	rloop_tss	ICGC_Pancreatic	tss	rloop
totalSNV	DO32900	16	2.24879422464667	rloop_tss	ICGC_Pancreatic	tss	rloop
totalSNV	DO32916	7	0.983847473282919	rloop_tss	ICGC_Pancreatic	tss	rloop
totalSNV	DO32960	9	1.26494675136375	rloop_tss	ICGC_Pancreatic	tss	rloop
totalSNV	DO32972	3	0.421648917121251	rloop_tss	ICGC_Pancreatic	tss	rloop
totalSNV	DO32976	10	1.40549639040417	rloop_tss	ICGC_Pancreatic	tss	rloop
totalSNV	DO32980	18	2.52989350272751	rloop_tss	ICGC_Pancreatic	tss	rloop
totalSNV	DO32984	6	0.843297834242502	rloop_tss	ICGC_Pancreatic	tss	rloop
totalSNV	DO33000	5	0.702748195202085	rloop_tss	ICGC_Pancreatic	tss	rloop
totalSNV	DO33008	17	2.38934386368709	rloop_tss	ICGC_Pancreatic	tss	rloop
totalSNV	DO33016	3	0.421648917121251	rloop_tss	ICGC_Pancreatic	tss	rloop
totalSNV	DO33028	8	1.12439711232334	rloop_tss	ICGC_Pancreatic	tss	rloop
totalSNV	DO33032	4	0.562198556161668	rloop_tss	ICGC_Pancreatic	tss	rloop
totalSNV	DO33042	23	3.23264169792959	rloop_tss	ICGC_Pancreatic	tss	rloop
totalSNV	DO33077	6	0.843297834242502	rloop_tss	ICGC_Pancreatic	tss	rloop
totalSNV	DO33128	5	0.702748195202085	rloop_tss	ICGC_Pancreatic	tss	rloop
totalSNV	DO33152	9	1.26494675136375	rloop_tss	ICGC_Pancreatic	tss	rloop
totalSNV	DO33160	10	1.40549639040417	rloop_tss	ICGC_Pancreatic	tss	rloop
totalSNV	DO33168	10	1.40549639040417	rloop_tss	ICGC_Pancreatic	tss	rloop
totalSNV	DO33184	8	1.12439711232334	rloop_tss	ICGC_Pancreatic	tss	rloop
totalSNV	DO33200	10	1.40549639040417	rloop_tss	ICGC_Pancreatic	tss	rloop
totalSNV	DO33208	15	2.10824458560626	rloop_tss	ICGC_Pancreatic	tss	rloop
totalSNV	DO33248	9	1.26494675136375	rloop_tss	ICGC_Pancreatic	tss	rloop
totalSNV	DO33264	8	1.12439711232334	rloop_tss	ICGC_Pancreatic	tss	rloop
totalSNV	DO33288	15	2.10824458560626	rloop_tss	ICGC_Pancreatic	tss	rloop
totalSNV	DO33344	20	2.81099278080834	rloop_tss	ICGC_Pancreatic	tss	rloop
totalSNV	DO33368	11	1.54604602944459	rloop_tss	ICGC_Pancreatic	tss	rloop
totalSNV	DO33376	6	0.843297834242502	rloop_tss	ICGC_Pancreatic	tss	rloop
totalSNV	DO33392	8	1.12439711232334	rloop_tss	ICGC_Pancreatic	tss	rloop
totalSNV	DO33400	11	1.54604602944459	rloop_tss	ICGC_Pancreatic	tss	rloop
totalSNV	DO33408	3	0.421648917121251	rloop_tss	ICGC_Pancreatic	tss	rloop
totalSNV	DO33472	6	0.843297834242502	rloop_tss	ICGC_Pancreatic	tss	rloop
totalSNV	DO33480	8	1.12439711232334	rloop_tss	ICGC_Pancreatic	tss	rloop
totalSNV	DO33488	15	2.10824458560626	rloop_tss	ICGC_Pancreatic	tss	rloop
totalSNV	DO33512	11	1.54604602944459	rloop_tss	ICGC_Pancreatic	tss	rloop
totalSNV	DO33544	15	2.10824458560626	rloop_tss	ICGC_Pancreatic	tss	rloop
totalSNV	DO33552	28	3.93538989313168	rloop_tss	ICGC_Pancreatic	tss	rloop
totalSNV	DO33600	7	0.983847473282919	rloop_tss	ICGC_Pancreatic	tss	rloop
totalSNV	DO33960	9	1.26494675136375	rloop_tss	ICGC_Pancreatic	tss	rloop
totalSNV	DO33984	7	0.983847473282919	rloop_tss	ICGC_Pancreatic	tss	rloop
totalSNV	DO34264	15	2.10824458560626	rloop_tss	ICGC_Pancreatic	tss	rloop
totalSNV	DO34288	13	1.82714530752542	rloop_tss	ICGC_Pancreatic	tss	rloop
totalSNV	DO34312	10	1.40549639040417	rloop_tss	ICGC_Pancreatic	tss	rloop
totalSNV	DO34336	24	3.37319133697001	rloop_tss	ICGC_Pancreatic	tss	rloop
totalSNV	DO34432	8	1.12439711232334	rloop_tss	ICGC_Pancreatic	tss	rloop
totalSNV	DO34448	16	2.24879422464667	rloop_tss	ICGC_Pancreatic	tss	rloop
totalSNV	DO34504	6	0.843297834242502	rloop_tss	ICGC_Pancreatic	tss	rloop
totalSNV	DO34600	7	0.983847473282919	rloop_tss	ICGC_Pancreatic	tss	rloop
totalSNV	DO34608	8	1.12439711232334	rloop_tss	ICGC_Pancreatic	tss	rloop
totalSNV	DO34616	13	1.82714530752542	rloop_tss	ICGC_Pancreatic	tss	rloop
totalSNV	DO34640	24	3.37319133697001	rloop_tss	ICGC_Pancreatic	tss	rloop
totalSNV	DO34656	2	0.281099278080834	rloop_tss	ICGC_Pancreatic	tss	rloop
totalSNV	DO34680	27	3.79484025409126	rloop_tss	ICGC_Pancreatic	tss	rloop
totalSNV	DO34696	10	1.40549639040417	rloop_tss	ICGC_Pancreatic	tss	rloop
totalSNV	DO34720	9	1.26494675136375	rloop_tss	ICGC_Pancreatic	tss	rloop
totalSNV	DO34728	5	0.702748195202085	rloop_tss	ICGC_Pancreatic	tss	rloop
totalSNV	DO34736	21	2.95154241984876	rloop_tss	ICGC_Pancreatic	tss	rloop
totalSNV	DO34785	11	1.54604602944459	rloop_tss	ICGC_Pancreatic	tss	rloop
totalSNV	DO34793	5	0.702748195202085	rloop_tss	ICGC_Pancreatic	tss	rloop
totalSNV	DO34801	10	1.40549639040417	rloop_tss	ICGC_Pancreatic	tss	rloop
totalSNV	DO34809	21	2.95154241984876	rloop_tss	ICGC_Pancreatic	tss	rloop
totalSNV	DO34817	8	1.12439711232334	rloop_tss	ICGC_Pancreatic	tss	rloop
totalSNV	DO34849	11	1.54604602944459	rloop_tss	ICGC_Pancreatic	tss	rloop
totalSNV	DO34905	26	3.65429061505084	rloop_tss	ICGC_Pancreatic	tss	rloop
totalSNV	DO34961	11	1.54604602944459	rloop_tss	ICGC_Pancreatic	tss	rloop
totalSNV	DO35082	19	2.67044314176792	rloop_tss	ICGC_Pancreatic	tss	rloop
totalSNV	DO35083	146	20.5202472999009	rloop_tss	ICGC_Pancreatic	tss	rloop
totalSNV	DO35085	5	0.702748195202085	rloop_tss	ICGC_Pancreatic	tss	rloop
totalSNV	DO35098	5	0.702748195202085	rloop_tss	ICGC_Pancreatic	tss	rloop
totalSNV	DO35114	3	0.421648917121251	rloop_tss	ICGC_Pancreatic	tss	rloop
totalSNV	DO35116	15	2.10824458560626	rloop_tss	ICGC_Pancreatic	tss	rloop
totalSNV	DO35118	6	0.843297834242502	rloop_tss	ICGC_Pancreatic	tss	rloop
totalSNV	DO35126	10	1.40549639040417	rloop_tss	ICGC_Pancreatic	tss	rloop
totalSNV	DO35128	8	1.12439711232334	rloop_tss	ICGC_Pancreatic	tss	rloop
totalSNV	DO35132	4	0.562198556161668	rloop_tss	ICGC_Pancreatic	tss	rloop
totalSNV	DO35136	8	1.12439711232334	rloop_tss	ICGC_Pancreatic	tss	rloop
totalSNV	DO35138	2	0.281099278080834	rloop_tss	ICGC_Pancreatic	tss	rloop
totalSNV	DO35144	4	0.562198556161668	rloop_tss	ICGC_Pancreatic	tss	rloop
totalSNV	DO35148	5	0.702748195202085	rloop_tss	ICGC_Pancreatic	tss	rloop
totalSNV	DO35152	7	0.983847473282919	rloop_tss	ICGC_Pancreatic	tss	rloop
totalSNV	DO35184	4	0.562198556161668	rloop_tss	ICGC_Pancreatic	tss	rloop
totalSNV	DO35186	11	1.54604602944459	rloop_tss	ICGC_Pancreatic	tss	rloop
totalSNV	DO35198	15	2.10824458560626	rloop_tss	ICGC_Pancreatic	tss	rloop
totalSNV	DO35200	3	0.421648917121251	rloop_tss	ICGC_Pancreatic	tss	rloop
totalSNV	DO35216	2	0.281099278080834	rloop_tss	ICGC_Pancreatic	tss	rloop
totalSNV	DO35222	3	0.421648917121251	rloop_tss	ICGC_Pancreatic	tss	rloop
totalSNV	DO35228	7	0.983847473282919	rloop_tss	ICGC_Pancreatic	tss	rloop
totalSNV	DO35230	4	0.562198556161668	rloop_tss	ICGC_Pancreatic	tss	rloop
totalSNV	DO35236	14	1.96769494656584	rloop_tss	ICGC_Pancreatic	tss	rloop
totalSNV	DO35258	11	1.54604602944459	rloop_tss	ICGC_Pancreatic	tss	rloop
totalSNV	DO35290	11	1.54604602944459	rloop_tss	ICGC_Pancreatic	tss	rloop
totalSNV	DO35305	8	1.12439711232334	rloop_tss	ICGC_Pancreatic	tss	rloop
totalSNV	DO35330	3	0.421648917121251	rloop_tss	ICGC_Pancreatic	tss	rloop
totalSNV	DO35350	23	3.23264169792959	rloop_tss	ICGC_Pancreatic	tss	rloop
totalSNV	DO35360	10	1.40549639040417	rloop_tss	ICGC_Pancreatic	tss	rloop
totalSNV	DO35376	14	1.96769494656584	rloop_tss	ICGC_Pancreatic	tss	rloop
totalSNV	DO35406	5	0.702748195202085	rloop_tss	ICGC_Pancreatic	tss	rloop
totalSNV	DO35424	6	0.843297834242502	rloop_tss	ICGC_Pancreatic	tss	rloop
totalSNV	DO35442	253	35.5590586772255	rloop_tss	ICGC_Pancreatic	tss	rloop
totalSNV	DO35454	9	1.26494675136375	rloop_tss	ICGC_Pancreatic	tss	rloop
totalSNV	DO35496	5	0.702748195202085	rloop_tss	ICGC_Pancreatic	tss	rloop
totalSNV	DO49074	4	0.562198556161668	rloop_tss	ICGC_Pancreatic	tss	rloop
totalSNV	DO49076	10	1.40549639040417	rloop_tss	ICGC_Pancreatic	tss	rloop
totalSNV	DO49078	15	2.10824458560626	rloop_tss	ICGC_Pancreatic	tss	rloop
totalSNV	DO49079	22	3.09209205888917	rloop_tss	ICGC_Pancreatic	tss	rloop
totalSNV	DO49080	12	1.686595668485	rloop_tss	ICGC_Pancreatic	tss	rloop
totalSNV	DO49087	13	1.82714530752542	rloop_tss	ICGC_Pancreatic	tss	rloop
totalSNV	DO49090	5	0.702748195202085	rloop_tss	ICGC_Pancreatic	tss	rloop
totalSNV	DO49113	6	0.843297834242502	rloop_tss	ICGC_Pancreatic	tss	rloop
totalSNV	DO49127	10	1.40549639040417	rloop_tss	ICGC_Pancreatic	tss	rloop
totalSNV	DO49129	8	1.12439711232334	rloop_tss	ICGC_Pancreatic	tss	rloop
totalSNV	DO49135	10	1.40549639040417	rloop_tss	ICGC_Pancreatic	tss	rloop
totalSNV	DO49137	27	3.79484025409126	rloop_tss	ICGC_Pancreatic	tss	rloop
totalSNV	DO49138	23	3.23264169792959	rloop_tss	ICGC_Pancreatic	tss	rloop
totalSNV	DO49166	5	0.702748195202085	rloop_tss	ICGC_Pancreatic	tss	rloop
totalSNV	DO49168	12	1.686595668485	rloop_tss	ICGC_Pancreatic	tss	rloop
totalSNV	DO49172	4	0.562198556161668	rloop_tss	ICGC_Pancreatic	tss	rloop
totalSNV	DO49178	2	0.281099278080834	rloop_tss	ICGC_Pancreatic	tss	rloop
totalSNV	DO49181	6	0.843297834242502	rloop_tss	ICGC_Pancreatic	tss	rloop
totalSNV	DO49183	14	1.96769494656584	rloop_tss	ICGC_Pancreatic	tss	rloop
totalSNV	DO49184	10	1.40549639040417	rloop_tss	ICGC_Pancreatic	tss	rloop
totalSNV	DO49193	13	1.82714530752542	rloop_tss	ICGC_Pancreatic	tss	rloop
totalSNV	DO49204	6	0.843297834242502	rloop_tss	ICGC_Pancreatic	tss	rloop
totalSNV	DO49418	11	1.54604602944459	rloop_tss	ICGC_Pancreatic	tss	rloop
totalSNV	DO49419	24	3.37319133697001	rloop_tss	ICGC_Pancreatic	tss	rloop
totalSNV	DO49420	4	0.562198556161668	rloop_tss	ICGC_Pancreatic	tss	rloop
totalSNV	DO49421	11	1.54604602944459	rloop_tss	ICGC_Pancreatic	tss	rloop
totalSNV	DO49422	7	0.983847473282919	rloop_tss	ICGC_Pancreatic	tss	rloop
totalSNV	DO49424	11	1.54604602944459	rloop_tss	ICGC_Pancreatic	tss	rloop
totalSNV	DO49427	9	1.26494675136375	rloop_tss	ICGC_Pancreatic	tss	rloop
totalSNV	DO49430	16	2.24879422464667	rloop_tss	ICGC_Pancreatic	tss	rloop
totalSNV	DO49433	10	1.40549639040417	rloop_tss	ICGC_Pancreatic	tss	rloop
totalSNV	DO49436	10	1.40549639040417	rloop_tss	ICGC_Pancreatic	tss	rloop
totalSNV	DO49439	9	1.26494675136375	rloop_tss	ICGC_Pancreatic	tss	rloop
totalSNV	DO49442	22	3.09209205888917	rloop_tss	ICGC_Pancreatic	tss	rloop
totalSNV	DO49445	11	1.54604602944459	rloop_tss	ICGC_Pancreatic	tss	rloop
totalSNV	DO49448	10	1.40549639040417	rloop_tss	ICGC_Pancreatic	tss	rloop
totalSNV	DO49451	5	0.702748195202085	rloop_tss	ICGC_Pancreatic	tss	rloop
totalSNV	DO49454	12	1.686595668485	rloop_tss	ICGC_Pancreatic	tss	rloop
totalSNV	DO49457	5	0.702748195202085	rloop_tss	ICGC_Pancreatic	tss	rloop
totalSNV	DO49460	7	0.983847473282919	rloop_tss	ICGC_Pancreatic	tss	rloop
totalSNV	DO49463	14	1.96769494656584	rloop_tss	ICGC_Pancreatic	tss	rloop
totalSNV	DO49466	6	0.843297834242502	rloop_tss	ICGC_Pancreatic	tss	rloop
totalSNV	DO49478	9	1.26494675136375	rloop_tss	ICGC_Pancreatic	tss	rloop
totalSNV	DO49481	1	0.140549639040417	rloop_tss	ICGC_Pancreatic	tss	rloop
totalSNV	DO49484	8	1.12439711232334	rloop_tss	ICGC_Pancreatic	tss	rloop
totalSNV	DO51465	9	1.26494675136375	rloop_tss	ICGC_Pancreatic	tss	rloop
totalSNV	DO51466	6	0.843297834242502	rloop_tss	ICGC_Pancreatic	tss	rloop
totalSNV	DO51467	11	1.54604602944459	rloop_tss	ICGC_Pancreatic	tss	rloop
totalSNV	DO51468	7	0.983847473282919	rloop_tss	ICGC_Pancreatic	tss	rloop
totalSNV	DO51469	14	1.96769494656584	rloop_tss	ICGC_Pancreatic	tss	rloop
totalSNV	DO51470	5	0.702748195202085	rloop_tss	ICGC_Pancreatic	tss	rloop
totalSNV	DO51472	24	3.37319133697001	rloop_tss	ICGC_Pancreatic	tss	rloop
totalSNV	DO51473	5	0.702748195202085	rloop_tss	ICGC_Pancreatic	tss	rloop
totalSNV	DO51474	114	16.0226588506075	rloop_tss	ICGC_Pancreatic	tss	rloop
totalSNV	DO51475	6	0.843297834242502	rloop_tss	ICGC_Pancreatic	tss	rloop
totalSNV	DO51476	34	4.77868772737418	rloop_tss	ICGC_Pancreatic	tss	rloop
totalSNV	DO51477	6	0.843297834242502	rloop_tss	ICGC_Pancreatic	tss	rloop
totalSNV	DO51478	20	2.81099278080834	rloop_tss	ICGC_Pancreatic	tss	rloop
totalSNV	DO51479	8	1.12439711232334	rloop_tss	ICGC_Pancreatic	tss	rloop
totalSNV	DO51480	5	0.702748195202085	rloop_tss	ICGC_Pancreatic	tss	rloop
totalSNV	DO51481	10	1.40549639040417	rloop_tss	ICGC_Pancreatic	tss	rloop
totalSNV	DO51483	3	0.421648917121251	rloop_tss	ICGC_Pancreatic	tss	rloop
totalSNV	DO51484	4	0.562198556161668	rloop_tss	ICGC_Pancreatic	tss	rloop
totalSNV	DO51485	9	1.26494675136375	rloop_tss	ICGC_Pancreatic	tss	rloop
totalSNV	DO51486	13	1.82714530752542	rloop_tss	ICGC_Pancreatic	tss	rloop
totalSNV	DO51487	10	1.40549639040417	rloop_tss	ICGC_Pancreatic	tss	rloop
totalSNV	DO51488	2	0.281099278080834	rloop_tss	ICGC_Pancreatic	tss	rloop
totalSNV	DO51489	26	3.65429061505084	rloop_tss	ICGC_Pancreatic	tss	rloop
totalSNV	DO51490	5	0.702748195202085	rloop_tss	ICGC_Pancreatic	tss	rloop
totalSNV	DO51491	16	2.24879422464667	rloop_tss	ICGC_Pancreatic	tss	rloop
totalSNV	DO51492	9	1.26494675136375	rloop_tss	ICGC_Pancreatic	tss	rloop
totalSNV	DO51493	55	7.73023014722294	rloop_tss	ICGC_Pancreatic	tss	rloop
totalSNV	DO51494	24	3.37319133697001	rloop_tss	ICGC_Pancreatic	tss	rloop
totalSNV	DO51495	27	3.79484025409126	rloop_tss	ICGC_Pancreatic	tss	rloop
totalSNV	DO51496	5	0.702748195202085	rloop_tss	ICGC_Pancreatic	tss	rloop
totalSNV	DO51497	10	1.40549639040417	rloop_tss	ICGC_Pancreatic	tss	rloop
totalSNV	DO51498	2	0.281099278080834	rloop_tss	ICGC_Pancreatic	tss	rloop
totalSNV	DO51499	10	1.40549639040417	rloop_tss	ICGC_Pancreatic	tss	rloop
totalSNV	DO51500	17	2.38934386368709	rloop_tss	ICGC_Pancreatic	tss	rloop
totalSNV	DO51501	7	0.983847473282919	rloop_tss	ICGC_Pancreatic	tss	rloop
totalSNV	DO51502	9	1.26494675136375	rloop_tss	ICGC_Pancreatic	tss	rloop
totalSNV	DO51503	7	0.983847473282919	rloop_tss	ICGC_Pancreatic	tss	rloop
totalSNV	DO51504	12	1.686595668485	rloop_tss	ICGC_Pancreatic	tss	rloop
totalSNV	DO51505	6	0.843297834242502	rloop_tss	ICGC_Pancreatic	tss	rloop
totalSNV	DO51506	4	0.562198556161668	rloop_tss	ICGC_Pancreatic	tss	rloop
totalSNV	DO51507	9	1.26494675136375	rloop_tss	ICGC_Pancreatic	tss	rloop
totalSNV	DO51508	3	0.421648917121251	rloop_tss	ICGC_Pancreatic	tss	rloop
totalSNV	DO51509	7	0.983847473282919	rloop_tss	ICGC_Pancreatic	tss	rloop
totalSNV	DO51510	22	3.09209205888917	rloop_tss	ICGC_Pancreatic	tss	rloop
totalSNV	DO51511	11	1.54604602944459	rloop_tss	ICGC_Pancreatic	tss	rloop
totalSNV	DO51512	7	0.983847473282919	rloop_tss	ICGC_Pancreatic	tss	rloop
totalSNV	DO51513	2	0.281099278080834	rloop_tss	ICGC_Pancreatic	tss	rloop
totalSNV	DO51514	22	3.09209205888917	rloop_tss	ICGC_Pancreatic	tss	rloop
totalSNV	DO51515	11	1.54604602944459	rloop_tss	ICGC_Pancreatic	tss	rloop
totalSNV	DO51518	8	1.12439711232334	rloop_tss	ICGC_Pancreatic	tss	rloop
totalSNV	DO51519	2	0.281099278080834	rloop_tss	ICGC_Pancreatic	tss	rloop
totalSNV	DO51520	14	1.96769494656584	rloop_tss	ICGC_Pancreatic	tss	rloop
totalSNV	DO51521	4	0.562198556161668	rloop_tss	ICGC_Pancreatic	tss	rloop
totalSNV	DO51522	11	1.54604602944459	rloop_tss	ICGC_Pancreatic	tss	rloop
totalSNV	DO51523	13	1.82714530752542	rloop_tss	ICGC_Pancreatic	tss	rloop
totalSNV	DO51524	8	1.12439711232334	rloop_tss	ICGC_Pancreatic	tss	rloop
totalSNV	DO51525	6	0.843297834242502	rloop_tss	ICGC_Pancreatic	tss	rloop
totalSNV	DO51527	7	0.983847473282919	rloop_tss	ICGC_Pancreatic	tss	rloop
totalSNV	DO51528	9	1.26494675136375	rloop_tss	ICGC_Pancreatic	tss	rloop
totalSNV	DO51529	14	1.96769494656584	rloop_tss	ICGC_Pancreatic	tss	rloop
totalSNV	DO51530	24	3.37319133697001	rloop_tss	ICGC_Pancreatic	tss	rloop
totalSNV	DO51531	11	1.54604602944459	rloop_tss	ICGC_Pancreatic	tss	rloop
totalSNV	DO51532	4	0.562198556161668	rloop_tss	ICGC_Pancreatic	tss	rloop
totalSNV	DO51533	13	1.82714530752542	rloop_tss	ICGC_Pancreatic	tss	rloop
totalSNV	DO51534	10	1.40549639040417	rloop_tss	ICGC_Pancreatic	tss	rloop
totalSNV	DO51535	7	0.983847473282919	rloop_tss	ICGC_Pancreatic	tss	rloop
totalSNV	DO51536	15	2.10824458560626	rloop_tss	ICGC_Pancreatic	tss	rloop
totalSNV	DO51537	4	0.562198556161668	rloop_tss	ICGC_Pancreatic	tss	rloop
totalSNV	DO51538	13	1.82714530752542	rloop_tss	ICGC_Pancreatic	tss	rloop
totalSNV	DO51540	5	0.702748195202085	rloop_tss	ICGC_Pancreatic	tss	rloop
totalSNV	DO51541	8	1.12439711232334	rloop_tss	ICGC_Pancreatic	tss	rloop
totalSNV	DO51542	6	0.843297834242502	rloop_tss	ICGC_Pancreatic	tss	rloop
totalSNV	DO51543	13	1.82714530752542	rloop_tss	ICGC_Pancreatic	tss	rloop
totalSNV	DO51544	3	0.421648917121251	rloop_tss	ICGC_Pancreatic	tss	rloop
totalSNV	DO51546	3	0.421648917121251	rloop_tss	ICGC_Pancreatic	tss	rloop
totalSNV	DO51548	13	1.82714530752542	rloop_tss	ICGC_Pancreatic	tss	rloop
totalSNV	DO51549	14	1.96769494656584	rloop_tss	ICGC_Pancreatic	tss	rloop
totalSNV	DO221539	11	1.15931850199608	norloop_tss	ICGC_Pancreatic	tss	norloop
totalSNV	DO221540	19	2.00245923072051	norloop_tss	ICGC_Pancreatic	tss	norloop
totalSNV	DO221541	44	4.63727400798433	norloop_tss	ICGC_Pancreatic	tss	norloop
totalSNV	DO221542	7	0.737748137633871	norloop_tss	ICGC_Pancreatic	tss	norloop
totalSNV	DO221543	3	0.316177773271659	norloop_tss	ICGC_Pancreatic	tss	norloop
totalSNV	DO221544	42	4.42648882580323	norloop_tss	ICGC_Pancreatic	tss	norloop
totalSNV	DO221545	51	5.3750221456182	norloop_tss	ICGC_Pancreatic	tss	norloop
totalSNV	DO221546	19	2.00245923072051	norloop_tss	ICGC_Pancreatic	tss	norloop
totalSNV	DO221547	32	3.3725629148977	norloop_tss	ICGC_Pancreatic	tss	norloop
totalSNV	DO32831	78	8.22062210506313	norloop_tss	ICGC_Pancreatic	tss	norloop
totalSNV	DO32833	10	1.05392591090553	norloop_tss	ICGC_Pancreatic	tss	norloop
totalSNV	DO32837	6	0.632355546543318	norloop_tss	ICGC_Pancreatic	tss	norloop
totalSNV	DO32860	19	2.00245923072051	norloop_tss	ICGC_Pancreatic	tss	norloop
totalSNV	DO32863	24	2.52942218617327	norloop_tss	ICGC_Pancreatic	tss	norloop
totalSNV	DO32875	9	0.948533319814977	norloop_tss	ICGC_Pancreatic	tss	norloop
totalSNV	DO32878	15	1.5808888663583	norloop_tss	ICGC_Pancreatic	tss	norloop
totalSNV	DO32893	11	1.15931850199608	norloop_tss	ICGC_Pancreatic	tss	norloop
totalSNV	DO32900	29	3.05638514162604	norloop_tss	ICGC_Pancreatic	tss	norloop
totalSNV	DO32916	33	3.47795550598825	norloop_tss	ICGC_Pancreatic	tss	norloop
totalSNV	DO32960	5	0.526962955452765	norloop_tss	ICGC_Pancreatic	tss	norloop
totalSNV	DO32972	8	0.843140728724424	norloop_tss	ICGC_Pancreatic	tss	norloop
totalSNV	DO32976	14	1.47549627526774	norloop_tss	ICGC_Pancreatic	tss	norloop
totalSNV	DO32980	27	2.84559995944493	norloop_tss	ICGC_Pancreatic	tss	norloop
totalSNV	DO32984	7	0.737748137633871	norloop_tss	ICGC_Pancreatic	tss	norloop
totalSNV	DO33000	23	2.42402959508272	norloop_tss	ICGC_Pancreatic	tss	norloop
totalSNV	DO33008	35	3.68874068816936	norloop_tss	ICGC_Pancreatic	tss	norloop
totalSNV	DO33016	13	1.37010368417719	norloop_tss	ICGC_Pancreatic	tss	norloop
totalSNV	DO33028	13	1.37010368417719	norloop_tss	ICGC_Pancreatic	tss	norloop
totalSNV	DO33032	23	2.42402959508272	norloop_tss	ICGC_Pancreatic	tss	norloop
totalSNV	DO33042	36	3.79413327925991	norloop_tss	ICGC_Pancreatic	tss	norloop
totalSNV	DO33077	19	2.00245923072051	norloop_tss	ICGC_Pancreatic	tss	norloop
totalSNV	DO33128	7	0.737748137633871	norloop_tss	ICGC_Pancreatic	tss	norloop
totalSNV	DO33152	7	0.737748137633871	norloop_tss	ICGC_Pancreatic	tss	norloop
totalSNV	DO33160	22	2.31863700399217	norloop_tss	ICGC_Pancreatic	tss	norloop
totalSNV	DO33168	17	1.7916740485394	norloop_tss	ICGC_Pancreatic	tss	norloop
totalSNV	DO33184	27	2.84559995944493	norloop_tss	ICGC_Pancreatic	tss	norloop
totalSNV	DO33200	10	1.05392591090553	norloop_tss	ICGC_Pancreatic	tss	norloop
totalSNV	DO33208	14	1.47549627526774	norloop_tss	ICGC_Pancreatic	tss	norloop
totalSNV	DO33248	9	0.948533319814977	norloop_tss	ICGC_Pancreatic	tss	norloop
totalSNV	DO33264	19	2.00245923072051	norloop_tss	ICGC_Pancreatic	tss	norloop
totalSNV	DO33288	38	4.00491846144101	norloop_tss	ICGC_Pancreatic	tss	norloop
totalSNV	DO33344	37	3.89952587035046	norloop_tss	ICGC_Pancreatic	tss	norloop
totalSNV	DO33368	33	3.47795550598825	norloop_tss	ICGC_Pancreatic	tss	norloop
totalSNV	DO33376	21	2.21324441290161	norloop_tss	ICGC_Pancreatic	tss	norloop
totalSNV	DO33392	8	0.843140728724424	norloop_tss	ICGC_Pancreatic	tss	norloop
totalSNV	DO33400	22	2.31863700399217	norloop_tss	ICGC_Pancreatic	tss	norloop
totalSNV	DO33408	16	1.68628145744885	norloop_tss	ICGC_Pancreatic	tss	norloop
totalSNV	DO33472	13	1.37010368417719	norloop_tss	ICGC_Pancreatic	tss	norloop
totalSNV	DO33480	4	0.421570364362212	norloop_tss	ICGC_Pancreatic	tss	norloop
totalSNV	DO33488	37	3.89952587035046	norloop_tss	ICGC_Pancreatic	tss	norloop
totalSNV	DO33512	17	1.7916740485394	norloop_tss	ICGC_Pancreatic	tss	norloop
totalSNV	DO33544	25	2.63481477726383	norloop_tss	ICGC_Pancreatic	tss	norloop
totalSNV	DO33552	43	4.53188141689378	norloop_tss	ICGC_Pancreatic	tss	norloop
totalSNV	DO33600	20	2.10785182181106	norloop_tss	ICGC_Pancreatic	tss	norloop
totalSNV	DO33960	16	1.68628145744885	norloop_tss	ICGC_Pancreatic	tss	norloop
totalSNV	DO33984	10	1.05392591090553	norloop_tss	ICGC_Pancreatic	tss	norloop
totalSNV	DO34264	19	2.00245923072051	norloop_tss	ICGC_Pancreatic	tss	norloop
totalSNV	DO34288	13	1.37010368417719	norloop_tss	ICGC_Pancreatic	tss	norloop
totalSNV	DO34312	11	1.15931850199608	norloop_tss	ICGC_Pancreatic	tss	norloop
totalSNV	DO34336	19	2.00245923072051	norloop_tss	ICGC_Pancreatic	tss	norloop
totalSNV	DO34432	11	1.15931850199608	norloop_tss	ICGC_Pancreatic	tss	norloop
totalSNV	DO34448	49	5.1642369634371	norloop_tss	ICGC_Pancreatic	tss	norloop
totalSNV	DO34504	6	0.632355546543318	norloop_tss	ICGC_Pancreatic	tss	norloop
totalSNV	DO34600	13	1.37010368417719	norloop_tss	ICGC_Pancreatic	tss	norloop
totalSNV	DO34608	12	1.26471109308664	norloop_tss	ICGC_Pancreatic	tss	norloop
totalSNV	DO34616	16	1.68628145744885	norloop_tss	ICGC_Pancreatic	tss	norloop
totalSNV	DO34640	34	3.5833480970788	norloop_tss	ICGC_Pancreatic	tss	norloop
totalSNV	DO34656	11	1.15931850199608	norloop_tss	ICGC_Pancreatic	tss	norloop
totalSNV	DO34680	34	3.5833480970788	norloop_tss	ICGC_Pancreatic	tss	norloop
totalSNV	DO34696	24	2.52942218617327	norloop_tss	ICGC_Pancreatic	tss	norloop
totalSNV	DO34720	8	0.843140728724424	norloop_tss	ICGC_Pancreatic	tss	norloop
totalSNV	DO34728	18	1.89706663962995	norloop_tss	ICGC_Pancreatic	tss	norloop
totalSNV	DO34736	32	3.3725629148977	norloop_tss	ICGC_Pancreatic	tss	norloop
totalSNV	DO34785	14	1.47549627526774	norloop_tss	ICGC_Pancreatic	tss	norloop
totalSNV	DO34793	11	1.15931850199608	norloop_tss	ICGC_Pancreatic	tss	norloop
totalSNV	DO34801	11	1.15931850199608	norloop_tss	ICGC_Pancreatic	tss	norloop
totalSNV	DO34809	48	5.05884437234654	norloop_tss	ICGC_Pancreatic	tss	norloop
totalSNV	DO34817	10	1.05392591090553	norloop_tss	ICGC_Pancreatic	tss	norloop
totalSNV	DO34849	19	2.00245923072051	norloop_tss	ICGC_Pancreatic	tss	norloop
totalSNV	DO34905	52	5.48041473670876	norloop_tss	ICGC_Pancreatic	tss	norloop
totalSNV	DO34961	18	1.89706663962995	norloop_tss	ICGC_Pancreatic	tss	norloop
totalSNV	DO35082	36	3.79413327925991	norloop_tss	ICGC_Pancreatic	tss	norloop
totalSNV	DO35083	194	20.4461626715673	norloop_tss	ICGC_Pancreatic	tss	norloop
totalSNV	DO35085	6	0.632355546543318	norloop_tss	ICGC_Pancreatic	tss	norloop
totalSNV	DO35098	9	0.948533319814977	norloop_tss	ICGC_Pancreatic	tss	norloop
totalSNV	DO35114	9	0.948533319814977	norloop_tss	ICGC_Pancreatic	tss	norloop
totalSNV	DO35116	20	2.10785182181106	norloop_tss	ICGC_Pancreatic	tss	norloop
totalSNV	DO35118	14	1.47549627526774	norloop_tss	ICGC_Pancreatic	tss	norloop
totalSNV	DO35126	16	1.68628145744885	norloop_tss	ICGC_Pancreatic	tss	norloop
totalSNV	DO35128	19	2.00245923072051	norloop_tss	ICGC_Pancreatic	tss	norloop
totalSNV	DO35132	7	0.737748137633871	norloop_tss	ICGC_Pancreatic	tss	norloop
totalSNV	DO35136	13	1.37010368417719	norloop_tss	ICGC_Pancreatic	tss	norloop
totalSNV	DO35138	11	1.15931850199608	norloop_tss	ICGC_Pancreatic	tss	norloop
totalSNV	DO35144	10	1.05392591090553	norloop_tss	ICGC_Pancreatic	tss	norloop
totalSNV	DO35148	5	0.526962955452765	norloop_tss	ICGC_Pancreatic	tss	norloop
totalSNV	DO35152	16	1.68628145744885	norloop_tss	ICGC_Pancreatic	tss	norloop
totalSNV	DO35184	6	0.632355546543318	norloop_tss	ICGC_Pancreatic	tss	norloop
totalSNV	DO35186	37	3.89952587035046	norloop_tss	ICGC_Pancreatic	tss	norloop
totalSNV	DO35198	20	2.10785182181106	norloop_tss	ICGC_Pancreatic	tss	norloop
totalSNV	DO35200	4	0.421570364362212	norloop_tss	ICGC_Pancreatic	tss	norloop
totalSNV	DO35216	8	0.843140728724424	norloop_tss	ICGC_Pancreatic	tss	norloop
totalSNV	DO35222	9	0.948533319814977	norloop_tss	ICGC_Pancreatic	tss	norloop
totalSNV	DO35228	14	1.47549627526774	norloop_tss	ICGC_Pancreatic	tss	norloop
totalSNV	DO35230	10	1.05392591090553	norloop_tss	ICGC_Pancreatic	tss	norloop
totalSNV	DO35236	21	2.21324441290161	norloop_tss	ICGC_Pancreatic	tss	norloop
totalSNV	DO35258	21	2.21324441290161	norloop_tss	ICGC_Pancreatic	tss	norloop
totalSNV	DO35290	16	1.68628145744885	norloop_tss	ICGC_Pancreatic	tss	norloop
totalSNV	DO35305	22	2.31863700399217	norloop_tss	ICGC_Pancreatic	tss	norloop
totalSNV	DO35330	11	1.15931850199608	norloop_tss	ICGC_Pancreatic	tss	norloop
totalSNV	DO35350	39	4.11031105253157	norloop_tss	ICGC_Pancreatic	tss	norloop
totalSNV	DO35360	13	1.37010368417719	norloop_tss	ICGC_Pancreatic	tss	norloop
totalSNV	DO35376	19	2.00245923072051	norloop_tss	ICGC_Pancreatic	tss	norloop
totalSNV	DO35406	13	1.37010368417719	norloop_tss	ICGC_Pancreatic	tss	norloop
totalSNV	DO35424	10	1.05392591090553	norloop_tss	ICGC_Pancreatic	tss	norloop
totalSNV	DO35442	308	32.4609180558903	norloop_tss	ICGC_Pancreatic	tss	norloop
totalSNV	DO35454	8	0.843140728724424	norloop_tss	ICGC_Pancreatic	tss	norloop
totalSNV	DO35496	9	0.948533319814977	norloop_tss	ICGC_Pancreatic	tss	norloop
totalSNV	DO49074	14	1.47549627526774	norloop_tss	ICGC_Pancreatic	tss	norloop
totalSNV	DO49076	13	1.37010368417719	norloop_tss	ICGC_Pancreatic	tss	norloop
totalSNV	DO49078	13	1.37010368417719	norloop_tss	ICGC_Pancreatic	tss	norloop
totalSNV	DO49079	30	3.16177773271659	norloop_tss	ICGC_Pancreatic	tss	norloop
totalSNV	DO49080	17	1.7916740485394	norloop_tss	ICGC_Pancreatic	tss	norloop
totalSNV	DO49087	26	2.74020736835438	norloop_tss	ICGC_Pancreatic	tss	norloop
totalSNV	DO49090	10	1.05392591090553	norloop_tss	ICGC_Pancreatic	tss	norloop
totalSNV	DO49113	24	2.52942218617327	norloop_tss	ICGC_Pancreatic	tss	norloop
totalSNV	DO49127	13	1.37010368417719	norloop_tss	ICGC_Pancreatic	tss	norloop
totalSNV	DO49129	11	1.15931850199608	norloop_tss	ICGC_Pancreatic	tss	norloop
totalSNV	DO49135	17	1.7916740485394	norloop_tss	ICGC_Pancreatic	tss	norloop
totalSNV	DO49137	16	1.68628145744885	norloop_tss	ICGC_Pancreatic	tss	norloop
totalSNV	DO49138	31	3.26717032380714	norloop_tss	ICGC_Pancreatic	tss	norloop
totalSNV	DO49166	4	0.421570364362212	norloop_tss	ICGC_Pancreatic	tss	norloop
totalSNV	DO49168	18	1.89706663962995	norloop_tss	ICGC_Pancreatic	tss	norloop
totalSNV	DO49172	13	1.37010368417719	norloop_tss	ICGC_Pancreatic	tss	norloop
totalSNV	DO49178	5	0.526962955452765	norloop_tss	ICGC_Pancreatic	tss	norloop
totalSNV	DO49181	8	0.843140728724424	norloop_tss	ICGC_Pancreatic	tss	norloop
totalSNV	DO49183	14	1.47549627526774	norloop_tss	ICGC_Pancreatic	tss	norloop
totalSNV	DO49184	23	2.42402959508272	norloop_tss	ICGC_Pancreatic	tss	norloop
totalSNV	DO49193	17	1.7916740485394	norloop_tss	ICGC_Pancreatic	tss	norloop
totalSNV	DO49204	16	1.68628145744885	norloop_tss	ICGC_Pancreatic	tss	norloop
totalSNV	DO49418	45	4.74266659907489	norloop_tss	ICGC_Pancreatic	tss	norloop
totalSNV	DO49419	46	4.84805919016544	norloop_tss	ICGC_Pancreatic	tss	norloop
totalSNV	DO49420	17	1.7916740485394	norloop_tss	ICGC_Pancreatic	tss	norloop
totalSNV	DO49421	21	2.21324441290161	norloop_tss	ICGC_Pancreatic	tss	norloop
totalSNV	DO49422	11	1.15931850199608	norloop_tss	ICGC_Pancreatic	tss	norloop
totalSNV	DO49424	17	1.7916740485394	norloop_tss	ICGC_Pancreatic	tss	norloop
totalSNV	DO49427	10	1.05392591090553	norloop_tss	ICGC_Pancreatic	tss	norloop
totalSNV	DO49430	23	2.42402959508272	norloop_tss	ICGC_Pancreatic	tss	norloop
totalSNV	DO49433	6	0.632355546543318	norloop_tss	ICGC_Pancreatic	tss	norloop
totalSNV	DO49436	23	2.42402959508272	norloop_tss	ICGC_Pancreatic	tss	norloop
totalSNV	DO49439	16	1.68628145744885	norloop_tss	ICGC_Pancreatic	tss	norloop
totalSNV	DO49442	18	1.89706663962995	norloop_tss	ICGC_Pancreatic	tss	norloop
totalSNV	DO49445	17	1.7916740485394	norloop_tss	ICGC_Pancreatic	tss	norloop
totalSNV	DO49448	15	1.5808888663583	norloop_tss	ICGC_Pancreatic	tss	norloop
totalSNV	DO49451	19	2.00245923072051	norloop_tss	ICGC_Pancreatic	tss	norloop
totalSNV	DO49454	15	1.5808888663583	norloop_tss	ICGC_Pancreatic	tss	norloop
totalSNV	DO49457	24	2.52942218617327	norloop_tss	ICGC_Pancreatic	tss	norloop
totalSNV	DO49460	20	2.10785182181106	norloop_tss	ICGC_Pancreatic	tss	norloop
totalSNV	DO49463	29	3.05638514162604	norloop_tss	ICGC_Pancreatic	tss	norloop
totalSNV	DO49466	14	1.47549627526774	norloop_tss	ICGC_Pancreatic	tss	norloop
totalSNV	DO49478	20	2.10785182181106	norloop_tss	ICGC_Pancreatic	tss	norloop
totalSNV	DO49481	11	1.15931850199608	norloop_tss	ICGC_Pancreatic	tss	norloop
totalSNV	DO49484	5	0.526962955452765	norloop_tss	ICGC_Pancreatic	tss	norloop
totalSNV	DO51465	21	2.21324441290161	norloop_tss	ICGC_Pancreatic	tss	norloop
totalSNV	DO51466	13	1.37010368417719	norloop_tss	ICGC_Pancreatic	tss	norloop
totalSNV	DO51467	19	2.00245923072051	norloop_tss	ICGC_Pancreatic	tss	norloop
totalSNV	DO51468	13	1.37010368417719	norloop_tss	ICGC_Pancreatic	tss	norloop
totalSNV	DO51469	33	3.47795550598825	norloop_tss	ICGC_Pancreatic	tss	norloop
totalSNV	DO51470	9	0.948533319814977	norloop_tss	ICGC_Pancreatic	tss	norloop
totalSNV	DO51472	21	2.21324441290161	norloop_tss	ICGC_Pancreatic	tss	norloop
totalSNV	DO51473	24	2.52942218617327	norloop_tss	ICGC_Pancreatic	tss	norloop
totalSNV	DO51474	172	18.1275256675751	norloop_tss	ICGC_Pancreatic	tss	norloop
totalSNV	DO51475	22	2.31863700399217	norloop_tss	ICGC_Pancreatic	tss	norloop
totalSNV	DO51476	44	4.63727400798433	norloop_tss	ICGC_Pancreatic	tss	norloop
totalSNV	DO51477	8	0.843140728724424	norloop_tss	ICGC_Pancreatic	tss	norloop
totalSNV	DO51478	27	2.84559995944493	norloop_tss	ICGC_Pancreatic	tss	norloop
totalSNV	DO51479	7	0.737748137633871	norloop_tss	ICGC_Pancreatic	tss	norloop
totalSNV	DO51480	13	1.37010368417719	norloop_tss	ICGC_Pancreatic	tss	norloop
totalSNV	DO51481	13	1.37010368417719	norloop_tss	ICGC_Pancreatic	tss	norloop
totalSNV	DO51483	13	1.37010368417719	norloop_tss	ICGC_Pancreatic	tss	norloop
totalSNV	DO51484	17	1.7916740485394	norloop_tss	ICGC_Pancreatic	tss	norloop
totalSNV	DO51485	12	1.26471109308664	norloop_tss	ICGC_Pancreatic	tss	norloop
totalSNV	DO51486	25	2.63481477726383	norloop_tss	ICGC_Pancreatic	tss	norloop
totalSNV	DO51487	13	1.37010368417719	norloop_tss	ICGC_Pancreatic	tss	norloop
totalSNV	DO51488	9	0.948533319814977	norloop_tss	ICGC_Pancreatic	tss	norloop
totalSNV	DO51489	42	4.42648882580323	norloop_tss	ICGC_Pancreatic	tss	norloop
totalSNV	DO51490	11	1.15931850199608	norloop_tss	ICGC_Pancreatic	tss	norloop
totalSNV	DO51491	38	4.00491846144101	norloop_tss	ICGC_Pancreatic	tss	norloop
totalSNV	DO51492	8	0.843140728724424	norloop_tss	ICGC_Pancreatic	tss	norloop
totalSNV	DO51493	106	11.1716146555986	norloop_tss	ICGC_Pancreatic	tss	norloop
totalSNV	DO51494	41	4.32109623471267	norloop_tss	ICGC_Pancreatic	tss	norloop
totalSNV	DO51495	26	2.74020736835438	norloop_tss	ICGC_Pancreatic	tss	norloop
totalSNV	DO51496	26	2.74020736835438	norloop_tss	ICGC_Pancreatic	tss	norloop
totalSNV	DO51497	12	1.26471109308664	norloop_tss	ICGC_Pancreatic	tss	norloop
totalSNV	DO51498	9	0.948533319814977	norloop_tss	ICGC_Pancreatic	tss	norloop
totalSNV	DO51499	18	1.89706663962995	norloop_tss	ICGC_Pancreatic	tss	norloop
totalSNV	DO51500	23	2.42402959508272	norloop_tss	ICGC_Pancreatic	tss	norloop
totalSNV	DO51501	9	0.948533319814977	norloop_tss	ICGC_Pancreatic	tss	norloop
totalSNV	DO51502	23	2.42402959508272	norloop_tss	ICGC_Pancreatic	tss	norloop
totalSNV	DO51503	4	0.421570364362212	norloop_tss	ICGC_Pancreatic	tss	norloop
totalSNV	DO51504	14	1.47549627526774	norloop_tss	ICGC_Pancreatic	tss	norloop
totalSNV	DO51505	8	0.843140728724424	norloop_tss	ICGC_Pancreatic	tss	norloop
totalSNV	DO51506	8	0.843140728724424	norloop_tss	ICGC_Pancreatic	tss	norloop
totalSNV	DO51507	15	1.5808888663583	norloop_tss	ICGC_Pancreatic	tss	norloop
totalSNV	DO51508	1	0.105392591090553	norloop_tss	ICGC_Pancreatic	tss	norloop
totalSNV	DO51509	19	2.00245923072051	norloop_tss	ICGC_Pancreatic	tss	norloop
totalSNV	DO51510	31	3.26717032380714	norloop_tss	ICGC_Pancreatic	tss	norloop
totalSNV	DO51511	20	2.10785182181106	norloop_tss	ICGC_Pancreatic	tss	norloop
totalSNV	DO51512	12	1.26471109308664	norloop_tss	ICGC_Pancreatic	tss	norloop
totalSNV	DO51513	10	1.05392591090553	norloop_tss	ICGC_Pancreatic	tss	norloop
totalSNV	DO51514	23	2.42402959508272	norloop_tss	ICGC_Pancreatic	tss	norloop
totalSNV	DO51515	10	1.05392591090553	norloop_tss	ICGC_Pancreatic	tss	norloop
totalSNV	DO51518	12	1.26471109308664	norloop_tss	ICGC_Pancreatic	tss	norloop
totalSNV	DO51519	13	1.37010368417719	norloop_tss	ICGC_Pancreatic	tss	norloop
totalSNV	DO51520	28	2.95099255053548	norloop_tss	ICGC_Pancreatic	tss	norloop
totalSNV	DO51521	2	0.210785182181106	norloop_tss	ICGC_Pancreatic	tss	norloop
totalSNV	DO51522	10	1.05392591090553	norloop_tss	ICGC_Pancreatic	tss	norloop
totalSNV	DO51523	14	1.47549627526774	norloop_tss	ICGC_Pancreatic	tss	norloop
totalSNV	DO51524	18	1.89706663962995	norloop_tss	ICGC_Pancreatic	tss	norloop
totalSNV	DO51525	6	0.632355546543318	norloop_tss	ICGC_Pancreatic	tss	norloop
totalSNV	DO51527	38	4.00491846144101	norloop_tss	ICGC_Pancreatic	tss	norloop
totalSNV	DO51528	18	1.89706663962995	norloop_tss	ICGC_Pancreatic	tss	norloop
totalSNV	DO51529	37	3.89952587035046	norloop_tss	ICGC_Pancreatic	tss	norloop
totalSNV	DO51530	20	2.10785182181106	norloop_tss	ICGC_Pancreatic	tss	norloop
totalSNV	DO51531	18	1.89706663962995	norloop_tss	ICGC_Pancreatic	tss	norloop
totalSNV	DO51532	12	1.26471109308664	norloop_tss	ICGC_Pancreatic	tss	norloop
totalSNV	DO51533	17	1.7916740485394	norloop_tss	ICGC_Pancreatic	tss	norloop
totalSNV	DO51534	23	2.42402959508272	norloop_tss	ICGC_Pancreatic	tss	norloop
totalSNV	DO51535	9	0.948533319814977	norloop_tss	ICGC_Pancreatic	tss	norloop
totalSNV	DO51536	24	2.52942218617327	norloop_tss	ICGC_Pancreatic	tss	norloop
totalSNV	DO51537	8	0.843140728724424	norloop_tss	ICGC_Pancreatic	tss	norloop
totalSNV	DO51538	26	2.74020736835438	norloop_tss	ICGC_Pancreatic	tss	norloop
totalSNV	DO51540	16	1.68628145744885	norloop_tss	ICGC_Pancreatic	tss	norloop
totalSNV	DO51541	14	1.47549627526774	norloop_tss	ICGC_Pancreatic	tss	norloop
totalSNV	DO51542	18	1.89706663962995	norloop_tss	ICGC_Pancreatic	tss	norloop
totalSNV	DO51543	24	2.52942218617327	norloop_tss	ICGC_Pancreatic	tss	norloop
totalSNV	DO51544	16	1.68628145744885	norloop_tss	ICGC_Pancreatic	tss	norloop
totalSNV	DO51546	12	1.26471109308664	norloop_tss	ICGC_Pancreatic	tss	norloop
totalSNV	DO51548	16	1.68628145744885	norloop_tss	ICGC_Pancreatic	tss	norloop
totalSNV	DO51549	23	2.42402959508272	norloop_tss	ICGC_Pancreatic	tss	norloop
totalSNV	DO221539	11	1.25400340587325	rloop_tts	ICGC_Pancreatic	tts	rloop
totalSNV	DO221540	21	2.39400650212166	rloop_tts	ICGC_Pancreatic	tts	rloop
totalSNV	DO221541	39	4.4460120753688	rloop_tts	ICGC_Pancreatic	tts	rloop
totalSNV	DO221542	5	0.570001548124205	rloop_tts	ICGC_Pancreatic	tts	rloop
totalSNV	DO221543	6	0.684001857749046	rloop_tts	ICGC_Pancreatic	tts	rloop
totalSNV	DO221544	21	2.39400650212166	rloop_tts	ICGC_Pancreatic	tts	rloop
totalSNV	DO221545	48	5.47201486199237	rloop_tts	ICGC_Pancreatic	tts	rloop
totalSNV	DO221546	7	0.798002167373887	rloop_tts	ICGC_Pancreatic	tts	rloop
totalSNV	DO221547	18	2.05200557324714	rloop_tts	ICGC_Pancreatic	tts	rloop
totalSNV	DO32831	30	3.42000928874523	rloop_tts	ICGC_Pancreatic	tts	rloop
totalSNV	DO32833	4	0.456001238499364	rloop_tts	ICGC_Pancreatic	tts	rloop
totalSNV	DO32837	2	0.228000619249682	rloop_tts	ICGC_Pancreatic	tts	rloop
totalSNV	DO32860	7	0.798002167373887	rloop_tts	ICGC_Pancreatic	tts	rloop
totalSNV	DO32863	10	1.14000309624841	rloop_tts	ICGC_Pancreatic	tts	rloop
totalSNV	DO32875	5	0.570001548124205	rloop_tts	ICGC_Pancreatic	tts	rloop
totalSNV	DO32878	12	1.36800371549809	rloop_tts	ICGC_Pancreatic	tts	rloop
totalSNV	DO32893	4	0.456001238499364	rloop_tts	ICGC_Pancreatic	tts	rloop
totalSNV	DO32900	21	2.39400650212166	rloop_tts	ICGC_Pancreatic	tts	rloop
totalSNV	DO32916	15	1.71000464437261	rloop_tts	ICGC_Pancreatic	tts	rloop
totalSNV	DO32960	8	0.912002476998727	rloop_tts	ICGC_Pancreatic	tts	rloop
totalSNV	DO32972	2	0.228000619249682	rloop_tts	ICGC_Pancreatic	tts	rloop
totalSNV	DO32976	6	0.684001857749046	rloop_tts	ICGC_Pancreatic	tts	rloop
totalSNV	DO32980	17	1.9380052636223	rloop_tts	ICGC_Pancreatic	tts	rloop
totalSNV	DO32984	10	1.14000309624841	rloop_tts	ICGC_Pancreatic	tts	rloop
totalSNV	DO33000	7	0.798002167373887	rloop_tts	ICGC_Pancreatic	tts	rloop
totalSNV	DO33008	16	1.82400495399746	rloop_tts	ICGC_Pancreatic	tts	rloop
totalSNV	DO33016	6	0.684001857749046	rloop_tts	ICGC_Pancreatic	tts	rloop
totalSNV	DO33028	15	1.71000464437261	rloop_tts	ICGC_Pancreatic	tts	rloop
totalSNV	DO33032	10	1.14000309624841	rloop_tts	ICGC_Pancreatic	tts	rloop
totalSNV	DO33042	29	3.30600897912039	rloop_tts	ICGC_Pancreatic	tts	rloop
totalSNV	DO33077	9	1.02600278662357	rloop_tts	ICGC_Pancreatic	tts	rloop
totalSNV	DO33128	3	0.342000928874523	rloop_tts	ICGC_Pancreatic	tts	rloop
totalSNV	DO33152	6	0.684001857749046	rloop_tts	ICGC_Pancreatic	tts	rloop
totalSNV	DO33160	11	1.25400340587325	rloop_tts	ICGC_Pancreatic	tts	rloop
totalSNV	DO33168	16	1.82400495399746	rloop_tts	ICGC_Pancreatic	tts	rloop
totalSNV	DO33184	17	1.9380052636223	rloop_tts	ICGC_Pancreatic	tts	rloop
totalSNV	DO33200	11	1.25400340587325	rloop_tts	ICGC_Pancreatic	tts	rloop
totalSNV	DO33208	13	1.48200402512293	rloop_tts	ICGC_Pancreatic	tts	rloop
totalSNV	DO33248	5	0.570001548124205	rloop_tts	ICGC_Pancreatic	tts	rloop
totalSNV	DO33264	12	1.36800371549809	rloop_tts	ICGC_Pancreatic	tts	rloop
totalSNV	DO33288	18	2.05200557324714	rloop_tts	ICGC_Pancreatic	tts	rloop
totalSNV	DO33344	14	1.59600433474777	rloop_tts	ICGC_Pancreatic	tts	rloop
totalSNV	DO33368	20	2.28000619249682	rloop_tts	ICGC_Pancreatic	tts	rloop
totalSNV	DO33376	10	1.14000309624841	rloop_tts	ICGC_Pancreatic	tts	rloop
totalSNV	DO33392	6	0.684001857749046	rloop_tts	ICGC_Pancreatic	tts	rloop
totalSNV	DO33400	14	1.59600433474777	rloop_tts	ICGC_Pancreatic	tts	rloop
totalSNV	DO33408	6	0.684001857749046	rloop_tts	ICGC_Pancreatic	tts	rloop
totalSNV	DO33472	7	0.798002167373887	rloop_tts	ICGC_Pancreatic	tts	rloop
totalSNV	DO33480	6	0.684001857749046	rloop_tts	ICGC_Pancreatic	tts	rloop
totalSNV	DO33488	19	2.16600588287198	rloop_tts	ICGC_Pancreatic	tts	rloop
totalSNV	DO33512	22	2.5080068117465	rloop_tts	ICGC_Pancreatic	tts	rloop
totalSNV	DO33544	11	1.25400340587325	rloop_tts	ICGC_Pancreatic	tts	rloop
totalSNV	DO33552	22	2.5080068117465	rloop_tts	ICGC_Pancreatic	tts	rloop
totalSNV	DO33600	7	0.798002167373887	rloop_tts	ICGC_Pancreatic	tts	rloop
totalSNV	DO33960	14	1.59600433474777	rloop_tts	ICGC_Pancreatic	tts	rloop
totalSNV	DO33984	6	0.684001857749046	rloop_tts	ICGC_Pancreatic	tts	rloop
totalSNV	DO34264	13	1.48200402512293	rloop_tts	ICGC_Pancreatic	tts	rloop
totalSNV	DO34288	10	1.14000309624841	rloop_tts	ICGC_Pancreatic	tts	rloop
totalSNV	DO34312	7	0.798002167373887	rloop_tts	ICGC_Pancreatic	tts	rloop
totalSNV	DO34336	7	0.798002167373887	rloop_tts	ICGC_Pancreatic	tts	rloop
totalSNV	DO34432	7	0.798002167373887	rloop_tts	ICGC_Pancreatic	tts	rloop
totalSNV	DO34448	26	2.96400805024586	rloop_tts	ICGC_Pancreatic	tts	rloop
totalSNV	DO34504	7	0.798002167373887	rloop_tts	ICGC_Pancreatic	tts	rloop
totalSNV	DO34600	10	1.14000309624841	rloop_tts	ICGC_Pancreatic	tts	rloop
totalSNV	DO34608	7	0.798002167373887	rloop_tts	ICGC_Pancreatic	tts	rloop
totalSNV	DO34616	13	1.48200402512293	rloop_tts	ICGC_Pancreatic	tts	rloop
totalSNV	DO34640	19	2.16600588287198	rloop_tts	ICGC_Pancreatic	tts	rloop
totalSNV	DO34656	3	0.342000928874523	rloop_tts	ICGC_Pancreatic	tts	rloop
totalSNV	DO34680	25	2.85000774062102	rloop_tts	ICGC_Pancreatic	tts	rloop
totalSNV	DO34696	17	1.9380052636223	rloop_tts	ICGC_Pancreatic	tts	rloop
totalSNV	DO34720	9	1.02600278662357	rloop_tts	ICGC_Pancreatic	tts	rloop
totalSNV	DO34728	3	0.342000928874523	rloop_tts	ICGC_Pancreatic	tts	rloop
totalSNV	DO34736	17	1.9380052636223	rloop_tts	ICGC_Pancreatic	tts	rloop
totalSNV	DO34785	18	2.05200557324714	rloop_tts	ICGC_Pancreatic	tts	rloop
totalSNV	DO34793	4	0.456001238499364	rloop_tts	ICGC_Pancreatic	tts	rloop
totalSNV	DO34801	13	1.48200402512293	rloop_tts	ICGC_Pancreatic	tts	rloop
totalSNV	DO34809	14	1.59600433474777	rloop_tts	ICGC_Pancreatic	tts	rloop
totalSNV	DO34817	14	1.59600433474777	rloop_tts	ICGC_Pancreatic	tts	rloop
totalSNV	DO34849	11	1.25400340587325	rloop_tts	ICGC_Pancreatic	tts	rloop
totalSNV	DO34905	25	2.85000774062102	rloop_tts	ICGC_Pancreatic	tts	rloop
totalSNV	DO34961	11	1.25400340587325	rloop_tts	ICGC_Pancreatic	tts	rloop
totalSNV	DO35082	33	3.76201021761975	rloop_tts	ICGC_Pancreatic	tts	rloop
totalSNV	DO35083	268	30.5520829794574	rloop_tts	ICGC_Pancreatic	tts	rloop
totalSNV	DO35085	7	0.798002167373887	rloop_tts	ICGC_Pancreatic	tts	rloop
totalSNV	DO35098	7	0.798002167373887	rloop_tts	ICGC_Pancreatic	tts	rloop
totalSNV	DO35114	2	0.228000619249682	rloop_tts	ICGC_Pancreatic	tts	rloop
totalSNV	DO35116	13	1.48200402512293	rloop_tts	ICGC_Pancreatic	tts	rloop
totalSNV	DO35118	4	0.456001238499364	rloop_tts	ICGC_Pancreatic	tts	rloop
totalSNV	DO35126	8	0.912002476998727	rloop_tts	ICGC_Pancreatic	tts	rloop
totalSNV	DO35128	5	0.570001548124205	rloop_tts	ICGC_Pancreatic	tts	rloop
totalSNV	DO35132	5	0.570001548124205	rloop_tts	ICGC_Pancreatic	tts	rloop
totalSNV	DO35136	7	0.798002167373887	rloop_tts	ICGC_Pancreatic	tts	rloop
totalSNV	DO35138	4	0.456001238499364	rloop_tts	ICGC_Pancreatic	tts	rloop
totalSNV	DO35144	3	0.342000928874523	rloop_tts	ICGC_Pancreatic	tts	rloop
totalSNV	DO35148	6	0.684001857749046	rloop_tts	ICGC_Pancreatic	tts	rloop
totalSNV	DO35152	9	1.02600278662357	rloop_tts	ICGC_Pancreatic	tts	rloop
totalSNV	DO35184	7	0.798002167373887	rloop_tts	ICGC_Pancreatic	tts	rloop
totalSNV	DO35186	11	1.25400340587325	rloop_tts	ICGC_Pancreatic	tts	rloop
totalSNV	DO35198	12	1.36800371549809	rloop_tts	ICGC_Pancreatic	tts	rloop
totalSNV	DO35200	2	0.228000619249682	rloop_tts	ICGC_Pancreatic	tts	rloop
totalSNV	DO35216	2	0.228000619249682	rloop_tts	ICGC_Pancreatic	tts	rloop
totalSNV	DO35222	6	0.684001857749046	rloop_tts	ICGC_Pancreatic	tts	rloop
totalSNV	DO35228	10	1.14000309624841	rloop_tts	ICGC_Pancreatic	tts	rloop
totalSNV	DO35230	4	0.456001238499364	rloop_tts	ICGC_Pancreatic	tts	rloop
totalSNV	DO35236	20	2.28000619249682	rloop_tts	ICGC_Pancreatic	tts	rloop
totalSNV	DO35258	8	0.912002476998727	rloop_tts	ICGC_Pancreatic	tts	rloop
totalSNV	DO35290	11	1.25400340587325	rloop_tts	ICGC_Pancreatic	tts	rloop
totalSNV	DO35305	5	0.570001548124205	rloop_tts	ICGC_Pancreatic	tts	rloop
totalSNV	DO35330	12	1.36800371549809	rloop_tts	ICGC_Pancreatic	tts	rloop
totalSNV	DO35350	42	4.78801300424332	rloop_tts	ICGC_Pancreatic	tts	rloop
totalSNV	DO35360	12	1.36800371549809	rloop_tts	ICGC_Pancreatic	tts	rloop
totalSNV	DO35376	7	0.798002167373887	rloop_tts	ICGC_Pancreatic	tts	rloop
totalSNV	DO35406	13	1.48200402512293	rloop_tts	ICGC_Pancreatic	tts	rloop
totalSNV	DO35424	11	1.25400340587325	rloop_tts	ICGC_Pancreatic	tts	rloop
totalSNV	DO35442	374	42.6361157996905	rloop_tts	ICGC_Pancreatic	tts	rloop
totalSNV	DO35454	2	0.228000619249682	rloop_tts	ICGC_Pancreatic	tts	rloop
totalSNV	DO35496	5	0.570001548124205	rloop_tts	ICGC_Pancreatic	tts	rloop
totalSNV	DO49074	5	0.570001548124205	rloop_tts	ICGC_Pancreatic	tts	rloop
totalSNV	DO49076	10	1.14000309624841	rloop_tts	ICGC_Pancreatic	tts	rloop
totalSNV	DO49078	9	1.02600278662357	rloop_tts	ICGC_Pancreatic	tts	rloop
totalSNV	DO49079	19	2.16600588287198	rloop_tts	ICGC_Pancreatic	tts	rloop
totalSNV	DO49080	13	1.48200402512293	rloop_tts	ICGC_Pancreatic	tts	rloop
totalSNV	DO49087	13	1.48200402512293	rloop_tts	ICGC_Pancreatic	tts	rloop
totalSNV	DO49090	9	1.02600278662357	rloop_tts	ICGC_Pancreatic	tts	rloop
totalSNV	DO49113	11	1.25400340587325	rloop_tts	ICGC_Pancreatic	tts	rloop
totalSNV	DO49127	12	1.36800371549809	rloop_tts	ICGC_Pancreatic	tts	rloop
totalSNV	DO49129	13	1.48200402512293	rloop_tts	ICGC_Pancreatic	tts	rloop
totalSNV	DO49135	10	1.14000309624841	rloop_tts	ICGC_Pancreatic	tts	rloop
totalSNV	DO49137	13	1.48200402512293	rloop_tts	ICGC_Pancreatic	tts	rloop
totalSNV	DO49138	21	2.39400650212166	rloop_tts	ICGC_Pancreatic	tts	rloop
totalSNV	DO49166	5	0.570001548124205	rloop_tts	ICGC_Pancreatic	tts	rloop
totalSNV	DO49168	12	1.36800371549809	rloop_tts	ICGC_Pancreatic	tts	rloop
totalSNV	DO49172	5	0.570001548124205	rloop_tts	ICGC_Pancreatic	tts	rloop
totalSNV	DO49178	5	0.570001548124205	rloop_tts	ICGC_Pancreatic	tts	rloop
totalSNV	DO49181	7	0.798002167373887	rloop_tts	ICGC_Pancreatic	tts	rloop
totalSNV	DO49183	10	1.14000309624841	rloop_tts	ICGC_Pancreatic	tts	rloop
totalSNV	DO49184	9	1.02600278662357	rloop_tts	ICGC_Pancreatic	tts	rloop
totalSNV	DO49193	11	1.25400340587325	rloop_tts	ICGC_Pancreatic	tts	rloop
totalSNV	DO49204	18	2.05200557324714	rloop_tts	ICGC_Pancreatic	tts	rloop
totalSNV	DO49418	21	2.39400650212166	rloop_tts	ICGC_Pancreatic	tts	rloop
totalSNV	DO49419	31	3.53400959837007	rloop_tts	ICGC_Pancreatic	tts	rloop
totalSNV	DO49420	6	0.684001857749046	rloop_tts	ICGC_Pancreatic	tts	rloop
totalSNV	DO49421	12	1.36800371549809	rloop_tts	ICGC_Pancreatic	tts	rloop
totalSNV	DO49422	5	0.570001548124205	rloop_tts	ICGC_Pancreatic	tts	rloop
totalSNV	DO49424	14	1.59600433474777	rloop_tts	ICGC_Pancreatic	tts	rloop
totalSNV	DO49427	6	0.684001857749046	rloop_tts	ICGC_Pancreatic	tts	rloop
totalSNV	DO49430	12	1.36800371549809	rloop_tts	ICGC_Pancreatic	tts	rloop
totalSNV	DO49433	12	1.36800371549809	rloop_tts	ICGC_Pancreatic	tts	rloop
totalSNV	DO49436	15	1.71000464437261	rloop_tts	ICGC_Pancreatic	tts	rloop
totalSNV	DO49439	8	0.912002476998727	rloop_tts	ICGC_Pancreatic	tts	rloop
totalSNV	DO49442	23	2.62200712137134	rloop_tts	ICGC_Pancreatic	tts	rloop
totalSNV	DO49445	8	0.912002476998727	rloop_tts	ICGC_Pancreatic	tts	rloop
totalSNV	DO49448	9	1.02600278662357	rloop_tts	ICGC_Pancreatic	tts	rloop
totalSNV	DO49451	11	1.25400340587325	rloop_tts	ICGC_Pancreatic	tts	rloop
totalSNV	DO49454	10	1.14000309624841	rloop_tts	ICGC_Pancreatic	tts	rloop
totalSNV	DO49457	13	1.48200402512293	rloop_tts	ICGC_Pancreatic	tts	rloop
totalSNV	DO49460	5	0.570001548124205	rloop_tts	ICGC_Pancreatic	tts	rloop
totalSNV	DO49463	12	1.36800371549809	rloop_tts	ICGC_Pancreatic	tts	rloop
totalSNV	DO49466	8	0.912002476998727	rloop_tts	ICGC_Pancreatic	tts	rloop
totalSNV	DO49478	18	2.05200557324714	rloop_tts	ICGC_Pancreatic	tts	rloop
totalSNV	DO49481	6	0.684001857749046	rloop_tts	ICGC_Pancreatic	tts	rloop
totalSNV	DO49484	6	0.684001857749046	rloop_tts	ICGC_Pancreatic	tts	rloop
totalSNV	DO51465	15	1.71000464437261	rloop_tts	ICGC_Pancreatic	tts	rloop
totalSNV	DO51466	10	1.14000309624841	rloop_tts	ICGC_Pancreatic	tts	rloop
totalSNV	DO51467	12	1.36800371549809	rloop_tts	ICGC_Pancreatic	tts	rloop
totalSNV	DO51468	7	0.798002167373887	rloop_tts	ICGC_Pancreatic	tts	rloop
totalSNV	DO51469	16	1.82400495399746	rloop_tts	ICGC_Pancreatic	tts	rloop
totalSNV	DO51470	6	0.684001857749046	rloop_tts	ICGC_Pancreatic	tts	rloop
totalSNV	DO51472	8	0.912002476998727	rloop_tts	ICGC_Pancreatic	tts	rloop
totalSNV	DO51473	11	1.25400340587325	rloop_tts	ICGC_Pancreatic	tts	rloop
totalSNV	DO51474	168	19.1520520169733	rloop_tts	ICGC_Pancreatic	tts	rloop
totalSNV	DO51475	13	1.48200402512293	rloop_tts	ICGC_Pancreatic	tts	rloop
totalSNV	DO51476	31	3.53400959837007	rloop_tts	ICGC_Pancreatic	tts	rloop
totalSNV	DO51477	5	0.570001548124205	rloop_tts	ICGC_Pancreatic	tts	rloop
totalSNV	DO51478	23	2.62200712137134	rloop_tts	ICGC_Pancreatic	tts	rloop
totalSNV	DO51479	8	0.912002476998727	rloop_tts	ICGC_Pancreatic	tts	rloop
totalSNV	DO51480	7	0.798002167373887	rloop_tts	ICGC_Pancreatic	tts	rloop
totalSNV	DO51481	13	1.48200402512293	rloop_tts	ICGC_Pancreatic	tts	rloop
totalSNV	DO51483	5	0.570001548124205	rloop_tts	ICGC_Pancreatic	tts	rloop
totalSNV	DO51484	8	0.912002476998727	rloop_tts	ICGC_Pancreatic	tts	rloop
totalSNV	DO51485	7	0.798002167373887	rloop_tts	ICGC_Pancreatic	tts	rloop
totalSNV	DO51486	18	2.05200557324714	rloop_tts	ICGC_Pancreatic	tts	rloop
totalSNV	DO51487	12	1.36800371549809	rloop_tts	ICGC_Pancreatic	tts	rloop
totalSNV	DO51489	29	3.30600897912039	rloop_tts	ICGC_Pancreatic	tts	rloop
totalSNV	DO51490	6	0.684001857749046	rloop_tts	ICGC_Pancreatic	tts	rloop
totalSNV	DO51491	15	1.71000464437261	rloop_tts	ICGC_Pancreatic	tts	rloop
totalSNV	DO51492	9	1.02600278662357	rloop_tts	ICGC_Pancreatic	tts	rloop
totalSNV	DO51493	59	6.72601826786562	rloop_tts	ICGC_Pancreatic	tts	rloop
totalSNV	DO51494	25	2.85000774062102	rloop_tts	ICGC_Pancreatic	tts	rloop
totalSNV	DO51495	25	2.85000774062102	rloop_tts	ICGC_Pancreatic	tts	rloop
totalSNV	DO51496	16	1.82400495399746	rloop_tts	ICGC_Pancreatic	tts	rloop
totalSNV	DO51497	13	1.48200402512293	rloop_tts	ICGC_Pancreatic	tts	rloop
totalSNV	DO51498	10	1.14000309624841	rloop_tts	ICGC_Pancreatic	tts	rloop
totalSNV	DO51499	8	0.912002476998727	rloop_tts	ICGC_Pancreatic	tts	rloop
totalSNV	DO51500	14	1.59600433474777	rloop_tts	ICGC_Pancreatic	tts	rloop
totalSNV	DO51501	9	1.02600278662357	rloop_tts	ICGC_Pancreatic	tts	rloop
totalSNV	DO51502	14	1.59600433474777	rloop_tts	ICGC_Pancreatic	tts	rloop
totalSNV	DO51503	5	0.570001548124205	rloop_tts	ICGC_Pancreatic	tts	rloop
totalSNV	DO51504	8	0.912002476998727	rloop_tts	ICGC_Pancreatic	tts	rloop
totalSNV	DO51505	4	0.456001238499364	rloop_tts	ICGC_Pancreatic	tts	rloop
totalSNV	DO51506	9	1.02600278662357	rloop_tts	ICGC_Pancreatic	tts	rloop
totalSNV	DO51507	14	1.59600433474777	rloop_tts	ICGC_Pancreatic	tts	rloop
totalSNV	DO51508	4	0.456001238499364	rloop_tts	ICGC_Pancreatic	tts	rloop
totalSNV	DO51509	5	0.570001548124205	rloop_tts	ICGC_Pancreatic	tts	rloop
totalSNV	DO51510	23	2.62200712137134	rloop_tts	ICGC_Pancreatic	tts	rloop
totalSNV	DO51511	17	1.9380052636223	rloop_tts	ICGC_Pancreatic	tts	rloop
totalSNV	DO51512	7	0.798002167373887	rloop_tts	ICGC_Pancreatic	tts	rloop
totalSNV	DO51513	3	0.342000928874523	rloop_tts	ICGC_Pancreatic	tts	rloop
totalSNV	DO51514	9	1.02600278662357	rloop_tts	ICGC_Pancreatic	tts	rloop
totalSNV	DO51515	13	1.48200402512293	rloop_tts	ICGC_Pancreatic	tts	rloop
totalSNV	DO51518	6	0.684001857749046	rloop_tts	ICGC_Pancreatic	tts	rloop
totalSNV	DO51519	5	0.570001548124205	rloop_tts	ICGC_Pancreatic	tts	rloop
totalSNV	DO51520	15	1.71000464437261	rloop_tts	ICGC_Pancreatic	tts	rloop
totalSNV	DO51521	2	0.228000619249682	rloop_tts	ICGC_Pancreatic	tts	rloop
totalSNV	DO51522	9	1.02600278662357	rloop_tts	ICGC_Pancreatic	tts	rloop
totalSNV	DO51523	12	1.36800371549809	rloop_tts	ICGC_Pancreatic	tts	rloop
totalSNV	DO51524	16	1.82400495399746	rloop_tts	ICGC_Pancreatic	tts	rloop
totalSNV	DO51525	5	0.570001548124205	rloop_tts	ICGC_Pancreatic	tts	rloop
totalSNV	DO51527	10	1.14000309624841	rloop_tts	ICGC_Pancreatic	tts	rloop
totalSNV	DO51528	14	1.59600433474777	rloop_tts	ICGC_Pancreatic	tts	rloop
totalSNV	DO51529	11	1.25400340587325	rloop_tts	ICGC_Pancreatic	tts	rloop
totalSNV	DO51530	21	2.39400650212166	rloop_tts	ICGC_Pancreatic	tts	rloop
totalSNV	DO51531	8	0.912002476998727	rloop_tts	ICGC_Pancreatic	tts	rloop
totalSNV	DO51532	1	0.114000309624841	rloop_tts	ICGC_Pancreatic	tts	rloop
totalSNV	DO51533	7	0.798002167373887	rloop_tts	ICGC_Pancreatic	tts	rloop
totalSNV	DO51534	17	1.9380052636223	rloop_tts	ICGC_Pancreatic	tts	rloop
totalSNV	DO51535	5	0.570001548124205	rloop_tts	ICGC_Pancreatic	tts	rloop
totalSNV	DO51536	20	2.28000619249682	rloop_tts	ICGC_Pancreatic	tts	rloop
totalSNV	DO51537	5	0.570001548124205	rloop_tts	ICGC_Pancreatic	tts	rloop
totalSNV	DO51538	11	1.25400340587325	rloop_tts	ICGC_Pancreatic	tts	rloop
totalSNV	DO51540	7	0.798002167373887	rloop_tts	ICGC_Pancreatic	tts	rloop
totalSNV	DO51541	19	2.16600588287198	rloop_tts	ICGC_Pancreatic	tts	rloop
totalSNV	DO51542	11	1.25400340587325	rloop_tts	ICGC_Pancreatic	tts	rloop
totalSNV	DO51543	12	1.36800371549809	rloop_tts	ICGC_Pancreatic	tts	rloop
totalSNV	DO51544	5	0.570001548124205	rloop_tts	ICGC_Pancreatic	tts	rloop
totalSNV	DO51546	11	1.25400340587325	rloop_tts	ICGC_Pancreatic	tts	rloop
totalSNV	DO51548	19	2.16600588287198	rloop_tts	ICGC_Pancreatic	tts	rloop
totalSNV	DO51549	9	1.02600278662357	rloop_tts	ICGC_Pancreatic	tts	rloop
totalSNV	DO221539	12	1.1207961388573	norloop_tts	ICGC_Pancreatic	tts	norloop
totalSNV	DO221540	29	2.70859066890515	norloop_tts	ICGC_Pancreatic	tts	norloop
totalSNV	DO221541	47	4.3897848771911	norloop_tts	ICGC_Pancreatic	tts	norloop
totalSNV	DO221542	9	0.840597104142976	norloop_tts	ICGC_Pancreatic	tts	norloop
totalSNV	DO221543	3	0.280199034714325	norloop_tts	ICGC_Pancreatic	tts	norloop
totalSNV	DO221544	34	3.17558906009569	norloop_tts	ICGC_Pancreatic	tts	norloop
totalSNV	DO221545	70	6.53797747666759	norloop_tts	ICGC_Pancreatic	tts	norloop
totalSNV	DO221546	15	1.40099517357163	norloop_tts	ICGC_Pancreatic	tts	norloop
totalSNV	DO221547	34	3.17558906009569	norloop_tts	ICGC_Pancreatic	tts	norloop
totalSNV	DO32831	54	5.04358262485786	norloop_tts	ICGC_Pancreatic	tts	norloop
totalSNV	DO32833	7	0.653797747666759	norloop_tts	ICGC_Pancreatic	tts	norloop
totalSNV	DO32837	7	0.653797747666759	norloop_tts	ICGC_Pancreatic	tts	norloop
totalSNV	DO32860	15	1.40099517357163	norloop_tts	ICGC_Pancreatic	tts	norloop
totalSNV	DO32863	20	1.86799356476217	norloop_tts	ICGC_Pancreatic	tts	norloop
totalSNV	DO32875	8	0.747197425904868	norloop_tts	ICGC_Pancreatic	tts	norloop
totalSNV	DO32878	13	1.21419581709541	norloop_tts	ICGC_Pancreatic	tts	norloop
totalSNV	DO32893	15	1.40099517357163	norloop_tts	ICGC_Pancreatic	tts	norloop
totalSNV	DO32900	28	2.61519099066704	norloop_tts	ICGC_Pancreatic	tts	norloop
totalSNV	DO32916	26	2.42839163419082	norloop_tts	ICGC_Pancreatic	tts	norloop
totalSNV	DO32960	6	0.560398069428651	norloop_tts	ICGC_Pancreatic	tts	norloop
totalSNV	DO32972	7	0.653797747666759	norloop_tts	ICGC_Pancreatic	tts	norloop
totalSNV	DO32976	18	1.68119420828595	norloop_tts	ICGC_Pancreatic	tts	norloop
totalSNV	DO32980	24	2.2415922777146	norloop_tts	ICGC_Pancreatic	tts	norloop
totalSNV	DO32984	9	0.840597104142976	norloop_tts	ICGC_Pancreatic	tts	norloop
totalSNV	DO33000	11	1.02739646061919	norloop_tts	ICGC_Pancreatic	tts	norloop
totalSNV	DO33008	17	1.58779453004784	norloop_tts	ICGC_Pancreatic	tts	norloop
totalSNV	DO33016	13	1.21419581709541	norloop_tts	ICGC_Pancreatic	tts	norloop
totalSNV	DO33028	16	1.49439485180974	norloop_tts	ICGC_Pancreatic	tts	norloop
totalSNV	DO33032	24	2.2415922777146	norloop_tts	ICGC_Pancreatic	tts	norloop
totalSNV	DO33042	38	3.54918777304812	norloop_tts	ICGC_Pancreatic	tts	norloop
totalSNV	DO33077	23	2.1481925994765	norloop_tts	ICGC_Pancreatic	tts	norloop
totalSNV	DO33128	17	1.58779453004784	norloop_tts	ICGC_Pancreatic	tts	norloop
totalSNV	DO33152	13	1.21419581709541	norloop_tts	ICGC_Pancreatic	tts	norloop
totalSNV	DO33160	17	1.58779453004784	norloop_tts	ICGC_Pancreatic	tts	norloop
totalSNV	DO33168	8	0.747197425904868	norloop_tts	ICGC_Pancreatic	tts	norloop
totalSNV	DO33184	23	2.1481925994765	norloop_tts	ICGC_Pancreatic	tts	norloop
totalSNV	DO33200	21	1.96139324300028	norloop_tts	ICGC_Pancreatic	tts	norloop
totalSNV	DO33208	13	1.21419581709541	norloop_tts	ICGC_Pancreatic	tts	norloop
totalSNV	DO33248	14	1.30759549533352	norloop_tts	ICGC_Pancreatic	tts	norloop
totalSNV	DO33264	28	2.61519099066704	norloop_tts	ICGC_Pancreatic	tts	norloop
totalSNV	DO33288	29	2.70859066890515	norloop_tts	ICGC_Pancreatic	tts	norloop
totalSNV	DO33344	21	1.96139324300028	norloop_tts	ICGC_Pancreatic	tts	norloop
totalSNV	DO33368	40	3.73598712952434	norloop_tts	ICGC_Pancreatic	tts	norloop
totalSNV	DO33376	13	1.21419581709541	norloop_tts	ICGC_Pancreatic	tts	norloop
totalSNV	DO33392	0	0	norloop_tts	ICGC_Pancreatic	tts	norloop
totalSNV	DO33400	25	2.33499195595271	norloop_tts	ICGC_Pancreatic	tts	norloop
totalSNV	DO33408	13	1.21419581709541	norloop_tts	ICGC_Pancreatic	tts	norloop
totalSNV	DO33472	11	1.02739646061919	norloop_tts	ICGC_Pancreatic	tts	norloop
totalSNV	DO33480	5	0.466998391190542	norloop_tts	ICGC_Pancreatic	tts	norloop
totalSNV	DO33488	41	3.82938680776245	norloop_tts	ICGC_Pancreatic	tts	norloop
totalSNV	DO33512	22	2.05479292123839	norloop_tts	ICGC_Pancreatic	tts	norloop
totalSNV	DO33544	21	1.96139324300028	norloop_tts	ICGC_Pancreatic	tts	norloop
totalSNV	DO33552	34	3.17558906009569	norloop_tts	ICGC_Pancreatic	tts	norloop
totalSNV	DO33600	18	1.68119420828595	norloop_tts	ICGC_Pancreatic	tts	norloop
totalSNV	DO33960	17	1.58779453004784	norloop_tts	ICGC_Pancreatic	tts	norloop
totalSNV	DO33984	11	1.02739646061919	norloop_tts	ICGC_Pancreatic	tts	norloop
totalSNV	DO34264	20	1.86799356476217	norloop_tts	ICGC_Pancreatic	tts	norloop
totalSNV	DO34288	17	1.58779453004784	norloop_tts	ICGC_Pancreatic	tts	norloop
totalSNV	DO34312	9	0.840597104142976	norloop_tts	ICGC_Pancreatic	tts	norloop
totalSNV	DO34336	9	0.840597104142976	norloop_tts	ICGC_Pancreatic	tts	norloop
totalSNV	DO34432	9	0.840597104142976	norloop_tts	ICGC_Pancreatic	tts	norloop
totalSNV	DO34448	50	4.66998391190542	norloop_tts	ICGC_Pancreatic	tts	norloop
totalSNV	DO34504	9	0.840597104142976	norloop_tts	ICGC_Pancreatic	tts	norloop
totalSNV	DO34600	11	1.02739646061919	norloop_tts	ICGC_Pancreatic	tts	norloop
totalSNV	DO34608	20	1.86799356476217	norloop_tts	ICGC_Pancreatic	tts	norloop
totalSNV	DO34616	15	1.40099517357163	norloop_tts	ICGC_Pancreatic	tts	norloop
totalSNV	DO34640	26	2.42839163419082	norloop_tts	ICGC_Pancreatic	tts	norloop
totalSNV	DO34656	9	0.840597104142976	norloop_tts	ICGC_Pancreatic	tts	norloop
totalSNV	DO34680	31	2.89539002538136	norloop_tts	ICGC_Pancreatic	tts	norloop
totalSNV	DO34696	20	1.86799356476217	norloop_tts	ICGC_Pancreatic	tts	norloop
totalSNV	DO34720	8	0.747197425904868	norloop_tts	ICGC_Pancreatic	tts	norloop
totalSNV	DO34728	12	1.1207961388573	norloop_tts	ICGC_Pancreatic	tts	norloop
totalSNV	DO34736	32	2.98878970361947	norloop_tts	ICGC_Pancreatic	tts	norloop
totalSNV	DO34785	17	1.58779453004784	norloop_tts	ICGC_Pancreatic	tts	norloop
totalSNV	DO34793	11	1.02739646061919	norloop_tts	ICGC_Pancreatic	tts	norloop
totalSNV	DO34801	15	1.40099517357163	norloop_tts	ICGC_Pancreatic	tts	norloop
totalSNV	DO34809	56	5.23038198133408	norloop_tts	ICGC_Pancreatic	tts	norloop
totalSNV	DO34817	15	1.40099517357163	norloop_tts	ICGC_Pancreatic	tts	norloop
totalSNV	DO34849	11	1.02739646061919	norloop_tts	ICGC_Pancreatic	tts	norloop
totalSNV	DO34905	44	4.10958584247677	norloop_tts	ICGC_Pancreatic	tts	norloop
totalSNV	DO34961	24	2.2415922777146	norloop_tts	ICGC_Pancreatic	tts	norloop
totalSNV	DO35082	33	3.08218938185758	norloop_tts	ICGC_Pancreatic	tts	norloop
totalSNV	DO35083	176	16.4383433699071	norloop_tts	ICGC_Pancreatic	tts	norloop
totalSNV	DO35085	10	0.933996782381085	norloop_tts	ICGC_Pancreatic	tts	norloop
totalSNV	DO35098	19	1.77459388652406	norloop_tts	ICGC_Pancreatic	tts	norloop
totalSNV	DO35114	5	0.466998391190542	norloop_tts	ICGC_Pancreatic	tts	norloop
totalSNV	DO35116	34	3.17558906009569	norloop_tts	ICGC_Pancreatic	tts	norloop
totalSNV	DO35118	12	1.1207961388573	norloop_tts	ICGC_Pancreatic	tts	norloop
totalSNV	DO35126	18	1.68119420828595	norloop_tts	ICGC_Pancreatic	tts	norloop
totalSNV	DO35128	14	1.30759549533352	norloop_tts	ICGC_Pancreatic	tts	norloop
totalSNV	DO35132	12	1.1207961388573	norloop_tts	ICGC_Pancreatic	tts	norloop
totalSNV	DO35136	12	1.1207961388573	norloop_tts	ICGC_Pancreatic	tts	norloop
totalSNV	DO35138	8	0.747197425904868	norloop_tts	ICGC_Pancreatic	tts	norloop
totalSNV	DO35144	10	0.933996782381085	norloop_tts	ICGC_Pancreatic	tts	norloop
totalSNV	DO35148	13	1.21419581709541	norloop_tts	ICGC_Pancreatic	tts	norloop
totalSNV	DO35152	17	1.58779453004784	norloop_tts	ICGC_Pancreatic	tts	norloop
totalSNV	DO35184	9	0.840597104142976	norloop_tts	ICGC_Pancreatic	tts	norloop
totalSNV	DO35186	26	2.42839163419082	norloop_tts	ICGC_Pancreatic	tts	norloop
totalSNV	DO35198	14	1.30759549533352	norloop_tts	ICGC_Pancreatic	tts	norloop
totalSNV	DO35200	4	0.373598712952434	norloop_tts	ICGC_Pancreatic	tts	norloop
totalSNV	DO35216	8	0.747197425904868	norloop_tts	ICGC_Pancreatic	tts	norloop
totalSNV	DO35222	11	1.02739646061919	norloop_tts	ICGC_Pancreatic	tts	norloop
totalSNV	DO35228	16	1.49439485180974	norloop_tts	ICGC_Pancreatic	tts	norloop
totalSNV	DO35230	17	1.58779453004784	norloop_tts	ICGC_Pancreatic	tts	norloop
totalSNV	DO35236	19	1.77459388652406	norloop_tts	ICGC_Pancreatic	tts	norloop
totalSNV	DO35258	20	1.86799356476217	norloop_tts	ICGC_Pancreatic	tts	norloop
totalSNV	DO35290	15	1.40099517357163	norloop_tts	ICGC_Pancreatic	tts	norloop
totalSNV	DO35305	13	1.21419581709541	norloop_tts	ICGC_Pancreatic	tts	norloop
totalSNV	DO35330	6	0.560398069428651	norloop_tts	ICGC_Pancreatic	tts	norloop
totalSNV	DO35350	47	4.3897848771911	norloop_tts	ICGC_Pancreatic	tts	norloop
totalSNV	DO35360	9	0.840597104142976	norloop_tts	ICGC_Pancreatic	tts	norloop
totalSNV	DO35376	14	1.30759549533352	norloop_tts	ICGC_Pancreatic	tts	norloop
totalSNV	DO35406	4	0.373598712952434	norloop_tts	ICGC_Pancreatic	tts	norloop
totalSNV	DO35424	12	1.1207961388573	norloop_tts	ICGC_Pancreatic	tts	norloop
totalSNV	DO35442	334	31.1954925315282	norloop_tts	ICGC_Pancreatic	tts	norloop
totalSNV	DO35454	7	0.653797747666759	norloop_tts	ICGC_Pancreatic	tts	norloop
totalSNV	DO35496	8	0.747197425904868	norloop_tts	ICGC_Pancreatic	tts	norloop
totalSNV	DO49074	11	1.02739646061919	norloop_tts	ICGC_Pancreatic	tts	norloop
totalSNV	DO49076	17	1.58779453004784	norloop_tts	ICGC_Pancreatic	tts	norloop
totalSNV	DO49078	2	0.186799356476217	norloop_tts	ICGC_Pancreatic	tts	norloop
totalSNV	DO49079	22	2.05479292123839	norloop_tts	ICGC_Pancreatic	tts	norloop
totalSNV	DO49080	28	2.61519099066704	norloop_tts	ICGC_Pancreatic	tts	norloop
totalSNV	DO49087	23	2.1481925994765	norloop_tts	ICGC_Pancreatic	tts	norloop
totalSNV	DO49090	23	2.1481925994765	norloop_tts	ICGC_Pancreatic	tts	norloop
totalSNV	DO49113	29	2.70859066890515	norloop_tts	ICGC_Pancreatic	tts	norloop
totalSNV	DO49127	8	0.747197425904868	norloop_tts	ICGC_Pancreatic	tts	norloop
totalSNV	DO49129	5	0.466998391190542	norloop_tts	ICGC_Pancreatic	tts	norloop
totalSNV	DO49135	17	1.58779453004784	norloop_tts	ICGC_Pancreatic	tts	norloop
totalSNV	DO49137	17	1.58779453004784	norloop_tts	ICGC_Pancreatic	tts	norloop
totalSNV	DO49138	29	2.70859066890515	norloop_tts	ICGC_Pancreatic	tts	norloop
totalSNV	DO49166	10	0.933996782381085	norloop_tts	ICGC_Pancreatic	tts	norloop
totalSNV	DO49168	9	0.840597104142976	norloop_tts	ICGC_Pancreatic	tts	norloop
totalSNV	DO49172	7	0.653797747666759	norloop_tts	ICGC_Pancreatic	tts	norloop
totalSNV	DO49178	21	1.96139324300028	norloop_tts	ICGC_Pancreatic	tts	norloop
totalSNV	DO49181	15	1.40099517357163	norloop_tts	ICGC_Pancreatic	tts	norloop
totalSNV	DO49183	14	1.30759549533352	norloop_tts	ICGC_Pancreatic	tts	norloop
totalSNV	DO49184	14	1.30759549533352	norloop_tts	ICGC_Pancreatic	tts	norloop
totalSNV	DO49193	22	2.05479292123839	norloop_tts	ICGC_Pancreatic	tts	norloop
totalSNV	DO49204	20	1.86799356476217	norloop_tts	ICGC_Pancreatic	tts	norloop
totalSNV	DO49418	48	4.48318455542921	norloop_tts	ICGC_Pancreatic	tts	norloop
totalSNV	DO49419	55	5.13698230309597	norloop_tts	ICGC_Pancreatic	tts	norloop
totalSNV	DO49420	21	1.96139324300028	norloop_tts	ICGC_Pancreatic	tts	norloop
totalSNV	DO49421	20	1.86799356476217	norloop_tts	ICGC_Pancreatic	tts	norloop
totalSNV	DO49422	13	1.21419581709541	norloop_tts	ICGC_Pancreatic	tts	norloop
totalSNV	DO49424	15	1.40099517357163	norloop_tts	ICGC_Pancreatic	tts	norloop
totalSNV	DO49427	15	1.40099517357163	norloop_tts	ICGC_Pancreatic	tts	norloop
totalSNV	DO49430	25	2.33499195595271	norloop_tts	ICGC_Pancreatic	tts	norloop
totalSNV	DO49433	8	0.747197425904868	norloop_tts	ICGC_Pancreatic	tts	norloop
totalSNV	DO49436	18	1.68119420828595	norloop_tts	ICGC_Pancreatic	tts	norloop
totalSNV	DO49439	14	1.30759549533352	norloop_tts	ICGC_Pancreatic	tts	norloop
totalSNV	DO49442	27	2.52179131242893	norloop_tts	ICGC_Pancreatic	tts	norloop
totalSNV	DO49445	21	1.96139324300028	norloop_tts	ICGC_Pancreatic	tts	norloop
totalSNV	DO49448	15	1.40099517357163	norloop_tts	ICGC_Pancreatic	tts	norloop
totalSNV	DO49451	17	1.58779453004784	norloop_tts	ICGC_Pancreatic	tts	norloop
totalSNV	DO49454	13	1.21419581709541	norloop_tts	ICGC_Pancreatic	tts	norloop
totalSNV	DO49457	26	2.42839163419082	norloop_tts	ICGC_Pancreatic	tts	norloop
totalSNV	DO49460	13	1.21419581709541	norloop_tts	ICGC_Pancreatic	tts	norloop
totalSNV	DO49463	27	2.52179131242893	norloop_tts	ICGC_Pancreatic	tts	norloop
totalSNV	DO49466	15	1.40099517357163	norloop_tts	ICGC_Pancreatic	tts	norloop
totalSNV	DO49478	21	1.96139324300028	norloop_tts	ICGC_Pancreatic	tts	norloop
totalSNV	DO49481	16	1.49439485180974	norloop_tts	ICGC_Pancreatic	tts	norloop
totalSNV	DO49484	10	0.933996782381085	norloop_tts	ICGC_Pancreatic	tts	norloop
totalSNV	DO51465	15	1.40099517357163	norloop_tts	ICGC_Pancreatic	tts	norloop
totalSNV	DO51466	12	1.1207961388573	norloop_tts	ICGC_Pancreatic	tts	norloop
totalSNV	DO51467	21	1.96139324300028	norloop_tts	ICGC_Pancreatic	tts	norloop
totalSNV	DO51468	10	0.933996782381085	norloop_tts	ICGC_Pancreatic	tts	norloop
totalSNV	DO51469	28	2.61519099066704	norloop_tts	ICGC_Pancreatic	tts	norloop
totalSNV	DO51470	14	1.30759549533352	norloop_tts	ICGC_Pancreatic	tts	norloop
totalSNV	DO51472	18	1.68119420828595	norloop_tts	ICGC_Pancreatic	tts	norloop
totalSNV	DO51473	17	1.58779453004784	norloop_tts	ICGC_Pancreatic	tts	norloop
totalSNV	DO51474	183	17.0921411175739	norloop_tts	ICGC_Pancreatic	tts	norloop
totalSNV	DO51475	16	1.49439485180974	norloop_tts	ICGC_Pancreatic	tts	norloop
totalSNV	DO51476	39	3.64258745128623	norloop_tts	ICGC_Pancreatic	tts	norloop
totalSNV	DO51477	10	0.933996782381085	norloop_tts	ICGC_Pancreatic	tts	norloop
totalSNV	DO51478	33	3.08218938185758	norloop_tts	ICGC_Pancreatic	tts	norloop
totalSNV	DO51479	18	1.68119420828595	norloop_tts	ICGC_Pancreatic	tts	norloop
totalSNV	DO51480	8	0.747197425904868	norloop_tts	ICGC_Pancreatic	tts	norloop
totalSNV	DO51481	15	1.40099517357163	norloop_tts	ICGC_Pancreatic	tts	norloop
totalSNV	DO51483	18	1.68119420828595	norloop_tts	ICGC_Pancreatic	tts	norloop
totalSNV	DO51484	13	1.21419581709541	norloop_tts	ICGC_Pancreatic	tts	norloop
totalSNV	DO51485	15	1.40099517357163	norloop_tts	ICGC_Pancreatic	tts	norloop
totalSNV	DO51486	27	2.52179131242893	norloop_tts	ICGC_Pancreatic	tts	norloop
totalSNV	DO51487	12	1.1207961388573	norloop_tts	ICGC_Pancreatic	tts	norloop
totalSNV	DO51488	5	0.466998391190542	norloop_tts	ICGC_Pancreatic	tts	norloop
totalSNV	DO51489	39	3.64258745128623	norloop_tts	ICGC_Pancreatic	tts	norloop
totalSNV	DO51490	14	1.30759549533352	norloop_tts	ICGC_Pancreatic	tts	norloop
totalSNV	DO51491	25	2.33499195595271	norloop_tts	ICGC_Pancreatic	tts	norloop
totalSNV	DO51492	16	1.49439485180974	norloop_tts	ICGC_Pancreatic	tts	norloop
totalSNV	DO51493	127	11.8617591362398	norloop_tts	ICGC_Pancreatic	tts	norloop
totalSNV	DO51494	42	3.92278648600056	norloop_tts	ICGC_Pancreatic	tts	norloop
totalSNV	DO51495	35	3.2689887383338	norloop_tts	ICGC_Pancreatic	tts	norloop
totalSNV	DO51496	22	2.05479292123839	norloop_tts	ICGC_Pancreatic	tts	norloop
totalSNV	DO51497	6	0.560398069428651	norloop_tts	ICGC_Pancreatic	tts	norloop
totalSNV	DO51498	14	1.30759549533352	norloop_tts	ICGC_Pancreatic	tts	norloop
totalSNV	DO51499	10	0.933996782381085	norloop_tts	ICGC_Pancreatic	tts	norloop
totalSNV	DO51500	15	1.40099517357163	norloop_tts	ICGC_Pancreatic	tts	norloop
totalSNV	DO51501	22	2.05479292123839	norloop_tts	ICGC_Pancreatic	tts	norloop
totalSNV	DO51502	20	1.86799356476217	norloop_tts	ICGC_Pancreatic	tts	norloop
totalSNV	DO51503	10	0.933996782381085	norloop_tts	ICGC_Pancreatic	tts	norloop
totalSNV	DO51504	15	1.40099517357163	norloop_tts	ICGC_Pancreatic	tts	norloop
totalSNV	DO51505	10	0.933996782381085	norloop_tts	ICGC_Pancreatic	tts	norloop
totalSNV	DO51506	16	1.49439485180974	norloop_tts	ICGC_Pancreatic	tts	norloop
totalSNV	DO51507	22	2.05479292123839	norloop_tts	ICGC_Pancreatic	tts	norloop
totalSNV	DO51508	2	0.186799356476217	norloop_tts	ICGC_Pancreatic	tts	norloop
totalSNV	DO51509	14	1.30759549533352	norloop_tts	ICGC_Pancreatic	tts	norloop
totalSNV	DO51510	43	4.01618616423866	norloop_tts	ICGC_Pancreatic	tts	norloop
totalSNV	DO51511	23	2.1481925994765	norloop_tts	ICGC_Pancreatic	tts	norloop
totalSNV	DO51512	13	1.21419581709541	norloop_tts	ICGC_Pancreatic	tts	norloop
totalSNV	DO51513	7	0.653797747666759	norloop_tts	ICGC_Pancreatic	tts	norloop
totalSNV	DO51514	30	2.80199034714325	norloop_tts	ICGC_Pancreatic	tts	norloop
totalSNV	DO51515	17	1.58779453004784	norloop_tts	ICGC_Pancreatic	tts	norloop
totalSNV	DO51518	12	1.1207961388573	norloop_tts	ICGC_Pancreatic	tts	norloop
totalSNV	DO51519	9	0.840597104142976	norloop_tts	ICGC_Pancreatic	tts	norloop
totalSNV	DO51520	35	3.2689887383338	norloop_tts	ICGC_Pancreatic	tts	norloop
totalSNV	DO51522	13	1.21419581709541	norloop_tts	ICGC_Pancreatic	tts	norloop
totalSNV	DO51523	10	0.933996782381085	norloop_tts	ICGC_Pancreatic	tts	norloop
totalSNV	DO51524	21	1.96139324300028	norloop_tts	ICGC_Pancreatic	tts	norloop
totalSNV	DO51525	8	0.747197425904868	norloop_tts	ICGC_Pancreatic	tts	norloop
totalSNV	DO51527	28	2.61519099066704	norloop_tts	ICGC_Pancreatic	tts	norloop
totalSNV	DO51528	13	1.21419581709541	norloop_tts	ICGC_Pancreatic	tts	norloop
totalSNV	DO51529	30	2.80199034714325	norloop_tts	ICGC_Pancreatic	tts	norloop
totalSNV	DO51530	33	3.08218938185758	norloop_tts	ICGC_Pancreatic	tts	norloop
totalSNV	DO51531	18	1.68119420828595	norloop_tts	ICGC_Pancreatic	tts	norloop
totalSNV	DO51532	10	0.933996782381085	norloop_tts	ICGC_Pancreatic	tts	norloop
totalSNV	DO51533	19	1.77459388652406	norloop_tts	ICGC_Pancreatic	tts	norloop
totalSNV	DO51534	9	0.840597104142976	norloop_tts	ICGC_Pancreatic	tts	norloop
totalSNV	DO51535	19	1.77459388652406	norloop_tts	ICGC_Pancreatic	tts	norloop
totalSNV	DO51536	23	2.1481925994765	norloop_tts	ICGC_Pancreatic	tts	norloop
totalSNV	DO51537	12	1.1207961388573	norloop_tts	ICGC_Pancreatic	tts	norloop
totalSNV	DO51538	31	2.89539002538136	norloop_tts	ICGC_Pancreatic	tts	norloop
totalSNV	DO51540	13	1.21419581709541	norloop_tts	ICGC_Pancreatic	tts	norloop
totalSNV	DO51541	24	2.2415922777146	norloop_tts	ICGC_Pancreatic	tts	norloop
totalSNV	DO51542	14	1.30759549533352	norloop_tts	ICGC_Pancreatic	tts	norloop
totalSNV	DO51543	27	2.52179131242893	norloop_tts	ICGC_Pancreatic	tts	norloop
totalSNV	DO51544	16	1.49439485180974	norloop_tts	ICGC_Pancreatic	tts	norloop
totalSNV	DO51546	12	1.1207961388573	norloop_tts	ICGC_Pancreatic	tts	norloop
totalSNV	DO51548	26	2.42839163419082	norloop_tts	ICGC_Pancreatic	tts	norloop
totalSNV	DO51549	24	2.2415922777146	norloop_tts	ICGC_Pancreatic	tts	norloop
totalSNV	DO10806	21	2.95154241984876	rloop_tss	ICGC_Prostate	tss	rloop
totalSNV	DO10807	6	0.843297834242502	rloop_tss	ICGC_Prostate	tss	rloop
totalSNV	DO10809	5	0.702748195202085	rloop_tss	ICGC_Prostate	tss	rloop
totalSNV	DO10811	6	0.843297834242502	rloop_tss	ICGC_Prostate	tss	rloop
totalSNV	DO10813	2	0.281099278080834	rloop_tss	ICGC_Prostate	tss	rloop
totalSNV	DO10815	2	0.281099278080834	rloop_tss	ICGC_Prostate	tss	rloop
totalSNV	DO10817	2	0.281099278080834	rloop_tss	ICGC_Prostate	tss	rloop
totalSNV	DO10819	2	0.281099278080834	rloop_tss	ICGC_Prostate	tss	rloop
totalSNV	DO10821	1	0.140549639040417	rloop_tss	ICGC_Prostate	tss	rloop
totalSNV	DO10823	5	0.702748195202085	rloop_tss	ICGC_Prostate	tss	rloop
totalSNV	DO10825	2	0.281099278080834	rloop_tss	ICGC_Prostate	tss	rloop
totalSNV	DO10829	1	0.140549639040417	rloop_tss	ICGC_Prostate	tss	rloop
totalSNV	DO10831	2	0.281099278080834	rloop_tss	ICGC_Prostate	tss	rloop
totalSNV	DO10833	5	0.702748195202085	rloop_tss	ICGC_Prostate	tss	rloop
totalSNV	DO10835	2	0.281099278080834	rloop_tss	ICGC_Prostate	tss	rloop
totalSNV	DO36221	21	2.95154241984876	rloop_tss	ICGC_Prostate	tss	rloop
totalSNV	DO36223	8	1.12439711232334	rloop_tss	ICGC_Prostate	tss	rloop
totalSNV	DO46787	4	0.562198556161668	rloop_tss	ICGC_Prostate	tss	rloop
totalSNV	DO46788	11	1.54604602944459	rloop_tss	ICGC_Prostate	tss	rloop
totalSNV	DO46792	6	0.843297834242502	rloop_tss	ICGC_Prostate	tss	rloop
totalSNV	DO46793	2	0.281099278080834	rloop_tss	ICGC_Prostate	tss	rloop
totalSNV	DO46795	8	1.12439711232334	rloop_tss	ICGC_Prostate	tss	rloop
totalSNV	DO46796	5	0.702748195202085	rloop_tss	ICGC_Prostate	tss	rloop
totalSNV	DO48577	26	3.65429061505084	rloop_tss	ICGC_Prostate	tss	rloop
totalSNV	DO50415	7	0.983847473282919	rloop_tss	ICGC_Prostate	tss	rloop
totalSNV	DO50416	7	0.983847473282919	rloop_tss	ICGC_Prostate	tss	rloop
totalSNV	DO50417	2	0.281099278080834	rloop_tss	ICGC_Prostate	tss	rloop
totalSNV	DO50418	7	0.983847473282919	rloop_tss	ICGC_Prostate	tss	rloop
totalSNV	DO50419	11	1.54604602944459	rloop_tss	ICGC_Prostate	tss	rloop
totalSNV	DO50420	10	1.40549639040417	rloop_tss	ICGC_Prostate	tss	rloop
totalSNV	DO50421	5	0.702748195202085	rloop_tss	ICGC_Prostate	tss	rloop
totalSNV	DO50422	5	0.702748195202085	rloop_tss	ICGC_Prostate	tss	rloop
totalSNV	DO50423	6	0.843297834242502	rloop_tss	ICGC_Prostate	tss	rloop
totalSNV	DO50424	9	1.26494675136375	rloop_tss	ICGC_Prostate	tss	rloop
totalSNV	DO50425	3	0.421648917121251	rloop_tss	ICGC_Prostate	tss	rloop
totalSNV	DO50426	6	0.843297834242502	rloop_tss	ICGC_Prostate	tss	rloop
totalSNV	DO50427	3	0.421648917121251	rloop_tss	ICGC_Prostate	tss	rloop
totalSNV	DO50428	8	1.12439711232334	rloop_tss	ICGC_Prostate	tss	rloop
totalSNV	DO50430	7	0.983847473282919	rloop_tss	ICGC_Prostate	tss	rloop
totalSNV	DO50431	10	1.40549639040417	rloop_tss	ICGC_Prostate	tss	rloop
totalSNV	DO50432	4	0.562198556161668	rloop_tss	ICGC_Prostate	tss	rloop
totalSNV	DO51044	4	0.562198556161668	rloop_tss	ICGC_Prostate	tss	rloop
totalSNV	DO51045	16	2.24879422464667	rloop_tss	ICGC_Prostate	tss	rloop
totalSNV	DO51046	9	1.26494675136375	rloop_tss	ICGC_Prostate	tss	rloop
totalSNV	DO51047	8	1.12439711232334	rloop_tss	ICGC_Prostate	tss	rloop
totalSNV	DO51048	8	1.12439711232334	rloop_tss	ICGC_Prostate	tss	rloop
totalSNV	DO51049	10	1.40549639040417	rloop_tss	ICGC_Prostate	tss	rloop
totalSNV	DO51050	8	1.12439711232334	rloop_tss	ICGC_Prostate	tss	rloop
totalSNV	DO51051	10	1.40549639040417	rloop_tss	ICGC_Prostate	tss	rloop
totalSNV	DO51052	5	0.702748195202085	rloop_tss	ICGC_Prostate	tss	rloop
totalSNV	DO51053	6	0.843297834242502	rloop_tss	ICGC_Prostate	tss	rloop
totalSNV	DO51054	5	0.702748195202085	rloop_tss	ICGC_Prostate	tss	rloop
totalSNV	DO51055	6	0.843297834242502	rloop_tss	ICGC_Prostate	tss	rloop
totalSNV	DO51056	6	0.843297834242502	rloop_tss	ICGC_Prostate	tss	rloop
totalSNV	DO51057	8	1.12439711232334	rloop_tss	ICGC_Prostate	tss	rloop
totalSNV	DO51060	3	0.421648917121251	rloop_tss	ICGC_Prostate	tss	rloop
totalSNV	DO51061	11	1.54604602944459	rloop_tss	ICGC_Prostate	tss	rloop
totalSNV	DO51062	5	0.702748195202085	rloop_tss	ICGC_Prostate	tss	rloop
totalSNV	DO51063	6	0.843297834242502	rloop_tss	ICGC_Prostate	tss	rloop
totalSNV	DO51064	4	0.562198556161668	rloop_tss	ICGC_Prostate	tss	rloop
totalSNV	DO51065	8	1.12439711232334	rloop_tss	ICGC_Prostate	tss	rloop
totalSNV	DO51066	6	0.843297834242502	rloop_tss	ICGC_Prostate	tss	rloop
totalSNV	DO51067	5	0.702748195202085	rloop_tss	ICGC_Prostate	tss	rloop
totalSNV	DO51068	5	0.702748195202085	rloop_tss	ICGC_Prostate	tss	rloop
totalSNV	DO51069	4	0.562198556161668	rloop_tss	ICGC_Prostate	tss	rloop
totalSNV	DO51070	7	0.983847473282919	rloop_tss	ICGC_Prostate	tss	rloop
totalSNV	DO51071	13	1.82714530752542	rloop_tss	ICGC_Prostate	tss	rloop
totalSNV	DO51072	4	0.562198556161668	rloop_tss	ICGC_Prostate	tss	rloop
totalSNV	DO51073	5	0.702748195202085	rloop_tss	ICGC_Prostate	tss	rloop
totalSNV	DO51074	6	0.843297834242502	rloop_tss	ICGC_Prostate	tss	rloop
totalSNV	DO51075	13	1.82714530752542	rloop_tss	ICGC_Prostate	tss	rloop
totalSNV	DO51078	14	1.96769494656584	rloop_tss	ICGC_Prostate	tss	rloop
totalSNV	DO51079	4	0.562198556161668	rloop_tss	ICGC_Prostate	tss	rloop
totalSNV	DO51080	3	0.421648917121251	rloop_tss	ICGC_Prostate	tss	rloop
totalSNV	DO51081	6	0.843297834242502	rloop_tss	ICGC_Prostate	tss	rloop
totalSNV	DO51083	10	1.40549639040417	rloop_tss	ICGC_Prostate	tss	rloop
totalSNV	DO51084	3	0.421648917121251	rloop_tss	ICGC_Prostate	tss	rloop
totalSNV	DO51085	13	1.82714530752542	rloop_tss	ICGC_Prostate	tss	rloop
totalSNV	DO51086	12	1.686595668485	rloop_tss	ICGC_Prostate	tss	rloop
totalSNV	DO51087	7	0.983847473282919	rloop_tss	ICGC_Prostate	tss	rloop
totalSNV	DO51088	7	0.983847473282919	rloop_tss	ICGC_Prostate	tss	rloop
totalSNV	DO51089	5	0.702748195202085	rloop_tss	ICGC_Prostate	tss	rloop
totalSNV	DO51090	7	0.983847473282919	rloop_tss	ICGC_Prostate	tss	rloop
totalSNV	DO51091	6	0.843297834242502	rloop_tss	ICGC_Prostate	tss	rloop
totalSNV	DO51092	9	1.26494675136375	rloop_tss	ICGC_Prostate	tss	rloop
totalSNV	DO51093	11	1.54604602944459	rloop_tss	ICGC_Prostate	tss	rloop
totalSNV	DO51094	13	1.82714530752542	rloop_tss	ICGC_Prostate	tss	rloop
totalSNV	DO51095	1	0.140549639040417	rloop_tss	ICGC_Prostate	tss	rloop
totalSNV	DO51096	1	0.140549639040417	rloop_tss	ICGC_Prostate	tss	rloop
totalSNV	DO51097	5	0.702748195202085	rloop_tss	ICGC_Prostate	tss	rloop
totalSNV	DO51098	8	1.12439711232334	rloop_tss	ICGC_Prostate	tss	rloop
totalSNV	DO51099	10	1.40549639040417	rloop_tss	ICGC_Prostate	tss	rloop
totalSNV	DO51100	2	0.281099278080834	rloop_tss	ICGC_Prostate	tss	rloop
totalSNV	DO51102	6	0.843297834242502	rloop_tss	ICGC_Prostate	tss	rloop
totalSNV	DO51103	7	0.983847473282919	rloop_tss	ICGC_Prostate	tss	rloop
totalSNV	DO51104	3	0.421648917121251	rloop_tss	ICGC_Prostate	tss	rloop
totalSNV	DO51105	7	0.983847473282919	rloop_tss	ICGC_Prostate	tss	rloop
totalSNV	DO51106	6	0.843297834242502	rloop_tss	ICGC_Prostate	tss	rloop
totalSNV	DO51107	4	0.562198556161668	rloop_tss	ICGC_Prostate	tss	rloop
totalSNV	DO51108	3	0.421648917121251	rloop_tss	ICGC_Prostate	tss	rloop
totalSNV	DO51109	7	0.983847473282919	rloop_tss	ICGC_Prostate	tss	rloop
totalSNV	DO51110	12	1.686595668485	rloop_tss	ICGC_Prostate	tss	rloop
totalSNV	DO51111	7	0.983847473282919	rloop_tss	ICGC_Prostate	tss	rloop
totalSNV	DO51112	3	0.421648917121251	rloop_tss	ICGC_Prostate	tss	rloop
totalSNV	DO51113	4	0.562198556161668	rloop_tss	ICGC_Prostate	tss	rloop
totalSNV	DO51114	5	0.702748195202085	rloop_tss	ICGC_Prostate	tss	rloop
totalSNV	DO51115	8	1.12439711232334	rloop_tss	ICGC_Prostate	tss	rloop
totalSNV	DO51116	8	1.12439711232334	rloop_tss	ICGC_Prostate	tss	rloop
totalSNV	DO51117	9	1.26494675136375	rloop_tss	ICGC_Prostate	tss	rloop
totalSNV	DO51118	4	0.562198556161668	rloop_tss	ICGC_Prostate	tss	rloop
totalSNV	DO51119	3	0.421648917121251	rloop_tss	ICGC_Prostate	tss	rloop
totalSNV	DO51120	3	0.421648917121251	rloop_tss	ICGC_Prostate	tss	rloop
totalSNV	DO51121	8	1.12439711232334	rloop_tss	ICGC_Prostate	tss	rloop
totalSNV	DO51122	2	0.281099278080834	rloop_tss	ICGC_Prostate	tss	rloop
totalSNV	DO51123	4	0.562198556161668	rloop_tss	ICGC_Prostate	tss	rloop
totalSNV	DO51124	7	0.983847473282919	rloop_tss	ICGC_Prostate	tss	rloop
totalSNV	DO51125	3	0.421648917121251	rloop_tss	ICGC_Prostate	tss	rloop
totalSNV	DO51126	7	0.983847473282919	rloop_tss	ICGC_Prostate	tss	rloop
totalSNV	DO51127	3	0.421648917121251	rloop_tss	ICGC_Prostate	tss	rloop
totalSNV	DO51128	3	0.421648917121251	rloop_tss	ICGC_Prostate	tss	rloop
totalSNV	DO51129	3	0.421648917121251	rloop_tss	ICGC_Prostate	tss	rloop
totalSNV	DO51130	8	1.12439711232334	rloop_tss	ICGC_Prostate	tss	rloop
totalSNV	DO51131	7	0.983847473282919	rloop_tss	ICGC_Prostate	tss	rloop
totalSNV	DO51132	2	0.281099278080834	rloop_tss	ICGC_Prostate	tss	rloop
totalSNV	DO51133	14	1.96769494656584	rloop_tss	ICGC_Prostate	tss	rloop
totalSNV	DO51134	5	0.702748195202085	rloop_tss	ICGC_Prostate	tss	rloop
totalSNV	DO51135	6	0.843297834242502	rloop_tss	ICGC_Prostate	tss	rloop
totalSNV	DO51136	1	0.140549639040417	rloop_tss	ICGC_Prostate	tss	rloop
totalSNV	DO51137	4	0.562198556161668	rloop_tss	ICGC_Prostate	tss	rloop
totalSNV	DO51138	5	0.702748195202085	rloop_tss	ICGC_Prostate	tss	rloop
totalSNV	DO51139	2	0.281099278080834	rloop_tss	ICGC_Prostate	tss	rloop
totalSNV	DO51140	2	0.281099278080834	rloop_tss	ICGC_Prostate	tss	rloop
totalSNV	DO51141	6	0.843297834242502	rloop_tss	ICGC_Prostate	tss	rloop
totalSNV	DO51142	7	0.983847473282919	rloop_tss	ICGC_Prostate	tss	rloop
totalSNV	DO51143	5	0.702748195202085	rloop_tss	ICGC_Prostate	tss	rloop
totalSNV	DO51144	7	0.983847473282919	rloop_tss	ICGC_Prostate	tss	rloop
totalSNV	DO51145	4	0.562198556161668	rloop_tss	ICGC_Prostate	tss	rloop
totalSNV	DO51147	7	0.983847473282919	rloop_tss	ICGC_Prostate	tss	rloop
totalSNV	DO51148	11	1.54604602944459	rloop_tss	ICGC_Prostate	tss	rloop
totalSNV	DO51150	9	1.26494675136375	rloop_tss	ICGC_Prostate	tss	rloop
totalSNV	DO51151	4	0.562198556161668	rloop_tss	ICGC_Prostate	tss	rloop
totalSNV	DO51152	8	1.12439711232334	rloop_tss	ICGC_Prostate	tss	rloop
totalSNV	DO51153	8	1.12439711232334	rloop_tss	ICGC_Prostate	tss	rloop
totalSNV	DO51154	5	0.702748195202085	rloop_tss	ICGC_Prostate	tss	rloop
totalSNV	DO51155	2	0.281099278080834	rloop_tss	ICGC_Prostate	tss	rloop
totalSNV	DO51156	1	0.140549639040417	rloop_tss	ICGC_Prostate	tss	rloop
totalSNV	DO51157	8	1.12439711232334	rloop_tss	ICGC_Prostate	tss	rloop
totalSNV	DO51158	5	0.702748195202085	rloop_tss	ICGC_Prostate	tss	rloop
totalSNV	DO51159	1	0.140549639040417	rloop_tss	ICGC_Prostate	tss	rloop
totalSNV	DO51953	34	4.77868772737418	rloop_tss	ICGC_Prostate	tss	rloop
totalSNV	DO51954	21	2.95154241984876	rloop_tss	ICGC_Prostate	tss	rloop
totalSNV	DO51955	18	2.52989350272751	rloop_tss	ICGC_Prostate	tss	rloop
totalSNV	DO51956	5	0.702748195202085	rloop_tss	ICGC_Prostate	tss	rloop
totalSNV	DO51958	15	2.10824458560626	rloop_tss	ICGC_Prostate	tss	rloop
totalSNV	DO51959	9	1.26494675136375	rloop_tss	ICGC_Prostate	tss	rloop
totalSNV	DO51960	13	1.82714530752542	rloop_tss	ICGC_Prostate	tss	rloop
totalSNV	DO51962	63	8.85462725954627	rloop_tss	ICGC_Prostate	tss	rloop
totalSNV	DO51964	17	2.38934386368709	rloop_tss	ICGC_Prostate	tss	rloop
totalSNV	DO51965	35	4.9192373664146	rloop_tss	ICGC_Prostate	tss	rloop
totalSNV	DO52498	4	0.562198556161668	rloop_tss	ICGC_Prostate	tss	rloop
totalSNV	DO52500	2	0.281099278080834	rloop_tss	ICGC_Prostate	tss	rloop
totalSNV	DO52501	4	0.562198556161668	rloop_tss	ICGC_Prostate	tss	rloop
totalSNV	DO52502	4	0.562198556161668	rloop_tss	ICGC_Prostate	tss	rloop
totalSNV	DO52503	2	0.281099278080834	rloop_tss	ICGC_Prostate	tss	rloop
totalSNV	DO52504	3	0.421648917121251	rloop_tss	ICGC_Prostate	tss	rloop
totalSNV	DO52505	6	0.843297834242502	rloop_tss	ICGC_Prostate	tss	rloop
totalSNV	DO52506	7	0.983847473282919	rloop_tss	ICGC_Prostate	tss	rloop
totalSNV	DO52508	2	0.281099278080834	rloop_tss	ICGC_Prostate	tss	rloop
totalSNV	DO52509	11	1.54604602944459	rloop_tss	ICGC_Prostate	tss	rloop
totalSNV	DO52510	4	0.562198556161668	rloop_tss	ICGC_Prostate	tss	rloop
totalSNV	DO52511	9	1.26494675136375	rloop_tss	ICGC_Prostate	tss	rloop
totalSNV	DO52512	14	1.96769494656584	rloop_tss	ICGC_Prostate	tss	rloop
totalSNV	DO52513	6	0.843297834242502	rloop_tss	ICGC_Prostate	tss	rloop
totalSNV	DO52514	1	0.140549639040417	rloop_tss	ICGC_Prostate	tss	rloop
totalSNV	DO52516	5	0.702748195202085	rloop_tss	ICGC_Prostate	tss	rloop
totalSNV	DO52518	1	0.140549639040417	rloop_tss	ICGC_Prostate	tss	rloop
totalSNV	DO52520	2	0.281099278080834	rloop_tss	ICGC_Prostate	tss	rloop
totalSNV	DO52522	3	0.421648917121251	rloop_tss	ICGC_Prostate	tss	rloop
totalSNV	DO52524	2	0.281099278080834	rloop_tss	ICGC_Prostate	tss	rloop
totalSNV	DO52526	2	0.281099278080834	rloop_tss	ICGC_Prostate	tss	rloop
totalSNV	DO52528	1	0.140549639040417	rloop_tss	ICGC_Prostate	tss	rloop
totalSNV	DO52532	1	0.140549639040417	rloop_tss	ICGC_Prostate	tss	rloop
totalSNV	DO52534	2	0.281099278080834	rloop_tss	ICGC_Prostate	tss	rloop
totalSNV	DO10806	33	3.47795550598825	norloop_tss	ICGC_Prostate	tss	norloop
totalSNV	DO10807	14	1.47549627526774	norloop_tss	ICGC_Prostate	tss	norloop
totalSNV	DO10809	29	3.05638514162604	norloop_tss	ICGC_Prostate	tss	norloop
totalSNV	DO10811	3	0.316177773271659	norloop_tss	ICGC_Prostate	tss	norloop
totalSNV	DO10813	4	0.421570364362212	norloop_tss	ICGC_Prostate	tss	norloop
totalSNV	DO10815	3	0.316177773271659	norloop_tss	ICGC_Prostate	tss	norloop
totalSNV	DO10817	6	0.632355546543318	norloop_tss	ICGC_Prostate	tss	norloop
totalSNV	DO10819	3	0.316177773271659	norloop_tss	ICGC_Prostate	tss	norloop
totalSNV	DO10821	4	0.421570364362212	norloop_tss	ICGC_Prostate	tss	norloop
totalSNV	DO10823	5	0.526962955452765	norloop_tss	ICGC_Prostate	tss	norloop
totalSNV	DO10825	7	0.737748137633871	norloop_tss	ICGC_Prostate	tss	norloop
totalSNV	DO10829	7	0.737748137633871	norloop_tss	ICGC_Prostate	tss	norloop
totalSNV	DO10831	6	0.632355546543318	norloop_tss	ICGC_Prostate	tss	norloop
totalSNV	DO10833	7	0.737748137633871	norloop_tss	ICGC_Prostate	tss	norloop
totalSNV	DO10835	1	0.105392591090553	norloop_tss	ICGC_Prostate	tss	norloop
totalSNV	DO10837	1	0.105392591090553	norloop_tss	ICGC_Prostate	tss	norloop
totalSNV	DO36221	27	2.84559995944493	norloop_tss	ICGC_Prostate	tss	norloop
totalSNV	DO36223	14	1.47549627526774	norloop_tss	ICGC_Prostate	tss	norloop
totalSNV	DO46787	13	1.37010368417719	norloop_tss	ICGC_Prostate	tss	norloop
totalSNV	DO46788	11	1.15931850199608	norloop_tss	ICGC_Prostate	tss	norloop
totalSNV	DO46790	10	1.05392591090553	norloop_tss	ICGC_Prostate	tss	norloop
totalSNV	DO46792	21	2.21324441290161	norloop_tss	ICGC_Prostate	tss	norloop
totalSNV	DO46793	5	0.526962955452765	norloop_tss	ICGC_Prostate	tss	norloop
totalSNV	DO46795	12	1.26471109308664	norloop_tss	ICGC_Prostate	tss	norloop
totalSNV	DO46796	13	1.37010368417719	norloop_tss	ICGC_Prostate	tss	norloop
totalSNV	DO48577	42	4.42648882580323	norloop_tss	ICGC_Prostate	tss	norloop
totalSNV	DO50414	3	0.316177773271659	norloop_tss	ICGC_Prostate	tss	norloop
totalSNV	DO50415	7	0.737748137633871	norloop_tss	ICGC_Prostate	tss	norloop
totalSNV	DO50416	11	1.15931850199608	norloop_tss	ICGC_Prostate	tss	norloop
totalSNV	DO50417	5	0.526962955452765	norloop_tss	ICGC_Prostate	tss	norloop
totalSNV	DO50418	6	0.632355546543318	norloop_tss	ICGC_Prostate	tss	norloop
totalSNV	DO50419	10	1.05392591090553	norloop_tss	ICGC_Prostate	tss	norloop
totalSNV	DO50420	16	1.68628145744885	norloop_tss	ICGC_Prostate	tss	norloop
totalSNV	DO50421	6	0.632355546543318	norloop_tss	ICGC_Prostate	tss	norloop
totalSNV	DO50422	6	0.632355546543318	norloop_tss	ICGC_Prostate	tss	norloop
totalSNV	DO50423	7	0.737748137633871	norloop_tss	ICGC_Prostate	tss	norloop
totalSNV	DO50424	12	1.26471109308664	norloop_tss	ICGC_Prostate	tss	norloop
totalSNV	DO50425	9	0.948533319814977	norloop_tss	ICGC_Prostate	tss	norloop
totalSNV	DO50426	20	2.10785182181106	norloop_tss	ICGC_Prostate	tss	norloop
totalSNV	DO50427	19	2.00245923072051	norloop_tss	ICGC_Prostate	tss	norloop
totalSNV	DO50428	5	0.526962955452765	norloop_tss	ICGC_Prostate	tss	norloop
totalSNV	DO50430	4	0.421570364362212	norloop_tss	ICGC_Prostate	tss	norloop
totalSNV	DO50431	19	2.00245923072051	norloop_tss	ICGC_Prostate	tss	norloop
totalSNV	DO50432	5	0.526962955452765	norloop_tss	ICGC_Prostate	tss	norloop
totalSNV	DO51044	11	1.15931850199608	norloop_tss	ICGC_Prostate	tss	norloop
totalSNV	DO51045	35	3.68874068816936	norloop_tss	ICGC_Prostate	tss	norloop
totalSNV	DO51046	13	1.37010368417719	norloop_tss	ICGC_Prostate	tss	norloop
totalSNV	DO51047	8	0.843140728724424	norloop_tss	ICGC_Prostate	tss	norloop
totalSNV	DO51048	5	0.526962955452765	norloop_tss	ICGC_Prostate	tss	norloop
totalSNV	DO51049	11	1.15931850199608	norloop_tss	ICGC_Prostate	tss	norloop
totalSNV	DO51050	20	2.10785182181106	norloop_tss	ICGC_Prostate	tss	norloop
totalSNV	DO51051	19	2.00245923072051	norloop_tss	ICGC_Prostate	tss	norloop
totalSNV	DO51052	5	0.526962955452765	norloop_tss	ICGC_Prostate	tss	norloop
totalSNV	DO51053	13	1.37010368417719	norloop_tss	ICGC_Prostate	tss	norloop
totalSNV	DO51054	7	0.737748137633871	norloop_tss	ICGC_Prostate	tss	norloop
totalSNV	DO51055	11	1.15931850199608	norloop_tss	ICGC_Prostate	tss	norloop
totalSNV	DO51056	6	0.632355546543318	norloop_tss	ICGC_Prostate	tss	norloop
totalSNV	DO51057	8	0.843140728724424	norloop_tss	ICGC_Prostate	tss	norloop
totalSNV	DO51060	10	1.05392591090553	norloop_tss	ICGC_Prostate	tss	norloop
totalSNV	DO51061	13	1.37010368417719	norloop_tss	ICGC_Prostate	tss	norloop
totalSNV	DO51062	8	0.843140728724424	norloop_tss	ICGC_Prostate	tss	norloop
totalSNV	DO51063	3	0.316177773271659	norloop_tss	ICGC_Prostate	tss	norloop
totalSNV	DO51064	12	1.26471109308664	norloop_tss	ICGC_Prostate	tss	norloop
totalSNV	DO51065	2	0.210785182181106	norloop_tss	ICGC_Prostate	tss	norloop
totalSNV	DO51066	9	0.948533319814977	norloop_tss	ICGC_Prostate	tss	norloop
totalSNV	DO51067	2	0.210785182181106	norloop_tss	ICGC_Prostate	tss	norloop
totalSNV	DO51068	4	0.421570364362212	norloop_tss	ICGC_Prostate	tss	norloop
totalSNV	DO51069	4	0.421570364362212	norloop_tss	ICGC_Prostate	tss	norloop
totalSNV	DO51070	11	1.15931850199608	norloop_tss	ICGC_Prostate	tss	norloop
totalSNV	DO51071	14	1.47549627526774	norloop_tss	ICGC_Prostate	tss	norloop
totalSNV	DO51072	7	0.737748137633871	norloop_tss	ICGC_Prostate	tss	norloop
totalSNV	DO51073	6	0.632355546543318	norloop_tss	ICGC_Prostate	tss	norloop
totalSNV	DO51074	8	0.843140728724424	norloop_tss	ICGC_Prostate	tss	norloop
totalSNV	DO51075	10	1.05392591090553	norloop_tss	ICGC_Prostate	tss	norloop
totalSNV	DO51078	18	1.89706663962995	norloop_tss	ICGC_Prostate	tss	norloop
totalSNV	DO51079	13	1.37010368417719	norloop_tss	ICGC_Prostate	tss	norloop
totalSNV	DO51080	8	0.843140728724424	norloop_tss	ICGC_Prostate	tss	norloop
totalSNV	DO51081	11	1.15931850199608	norloop_tss	ICGC_Prostate	tss	norloop
totalSNV	DO51083	9	0.948533319814977	norloop_tss	ICGC_Prostate	tss	norloop
totalSNV	DO51084	4	0.421570364362212	norloop_tss	ICGC_Prostate	tss	norloop
totalSNV	DO51085	13	1.37010368417719	norloop_tss	ICGC_Prostate	tss	norloop
totalSNV	DO51086	12	1.26471109308664	norloop_tss	ICGC_Prostate	tss	norloop
totalSNV	DO51087	3	0.316177773271659	norloop_tss	ICGC_Prostate	tss	norloop
totalSNV	DO51088	7	0.737748137633871	norloop_tss	ICGC_Prostate	tss	norloop
totalSNV	DO51089	10	1.05392591090553	norloop_tss	ICGC_Prostate	tss	norloop
totalSNV	DO51090	8	0.843140728724424	norloop_tss	ICGC_Prostate	tss	norloop
totalSNV	DO51091	23	2.42402959508272	norloop_tss	ICGC_Prostate	tss	norloop
totalSNV	DO51092	5	0.526962955452765	norloop_tss	ICGC_Prostate	tss	norloop
totalSNV	DO51093	7	0.737748137633871	norloop_tss	ICGC_Prostate	tss	norloop
totalSNV	DO51094	10	1.05392591090553	norloop_tss	ICGC_Prostate	tss	norloop
totalSNV	DO51095	0	0	norloop_tss	ICGC_Prostate	tss	norloop
totalSNV	DO51096	7	0.737748137633871	norloop_tss	ICGC_Prostate	tss	norloop
totalSNV	DO51097	8	0.843140728724424	norloop_tss	ICGC_Prostate	tss	norloop
totalSNV	DO51098	6	0.632355546543318	norloop_tss	ICGC_Prostate	tss	norloop
totalSNV	DO51099	12	1.26471109308664	norloop_tss	ICGC_Prostate	tss	norloop
totalSNV	DO51100	10	1.05392591090553	norloop_tss	ICGC_Prostate	tss	norloop
totalSNV	DO51102	9	0.948533319814977	norloop_tss	ICGC_Prostate	tss	norloop
totalSNV	DO51103	8	0.843140728724424	norloop_tss	ICGC_Prostate	tss	norloop
totalSNV	DO51104	8	0.843140728724424	norloop_tss	ICGC_Prostate	tss	norloop
totalSNV	DO51105	11	1.15931850199608	norloop_tss	ICGC_Prostate	tss	norloop
totalSNV	DO51106	6	0.632355546543318	norloop_tss	ICGC_Prostate	tss	norloop
totalSNV	DO51107	8	0.843140728724424	norloop_tss	ICGC_Prostate	tss	norloop
totalSNV	DO51108	7	0.737748137633871	norloop_tss	ICGC_Prostate	tss	norloop
totalSNV	DO51109	8	0.843140728724424	norloop_tss	ICGC_Prostate	tss	norloop
totalSNV	DO51110	26	2.74020736835438	norloop_tss	ICGC_Prostate	tss	norloop
totalSNV	DO51111	12	1.26471109308664	norloop_tss	ICGC_Prostate	tss	norloop
totalSNV	DO51112	5	0.526962955452765	norloop_tss	ICGC_Prostate	tss	norloop
totalSNV	DO51113	3	0.316177773271659	norloop_tss	ICGC_Prostate	tss	norloop
totalSNV	DO51114	13	1.37010368417719	norloop_tss	ICGC_Prostate	tss	norloop
totalSNV	DO51115	11	1.15931850199608	norloop_tss	ICGC_Prostate	tss	norloop
totalSNV	DO51116	8	0.843140728724424	norloop_tss	ICGC_Prostate	tss	norloop
totalSNV	DO51117	9	0.948533319814977	norloop_tss	ICGC_Prostate	tss	norloop
totalSNV	DO51118	10	1.05392591090553	norloop_tss	ICGC_Prostate	tss	norloop
totalSNV	DO51119	9	0.948533319814977	norloop_tss	ICGC_Prostate	tss	norloop
totalSNV	DO51120	5	0.526962955452765	norloop_tss	ICGC_Prostate	tss	norloop
totalSNV	DO51121	7	0.737748137633871	norloop_tss	ICGC_Prostate	tss	norloop
totalSNV	DO51122	7	0.737748137633871	norloop_tss	ICGC_Prostate	tss	norloop
totalSNV	DO51123	9	0.948533319814977	norloop_tss	ICGC_Prostate	tss	norloop
totalSNV	DO51124	11	1.15931850199608	norloop_tss	ICGC_Prostate	tss	norloop
totalSNV	DO51125	4	0.421570364362212	norloop_tss	ICGC_Prostate	tss	norloop
totalSNV	DO51126	4	0.421570364362212	norloop_tss	ICGC_Prostate	tss	norloop
totalSNV	DO51127	13	1.37010368417719	norloop_tss	ICGC_Prostate	tss	norloop
totalSNV	DO51128	4	0.421570364362212	norloop_tss	ICGC_Prostate	tss	norloop
totalSNV	DO51129	11	1.15931850199608	norloop_tss	ICGC_Prostate	tss	norloop
totalSNV	DO51130	10	1.05392591090553	norloop_tss	ICGC_Prostate	tss	norloop
totalSNV	DO51131	3	0.316177773271659	norloop_tss	ICGC_Prostate	tss	norloop
totalSNV	DO51132	1	0.105392591090553	norloop_tss	ICGC_Prostate	tss	norloop
totalSNV	DO51133	15	1.5808888663583	norloop_tss	ICGC_Prostate	tss	norloop
totalSNV	DO51134	7	0.737748137633871	norloop_tss	ICGC_Prostate	tss	norloop
totalSNV	DO51135	6	0.632355546543318	norloop_tss	ICGC_Prostate	tss	norloop
totalSNV	DO51136	3	0.316177773271659	norloop_tss	ICGC_Prostate	tss	norloop
totalSNV	DO51137	8	0.843140728724424	norloop_tss	ICGC_Prostate	tss	norloop
totalSNV	DO51138	9	0.948533319814977	norloop_tss	ICGC_Prostate	tss	norloop
totalSNV	DO51139	11	1.15931850199608	norloop_tss	ICGC_Prostate	tss	norloop
totalSNV	DO51141	7	0.737748137633871	norloop_tss	ICGC_Prostate	tss	norloop
totalSNV	DO51142	14	1.47549627526774	norloop_tss	ICGC_Prostate	tss	norloop
totalSNV	DO51143	8	0.843140728724424	norloop_tss	ICGC_Prostate	tss	norloop
totalSNV	DO51144	15	1.5808888663583	norloop_tss	ICGC_Prostate	tss	norloop
totalSNV	DO51145	11	1.15931850199608	norloop_tss	ICGC_Prostate	tss	norloop
totalSNV	DO51147	6	0.632355546543318	norloop_tss	ICGC_Prostate	tss	norloop
totalSNV	DO51148	11	1.15931850199608	norloop_tss	ICGC_Prostate	tss	norloop
totalSNV	DO51149	1	0.105392591090553	norloop_tss	ICGC_Prostate	tss	norloop
totalSNV	DO51150	6	0.632355546543318	norloop_tss	ICGC_Prostate	tss	norloop
totalSNV	DO51151	5	0.526962955452765	norloop_tss	ICGC_Prostate	tss	norloop
totalSNV	DO51152	11	1.15931850199608	norloop_tss	ICGC_Prostate	tss	norloop
totalSNV	DO51153	16	1.68628145744885	norloop_tss	ICGC_Prostate	tss	norloop
totalSNV	DO51154	3	0.316177773271659	norloop_tss	ICGC_Prostate	tss	norloop
totalSNV	DO51155	6	0.632355546543318	norloop_tss	ICGC_Prostate	tss	norloop
totalSNV	DO51156	3	0.316177773271659	norloop_tss	ICGC_Prostate	tss	norloop
totalSNV	DO51157	10	1.05392591090553	norloop_tss	ICGC_Prostate	tss	norloop
totalSNV	DO51158	4	0.421570364362212	norloop_tss	ICGC_Prostate	tss	norloop
totalSNV	DO51159	6	0.632355546543318	norloop_tss	ICGC_Prostate	tss	norloop
totalSNV	DO51953	55	5.79659250998042	norloop_tss	ICGC_Prostate	tss	norloop
totalSNV	DO51954	46	4.84805919016544	norloop_tss	ICGC_Prostate	tss	norloop
totalSNV	DO51955	26	2.74020736835438	norloop_tss	ICGC_Prostate	tss	norloop
totalSNV	DO51956	25	2.63481477726383	norloop_tss	ICGC_Prostate	tss	norloop
totalSNV	DO51958	40	4.21570364362212	norloop_tss	ICGC_Prostate	tss	norloop
totalSNV	DO51959	19	2.00245923072051	norloop_tss	ICGC_Prostate	tss	norloop
totalSNV	DO51960	26	2.74020736835438	norloop_tss	ICGC_Prostate	tss	norloop
totalSNV	DO51962	91	9.59072578924032	norloop_tss	ICGC_Prostate	tss	norloop
totalSNV	DO51964	20	2.10785182181106	norloop_tss	ICGC_Prostate	tss	norloop
totalSNV	DO51965	68	7.1666961941576	norloop_tss	ICGC_Prostate	tss	norloop
totalSNV	DO52498	3	0.316177773271659	norloop_tss	ICGC_Prostate	tss	norloop
totalSNV	DO52499	3	0.316177773271659	norloop_tss	ICGC_Prostate	tss	norloop
totalSNV	DO52500	1	0.105392591090553	norloop_tss	ICGC_Prostate	tss	norloop
totalSNV	DO52501	2	0.210785182181106	norloop_tss	ICGC_Prostate	tss	norloop
totalSNV	DO52502	13	1.37010368417719	norloop_tss	ICGC_Prostate	tss	norloop
totalSNV	DO52503	5	0.526962955452765	norloop_tss	ICGC_Prostate	tss	norloop
totalSNV	DO52504	5	0.526962955452765	norloop_tss	ICGC_Prostate	tss	norloop
totalSNV	DO52505	10	1.05392591090553	norloop_tss	ICGC_Prostate	tss	norloop
totalSNV	DO52506	8	0.843140728724424	norloop_tss	ICGC_Prostate	tss	norloop
totalSNV	DO52508	2	0.210785182181106	norloop_tss	ICGC_Prostate	tss	norloop
totalSNV	DO52509	17	1.7916740485394	norloop_tss	ICGC_Prostate	tss	norloop
totalSNV	DO52510	15	1.5808888663583	norloop_tss	ICGC_Prostate	tss	norloop
totalSNV	DO52511	15	1.5808888663583	norloop_tss	ICGC_Prostate	tss	norloop
totalSNV	DO52512	26	2.74020736835438	norloop_tss	ICGC_Prostate	tss	norloop
totalSNV	DO52513	15	1.5808888663583	norloop_tss	ICGC_Prostate	tss	norloop
totalSNV	DO52514	3	0.316177773271659	norloop_tss	ICGC_Prostate	tss	norloop
totalSNV	DO52516	10	1.05392591090553	norloop_tss	ICGC_Prostate	tss	norloop
totalSNV	DO52518	3	0.316177773271659	norloop_tss	ICGC_Prostate	tss	norloop
totalSNV	DO52520	2	0.210785182181106	norloop_tss	ICGC_Prostate	tss	norloop
totalSNV	DO52524	1	0.105392591090553	norloop_tss	ICGC_Prostate	tss	norloop
totalSNV	DO52526	4	0.421570364362212	norloop_tss	ICGC_Prostate	tss	norloop
totalSNV	DO52528	1	0.105392591090553	norloop_tss	ICGC_Prostate	tss	norloop
totalSNV	DO52530	3	0.316177773271659	norloop_tss	ICGC_Prostate	tss	norloop
totalSNV	DO52532	4	0.421570364362212	norloop_tss	ICGC_Prostate	tss	norloop
totalSNV	DO52534	2	0.210785182181106	norloop_tss	ICGC_Prostate	tss	norloop
totalSNV	DO10806	37	4.21801145611911	rloop_tts	ICGC_Prostate	tts	rloop
totalSNV	DO10807	6	0.684001857749046	rloop_tts	ICGC_Prostate	tts	rloop
totalSNV	DO10809	10	1.14000309624841	rloop_tts	ICGC_Prostate	tts	rloop
totalSNV	DO10811	5	0.570001548124205	rloop_tts	ICGC_Prostate	tts	rloop
totalSNV	DO10813	2	0.228000619249682	rloop_tts	ICGC_Prostate	tts	rloop
totalSNV	DO10815	5	0.570001548124205	rloop_tts	ICGC_Prostate	tts	rloop
totalSNV	DO10817	2	0.228000619249682	rloop_tts	ICGC_Prostate	tts	rloop
totalSNV	DO10819	1	0.114000309624841	rloop_tts	ICGC_Prostate	tts	rloop
totalSNV	DO10821	3	0.342000928874523	rloop_tts	ICGC_Prostate	tts	rloop
totalSNV	DO10823	3	0.342000928874523	rloop_tts	ICGC_Prostate	tts	rloop
totalSNV	DO10825	3	0.342000928874523	rloop_tts	ICGC_Prostate	tts	rloop
totalSNV	DO10829	3	0.342000928874523	rloop_tts	ICGC_Prostate	tts	rloop
totalSNV	DO10831	2	0.228000619249682	rloop_tts	ICGC_Prostate	tts	rloop
totalSNV	DO10833	3	0.342000928874523	rloop_tts	ICGC_Prostate	tts	rloop
totalSNV	DO10835	1	0.114000309624841	rloop_tts	ICGC_Prostate	tts	rloop
totalSNV	DO36221	14	1.59600433474777	rloop_tts	ICGC_Prostate	tts	rloop
totalSNV	DO36223	13	1.48200402512293	rloop_tts	ICGC_Prostate	tts	rloop
totalSNV	DO46787	8	0.912002476998727	rloop_tts	ICGC_Prostate	tts	rloop
totalSNV	DO46788	9	1.02600278662357	rloop_tts	ICGC_Prostate	tts	rloop
totalSNV	DO46790	6	0.684001857749046	rloop_tts	ICGC_Prostate	tts	rloop
totalSNV	DO46792	16	1.82400495399746	rloop_tts	ICGC_Prostate	tts	rloop
totalSNV	DO46793	2	0.228000619249682	rloop_tts	ICGC_Prostate	tts	rloop
totalSNV	DO46795	6	0.684001857749046	rloop_tts	ICGC_Prostate	tts	rloop
totalSNV	DO46796	10	1.14000309624841	rloop_tts	ICGC_Prostate	tts	rloop
totalSNV	DO48577	23	2.62200712137134	rloop_tts	ICGC_Prostate	tts	rloop
totalSNV	DO50414	1	0.114000309624841	rloop_tts	ICGC_Prostate	tts	rloop
totalSNV	DO50415	7	0.798002167373887	rloop_tts	ICGC_Prostate	tts	rloop
totalSNV	DO50416	12	1.36800371549809	rloop_tts	ICGC_Prostate	tts	rloop
totalSNV	DO50417	3	0.342000928874523	rloop_tts	ICGC_Prostate	tts	rloop
totalSNV	DO50418	7	0.798002167373887	rloop_tts	ICGC_Prostate	tts	rloop
totalSNV	DO50419	10	1.14000309624841	rloop_tts	ICGC_Prostate	tts	rloop
totalSNV	DO50420	11	1.25400340587325	rloop_tts	ICGC_Prostate	tts	rloop
totalSNV	DO50421	4	0.456001238499364	rloop_tts	ICGC_Prostate	tts	rloop
totalSNV	DO50422	4	0.456001238499364	rloop_tts	ICGC_Prostate	tts	rloop
totalSNV	DO50423	3	0.342000928874523	rloop_tts	ICGC_Prostate	tts	rloop
totalSNV	DO50424	6	0.684001857749046	rloop_tts	ICGC_Prostate	tts	rloop
totalSNV	DO50425	3	0.342000928874523	rloop_tts	ICGC_Prostate	tts	rloop
totalSNV	DO50426	5	0.570001548124205	rloop_tts	ICGC_Prostate	tts	rloop
totalSNV	DO50427	10	1.14000309624841	rloop_tts	ICGC_Prostate	tts	rloop
totalSNV	DO50428	4	0.456001238499364	rloop_tts	ICGC_Prostate	tts	rloop
totalSNV	DO50430	6	0.684001857749046	rloop_tts	ICGC_Prostate	tts	rloop
totalSNV	DO50431	12	1.36800371549809	rloop_tts	ICGC_Prostate	tts	rloop
totalSNV	DO50432	4	0.456001238499364	rloop_tts	ICGC_Prostate	tts	rloop
totalSNV	DO51044	7	0.798002167373887	rloop_tts	ICGC_Prostate	tts	rloop
totalSNV	DO51045	19	2.16600588287198	rloop_tts	ICGC_Prostate	tts	rloop
totalSNV	DO51046	7	0.798002167373887	rloop_tts	ICGC_Prostate	tts	rloop
totalSNV	DO51047	8	0.912002476998727	rloop_tts	ICGC_Prostate	tts	rloop
totalSNV	DO51048	7	0.798002167373887	rloop_tts	ICGC_Prostate	tts	rloop
totalSNV	DO51049	9	1.02600278662357	rloop_tts	ICGC_Prostate	tts	rloop
totalSNV	DO51050	6	0.684001857749046	rloop_tts	ICGC_Prostate	tts	rloop
totalSNV	DO51051	13	1.48200402512293	rloop_tts	ICGC_Prostate	tts	rloop
totalSNV	DO51052	8	0.912002476998727	rloop_tts	ICGC_Prostate	tts	rloop
totalSNV	DO51053	8	0.912002476998727	rloop_tts	ICGC_Prostate	tts	rloop
totalSNV	DO51054	6	0.684001857749046	rloop_tts	ICGC_Prostate	tts	rloop
totalSNV	DO51055	9	1.02600278662357	rloop_tts	ICGC_Prostate	tts	rloop
totalSNV	DO51056	8	0.912002476998727	rloop_tts	ICGC_Prostate	tts	rloop
totalSNV	DO51057	10	1.14000309624841	rloop_tts	ICGC_Prostate	tts	rloop
totalSNV	DO51060	9	1.02600278662357	rloop_tts	ICGC_Prostate	tts	rloop
totalSNV	DO51061	11	1.25400340587325	rloop_tts	ICGC_Prostate	tts	rloop
totalSNV	DO51062	10	1.14000309624841	rloop_tts	ICGC_Prostate	tts	rloop
totalSNV	DO51063	3	0.342000928874523	rloop_tts	ICGC_Prostate	tts	rloop
totalSNV	DO51064	8	0.912002476998727	rloop_tts	ICGC_Prostate	tts	rloop
totalSNV	DO51065	8	0.912002476998727	rloop_tts	ICGC_Prostate	tts	rloop
totalSNV	DO51066	9	1.02600278662357	rloop_tts	ICGC_Prostate	tts	rloop
totalSNV	DO51067	4	0.456001238499364	rloop_tts	ICGC_Prostate	tts	rloop
totalSNV	DO51068	3	0.342000928874523	rloop_tts	ICGC_Prostate	tts	rloop
totalSNV	DO51069	15	1.71000464437261	rloop_tts	ICGC_Prostate	tts	rloop
totalSNV	DO51070	2	0.228000619249682	rloop_tts	ICGC_Prostate	tts	rloop
totalSNV	DO51071	8	0.912002476998727	rloop_tts	ICGC_Prostate	tts	rloop
totalSNV	DO51072	4	0.456001238499364	rloop_tts	ICGC_Prostate	tts	rloop
totalSNV	DO51073	5	0.570001548124205	rloop_tts	ICGC_Prostate	tts	rloop
totalSNV	DO51074	8	0.912002476998727	rloop_tts	ICGC_Prostate	tts	rloop
totalSNV	DO51075	13	1.48200402512293	rloop_tts	ICGC_Prostate	tts	rloop
totalSNV	DO51078	16	1.82400495399746	rloop_tts	ICGC_Prostate	tts	rloop
totalSNV	DO51079	4	0.456001238499364	rloop_tts	ICGC_Prostate	tts	rloop
totalSNV	DO51080	3	0.342000928874523	rloop_tts	ICGC_Prostate	tts	rloop
totalSNV	DO51081	7	0.798002167373887	rloop_tts	ICGC_Prostate	tts	rloop
totalSNV	DO51083	2	0.228000619249682	rloop_tts	ICGC_Prostate	tts	rloop
totalSNV	DO51084	3	0.342000928874523	rloop_tts	ICGC_Prostate	tts	rloop
totalSNV	DO51085	4	0.456001238499364	rloop_tts	ICGC_Prostate	tts	rloop
totalSNV	DO51086	4	0.456001238499364	rloop_tts	ICGC_Prostate	tts	rloop
totalSNV	DO51087	8	0.912002476998727	rloop_tts	ICGC_Prostate	tts	rloop
totalSNV	DO51088	7	0.798002167373887	rloop_tts	ICGC_Prostate	tts	rloop
totalSNV	DO51089	4	0.456001238499364	rloop_tts	ICGC_Prostate	tts	rloop
totalSNV	DO51090	4	0.456001238499364	rloop_tts	ICGC_Prostate	tts	rloop
totalSNV	DO51091	12	1.36800371549809	rloop_tts	ICGC_Prostate	tts	rloop
totalSNV	DO51092	9	1.02600278662357	rloop_tts	ICGC_Prostate	tts	rloop
totalSNV	DO51093	6	0.684001857749046	rloop_tts	ICGC_Prostate	tts	rloop
totalSNV	DO51094	10	1.14000309624841	rloop_tts	ICGC_Prostate	tts	rloop
totalSNV	DO51095	3	0.342000928874523	rloop_tts	ICGC_Prostate	tts	rloop
totalSNV	DO51096	1	0.114000309624841	rloop_tts	ICGC_Prostate	tts	rloop
totalSNV	DO51097	4	0.456001238499364	rloop_tts	ICGC_Prostate	tts	rloop
totalSNV	DO51098	7	0.798002167373887	rloop_tts	ICGC_Prostate	tts	rloop
totalSNV	DO51099	7	0.798002167373887	rloop_tts	ICGC_Prostate	tts	rloop
totalSNV	DO51100	7	0.798002167373887	rloop_tts	ICGC_Prostate	tts	rloop
totalSNV	DO51102	4	0.456001238499364	rloop_tts	ICGC_Prostate	tts	rloop
totalSNV	DO51103	4	0.456001238499364	rloop_tts	ICGC_Prostate	tts	rloop
totalSNV	DO51104	5	0.570001548124205	rloop_tts	ICGC_Prostate	tts	rloop
totalSNV	DO51105	8	0.912002476998727	rloop_tts	ICGC_Prostate	tts	rloop
totalSNV	DO51106	5	0.570001548124205	rloop_tts	ICGC_Prostate	tts	rloop
totalSNV	DO51107	8	0.912002476998727	rloop_tts	ICGC_Prostate	tts	rloop
totalSNV	DO51108	6	0.684001857749046	rloop_tts	ICGC_Prostate	tts	rloop
totalSNV	DO51109	4	0.456001238499364	rloop_tts	ICGC_Prostate	tts	rloop
totalSNV	DO51110	5	0.570001548124205	rloop_tts	ICGC_Prostate	tts	rloop
totalSNV	DO51111	7	0.798002167373887	rloop_tts	ICGC_Prostate	tts	rloop
totalSNV	DO51112	3	0.342000928874523	rloop_tts	ICGC_Prostate	tts	rloop
totalSNV	DO51113	4	0.456001238499364	rloop_tts	ICGC_Prostate	tts	rloop
totalSNV	DO51114	6	0.684001857749046	rloop_tts	ICGC_Prostate	tts	rloop
totalSNV	DO51115	6	0.684001857749046	rloop_tts	ICGC_Prostate	tts	rloop
totalSNV	DO51116	7	0.798002167373887	rloop_tts	ICGC_Prostate	tts	rloop
totalSNV	DO51117	7	0.798002167373887	rloop_tts	ICGC_Prostate	tts	rloop
totalSNV	DO51118	15	1.71000464437261	rloop_tts	ICGC_Prostate	tts	rloop
totalSNV	DO51119	9	1.02600278662357	rloop_tts	ICGC_Prostate	tts	rloop
totalSNV	DO51120	3	0.342000928874523	rloop_tts	ICGC_Prostate	tts	rloop
totalSNV	DO51121	5	0.570001548124205	rloop_tts	ICGC_Prostate	tts	rloop
totalSNV	DO51122	7	0.798002167373887	rloop_tts	ICGC_Prostate	tts	rloop
totalSNV	DO51123	5	0.570001548124205	rloop_tts	ICGC_Prostate	tts	rloop
totalSNV	DO51124	7	0.798002167373887	rloop_tts	ICGC_Prostate	tts	rloop
totalSNV	DO51125	3	0.342000928874523	rloop_tts	ICGC_Prostate	tts	rloop
totalSNV	DO51126	10	1.14000309624841	rloop_tts	ICGC_Prostate	tts	rloop
totalSNV	DO51127	9	1.02600278662357	rloop_tts	ICGC_Prostate	tts	rloop
totalSNV	DO51128	1	0.114000309624841	rloop_tts	ICGC_Prostate	tts	rloop
totalSNV	DO51129	3	0.342000928874523	rloop_tts	ICGC_Prostate	tts	rloop
totalSNV	DO51130	7	0.798002167373887	rloop_tts	ICGC_Prostate	tts	rloop
totalSNV	DO51131	5	0.570001548124205	rloop_tts	ICGC_Prostate	tts	rloop
totalSNV	DO51132	2	0.228000619249682	rloop_tts	ICGC_Prostate	tts	rloop
totalSNV	DO51133	7	0.798002167373887	rloop_tts	ICGC_Prostate	tts	rloop
totalSNV	DO51134	4	0.456001238499364	rloop_tts	ICGC_Prostate	tts	rloop
totalSNV	DO51135	7	0.798002167373887	rloop_tts	ICGC_Prostate	tts	rloop
totalSNV	DO51137	6	0.684001857749046	rloop_tts	ICGC_Prostate	tts	rloop
totalSNV	DO51138	2	0.228000619249682	rloop_tts	ICGC_Prostate	tts	rloop
totalSNV	DO51139	9	1.02600278662357	rloop_tts	ICGC_Prostate	tts	rloop
totalSNV	DO51141	6	0.684001857749046	rloop_tts	ICGC_Prostate	tts	rloop
totalSNV	DO51142	12	1.36800371549809	rloop_tts	ICGC_Prostate	tts	rloop
totalSNV	DO51143	6	0.684001857749046	rloop_tts	ICGC_Prostate	tts	rloop
totalSNV	DO51144	7	0.798002167373887	rloop_tts	ICGC_Prostate	tts	rloop
totalSNV	DO51145	7	0.798002167373887	rloop_tts	ICGC_Prostate	tts	rloop
totalSNV	DO51147	5	0.570001548124205	rloop_tts	ICGC_Prostate	tts	rloop
totalSNV	DO51148	7	0.798002167373887	rloop_tts	ICGC_Prostate	tts	rloop
totalSNV	DO51149	1	0.114000309624841	rloop_tts	ICGC_Prostate	tts	rloop
totalSNV	DO51150	4	0.456001238499364	rloop_tts	ICGC_Prostate	tts	rloop
totalSNV	DO51151	3	0.342000928874523	rloop_tts	ICGC_Prostate	tts	rloop
totalSNV	DO51152	9	1.02600278662357	rloop_tts	ICGC_Prostate	tts	rloop
totalSNV	DO51153	4	0.456001238499364	rloop_tts	ICGC_Prostate	tts	rloop
totalSNV	DO51154	3	0.342000928874523	rloop_tts	ICGC_Prostate	tts	rloop
totalSNV	DO51155	4	0.456001238499364	rloop_tts	ICGC_Prostate	tts	rloop
totalSNV	DO51157	2	0.228000619249682	rloop_tts	ICGC_Prostate	tts	rloop
totalSNV	DO51158	2	0.228000619249682	rloop_tts	ICGC_Prostate	tts	rloop
totalSNV	DO51159	4	0.456001238499364	rloop_tts	ICGC_Prostate	tts	rloop
totalSNV	DO51953	37	4.21801145611911	rloop_tts	ICGC_Prostate	tts	rloop
totalSNV	DO51954	26	2.96400805024586	rloop_tts	ICGC_Prostate	tts	rloop
totalSNV	DO51955	30	3.42000928874523	rloop_tts	ICGC_Prostate	tts	rloop
totalSNV	DO51956	14	1.59600433474777	rloop_tts	ICGC_Prostate	tts	rloop
totalSNV	DO51958	29	3.30600897912039	rloop_tts	ICGC_Prostate	tts	rloop
totalSNV	DO51959	13	1.48200402512293	rloop_tts	ICGC_Prostate	tts	rloop
totalSNV	DO51960	9	1.02600278662357	rloop_tts	ICGC_Prostate	tts	rloop
totalSNV	DO51962	58	6.61201795824078	rloop_tts	ICGC_Prostate	tts	rloop
totalSNV	DO51964	16	1.82400495399746	rloop_tts	ICGC_Prostate	tts	rloop
totalSNV	DO51965	40	4.56001238499364	rloop_tts	ICGC_Prostate	tts	rloop
totalSNV	DO52498	2	0.228000619249682	rloop_tts	ICGC_Prostate	tts	rloop
totalSNV	DO52499	1	0.114000309624841	rloop_tts	ICGC_Prostate	tts	rloop
totalSNV	DO52500	0	0	rloop_tts	ICGC_Prostate	tts	rloop
totalSNV	DO52501	4	0.456001238499364	rloop_tts	ICGC_Prostate	tts	rloop
totalSNV	DO52502	8	0.912002476998727	rloop_tts	ICGC_Prostate	tts	rloop
totalSNV	DO52503	3	0.342000928874523	rloop_tts	ICGC_Prostate	tts	rloop
totalSNV	DO52504	8	0.912002476998727	rloop_tts	ICGC_Prostate	tts	rloop
totalSNV	DO52505	4	0.456001238499364	rloop_tts	ICGC_Prostate	tts	rloop
totalSNV	DO52506	8	0.912002476998727	rloop_tts	ICGC_Prostate	tts	rloop
totalSNV	DO52509	21	2.39400650212166	rloop_tts	ICGC_Prostate	tts	rloop
totalSNV	DO52510	8	0.912002476998727	rloop_tts	ICGC_Prostate	tts	rloop
totalSNV	DO52511	9	1.02600278662357	rloop_tts	ICGC_Prostate	tts	rloop
totalSNV	DO52512	15	1.71000464437261	rloop_tts	ICGC_Prostate	tts	rloop
totalSNV	DO52513	6	0.684001857749046	rloop_tts	ICGC_Prostate	tts	rloop
totalSNV	DO52514	1	0.114000309624841	rloop_tts	ICGC_Prostate	tts	rloop
totalSNV	DO52516	8	0.912002476998727	rloop_tts	ICGC_Prostate	tts	rloop
totalSNV	DO52518	3	0.342000928874523	rloop_tts	ICGC_Prostate	tts	rloop
totalSNV	DO52520	2	0.228000619249682	rloop_tts	ICGC_Prostate	tts	rloop
totalSNV	DO52522	1	0.114000309624841	rloop_tts	ICGC_Prostate	tts	rloop
totalSNV	DO52526	3	0.342000928874523	rloop_tts	ICGC_Prostate	tts	rloop
totalSNV	DO52528	1	0.114000309624841	rloop_tts	ICGC_Prostate	tts	rloop
totalSNV	DO52530	1	0.114000309624841	rloop_tts	ICGC_Prostate	tts	rloop
totalSNV	DO52534	1	0.114000309624841	rloop_tts	ICGC_Prostate	tts	rloop
totalSNV	DO10806	37	3.45578809481001	norloop_tts	ICGC_Prostate	tts	norloop
totalSNV	DO10807	9	0.840597104142976	norloop_tts	ICGC_Prostate	tts	norloop
totalSNV	DO10809	18	1.68119420828595	norloop_tts	ICGC_Prostate	tts	norloop
totalSNV	DO10811	11	1.02739646061919	norloop_tts	ICGC_Prostate	tts	norloop
totalSNV	DO10813	2	0.186799356476217	norloop_tts	ICGC_Prostate	tts	norloop
totalSNV	DO10815	4	0.373598712952434	norloop_tts	ICGC_Prostate	tts	norloop
totalSNV	DO10817	4	0.373598712952434	norloop_tts	ICGC_Prostate	tts	norloop
totalSNV	DO10819	3	0.280199034714325	norloop_tts	ICGC_Prostate	tts	norloop
totalSNV	DO10821	9	0.840597104142976	norloop_tts	ICGC_Prostate	tts	norloop
totalSNV	DO10823	2	0.186799356476217	norloop_tts	ICGC_Prostate	tts	norloop
totalSNV	DO10825	6	0.560398069428651	norloop_tts	ICGC_Prostate	tts	norloop
totalSNV	DO10829	6	0.560398069428651	norloop_tts	ICGC_Prostate	tts	norloop
totalSNV	DO10831	2	0.186799356476217	norloop_tts	ICGC_Prostate	tts	norloop
totalSNV	DO10833	3	0.280199034714325	norloop_tts	ICGC_Prostate	tts	norloop
totalSNV	DO10835	2	0.186799356476217	norloop_tts	ICGC_Prostate	tts	norloop
totalSNV	DO10837	1	0.0933996782381085	norloop_tts	ICGC_Prostate	tts	norloop
totalSNV	DO36221	29	2.70859066890515	norloop_tts	ICGC_Prostate	tts	norloop
totalSNV	DO36223	14	1.30759549533352	norloop_tts	ICGC_Prostate	tts	norloop
totalSNV	DO46787	6	0.560398069428651	norloop_tts	ICGC_Prostate	tts	norloop
totalSNV	DO46788	14	1.30759549533352	norloop_tts	ICGC_Prostate	tts	norloop
totalSNV	DO46790	10	0.933996782381085	norloop_tts	ICGC_Prostate	tts	norloop
totalSNV	DO46792	12	1.1207961388573	norloop_tts	ICGC_Prostate	tts	norloop
totalSNV	DO46795	2	0.186799356476217	norloop_tts	ICGC_Prostate	tts	norloop
totalSNV	DO46796	12	1.1207961388573	norloop_tts	ICGC_Prostate	tts	norloop
totalSNV	DO48577	42	3.92278648600056	norloop_tts	ICGC_Prostate	tts	norloop
totalSNV	DO50414	4	0.373598712952434	norloop_tts	ICGC_Prostate	tts	norloop
totalSNV	DO50415	5	0.466998391190542	norloop_tts	ICGC_Prostate	tts	norloop
totalSNV	DO50416	15	1.40099517357163	norloop_tts	ICGC_Prostate	tts	norloop
totalSNV	DO50417	4	0.373598712952434	norloop_tts	ICGC_Prostate	tts	norloop
totalSNV	DO50418	7	0.653797747666759	norloop_tts	ICGC_Prostate	tts	norloop
totalSNV	DO50419	11	1.02739646061919	norloop_tts	ICGC_Prostate	tts	norloop
totalSNV	DO50420	7	0.653797747666759	norloop_tts	ICGC_Prostate	tts	norloop
totalSNV	DO50421	12	1.1207961388573	norloop_tts	ICGC_Prostate	tts	norloop
totalSNV	DO50422	12	1.1207961388573	norloop_tts	ICGC_Prostate	tts	norloop
totalSNV	DO50423	5	0.466998391190542	norloop_tts	ICGC_Prostate	tts	norloop
totalSNV	DO50424	13	1.21419581709541	norloop_tts	ICGC_Prostate	tts	norloop
totalSNV	DO50425	3	0.280199034714325	norloop_tts	ICGC_Prostate	tts	norloop
totalSNV	DO50426	15	1.40099517357163	norloop_tts	ICGC_Prostate	tts	norloop
totalSNV	DO50427	8	0.747197425904868	norloop_tts	ICGC_Prostate	tts	norloop
totalSNV	DO50428	8	0.747197425904868	norloop_tts	ICGC_Prostate	tts	norloop
totalSNV	DO50430	7	0.653797747666759	norloop_tts	ICGC_Prostate	tts	norloop
totalSNV	DO50431	15	1.40099517357163	norloop_tts	ICGC_Prostate	tts	norloop
totalSNV	DO50432	9	0.840597104142976	norloop_tts	ICGC_Prostate	tts	norloop
totalSNV	DO51044	15	1.40099517357163	norloop_tts	ICGC_Prostate	tts	norloop
totalSNV	DO51045	41	3.82938680776245	norloop_tts	ICGC_Prostate	tts	norloop
totalSNV	DO51046	23	2.1481925994765	norloop_tts	ICGC_Prostate	tts	norloop
totalSNV	DO51047	14	1.30759549533352	norloop_tts	ICGC_Prostate	tts	norloop
totalSNV	DO51048	6	0.560398069428651	norloop_tts	ICGC_Prostate	tts	norloop
totalSNV	DO51049	18	1.68119420828595	norloop_tts	ICGC_Prostate	tts	norloop
totalSNV	DO51050	22	2.05479292123839	norloop_tts	ICGC_Prostate	tts	norloop
totalSNV	DO51051	21	1.96139324300028	norloop_tts	ICGC_Prostate	tts	norloop
totalSNV	DO51052	7	0.653797747666759	norloop_tts	ICGC_Prostate	tts	norloop
totalSNV	DO51053	7	0.653797747666759	norloop_tts	ICGC_Prostate	tts	norloop
totalSNV	DO51054	8	0.747197425904868	norloop_tts	ICGC_Prostate	tts	norloop
totalSNV	DO51055	5	0.466998391190542	norloop_tts	ICGC_Prostate	tts	norloop
totalSNV	DO51056	7	0.653797747666759	norloop_tts	ICGC_Prostate	tts	norloop
totalSNV	DO51057	12	1.1207961388573	norloop_tts	ICGC_Prostate	tts	norloop
totalSNV	DO51060	11	1.02739646061919	norloop_tts	ICGC_Prostate	tts	norloop
totalSNV	DO51061	15	1.40099517357163	norloop_tts	ICGC_Prostate	tts	norloop
totalSNV	DO51062	10	0.933996782381085	norloop_tts	ICGC_Prostate	tts	norloop
totalSNV	DO51063	8	0.747197425904868	norloop_tts	ICGC_Prostate	tts	norloop
totalSNV	DO51064	11	1.02739646061919	norloop_tts	ICGC_Prostate	tts	norloop
totalSNV	DO51065	3	0.280199034714325	norloop_tts	ICGC_Prostate	tts	norloop
totalSNV	DO51066	6	0.560398069428651	norloop_tts	ICGC_Prostate	tts	norloop
totalSNV	DO51067	6	0.560398069428651	norloop_tts	ICGC_Prostate	tts	norloop
totalSNV	DO51068	8	0.747197425904868	norloop_tts	ICGC_Prostate	tts	norloop
totalSNV	DO51069	9	0.840597104142976	norloop_tts	ICGC_Prostate	tts	norloop
totalSNV	DO51070	11	1.02739646061919	norloop_tts	ICGC_Prostate	tts	norloop
totalSNV	DO51071	10	0.933996782381085	norloop_tts	ICGC_Prostate	tts	norloop
totalSNV	DO51072	6	0.560398069428651	norloop_tts	ICGC_Prostate	tts	norloop
totalSNV	DO51073	7	0.653797747666759	norloop_tts	ICGC_Prostate	tts	norloop
totalSNV	DO51074	7	0.653797747666759	norloop_tts	ICGC_Prostate	tts	norloop
totalSNV	DO51075	11	1.02739646061919	norloop_tts	ICGC_Prostate	tts	norloop
totalSNV	DO51078	12	1.1207961388573	norloop_tts	ICGC_Prostate	tts	norloop
totalSNV	DO51079	12	1.1207961388573	norloop_tts	ICGC_Prostate	tts	norloop
totalSNV	DO51080	2	0.186799356476217	norloop_tts	ICGC_Prostate	tts	norloop
totalSNV	DO51081	8	0.747197425904868	norloop_tts	ICGC_Prostate	tts	norloop
totalSNV	DO51083	5	0.466998391190542	norloop_tts	ICGC_Prostate	tts	norloop
totalSNV	DO51084	8	0.747197425904868	norloop_tts	ICGC_Prostate	tts	norloop
totalSNV	DO51085	18	1.68119420828595	norloop_tts	ICGC_Prostate	tts	norloop
totalSNV	DO51086	13	1.21419581709541	norloop_tts	ICGC_Prostate	tts	norloop
totalSNV	DO51087	14	1.30759549533352	norloop_tts	ICGC_Prostate	tts	norloop
totalSNV	DO51088	14	1.30759549533352	norloop_tts	ICGC_Prostate	tts	norloop
totalSNV	DO51089	8	0.747197425904868	norloop_tts	ICGC_Prostate	tts	norloop
totalSNV	DO51090	12	1.1207961388573	norloop_tts	ICGC_Prostate	tts	norloop
totalSNV	DO51091	20	1.86799356476217	norloop_tts	ICGC_Prostate	tts	norloop
totalSNV	DO51092	13	1.21419581709541	norloop_tts	ICGC_Prostate	tts	norloop
totalSNV	DO51093	14	1.30759549533352	norloop_tts	ICGC_Prostate	tts	norloop
totalSNV	DO51094	14	1.30759549533352	norloop_tts	ICGC_Prostate	tts	norloop
totalSNV	DO51095	2	0.186799356476217	norloop_tts	ICGC_Prostate	tts	norloop
totalSNV	DO51096	9	0.840597104142976	norloop_tts	ICGC_Prostate	tts	norloop
totalSNV	DO51097	7	0.653797747666759	norloop_tts	ICGC_Prostate	tts	norloop
totalSNV	DO51098	11	1.02739646061919	norloop_tts	ICGC_Prostate	tts	norloop
totalSNV	DO51099	9	0.840597104142976	norloop_tts	ICGC_Prostate	tts	norloop
totalSNV	DO51100	12	1.1207961388573	norloop_tts	ICGC_Prostate	tts	norloop
totalSNV	DO51102	10	0.933996782381085	norloop_tts	ICGC_Prostate	tts	norloop
totalSNV	DO51103	13	1.21419581709541	norloop_tts	ICGC_Prostate	tts	norloop
totalSNV	DO51104	7	0.653797747666759	norloop_tts	ICGC_Prostate	tts	norloop
totalSNV	DO51105	11	1.02739646061919	norloop_tts	ICGC_Prostate	tts	norloop
totalSNV	DO51106	4	0.373598712952434	norloop_tts	ICGC_Prostate	tts	norloop
totalSNV	DO51107	11	1.02739646061919	norloop_tts	ICGC_Prostate	tts	norloop
totalSNV	DO51108	7	0.653797747666759	norloop_tts	ICGC_Prostate	tts	norloop
totalSNV	DO51109	15	1.40099517357163	norloop_tts	ICGC_Prostate	tts	norloop
totalSNV	DO51110	18	1.68119420828595	norloop_tts	ICGC_Prostate	tts	norloop
totalSNV	DO51111	12	1.1207961388573	norloop_tts	ICGC_Prostate	tts	norloop
totalSNV	DO51112	7	0.653797747666759	norloop_tts	ICGC_Prostate	tts	norloop
totalSNV	DO51113	1	0.0933996782381085	norloop_tts	ICGC_Prostate	tts	norloop
totalSNV	DO51114	9	0.840597104142976	norloop_tts	ICGC_Prostate	tts	norloop
totalSNV	DO51115	8	0.747197425904868	norloop_tts	ICGC_Prostate	tts	norloop
totalSNV	DO51116	11	1.02739646061919	norloop_tts	ICGC_Prostate	tts	norloop
totalSNV	DO51117	8	0.747197425904868	norloop_tts	ICGC_Prostate	tts	norloop
totalSNV	DO51118	6	0.560398069428651	norloop_tts	ICGC_Prostate	tts	norloop
totalSNV	DO51119	9	0.840597104142976	norloop_tts	ICGC_Prostate	tts	norloop
totalSNV	DO51120	9	0.840597104142976	norloop_tts	ICGC_Prostate	tts	norloop
totalSNV	DO51121	16	1.49439485180974	norloop_tts	ICGC_Prostate	tts	norloop
totalSNV	DO51122	10	0.933996782381085	norloop_tts	ICGC_Prostate	tts	norloop
totalSNV	DO51123	9	0.840597104142976	norloop_tts	ICGC_Prostate	tts	norloop
totalSNV	DO51124	8	0.747197425904868	norloop_tts	ICGC_Prostate	tts	norloop
totalSNV	DO51125	8	0.747197425904868	norloop_tts	ICGC_Prostate	tts	norloop
totalSNV	DO51126	4	0.373598712952434	norloop_tts	ICGC_Prostate	tts	norloop
totalSNV	DO51127	8	0.747197425904868	norloop_tts	ICGC_Prostate	tts	norloop
totalSNV	DO51128	6	0.560398069428651	norloop_tts	ICGC_Prostate	tts	norloop
totalSNV	DO51129	11	1.02739646061919	norloop_tts	ICGC_Prostate	tts	norloop
totalSNV	DO51130	11	1.02739646061919	norloop_tts	ICGC_Prostate	tts	norloop
totalSNV	DO51131	3	0.280199034714325	norloop_tts	ICGC_Prostate	tts	norloop
totalSNV	DO51132	4	0.373598712952434	norloop_tts	ICGC_Prostate	tts	norloop
totalSNV	DO51133	14	1.30759549533352	norloop_tts	ICGC_Prostate	tts	norloop
totalSNV	DO51134	10	0.933996782381085	norloop_tts	ICGC_Prostate	tts	norloop
totalSNV	DO51135	7	0.653797747666759	norloop_tts	ICGC_Prostate	tts	norloop
totalSNV	DO51136	1	0.0933996782381085	norloop_tts	ICGC_Prostate	tts	norloop
totalSNV	DO51137	9	0.840597104142976	norloop_tts	ICGC_Prostate	tts	norloop
totalSNV	DO51138	19	1.77459388652406	norloop_tts	ICGC_Prostate	tts	norloop
totalSNV	DO51139	11	1.02739646061919	norloop_tts	ICGC_Prostate	tts	norloop
totalSNV	DO51140	2	0.186799356476217	norloop_tts	ICGC_Prostate	tts	norloop
totalSNV	DO51141	6	0.560398069428651	norloop_tts	ICGC_Prostate	tts	norloop
totalSNV	DO51142	18	1.68119420828595	norloop_tts	ICGC_Prostate	tts	norloop
totalSNV	DO51143	9	0.840597104142976	norloop_tts	ICGC_Prostate	tts	norloop
totalSNV	DO51144	13	1.21419581709541	norloop_tts	ICGC_Prostate	tts	norloop
totalSNV	DO51145	7	0.653797747666759	norloop_tts	ICGC_Prostate	tts	norloop
totalSNV	DO51147	6	0.560398069428651	norloop_tts	ICGC_Prostate	tts	norloop
totalSNV	DO51148	15	1.40099517357163	norloop_tts	ICGC_Prostate	tts	norloop
totalSNV	DO51150	7	0.653797747666759	norloop_tts	ICGC_Prostate	tts	norloop
totalSNV	DO51151	4	0.373598712952434	norloop_tts	ICGC_Prostate	tts	norloop
totalSNV	DO51152	7	0.653797747666759	norloop_tts	ICGC_Prostate	tts	norloop
totalSNV	DO51153	8	0.747197425904868	norloop_tts	ICGC_Prostate	tts	norloop
totalSNV	DO51154	6	0.560398069428651	norloop_tts	ICGC_Prostate	tts	norloop
totalSNV	DO51155	6	0.560398069428651	norloop_tts	ICGC_Prostate	tts	norloop
totalSNV	DO51156	3	0.280199034714325	norloop_tts	ICGC_Prostate	tts	norloop
totalSNV	DO51157	12	1.1207961388573	norloop_tts	ICGC_Prostate	tts	norloop
totalSNV	DO51158	10	0.933996782381085	norloop_tts	ICGC_Prostate	tts	norloop
totalSNV	DO51159	1	0.0933996782381085	norloop_tts	ICGC_Prostate	tts	norloop
totalSNV	DO51953	56	5.23038198133408	norloop_tts	ICGC_Prostate	tts	norloop
totalSNV	DO51954	50	4.66998391190542	norloop_tts	ICGC_Prostate	tts	norloop
totalSNV	DO51955	37	3.45578809481001	norloop_tts	ICGC_Prostate	tts	norloop
totalSNV	DO51956	16	1.49439485180974	norloop_tts	ICGC_Prostate	tts	norloop
totalSNV	DO51958	33	3.08218938185758	norloop_tts	ICGC_Prostate	tts	norloop
totalSNV	DO51959	19	1.77459388652406	norloop_tts	ICGC_Prostate	tts	norloop
totalSNV	DO51960	18	1.68119420828595	norloop_tts	ICGC_Prostate	tts	norloop
totalSNV	DO51962	94	8.7795697543822	norloop_tts	ICGC_Prostate	tts	norloop
totalSNV	DO51964	37	3.45578809481001	norloop_tts	ICGC_Prostate	tts	norloop
totalSNV	DO51965	55	5.13698230309597	norloop_tts	ICGC_Prostate	tts	norloop
totalSNV	DO52498	4	0.373598712952434	norloop_tts	ICGC_Prostate	tts	norloop
totalSNV	DO52499	7	0.653797747666759	norloop_tts	ICGC_Prostate	tts	norloop
totalSNV	DO52500	8	0.747197425904868	norloop_tts	ICGC_Prostate	tts	norloop
totalSNV	DO52501	2	0.186799356476217	norloop_tts	ICGC_Prostate	tts	norloop
totalSNV	DO52502	8	0.747197425904868	norloop_tts	ICGC_Prostate	tts	norloop
totalSNV	DO52503	4	0.373598712952434	norloop_tts	ICGC_Prostate	tts	norloop
totalSNV	DO52504	4	0.373598712952434	norloop_tts	ICGC_Prostate	tts	norloop
totalSNV	DO52505	13	1.21419581709541	norloop_tts	ICGC_Prostate	tts	norloop
totalSNV	DO52506	7	0.653797747666759	norloop_tts	ICGC_Prostate	tts	norloop
totalSNV	DO52508	7	0.653797747666759	norloop_tts	ICGC_Prostate	tts	norloop
totalSNV	DO52509	17	1.58779453004784	norloop_tts	ICGC_Prostate	tts	norloop
totalSNV	DO52510	14	1.30759549533352	norloop_tts	ICGC_Prostate	tts	norloop
totalSNV	DO52511	19	1.77459388652406	norloop_tts	ICGC_Prostate	tts	norloop
totalSNV	DO52512	27	2.52179131242893	norloop_tts	ICGC_Prostate	tts	norloop
totalSNV	DO52513	22	2.05479292123839	norloop_tts	ICGC_Prostate	tts	norloop
totalSNV	DO52514	1	0.0933996782381085	norloop_tts	ICGC_Prostate	tts	norloop
totalSNV	DO52516	11	1.02739646061919	norloop_tts	ICGC_Prostate	tts	norloop
totalSNV	DO52518	5	0.466998391190542	norloop_tts	ICGC_Prostate	tts	norloop
totalSNV	DO52520	5	0.466998391190542	norloop_tts	ICGC_Prostate	tts	norloop
totalSNV	DO52522	4	0.373598712952434	norloop_tts	ICGC_Prostate	tts	norloop
totalSNV	DO52524	1	0.0933996782381085	norloop_tts	ICGC_Prostate	tts	norloop
totalSNV	DO52526	6	0.560398069428651	norloop_tts	ICGC_Prostate	tts	norloop
totalSNV	DO52528	6	0.560398069428651	norloop_tts	ICGC_Prostate	tts	norloop
totalSNV	DO52530	2	0.186799356476217	norloop_tts	ICGC_Prostate	tts	norloop
totalSNV	DO52532	5	0.466998391190542	norloop_tts	ICGC_Prostate	tts	norloop
totalSNV	PD11336	27	3.79484025409126	rloop_tss	Serena_ER	tss	rloop
totalSNV	PD11337	18	2.52989350272751	rloop_tss	Serena_ER	tss	rloop
totalSNV	PD11338	8	1.12439711232334	rloop_tss	Serena_ER	tss	rloop
totalSNV	PD11339	28	3.93538989313168	rloop_tss	Serena_ER	tss	rloop
totalSNV	PD11340	27	3.79484025409126	rloop_tss	Serena_ER	tss	rloop
totalSNV	PD11341	31	4.35703881025293	rloop_tss	Serena_ER	tss	rloop
totalSNV	PD11342	15	2.10824458560626	rloop_tss	Serena_ER	tss	rloop
totalSNV	PD11343	16	2.24879422464667	rloop_tss	Serena_ER	tss	rloop
totalSNV	PD11352	16	2.24879422464667	rloop_tss	Serena_ER	tss	rloop
totalSNV	PD11355	12	1.686595668485	rloop_tss	Serena_ER	tss	rloop
totalSNV	PD11357	13	1.82714530752542	rloop_tss	Serena_ER	tss	rloop
totalSNV	PD11358	28	3.93538989313168	rloop_tss	Serena_ER	tss	rloop
totalSNV	PD11359	4	0.562198556161668	rloop_tss	Serena_ER	tss	rloop
totalSNV	PD11360	14	1.96769494656584	rloop_tss	Serena_ER	tss	rloop
totalSNV	PD11361	10	1.40549639040417	rloop_tss	Serena_ER	tss	rloop
totalSNV	PD11364	14	1.96769494656584	rloop_tss	Serena_ER	tss	rloop
totalSNV	PD11365	77	10.8223222061121	rloop_tss	Serena_ER	tss	rloop
totalSNV	PD11366	10	1.40549639040417	rloop_tss	Serena_ER	tss	rloop
totalSNV	PD11367	23	3.23264169792959	rloop_tss	Serena_ER	tss	rloop
totalSNV	PD11368	43	6.04363447873793	rloop_tss	Serena_ER	tss	rloop
totalSNV	PD11369	35	4.9192373664146	rloop_tss	Serena_ER	tss	rloop
totalSNV	PD11370	1	0.140549639040417	rloop_tss	Serena_ER	tss	rloop
totalSNV	PD11372	174	24.4556371930326	rloop_tss	Serena_ER	tss	rloop
totalSNV	PD11374	15	2.10824458560626	rloop_tss	Serena_ER	tss	rloop
totalSNV	PD11375	7	0.983847473282919	rloop_tss	Serena_ER	tss	rloop
totalSNV	PD11376	26	3.65429061505084	rloop_tss	Serena_ER	tss	rloop
totalSNV	PD11379	213	29.9370731156088	rloop_tss	Serena_ER	tss	rloop
totalSNV	PD11380	24	3.37319133697001	rloop_tss	Serena_ER	tss	rloop
totalSNV	PD11381	14	1.96769494656584	rloop_tss	Serena_ER	tss	rloop
totalSNV	PD11383	10	1.40549639040417	rloop_tss	Serena_ER	tss	rloop
totalSNV	PD11384	15	2.10824458560626	rloop_tss	Serena_ER	tss	rloop
totalSNV	PD11385	10	1.40549639040417	rloop_tss	Serena_ER	tss	rloop
totalSNV	PD11386	23	3.23264169792959	rloop_tss	Serena_ER	tss	rloop
totalSNV	PD11388	58	8.15187906434419	rloop_tss	Serena_ER	tss	rloop
totalSNV	PD11389	1	0.140549639040417	rloop_tss	Serena_ER	tss	rloop
totalSNV	PD11391	5	0.702748195202085	rloop_tss	Serena_ER	tss	rloop
totalSNV	PD11393	21	2.95154241984876	rloop_tss	Serena_ER	tss	rloop
totalSNV	PD11394	16	2.24879422464667	rloop_tss	Serena_ER	tss	rloop
totalSNV	PD11395	9	1.26494675136375	rloop_tss	Serena_ER	tss	rloop
totalSNV	PD11396	19	2.67044314176792	rloop_tss	Serena_ER	tss	rloop
totalSNV	PD11397	27	3.79484025409126	rloop_tss	Serena_ER	tss	rloop
totalSNV	PD11398	16	2.24879422464667	rloop_tss	Serena_ER	tss	rloop
totalSNV	PD11399	19	2.67044314176792	rloop_tss	Serena_ER	tss	rloop
totalSNV	PD11402	15	2.10824458560626	rloop_tss	Serena_ER	tss	rloop
totalSNV	PD11740	7	0.983847473282919	rloop_tss	Serena_ER	tss	rloop
totalSNV	PD11741	6	0.843297834242502	rloop_tss	Serena_ER	tss	rloop
totalSNV	PD11742	41	5.7625352006571	rloop_tss	Serena_ER	tss	rloop
totalSNV	PD11743	17	2.38934386368709	rloop_tss	Serena_ER	tss	rloop
totalSNV	PD11744	19	2.67044314176792	rloop_tss	Serena_ER	tss	rloop
totalSNV	PD11745	18	2.52989350272751	rloop_tss	Serena_ER	tss	rloop
totalSNV	PD11750	64	8.99517689858669	rloop_tss	Serena_ER	tss	rloop
totalSNV	PD11753	46	6.46528339585918	rloop_tss	Serena_ER	tss	rloop
totalSNV	PD11756	27	3.79484025409126	rloop_tss	Serena_ER	tss	rloop
totalSNV	PD11760	19	2.67044314176792	rloop_tss	Serena_ER	tss	rloop
totalSNV	PD11761	25	3.51374097601043	rloop_tss	Serena_ER	tss	rloop
totalSNV	PD11765	8	1.12439711232334	rloop_tss	Serena_ER	tss	rloop
totalSNV	PD11766	4	0.562198556161668	rloop_tss	Serena_ER	tss	rloop
totalSNV	PD11767	9	1.26494675136375	rloop_tss	Serena_ER	tss	rloop
totalSNV	PD11769	7	0.983847473282919	rloop_tss	Serena_ER	tss	rloop
totalSNV	PD11816	31	4.35703881025293	rloop_tss	Serena_ER	tss	rloop
totalSNV	PD11818	8	1.12439711232334	rloop_tss	Serena_ER	tss	rloop
totalSNV	PD11819	6	0.843297834242502	rloop_tss	Serena_ER	tss	rloop
totalSNV	PD13302	14	1.96769494656584	rloop_tss	Serena_ER	tss	rloop
totalSNV	PD13304	6	0.843297834242502	rloop_tss	Serena_ER	tss	rloop
totalSNV	PD13306	25	3.51374097601043	rloop_tss	Serena_ER	tss	rloop
totalSNV	PD13307	34	4.77868772737418	rloop_tss	Serena_ER	tss	rloop
totalSNV	PD13310	9	1.26494675136375	rloop_tss	Serena_ER	tss	rloop
totalSNV	PD13312	7	0.983847473282919	rloop_tss	Serena_ER	tss	rloop
totalSNV	PD13416	6	0.843297834242502	rloop_tss	Serena_ER	tss	rloop
totalSNV	PD13419	18	2.52989350272751	rloop_tss	Serena_ER	tss	rloop
totalSNV	PD13420	16	2.24879422464667	rloop_tss	Serena_ER	tss	rloop
totalSNV	PD13422	8	1.12439711232334	rloop_tss	Serena_ER	tss	rloop
totalSNV	PD13424	18	2.52989350272751	rloop_tss	Serena_ER	tss	rloop
totalSNV	PD13425	318	44.6947852148526	rloop_tss	Serena_ER	tss	rloop
totalSNV	PD13426	18	2.52989350272751	rloop_tss	Serena_ER	tss	rloop
totalSNV	PD13427	14	1.96769494656584	rloop_tss	Serena_ER	tss	rloop
totalSNV	PD13618	11	1.54604602944459	rloop_tss	Serena_ER	tss	rloop
totalSNV	PD13619	9	1.26494675136375	rloop_tss	Serena_ER	tss	rloop
totalSNV	PD13620	19	2.67044314176792	rloop_tss	Serena_ER	tss	rloop
totalSNV	PD13623	24	3.37319133697001	rloop_tss	Serena_ER	tss	rloop
totalSNV	PD13625	58	8.15187906434419	rloop_tss	Serena_ER	tss	rloop
totalSNV	PD13626	5	0.702748195202085	rloop_tss	Serena_ER	tss	rloop
totalSNV	PD13629	15	2.10824458560626	rloop_tss	Serena_ER	tss	rloop
totalSNV	PD13630	11	1.54604602944459	rloop_tss	Serena_ER	tss	rloop
totalSNV	PD13631	11	1.54604602944459	rloop_tss	Serena_ER	tss	rloop
totalSNV	PD13752	9	1.26494675136375	rloop_tss	Serena_ER	tss	rloop
totalSNV	PD13753	50	7.02748195202085	rloop_tss	Serena_ER	tss	rloop
totalSNV	PD13754	26	3.65429061505084	rloop_tss	Serena_ER	tss	rloop
totalSNV	PD13755	12	1.686595668485	rloop_tss	Serena_ER	tss	rloop
totalSNV	PD13756	9	1.26494675136375	rloop_tss	Serena_ER	tss	rloop
totalSNV	PD13757	15	2.10824458560626	rloop_tss	Serena_ER	tss	rloop
totalSNV	PD13758	8	1.12439711232334	rloop_tss	Serena_ER	tss	rloop
totalSNV	PD13760	19	2.67044314176792	rloop_tss	Serena_ER	tss	rloop
totalSNV	PD13761	9	1.26494675136375	rloop_tss	Serena_ER	tss	rloop
totalSNV	PD13762	22	3.09209205888917	rloop_tss	Serena_ER	tss	rloop
totalSNV	PD13763	13	1.82714530752542	rloop_tss	Serena_ER	tss	rloop
totalSNV	PD13764	20	2.81099278080834	rloop_tss	Serena_ER	tss	rloop
totalSNV	PD13765	16	2.24879422464667	rloop_tss	Serena_ER	tss	rloop
totalSNV	PD13766	9	1.26494675136375	rloop_tss	Serena_ER	tss	rloop
totalSNV	PD13767	46	6.46528339585918	rloop_tss	Serena_ER	tss	rloop
totalSNV	PD13768	12	1.686595668485	rloop_tss	Serena_ER	tss	rloop
totalSNV	PD13770	6	0.843297834242502	rloop_tss	Serena_ER	tss	rloop
totalSNV	PD13771	72	10.11957401091	rloop_tss	Serena_ER	tss	rloop
totalSNV	PD14432	5	0.702748195202085	rloop_tss	Serena_ER	tss	rloop
totalSNV	PD14433	26	3.65429061505084	rloop_tss	Serena_ER	tss	rloop
totalSNV	PD14435	21	2.95154241984876	rloop_tss	Serena_ER	tss	rloop
totalSNV	PD14437	12	1.686595668485	rloop_tss	Serena_ER	tss	rloop
totalSNV	PD14439	9	1.26494675136375	rloop_tss	Serena_ER	tss	rloop
totalSNV	PD14441	19	2.67044314176792	rloop_tss	Serena_ER	tss	rloop
totalSNV	PD14442	8	1.12439711232334	rloop_tss	Serena_ER	tss	rloop
totalSNV	PD14450	9	1.26494675136375	rloop_tss	Serena_ER	tss	rloop
totalSNV	PD14453	48	6.74638267394002	rloop_tss	Serena_ER	tss	rloop
totalSNV	PD14454	11	1.54604602944459	rloop_tss	Serena_ER	tss	rloop
totalSNV	PD14456	6	0.843297834242502	rloop_tss	Serena_ER	tss	rloop
totalSNV	PD14457	29	4.07593953217209	rloop_tss	Serena_ER	tss	rloop
totalSNV	PD14458	23	3.23264169792959	rloop_tss	Serena_ER	tss	rloop
totalSNV	PD14459	3	0.421648917121251	rloop_tss	Serena_ER	tss	rloop
totalSNV	PD14460	28	3.93538989313168	rloop_tss	Serena_ER	tss	rloop
totalSNV	PD14461	5	0.702748195202085	rloop_tss	Serena_ER	tss	rloop
totalSNV	PD14462	24	3.37319133697001	rloop_tss	Serena_ER	tss	rloop
totalSNV	PD14465	17	2.38934386368709	rloop_tss	Serena_ER	tss	rloop
totalSNV	PD14467	17	2.38934386368709	rloop_tss	Serena_ER	tss	rloop
totalSNV	PD14468	6	0.843297834242502	rloop_tss	Serena_ER	tss	rloop
totalSNV	PD14471	37	5.20033664449543	rloop_tss	Serena_ER	tss	rloop
totalSNV	PD14472	11	1.54604602944459	rloop_tss	Serena_ER	tss	rloop
totalSNV	PD14473	6	0.843297834242502	rloop_tss	Serena_ER	tss	rloop
totalSNV	PD17973	3	0.421648917121251	rloop_tss	Serena_ER	tss	rloop
totalSNV	PD17981	34	4.77868772737418	rloop_tss	Serena_ER	tss	rloop
totalSNV	PD17991	12	1.686595668485	rloop_tss	Serena_ER	tss	rloop
totalSNV	PD17994	15	2.10824458560626	rloop_tss	Serena_ER	tss	rloop
totalSNV	PD18046	11	1.54604602944459	rloop_tss	Serena_ER	tss	rloop
totalSNV	PD18100	3	0.421648917121251	rloop_tss	Serena_ER	tss	rloop
totalSNV	PD18101	3	0.421648917121251	rloop_tss	Serena_ER	tss	rloop
totalSNV	PD18116	11	1.54604602944459	rloop_tss	Serena_ER	tss	rloop
totalSNV	PD18149	13	1.82714530752542	rloop_tss	Serena_ER	tss	rloop
totalSNV	PD18247	101	14.1955135430821	rloop_tss	Serena_ER	tss	rloop
totalSNV	PD18251	35	4.9192373664146	rloop_tss	Serena_ER	tss	rloop
totalSNV	PD18257	15	2.10824458560626	rloop_tss	Serena_ER	tss	rloop
totalSNV	PD18258	4	0.562198556161668	rloop_tss	Serena_ER	tss	rloop
totalSNV	PD18259	46	6.46528339585918	rloop_tss	Serena_ER	tss	rloop
totalSNV	PD18264	46	6.46528339585918	rloop_tss	Serena_ER	tss	rloop
totalSNV	PD18269	9	1.26494675136375	rloop_tss	Serena_ER	tss	rloop
totalSNV	PD18728	21	2.95154241984876	rloop_tss	Serena_ER	tss	rloop
totalSNV	PD18730	13	1.82714530752542	rloop_tss	Serena_ER	tss	rloop
totalSNV	PD18733	9	1.26494675136375	rloop_tss	Serena_ER	tss	rloop
totalSNV	PD18734	25	3.51374097601043	rloop_tss	Serena_ER	tss	rloop
totalSNV	PD18748	12	1.686595668485	rloop_tss	Serena_ER	tss	rloop
totalSNV	PD18749	41	5.7625352006571	rloop_tss	Serena_ER	tss	rloop
totalSNV	PD18751	9	1.26494675136375	rloop_tss	Serena_ER	tss	rloop
totalSNV	PD18754	10	1.40549639040417	rloop_tss	Serena_ER	tss	rloop
totalSNV	PD18756	15	2.10824458560626	rloop_tss	Serena_ER	tss	rloop
totalSNV	PD18768	10	1.40549639040417	rloop_tss	Serena_ER	tss	rloop
totalSNV	PD18769	25	3.51374097601043	rloop_tss	Serena_ER	tss	rloop
totalSNV	PD18771	2	0.281099278080834	rloop_tss	Serena_ER	tss	rloop
totalSNV	PD18775	2	0.281099278080834	rloop_tss	Serena_ER	tss	rloop
totalSNV	PD18776	2	0.281099278080834	rloop_tss	Serena_ER	tss	rloop
totalSNV	PD22251	4	0.562198556161668	rloop_tss	Serena_ER	tss	rloop
totalSNV	PD22361	46	6.46528339585918	rloop_tss	Serena_ER	tss	rloop
totalSNV	PD22364	10	1.40549639040417	rloop_tss	Serena_ER	tss	rloop
totalSNV	PD22365	0	0	rloop_tss	Serena_ER	tss	rloop
totalSNV	PD23550	2	0.281099278080834	rloop_tss	Serena_ER	tss	rloop
totalSNV	PD23558	35	4.9192373664146	rloop_tss	Serena_ER	tss	rloop
totalSNV	PD23570	9	1.26494675136375	rloop_tss	Serena_ER	tss	rloop
totalSNV	PD24193	34	4.77868772737418	rloop_tss	Serena_ER	tss	rloop
totalSNV	PD24199	12	1.686595668485	rloop_tss	Serena_ER	tss	rloop
totalSNV	PD24206	7	0.983847473282919	rloop_tss	Serena_ER	tss	rloop
totalSNV	PD24212	20	2.81099278080834	rloop_tss	Serena_ER	tss	rloop
totalSNV	PD24214	20	2.81099278080834	rloop_tss	Serena_ER	tss	rloop
totalSNV	PD24216	27	3.79484025409126	rloop_tss	Serena_ER	tss	rloop
totalSNV	PD24223	8	1.12439711232334	rloop_tss	Serena_ER	tss	rloop
totalSNV	PD24302	7	0.983847473282919	rloop_tss	Serena_ER	tss	rloop
totalSNV	PD24307	6	0.843297834242502	rloop_tss	Serena_ER	tss	rloop
totalSNV	PD24320	84	11.806169679395	rloop_tss	Serena_ER	tss	rloop
totalSNV	PD24327	61	8.57352798146544	rloop_tss	Serena_ER	tss	rloop
totalSNV	PD24329	5	0.702748195202085	rloop_tss	Serena_ER	tss	rloop
totalSNV	PD3851	7	0.983847473282919	rloop_tss	Serena_ER	tss	rloop
totalSNV	PD3904	30	4.21648917121251	rloop_tss	Serena_ER	tss	rloop
totalSNV	PD3945	30	4.21648917121251	rloop_tss	Serena_ER	tss	rloop
totalSNV	PD3989	27	3.79484025409126	rloop_tss	Serena_ER	tss	rloop
totalSNV	PD4069	10	1.40549639040417	rloop_tss	Serena_ER	tss	rloop
totalSNV	PD4072	310	43.5703881025293	rloop_tss	Serena_ER	tss	rloop
totalSNV	PD4076	5	0.702748195202085	rloop_tss	Serena_ER	tss	rloop
totalSNV	PD4085	5	0.702748195202085	rloop_tss	Serena_ER	tss	rloop
totalSNV	PD4086	9	1.26494675136375	rloop_tss	Serena_ER	tss	rloop
totalSNV	PD4103	37	5.20033664449543	rloop_tss	Serena_ER	tss	rloop
totalSNV	PD4115	12	1.686595668485	rloop_tss	Serena_ER	tss	rloop
totalSNV	PD4116	32	4.49758844929334	rloop_tss	Serena_ER	tss	rloop
totalSNV	PD4225	20	2.81099278080834	rloop_tss	Serena_ER	tss	rloop
totalSNV	PD4261	5	0.702748195202085	rloop_tss	Serena_ER	tss	rloop
totalSNV	PD4266	34	4.77868772737418	rloop_tss	Serena_ER	tss	rloop
totalSNV	PD4267	15	2.10824458560626	rloop_tss	Serena_ER	tss	rloop
totalSNV	PD4315	21	2.95154241984876	rloop_tss	Serena_ER	tss	rloop
totalSNV	PD4604	74	10.4006732889909	rloop_tss	Serena_ER	tss	rloop
totalSNV	PD4605	17	2.38934386368709	rloop_tss	Serena_ER	tss	rloop
totalSNV	PD4606	5	0.702748195202085	rloop_tss	Serena_ER	tss	rloop
totalSNV	PD4607	211	29.655973837528	rloop_tss	Serena_ER	tss	rloop
totalSNV	PD4613	43	6.04363447873793	rloop_tss	Serena_ER	tss	rloop
totalSNV	PD4872	14	1.96769494656584	rloop_tss	Serena_ER	tss	rloop
totalSNV	PD4876	1	0.140549639040417	rloop_tss	Serena_ER	tss	rloop
totalSNV	PD4951	2	0.281099278080834	rloop_tss	Serena_ER	tss	rloop
totalSNV	PD4952	52	7.30858123010169	rloop_tss	Serena_ER	tss	rloop
totalSNV	PD4953	37	5.20033664449543	rloop_tss	Serena_ER	tss	rloop
totalSNV	PD4954	41	5.7625352006571	rloop_tss	Serena_ER	tss	rloop
totalSNV	PD4957	18	2.52989350272751	rloop_tss	Serena_ER	tss	rloop
totalSNV	PD4958	31	4.35703881025293	rloop_tss	Serena_ER	tss	rloop
totalSNV	PD4959	12	1.686595668485	rloop_tss	Serena_ER	tss	rloop
totalSNV	PD4965	9	1.26494675136375	rloop_tss	Serena_ER	tss	rloop
totalSNV	PD4967	24	3.37319133697001	rloop_tss	Serena_ER	tss	rloop
totalSNV	PD4968	29	4.07593953217209	rloop_tss	Serena_ER	tss	rloop
totalSNV	PD4970	34	4.77868772737418	rloop_tss	Serena_ER	tss	rloop
totalSNV	PD4971	24	3.37319133697001	rloop_tss	Serena_ER	tss	rloop
totalSNV	PD4972	4	0.562198556161668	rloop_tss	Serena_ER	tss	rloop
totalSNV	PD4976	23	3.23264169792959	rloop_tss	Serena_ER	tss	rloop
totalSNV	PD4981	6	0.843297834242502	rloop_tss	Serena_ER	tss	rloop
totalSNV	PD4982	18	2.52989350272751	rloop_tss	Serena_ER	tss	rloop
totalSNV	PD4983	11	1.54604602944459	rloop_tss	Serena_ER	tss	rloop
totalSNV	PD4985	4	0.562198556161668	rloop_tss	Serena_ER	tss	rloop
totalSNV	PD4986	26	3.65429061505084	rloop_tss	Serena_ER	tss	rloop
totalSNV	PD5928	26	3.65429061505084	rloop_tss	Serena_ER	tss	rloop
totalSNV	PD5936	17	2.38934386368709	rloop_tss	Serena_ER	tss	rloop
totalSNV	PD5937	814	114.407406178899	rloop_tss	Serena_ER	tss	rloop
totalSNV	PD5946	30	4.21648917121251	rloop_tss	Serena_ER	tss	rloop
totalSNV	PD5947	13	1.82714530752542	rloop_tss	Serena_ER	tss	rloop
totalSNV	PD5951	5	0.702748195202085	rloop_tss	Serena_ER	tss	rloop
totalSNV	PD5953	23	3.23264169792959	rloop_tss	Serena_ER	tss	rloop
totalSNV	PD5956	20	2.81099278080834	rloop_tss	Serena_ER	tss	rloop
totalSNV	PD5959	18	2.52989350272751	rloop_tss	Serena_ER	tss	rloop
totalSNV	PD5960	19	2.67044314176792	rloop_tss	Serena_ER	tss	rloop
totalSNV	PD5961	33	4.63813808833376	rloop_tss	Serena_ER	tss	rloop
totalSNV	PD5964	23	3.23264169792959	rloop_tss	Serena_ER	tss	rloop
totalSNV	PD6016	12	1.686595668485	rloop_tss	Serena_ER	tss	rloop
totalSNV	PD6041	13	1.82714530752542	rloop_tss	Serena_ER	tss	rloop
totalSNV	PD6042	28	3.93538989313168	rloop_tss	Serena_ER	tss	rloop
totalSNV	PD6043	115	16.163208489648	rloop_tss	Serena_ER	tss	rloop
totalSNV	PD6044	10	1.40549639040417	rloop_tss	Serena_ER	tss	rloop
totalSNV	PD6045	19	2.67044314176792	rloop_tss	Serena_ER	tss	rloop
totalSNV	PD6417	31	4.35703881025293	rloop_tss	Serena_ER	tss	rloop
totalSNV	PD6418	9	1.26494675136375	rloop_tss	Serena_ER	tss	rloop
totalSNV	PD6422	44	6.18418411777835	rloop_tss	Serena_ER	tss	rloop
totalSNV	PD6466	18	2.52989350272751	rloop_tss	Serena_ER	tss	rloop
totalSNV	PD6711	20	2.81099278080834	rloop_tss	Serena_ER	tss	rloop
totalSNV	PD6719	35	4.9192373664146	rloop_tss	Serena_ER	tss	rloop
totalSNV	PD6720	10	1.40549639040417	rloop_tss	Serena_ER	tss	rloop
totalSNV	PD6721	22	3.09209205888917	rloop_tss	Serena_ER	tss	rloop
totalSNV	PD7199	100	14.0549639040417	rloop_tss	Serena_ER	tss	rloop
totalSNV	PD7201	15	2.10824458560626	rloop_tss	Serena_ER	tss	rloop
totalSNV	PD7206	36	5.05978700545501	rloop_tss	Serena_ER	tss	rloop
totalSNV	PD7207	17	2.38934386368709	rloop_tss	Serena_ER	tss	rloop
totalSNV	PD7209	21	2.95154241984876	rloop_tss	Serena_ER	tss	rloop
totalSNV	PD7210	9	1.26494675136375	rloop_tss	Serena_ER	tss	rloop
totalSNV	PD7214	9	1.26494675136375	rloop_tss	Serena_ER	tss	rloop
totalSNV	PD7215	61	8.57352798146544	rloop_tss	Serena_ER	tss	rloop
totalSNV	PD7218	13	1.82714530752542	rloop_tss	Serena_ER	tss	rloop
totalSNV	PD7219	121	17.0065063238905	rloop_tss	Serena_ER	tss	rloop
totalSNV	PD7221	23	3.23264169792959	rloop_tss	Serena_ER	tss	rloop
totalSNV	PD7238	10	1.40549639040417	rloop_tss	Serena_ER	tss	rloop
totalSNV	PD7240	16	2.24879422464667	rloop_tss	Serena_ER	tss	rloop
totalSNV	PD7243	26	3.65429061505084	rloop_tss	Serena_ER	tss	rloop
totalSNV	PD7322	7	0.983847473282919	rloop_tss	Serena_ER	tss	rloop
totalSNV	PD8609	37	5.20033664449543	rloop_tss	Serena_ER	tss	rloop
totalSNV	PD8610	25	3.51374097601043	rloop_tss	Serena_ER	tss	rloop
totalSNV	PD8612	9	1.26494675136375	rloop_tss	Serena_ER	tss	rloop
totalSNV	PD8614	10	1.40549639040417	rloop_tss	Serena_ER	tss	rloop
totalSNV	PD8615	20	2.81099278080834	rloop_tss	Serena_ER	tss	rloop
totalSNV	PD8617	14	1.96769494656584	rloop_tss	Serena_ER	tss	rloop
totalSNV	PD8618	17	2.38934386368709	rloop_tss	Serena_ER	tss	rloop
totalSNV	PD8620	35	4.9192373664146	rloop_tss	Serena_ER	tss	rloop
totalSNV	PD8622	11	1.54604602944459	rloop_tss	Serena_ER	tss	rloop
totalSNV	PD8623	9	1.26494675136375	rloop_tss	Serena_ER	tss	rloop
totalSNV	PD8828	3	0.421648917121251	rloop_tss	Serena_ER	tss	rloop
totalSNV	PD8973	29	4.07593953217209	rloop_tss	Serena_ER	tss	rloop
totalSNV	PD8977	10	1.40549639040417	rloop_tss	Serena_ER	tss	rloop
totalSNV	PD8978	35	4.9192373664146	rloop_tss	Serena_ER	tss	rloop
totalSNV	PD8979	20	2.81099278080834	rloop_tss	Serena_ER	tss	rloop
totalSNV	PD8980	87	12.2278185965163	rloop_tss	Serena_ER	tss	rloop
totalSNV	PD8981	7	0.983847473282919	rloop_tss	Serena_ER	tss	rloop
totalSNV	PD9000	66	9.27627617666752	rloop_tss	Serena_ER	tss	rloop
totalSNV	PD9001	18	2.52989350272751	rloop_tss	Serena_ER	tss	rloop
totalSNV	PD9002	29	4.07593953217209	rloop_tss	Serena_ER	tss	rloop
totalSNV	PD9063	494	69.431521685966	rloop_tss	Serena_ER	tss	rloop
totalSNV	PD9065	12	1.686595668485	rloop_tss	Serena_ER	tss	rloop
totalSNV	PD9067	14	1.96769494656584	rloop_tss	Serena_ER	tss	rloop
totalSNV	PD9193	15	2.10824458560626	rloop_tss	Serena_ER	tss	rloop
totalSNV	PD9464	33	4.63813808833376	rloop_tss	Serena_ER	tss	rloop
totalSNV	PD9467	27	3.79484025409126	rloop_tss	Serena_ER	tss	rloop
totalSNV	PD9539	25	3.51374097601043	rloop_tss	Serena_ER	tss	rloop
totalSNV	PD9541	23	3.23264169792959	rloop_tss	Serena_ER	tss	rloop
totalSNV	PD9544	13	1.82714530752542	rloop_tss	Serena_ER	tss	rloop
totalSNV	PD9567	16	2.24879422464667	rloop_tss	Serena_ER	tss	rloop
totalSNV	PD9569	8	1.12439711232334	rloop_tss	Serena_ER	tss	rloop
totalSNV	PD9570	14	1.96769494656584	rloop_tss	Serena_ER	tss	rloop
totalSNV	PD9572	25	3.51374097601043	rloop_tss	Serena_ER	tss	rloop
totalSNV	PD9573	10	1.40549639040417	rloop_tss	Serena_ER	tss	rloop
totalSNV	PD9574	6	0.843297834242502	rloop_tss	Serena_ER	tss	rloop
totalSNV	PD9577	16	2.24879422464667	rloop_tss	Serena_ER	tss	rloop
totalSNV	PD9578	2	0.281099278080834	rloop_tss	Serena_ER	tss	rloop
totalSNV	PD9581	11	1.54604602944459	rloop_tss	Serena_ER	tss	rloop
totalSNV	PD9582	7	0.983847473282919	rloop_tss	Serena_ER	tss	rloop
totalSNV	PD9589	11	1.54604602944459	rloop_tss	Serena_ER	tss	rloop
totalSNV	PD9591	8	1.12439711232334	rloop_tss	Serena_ER	tss	rloop
totalSNV	PD9593	10	1.40549639040417	rloop_tss	Serena_ER	tss	rloop
totalSNV	PD9597	29	4.07593953217209	rloop_tss	Serena_ER	tss	rloop
totalSNV	PD9599	33	4.63813808833376	rloop_tss	Serena_ER	tss	rloop
totalSNV	PD9600	4	0.562198556161668	rloop_tss	Serena_ER	tss	rloop
totalSNV	PD9605	25	3.51374097601043	rloop_tss	Serena_ER	tss	rloop
totalSNV	PD9606	11	1.54604602944459	rloop_tss	Serena_ER	tss	rloop
totalSNV	PD9694	10	1.40549639040417	rloop_tss	Serena_ER	tss	rloop
totalSNV	PD9752	17	2.38934386368709	rloop_tss	Serena_ER	tss	rloop
totalSNV	PD9754	7	0.983847473282919	rloop_tss	Serena_ER	tss	rloop
totalSNV	PD9756	53	7.4491308691421	rloop_tss	Serena_ER	tss	rloop
totalSNV	PD9759	4	0.562198556161668	rloop_tss	Serena_ER	tss	rloop
totalSNV	PD9760	24	3.37319133697001	rloop_tss	Serena_ER	tss	rloop
totalSNV	PD9761	11	1.54604602944459	rloop_tss	Serena_ER	tss	rloop
totalSNV	PD9842	32	4.49758844929334	rloop_tss	Serena_ER	tss	rloop
totalSNV	PD9843	16	2.24879422464667	rloop_tss	Serena_ER	tss	rloop
totalSNV	PD9844	2	0.281099278080834	rloop_tss	Serena_ER	tss	rloop
totalSNV	PD9845	22	3.09209205888917	rloop_tss	Serena_ER	tss	rloop
totalSNV	PD9847	30	4.21648917121251	rloop_tss	Serena_ER	tss	rloop
totalSNV	PD11336	26	2.74020736835438	norloop_tss	Serena_ER	tss	norloop
totalSNV	PD11337	12	1.26471109308664	norloop_tss	Serena_ER	tss	norloop
totalSNV	PD11338	9	0.948533319814977	norloop_tss	Serena_ER	tss	norloop
totalSNV	PD11339	15	1.5808888663583	norloop_tss	Serena_ER	tss	norloop
totalSNV	PD11340	29	3.05638514162604	norloop_tss	Serena_ER	tss	norloop
totalSNV	PD11341	10	1.05392591090553	norloop_tss	Serena_ER	tss	norloop
totalSNV	PD11342	27	2.84559995944493	norloop_tss	Serena_ER	tss	norloop
totalSNV	PD11343	13	1.37010368417719	norloop_tss	Serena_ER	tss	norloop
totalSNV	PD11352	7	0.737748137633871	norloop_tss	Serena_ER	tss	norloop
totalSNV	PD11355	9	0.948533319814977	norloop_tss	Serena_ER	tss	norloop
totalSNV	PD11357	9	0.948533319814977	norloop_tss	Serena_ER	tss	norloop
totalSNV	PD11358	19	2.00245923072051	norloop_tss	Serena_ER	tss	norloop
totalSNV	PD11359	16	1.68628145744885	norloop_tss	Serena_ER	tss	norloop
totalSNV	PD11360	18	1.89706663962995	norloop_tss	Serena_ER	tss	norloop
totalSNV	PD11361	8	0.843140728724424	norloop_tss	Serena_ER	tss	norloop
totalSNV	PD11364	11	1.15931850199608	norloop_tss	Serena_ER	tss	norloop
totalSNV	PD11365	60	6.32355546543318	norloop_tss	Serena_ER	tss	norloop
totalSNV	PD11366	6	0.632355546543318	norloop_tss	Serena_ER	tss	norloop
totalSNV	PD11367	54	5.69119991888986	norloop_tss	Serena_ER	tss	norloop
totalSNV	PD11368	37	3.89952587035046	norloop_tss	Serena_ER	tss	norloop
totalSNV	PD11369	62	6.53434064761429	norloop_tss	Serena_ER	tss	norloop
totalSNV	PD11370	5	0.526962955452765	norloop_tss	Serena_ER	tss	norloop
totalSNV	PD11372	88	9.27454801596866	norloop_tss	Serena_ER	tss	norloop
totalSNV	PD11374	12	1.26471109308664	norloop_tss	Serena_ER	tss	norloop
totalSNV	PD11375	8	0.843140728724424	norloop_tss	Serena_ER	tss	norloop
totalSNV	PD11376	14	1.47549627526774	norloop_tss	Serena_ER	tss	norloop
totalSNV	PD11379	114	12.014755384323	norloop_tss	Serena_ER	tss	norloop
totalSNV	PD11380	9	0.948533319814977	norloop_tss	Serena_ER	tss	norloop
totalSNV	PD11381	28	2.95099255053548	norloop_tss	Serena_ER	tss	norloop
totalSNV	PD11383	14	1.47549627526774	norloop_tss	Serena_ER	tss	norloop
totalSNV	PD11384	11	1.15931850199608	norloop_tss	Serena_ER	tss	norloop
totalSNV	PD11385	4	0.421570364362212	norloop_tss	Serena_ER	tss	norloop
totalSNV	PD11386	22	2.31863700399217	norloop_tss	Serena_ER	tss	norloop
totalSNV	PD11388	21	2.21324441290161	norloop_tss	Serena_ER	tss	norloop
totalSNV	PD11389	8	0.843140728724424	norloop_tss	Serena_ER	tss	norloop
totalSNV	PD11391	4	0.421570364362212	norloop_tss	Serena_ER	tss	norloop
totalSNV	PD11393	38	4.00491846144101	norloop_tss	Serena_ER	tss	norloop
totalSNV	PD11394	13	1.37010368417719	norloop_tss	Serena_ER	tss	norloop
totalSNV	PD11395	24	2.52942218617327	norloop_tss	Serena_ER	tss	norloop
totalSNV	PD11396	10	1.05392591090553	norloop_tss	Serena_ER	tss	norloop
totalSNV	PD11397	25	2.63481477726383	norloop_tss	Serena_ER	tss	norloop
totalSNV	PD11398	14	1.47549627526774	norloop_tss	Serena_ER	tss	norloop
totalSNV	PD11399	16	1.68628145744885	norloop_tss	Serena_ER	tss	norloop
totalSNV	PD11402	13	1.37010368417719	norloop_tss	Serena_ER	tss	norloop
totalSNV	PD11740	15	1.5808888663583	norloop_tss	Serena_ER	tss	norloop
totalSNV	PD11741	9	0.948533319814977	norloop_tss	Serena_ER	tss	norloop
totalSNV	PD11742	49	5.1642369634371	norloop_tss	Serena_ER	tss	norloop
totalSNV	PD11743	14	1.47549627526774	norloop_tss	Serena_ER	tss	norloop
totalSNV	PD11744	15	1.5808888663583	norloop_tss	Serena_ER	tss	norloop
totalSNV	PD11745	11	1.15931850199608	norloop_tss	Serena_ER	tss	norloop
totalSNV	PD11750	46	4.84805919016544	norloop_tss	Serena_ER	tss	norloop
totalSNV	PD11753	37	3.89952587035046	norloop_tss	Serena_ER	tss	norloop
totalSNV	PD11756	10	1.05392591090553	norloop_tss	Serena_ER	tss	norloop
totalSNV	PD11760	27	2.84559995944493	norloop_tss	Serena_ER	tss	norloop
totalSNV	PD11761	8	0.843140728724424	norloop_tss	Serena_ER	tss	norloop
totalSNV	PD11765	6	0.632355546543318	norloop_tss	Serena_ER	tss	norloop
totalSNV	PD11766	7	0.737748137633871	norloop_tss	Serena_ER	tss	norloop
totalSNV	PD11767	4	0.421570364362212	norloop_tss	Serena_ER	tss	norloop
totalSNV	PD11769	26	2.74020736835438	norloop_tss	Serena_ER	tss	norloop
totalSNV	PD11816	11	1.15931850199608	norloop_tss	Serena_ER	tss	norloop
totalSNV	PD11818	11	1.15931850199608	norloop_tss	Serena_ER	tss	norloop
totalSNV	PD11819	5	0.526962955452765	norloop_tss	Serena_ER	tss	norloop
totalSNV	PD13302	27	2.84559995944493	norloop_tss	Serena_ER	tss	norloop
totalSNV	PD13304	18	1.89706663962995	norloop_tss	Serena_ER	tss	norloop
totalSNV	PD13306	13	1.37010368417719	norloop_tss	Serena_ER	tss	norloop
totalSNV	PD13307	29	3.05638514162604	norloop_tss	Serena_ER	tss	norloop
totalSNV	PD13310	11	1.15931850199608	norloop_tss	Serena_ER	tss	norloop
totalSNV	PD13312	11	1.15931850199608	norloop_tss	Serena_ER	tss	norloop
totalSNV	PD13416	7	0.737748137633871	norloop_tss	Serena_ER	tss	norloop
totalSNV	PD13419	5	0.526962955452765	norloop_tss	Serena_ER	tss	norloop
totalSNV	PD13420	20	2.10785182181106	norloop_tss	Serena_ER	tss	norloop
totalSNV	PD13422	16	1.68628145744885	norloop_tss	Serena_ER	tss	norloop
totalSNV	PD13424	25	2.63481477726383	norloop_tss	Serena_ER	tss	norloop
totalSNV	PD13425	201	21.1839108092012	norloop_tss	Serena_ER	tss	norloop
totalSNV	PD13426	18	1.89706663962995	norloop_tss	Serena_ER	tss	norloop
totalSNV	PD13427	3	0.316177773271659	norloop_tss	Serena_ER	tss	norloop
totalSNV	PD13618	12	1.26471109308664	norloop_tss	Serena_ER	tss	norloop
totalSNV	PD13619	9	0.948533319814977	norloop_tss	Serena_ER	tss	norloop
totalSNV	PD13620	28	2.95099255053548	norloop_tss	Serena_ER	tss	norloop
totalSNV	PD13623	16	1.68628145744885	norloop_tss	Serena_ER	tss	norloop
totalSNV	PD13625	63	6.63973323870484	norloop_tss	Serena_ER	tss	norloop
totalSNV	PD13626	4	0.421570364362212	norloop_tss	Serena_ER	tss	norloop
totalSNV	PD13629	14	1.47549627526774	norloop_tss	Serena_ER	tss	norloop
totalSNV	PD13630	19	2.00245923072051	norloop_tss	Serena_ER	tss	norloop
totalSNV	PD13631	2	0.210785182181106	norloop_tss	Serena_ER	tss	norloop
totalSNV	PD13752	15	1.5808888663583	norloop_tss	Serena_ER	tss	norloop
totalSNV	PD13753	47	4.95345178125599	norloop_tss	Serena_ER	tss	norloop
totalSNV	PD13754	13	1.37010368417719	norloop_tss	Serena_ER	tss	norloop
totalSNV	PD13755	6	0.632355546543318	norloop_tss	Serena_ER	tss	norloop
totalSNV	PD13756	19	2.00245923072051	norloop_tss	Serena_ER	tss	norloop
totalSNV	PD13757	8	0.843140728724424	norloop_tss	Serena_ER	tss	norloop
totalSNV	PD13758	10	1.05392591090553	norloop_tss	Serena_ER	tss	norloop
totalSNV	PD13760	32	3.3725629148977	norloop_tss	Serena_ER	tss	norloop
totalSNV	PD13761	9	0.948533319814977	norloop_tss	Serena_ER	tss	norloop
totalSNV	PD13762	11	1.15931850199608	norloop_tss	Serena_ER	tss	norloop
totalSNV	PD13763	19	2.00245923072051	norloop_tss	Serena_ER	tss	norloop
totalSNV	PD13764	17	1.7916740485394	norloop_tss	Serena_ER	tss	norloop
totalSNV	PD13765	35	3.68874068816936	norloop_tss	Serena_ER	tss	norloop
totalSNV	PD13766	15	1.5808888663583	norloop_tss	Serena_ER	tss	norloop
totalSNV	PD13767	10	1.05392591090553	norloop_tss	Serena_ER	tss	norloop
totalSNV	PD13768	11	1.15931850199608	norloop_tss	Serena_ER	tss	norloop
totalSNV	PD13770	11	1.15931850199608	norloop_tss	Serena_ER	tss	norloop
totalSNV	PD13771	63	6.63973323870484	norloop_tss	Serena_ER	tss	norloop
totalSNV	PD14432	13	1.37010368417719	norloop_tss	Serena_ER	tss	norloop
totalSNV	PD14433	21	2.21324441290161	norloop_tss	Serena_ER	tss	norloop
totalSNV	PD14435	20	2.10785182181106	norloop_tss	Serena_ER	tss	norloop
totalSNV	PD14437	13	1.37010368417719	norloop_tss	Serena_ER	tss	norloop
totalSNV	PD14439	9	0.948533319814977	norloop_tss	Serena_ER	tss	norloop
totalSNV	PD14441	18	1.89706663962995	norloop_tss	Serena_ER	tss	norloop
totalSNV	PD14442	4	0.421570364362212	norloop_tss	Serena_ER	tss	norloop
totalSNV	PD14450	6	0.632355546543318	norloop_tss	Serena_ER	tss	norloop
totalSNV	PD14453	76	8.00983692288203	norloop_tss	Serena_ER	tss	norloop
totalSNV	PD14454	20	2.10785182181106	norloop_tss	Serena_ER	tss	norloop
totalSNV	PD14456	10	1.05392591090553	norloop_tss	Serena_ER	tss	norloop
totalSNV	PD14457	26	2.74020736835438	norloop_tss	Serena_ER	tss	norloop
totalSNV	PD14458	7	0.737748137633871	norloop_tss	Serena_ER	tss	norloop
totalSNV	PD14459	10	1.05392591090553	norloop_tss	Serena_ER	tss	norloop
totalSNV	PD14460	23	2.42402959508272	norloop_tss	Serena_ER	tss	norloop
totalSNV	PD14461	6	0.632355546543318	norloop_tss	Serena_ER	tss	norloop
totalSNV	PD14462	8	0.843140728724424	norloop_tss	Serena_ER	tss	norloop
totalSNV	PD14465	18	1.89706663962995	norloop_tss	Serena_ER	tss	norloop
totalSNV	PD14467	13	1.37010368417719	norloop_tss	Serena_ER	tss	norloop
totalSNV	PD14468	13	1.37010368417719	norloop_tss	Serena_ER	tss	norloop
totalSNV	PD14471	16	1.68628145744885	norloop_tss	Serena_ER	tss	norloop
totalSNV	PD14472	9	0.948533319814977	norloop_tss	Serena_ER	tss	norloop
totalSNV	PD14473	5	0.526962955452765	norloop_tss	Serena_ER	tss	norloop
totalSNV	PD17973	3	0.316177773271659	norloop_tss	Serena_ER	tss	norloop
totalSNV	PD17981	44	4.63727400798433	norloop_tss	Serena_ER	tss	norloop
totalSNV	PD17991	12	1.26471109308664	norloop_tss	Serena_ER	tss	norloop
totalSNV	PD17994	4	0.421570364362212	norloop_tss	Serena_ER	tss	norloop
totalSNV	PD18046	21	2.21324441290161	norloop_tss	Serena_ER	tss	norloop
totalSNV	PD18100	5	0.526962955452765	norloop_tss	Serena_ER	tss	norloop
totalSNV	PD18101	24	2.52942218617327	norloop_tss	Serena_ER	tss	norloop
totalSNV	PD18116	6	0.632355546543318	norloop_tss	Serena_ER	tss	norloop
totalSNV	PD18149	34	3.5833480970788	norloop_tss	Serena_ER	tss	norloop
totalSNV	PD18247	52	5.48041473670876	norloop_tss	Serena_ER	tss	norloop
totalSNV	PD18251	27	2.84559995944493	norloop_tss	Serena_ER	tss	norloop
totalSNV	PD18257	14	1.47549627526774	norloop_tss	Serena_ER	tss	norloop
totalSNV	PD18258	12	1.26471109308664	norloop_tss	Serena_ER	tss	norloop
totalSNV	PD18259	39	4.11031105253157	norloop_tss	Serena_ER	tss	norloop
totalSNV	PD18264	35	3.68874068816936	norloop_tss	Serena_ER	tss	norloop
totalSNV	PD18269	6	0.632355546543318	norloop_tss	Serena_ER	tss	norloop
totalSNV	PD18728	8	0.843140728724424	norloop_tss	Serena_ER	tss	norloop
totalSNV	PD18730	3	0.316177773271659	norloop_tss	Serena_ER	tss	norloop
totalSNV	PD18733	16	1.68628145744885	norloop_tss	Serena_ER	tss	norloop
totalSNV	PD18734	15	1.5808888663583	norloop_tss	Serena_ER	tss	norloop
totalSNV	PD18748	19	2.00245923072051	norloop_tss	Serena_ER	tss	norloop
totalSNV	PD18749	13	1.37010368417719	norloop_tss	Serena_ER	tss	norloop
totalSNV	PD18751	7	0.737748137633871	norloop_tss	Serena_ER	tss	norloop
totalSNV	PD18754	15	1.5808888663583	norloop_tss	Serena_ER	tss	norloop
totalSNV	PD18756	7	0.737748137633871	norloop_tss	Serena_ER	tss	norloop
totalSNV	PD18768	15	1.5808888663583	norloop_tss	Serena_ER	tss	norloop
totalSNV	PD18769	14	1.47549627526774	norloop_tss	Serena_ER	tss	norloop
totalSNV	PD18771	10	1.05392591090553	norloop_tss	Serena_ER	tss	norloop
totalSNV	PD18775	11	1.15931850199608	norloop_tss	Serena_ER	tss	norloop
totalSNV	PD18776	6	0.632355546543318	norloop_tss	Serena_ER	tss	norloop
totalSNV	PD22251	1	0.105392591090553	norloop_tss	Serena_ER	tss	norloop
totalSNV	PD22361	23	2.42402959508272	norloop_tss	Serena_ER	tss	norloop
totalSNV	PD22364	20	2.10785182181106	norloop_tss	Serena_ER	tss	norloop
totalSNV	PD22365	13	1.37010368417719	norloop_tss	Serena_ER	tss	norloop
totalSNV	PD23550	14	1.47549627526774	norloop_tss	Serena_ER	tss	norloop
totalSNV	PD23558	59	6.21816287434263	norloop_tss	Serena_ER	tss	norloop
totalSNV	PD23570	10	1.05392591090553	norloop_tss	Serena_ER	tss	norloop
totalSNV	PD24193	51	5.3750221456182	norloop_tss	Serena_ER	tss	norloop
totalSNV	PD24199	6	0.632355546543318	norloop_tss	Serena_ER	tss	norloop
totalSNV	PD24206	16	1.68628145744885	norloop_tss	Serena_ER	tss	norloop
totalSNV	PD24212	22	2.31863700399217	norloop_tss	Serena_ER	tss	norloop
totalSNV	PD24214	6	0.632355546543318	norloop_tss	Serena_ER	tss	norloop
totalSNV	PD24216	36	3.79413327925991	norloop_tss	Serena_ER	tss	norloop
totalSNV	PD24223	11	1.15931850199608	norloop_tss	Serena_ER	tss	norloop
totalSNV	PD24302	3	0.316177773271659	norloop_tss	Serena_ER	tss	norloop
totalSNV	PD24307	13	1.37010368417719	norloop_tss	Serena_ER	tss	norloop
totalSNV	PD24320	91	9.59072578924032	norloop_tss	Serena_ER	tss	norloop
totalSNV	PD24327	63	6.63973323870484	norloop_tss	Serena_ER	tss	norloop
totalSNV	PD24329	7	0.737748137633871	norloop_tss	Serena_ER	tss	norloop
totalSNV	PD3851	5	0.526962955452765	norloop_tss	Serena_ER	tss	norloop
totalSNV	PD3904	30	3.16177773271659	norloop_tss	Serena_ER	tss	norloop
totalSNV	PD3945	61	6.42894805652373	norloop_tss	Serena_ER	tss	norloop
totalSNV	PD3989	9	0.948533319814977	norloop_tss	Serena_ER	tss	norloop
totalSNV	PD4069	13	1.37010368417719	norloop_tss	Serena_ER	tss	norloop
totalSNV	PD4072	282	29.7207106875359	norloop_tss	Serena_ER	tss	norloop
totalSNV	PD4076	13	1.37010368417719	norloop_tss	Serena_ER	tss	norloop
totalSNV	PD4085	21	2.21324441290161	norloop_tss	Serena_ER	tss	norloop
totalSNV	PD4086	11	1.15931850199608	norloop_tss	Serena_ER	tss	norloop
totalSNV	PD4088	5	0.526962955452765	norloop_tss	Serena_ER	tss	norloop
totalSNV	PD4103	42	4.42648882580323	norloop_tss	Serena_ER	tss	norloop
totalSNV	PD4115	50	5.26962955452765	norloop_tss	Serena_ER	tss	norloop
totalSNV	PD4116	43	4.53188141689378	norloop_tss	Serena_ER	tss	norloop
totalSNV	PD4225	17	1.7916740485394	norloop_tss	Serena_ER	tss	norloop
totalSNV	PD4261	17	1.7916740485394	norloop_tss	Serena_ER	tss	norloop
totalSNV	PD4266	30	3.16177773271659	norloop_tss	Serena_ER	tss	norloop
totalSNV	PD4267	21	2.21324441290161	norloop_tss	Serena_ER	tss	norloop
totalSNV	PD4315	17	1.7916740485394	norloop_tss	Serena_ER	tss	norloop
totalSNV	PD4604	65	6.85051842088595	norloop_tss	Serena_ER	tss	norloop
totalSNV	PD4605	24	2.52942218617327	norloop_tss	Serena_ER	tss	norloop
totalSNV	PD4606	9	0.948533319814977	norloop_tss	Serena_ER	tss	norloop
totalSNV	PD4607	210	22.1324441290161	norloop_tss	Serena_ER	tss	norloop
totalSNV	PD4613	10	1.05392591090553	norloop_tss	Serena_ER	tss	norloop
totalSNV	PD4872	19	2.00245923072051	norloop_tss	Serena_ER	tss	norloop
totalSNV	PD4876	35	3.68874068816936	norloop_tss	Serena_ER	tss	norloop
totalSNV	PD4951	5	0.526962955452765	norloop_tss	Serena_ER	tss	norloop
totalSNV	PD4952	61	6.42894805652373	norloop_tss	Serena_ER	tss	norloop
totalSNV	PD4953	39	4.11031105253157	norloop_tss	Serena_ER	tss	norloop
totalSNV	PD4954	37	3.89952587035046	norloop_tss	Serena_ER	tss	norloop
totalSNV	PD4957	19	2.00245923072051	norloop_tss	Serena_ER	tss	norloop
totalSNV	PD4958	46	4.84805919016544	norloop_tss	Serena_ER	tss	norloop
totalSNV	PD4959	38	4.00491846144101	norloop_tss	Serena_ER	tss	norloop
totalSNV	PD4965	17	1.7916740485394	norloop_tss	Serena_ER	tss	norloop
totalSNV	PD4967	18	1.89706663962995	norloop_tss	Serena_ER	tss	norloop
totalSNV	PD4968	16	1.68628145744885	norloop_tss	Serena_ER	tss	norloop
totalSNV	PD4969	2	0.210785182181106	norloop_tss	Serena_ER	tss	norloop
totalSNV	PD4970	10	1.05392591090553	norloop_tss	Serena_ER	tss	norloop
totalSNV	PD4971	16	1.68628145744885	norloop_tss	Serena_ER	tss	norloop
totalSNV	PD4972	8	0.843140728724424	norloop_tss	Serena_ER	tss	norloop
totalSNV	PD4976	16	1.68628145744885	norloop_tss	Serena_ER	tss	norloop
totalSNV	PD4981	4	0.421570364362212	norloop_tss	Serena_ER	tss	norloop
totalSNV	PD4982	3	0.316177773271659	norloop_tss	Serena_ER	tss	norloop
totalSNV	PD4983	16	1.68628145744885	norloop_tss	Serena_ER	tss	norloop
totalSNV	PD4985	9	0.948533319814977	norloop_tss	Serena_ER	tss	norloop
totalSNV	PD4986	12	1.26471109308664	norloop_tss	Serena_ER	tss	norloop
totalSNV	PD5928	36	3.79413327925991	norloop_tss	Serena_ER	tss	norloop
totalSNV	PD5936	17	1.7916740485394	norloop_tss	Serena_ER	tss	norloop
totalSNV	PD5937	465	49.0075548571072	norloop_tss	Serena_ER	tss	norloop
totalSNV	PD5946	22	2.31863700399217	norloop_tss	Serena_ER	tss	norloop
totalSNV	PD5947	10	1.05392591090553	norloop_tss	Serena_ER	tss	norloop
totalSNV	PD5951	20	2.10785182181106	norloop_tss	Serena_ER	tss	norloop
totalSNV	PD5953	10	1.05392591090553	norloop_tss	Serena_ER	tss	norloop
totalSNV	PD5956	28	2.95099255053548	norloop_tss	Serena_ER	tss	norloop
totalSNV	PD5959	17	1.7916740485394	norloop_tss	Serena_ER	tss	norloop
totalSNV	PD5960	27	2.84559995944493	norloop_tss	Serena_ER	tss	norloop
totalSNV	PD5961	19	2.00245923072051	norloop_tss	Serena_ER	tss	norloop
totalSNV	PD5964	14	1.47549627526774	norloop_tss	Serena_ER	tss	norloop
totalSNV	PD6016	14	1.47549627526774	norloop_tss	Serena_ER	tss	norloop
totalSNV	PD6041	10	1.05392591090553	norloop_tss	Serena_ER	tss	norloop
totalSNV	PD6042	40	4.21570364362212	norloop_tss	Serena_ER	tss	norloop
totalSNV	PD6043	136	14.3333923883152	norloop_tss	Serena_ER	tss	norloop
totalSNV	PD6044	19	2.00245923072051	norloop_tss	Serena_ER	tss	norloop
totalSNV	PD6045	6	0.632355546543318	norloop_tss	Serena_ER	tss	norloop
totalSNV	PD6417	13	1.37010368417719	norloop_tss	Serena_ER	tss	norloop
totalSNV	PD6418	20	2.10785182181106	norloop_tss	Serena_ER	tss	norloop
totalSNV	PD6422	39	4.11031105253157	norloop_tss	Serena_ER	tss	norloop
totalSNV	PD6466	8	0.843140728724424	norloop_tss	Serena_ER	tss	norloop
totalSNV	PD6711	15	1.5808888663583	norloop_tss	Serena_ER	tss	norloop
totalSNV	PD6719	30	3.16177773271659	norloop_tss	Serena_ER	tss	norloop
totalSNV	PD6720	16	1.68628145744885	norloop_tss	Serena_ER	tss	norloop
totalSNV	PD6721	22	2.31863700399217	norloop_tss	Serena_ER	tss	norloop
totalSNV	PD7199	10	1.05392591090553	norloop_tss	Serena_ER	tss	norloop
totalSNV	PD7201	23	2.42402959508272	norloop_tss	Serena_ER	tss	norloop
totalSNV	PD7206	34	3.5833480970788	norloop_tss	Serena_ER	tss	norloop
totalSNV	PD7207	8	0.843140728724424	norloop_tss	Serena_ER	tss	norloop
totalSNV	PD7209	11	1.15931850199608	norloop_tss	Serena_ER	tss	norloop
totalSNV	PD7210	11	1.15931850199608	norloop_tss	Serena_ER	tss	norloop
totalSNV	PD7214	5	0.526962955452765	norloop_tss	Serena_ER	tss	norloop
totalSNV	PD7215	36	3.79413327925991	norloop_tss	Serena_ER	tss	norloop
totalSNV	PD7218	17	1.7916740485394	norloop_tss	Serena_ER	tss	norloop
totalSNV	PD7219	74	7.79905174070092	norloop_tss	Serena_ER	tss	norloop
totalSNV	PD7221	21	2.21324441290161	norloop_tss	Serena_ER	tss	norloop
totalSNV	PD7238	11	1.15931850199608	norloop_tss	Serena_ER	tss	norloop
totalSNV	PD7240	23	2.42402959508272	norloop_tss	Serena_ER	tss	norloop
totalSNV	PD7243	34	3.5833480970788	norloop_tss	Serena_ER	tss	norloop
totalSNV	PD7322	21	2.21324441290161	norloop_tss	Serena_ER	tss	norloop
totalSNV	PD8609	33	3.47795550598825	norloop_tss	Serena_ER	tss	norloop
totalSNV	PD8610	34	3.5833480970788	norloop_tss	Serena_ER	tss	norloop
totalSNV	PD8612	18	1.89706663962995	norloop_tss	Serena_ER	tss	norloop
totalSNV	PD8614	6	0.632355546543318	norloop_tss	Serena_ER	tss	norloop
totalSNV	PD8615	22	2.31863700399217	norloop_tss	Serena_ER	tss	norloop
totalSNV	PD8617	10	1.05392591090553	norloop_tss	Serena_ER	tss	norloop
totalSNV	PD8618	12	1.26471109308664	norloop_tss	Serena_ER	tss	norloop
totalSNV	PD8620	7	0.737748137633871	norloop_tss	Serena_ER	tss	norloop
totalSNV	PD8622	15	1.5808888663583	norloop_tss	Serena_ER	tss	norloop
totalSNV	PD8623	46	4.84805919016544	norloop_tss	Serena_ER	tss	norloop
totalSNV	PD8828	17	1.7916740485394	norloop_tss	Serena_ER	tss	norloop
totalSNV	PD8973	24	2.52942218617327	norloop_tss	Serena_ER	tss	norloop
totalSNV	PD8977	34	3.5833480970788	norloop_tss	Serena_ER	tss	norloop
totalSNV	PD8978	37	3.89952587035046	norloop_tss	Serena_ER	tss	norloop
totalSNV	PD8979	10	1.05392591090553	norloop_tss	Serena_ER	tss	norloop
totalSNV	PD8980	110	11.5931850199608	norloop_tss	Serena_ER	tss	norloop
totalSNV	PD8981	4	0.421570364362212	norloop_tss	Serena_ER	tss	norloop
totalSNV	PD9000	84	8.85297765160645	norloop_tss	Serena_ER	tss	norloop
totalSNV	PD9001	23	2.42402959508272	norloop_tss	Serena_ER	tss	norloop
totalSNV	PD9002	43	4.53188141689378	norloop_tss	Serena_ER	tss	norloop
totalSNV	PD9063	376	39.6276142500479	norloop_tss	Serena_ER	tss	norloop
totalSNV	PD9065	5	0.526962955452765	norloop_tss	Serena_ER	tss	norloop
totalSNV	PD9067	7	0.737748137633871	norloop_tss	Serena_ER	tss	norloop
totalSNV	PD9193	17	1.7916740485394	norloop_tss	Serena_ER	tss	norloop
totalSNV	PD9464	27	2.84559995944493	norloop_tss	Serena_ER	tss	norloop
totalSNV	PD9467	17	1.7916740485394	norloop_tss	Serena_ER	tss	norloop
totalSNV	PD9539	12	1.26471109308664	norloop_tss	Serena_ER	tss	norloop
totalSNV	PD9541	17	1.7916740485394	norloop_tss	Serena_ER	tss	norloop
totalSNV	PD9544	18	1.89706663962995	norloop_tss	Serena_ER	tss	norloop
totalSNV	PD9567	48	5.05884437234654	norloop_tss	Serena_ER	tss	norloop
totalSNV	PD9569	15	1.5808888663583	norloop_tss	Serena_ER	tss	norloop
totalSNV	PD9570	9	0.948533319814977	norloop_tss	Serena_ER	tss	norloop
totalSNV	PD9572	15	1.5808888663583	norloop_tss	Serena_ER	tss	norloop
totalSNV	PD9573	5	0.526962955452765	norloop_tss	Serena_ER	tss	norloop
totalSNV	PD9574	11	1.15931850199608	norloop_tss	Serena_ER	tss	norloop
totalSNV	PD9577	9	0.948533319814977	norloop_tss	Serena_ER	tss	norloop
totalSNV	PD9578	7	0.737748137633871	norloop_tss	Serena_ER	tss	norloop
totalSNV	PD9581	18	1.89706663962995	norloop_tss	Serena_ER	tss	norloop
totalSNV	PD9582	13	1.37010368417719	norloop_tss	Serena_ER	tss	norloop
totalSNV	PD9589	12	1.26471109308664	norloop_tss	Serena_ER	tss	norloop
totalSNV	PD9591	9	0.948533319814977	norloop_tss	Serena_ER	tss	norloop
totalSNV	PD9593	6	0.632355546543318	norloop_tss	Serena_ER	tss	norloop
totalSNV	PD9597	20	2.10785182181106	norloop_tss	Serena_ER	tss	norloop
totalSNV	PD9599	18	1.89706663962995	norloop_tss	Serena_ER	tss	norloop
totalSNV	PD9600	9	0.948533319814977	norloop_tss	Serena_ER	tss	norloop
totalSNV	PD9605	15	1.5808888663583	norloop_tss	Serena_ER	tss	norloop
totalSNV	PD9606	6	0.632355546543318	norloop_tss	Serena_ER	tss	norloop
totalSNV	PD9694	5	0.526962955452765	norloop_tss	Serena_ER	tss	norloop
totalSNV	PD9752	17	1.7916740485394	norloop_tss	Serena_ER	tss	norloop
totalSNV	PD9754	20	2.10785182181106	norloop_tss	Serena_ER	tss	norloop
totalSNV	PD9756	32	3.3725629148977	norloop_tss	Serena_ER	tss	norloop
totalSNV	PD9759	19	2.00245923072051	norloop_tss	Serena_ER	tss	norloop
totalSNV	PD9760	43	4.53188141689378	norloop_tss	Serena_ER	tss	norloop
totalSNV	PD9761	10	1.05392591090553	norloop_tss	Serena_ER	tss	norloop
totalSNV	PD9842	17	1.7916740485394	norloop_tss	Serena_ER	tss	norloop
totalSNV	PD9843	21	2.21324441290161	norloop_tss	Serena_ER	tss	norloop
totalSNV	PD9844	0	0	norloop_tss	Serena_ER	tss	norloop
totalSNV	PD9845	20	2.10785182181106	norloop_tss	Serena_ER	tss	norloop
totalSNV	PD9847	12	1.26471109308664	norloop_tss	Serena_ER	tss	norloop
totalSNV	PD11336	45	5.13001393311784	rloop_tts	Serena_ER	tts	rloop
totalSNV	PD11337	32	3.64800990799491	rloop_tts	Serena_ER	tts	rloop
totalSNV	PD11338	23	2.62200712137134	rloop_tts	Serena_ER	tts	rloop
totalSNV	PD11339	15	1.71000464437261	rloop_tts	Serena_ER	tts	rloop
totalSNV	PD11340	48	5.47201486199237	rloop_tts	Serena_ER	tts	rloop
totalSNV	PD11341	14	1.59600433474777	rloop_tts	Serena_ER	tts	rloop
totalSNV	PD11342	20	2.28000619249682	rloop_tts	Serena_ER	tts	rloop
totalSNV	PD11343	15	1.71000464437261	rloop_tts	Serena_ER	tts	rloop
totalSNV	PD11352	5	0.570001548124205	rloop_tts	Serena_ER	tts	rloop
totalSNV	PD11355	5	0.570001548124205	rloop_tts	Serena_ER	tts	rloop
totalSNV	PD11357	9	1.02600278662357	rloop_tts	Serena_ER	tts	rloop
totalSNV	PD11358	22	2.5080068117465	rloop_tts	Serena_ER	tts	rloop
totalSNV	PD11359	13	1.48200402512293	rloop_tts	Serena_ER	tts	rloop
totalSNV	PD11360	12	1.36800371549809	rloop_tts	Serena_ER	tts	rloop
totalSNV	PD11361	15	1.71000464437261	rloop_tts	Serena_ER	tts	rloop
totalSNV	PD11364	22	2.5080068117465	rloop_tts	Serena_ER	tts	rloop
totalSNV	PD11365	111	12.6540343683573	rloop_tts	Serena_ER	tts	rloop
totalSNV	PD11366	10	1.14000309624841	rloop_tts	Serena_ER	tts	rloop
totalSNV	PD11367	36	4.10401114649427	rloop_tts	Serena_ER	tts	rloop
totalSNV	PD11368	35	3.99001083686943	rloop_tts	Serena_ER	tts	rloop
totalSNV	PD11369	29	3.30600897912039	rloop_tts	Serena_ER	tts	rloop
totalSNV	PD11370	3	0.342000928874523	rloop_tts	Serena_ER	tts	rloop
totalSNV	PD11372	178	20.2920551132217	rloop_tts	Serena_ER	tts	rloop
totalSNV	PD11374	13	1.48200402512293	rloop_tts	Serena_ER	tts	rloop
totalSNV	PD11375	9	1.02600278662357	rloop_tts	Serena_ER	tts	rloop
totalSNV	PD11376	16	1.82400495399746	rloop_tts	Serena_ER	tts	rloop
totalSNV	PD11379	218	24.8520674982153	rloop_tts	Serena_ER	tts	rloop
totalSNV	PD11380	29	3.30600897912039	rloop_tts	Serena_ER	tts	rloop
totalSNV	PD11381	16	1.82400495399746	rloop_tts	Serena_ER	tts	rloop
totalSNV	PD11383	6	0.684001857749046	rloop_tts	Serena_ER	tts	rloop
totalSNV	PD11384	8	0.912002476998727	rloop_tts	Serena_ER	tts	rloop
totalSNV	PD11385	10	1.14000309624841	rloop_tts	Serena_ER	tts	rloop
totalSNV	PD11386	33	3.76201021761975	rloop_tts	Serena_ER	tts	rloop
totalSNV	PD11388	19	2.16600588287198	rloop_tts	Serena_ER	tts	rloop
totalSNV	PD11389	16	1.82400495399746	rloop_tts	Serena_ER	tts	rloop
totalSNV	PD11391	0	0	rloop_tts	Serena_ER	tts	rloop
totalSNV	PD11393	18	2.05200557324714	rloop_tts	Serena_ER	tts	rloop
totalSNV	PD11394	11	1.25400340587325	rloop_tts	Serena_ER	tts	rloop
totalSNV	PD11395	15	1.71000464437261	rloop_tts	Serena_ER	tts	rloop
totalSNV	PD11396	27	3.07800835987071	rloop_tts	Serena_ER	tts	rloop
totalSNV	PD11397	22	2.5080068117465	rloop_tts	Serena_ER	tts	rloop
totalSNV	PD11398	4	0.456001238499364	rloop_tts	Serena_ER	tts	rloop
totalSNV	PD11399	27	3.07800835987071	rloop_tts	Serena_ER	tts	rloop
totalSNV	PD11402	19	2.16600588287198	rloop_tts	Serena_ER	tts	rloop
totalSNV	PD11740	7	0.798002167373887	rloop_tts	Serena_ER	tts	rloop
totalSNV	PD11741	10	1.14000309624841	rloop_tts	Serena_ER	tts	rloop
totalSNV	PD11742	43	4.90201331386816	rloop_tts	Serena_ER	tts	rloop
totalSNV	PD11743	15	1.71000464437261	rloop_tts	Serena_ER	tts	rloop
totalSNV	PD11744	9	1.02600278662357	rloop_tts	Serena_ER	tts	rloop
totalSNV	PD11745	25	2.85000774062102	rloop_tts	Serena_ER	tts	rloop
totalSNV	PD11750	59	6.72601826786562	rloop_tts	Serena_ER	tts	rloop
totalSNV	PD11753	63	7.18201950636498	rloop_tts	Serena_ER	tts	rloop
totalSNV	PD11756	30	3.42000928874523	rloop_tts	Serena_ER	tts	rloop
totalSNV	PD11760	28	3.19200866949555	rloop_tts	Serena_ER	tts	rloop
totalSNV	PD11761	17	1.9380052636223	rloop_tts	Serena_ER	tts	rloop
totalSNV	PD11765	15	1.71000464437261	rloop_tts	Serena_ER	tts	rloop
totalSNV	PD11766	7	0.798002167373887	rloop_tts	Serena_ER	tts	rloop
totalSNV	PD11767	4	0.456001238499364	rloop_tts	Serena_ER	tts	rloop
totalSNV	PD11769	6	0.684001857749046	rloop_tts	Serena_ER	tts	rloop
totalSNV	PD11816	25	2.85000774062102	rloop_tts	Serena_ER	tts	rloop
totalSNV	PD11818	13	1.48200402512293	rloop_tts	Serena_ER	tts	rloop
totalSNV	PD11819	13	1.48200402512293	rloop_tts	Serena_ER	tts	rloop
totalSNV	PD13302	27	3.07800835987071	rloop_tts	Serena_ER	tts	rloop
totalSNV	PD13304	14	1.59600433474777	rloop_tts	Serena_ER	tts	rloop
totalSNV	PD13306	17	1.9380052636223	rloop_tts	Serena_ER	tts	rloop
totalSNV	PD13307	63	7.18201950636498	rloop_tts	Serena_ER	tts	rloop
totalSNV	PD13310	11	1.25400340587325	rloop_tts	Serena_ER	tts	rloop
totalSNV	PD13312	8	0.912002476998727	rloop_tts	Serena_ER	tts	rloop
totalSNV	PD13416	10	1.14000309624841	rloop_tts	Serena_ER	tts	rloop
totalSNV	PD13419	8	0.912002476998727	rloop_tts	Serena_ER	tts	rloop
totalSNV	PD13420	17	1.9380052636223	rloop_tts	Serena_ER	tts	rloop
totalSNV	PD13422	12	1.36800371549809	rloop_tts	Serena_ER	tts	rloop
totalSNV	PD13424	37	4.21801145611911	rloop_tts	Serena_ER	tts	rloop
totalSNV	PD13425	321	36.5940993895739	rloop_tts	Serena_ER	tts	rloop
totalSNV	PD13426	3	0.342000928874523	rloop_tts	Serena_ER	tts	rloop
totalSNV	PD13427	5	0.570001548124205	rloop_tts	Serena_ER	tts	rloop
totalSNV	PD13618	6	0.684001857749046	rloop_tts	Serena_ER	tts	rloop
totalSNV	PD13619	13	1.48200402512293	rloop_tts	Serena_ER	tts	rloop
totalSNV	PD13620	49	5.58601517161721	rloop_tts	Serena_ER	tts	rloop
totalSNV	PD13623	19	2.16600588287198	rloop_tts	Serena_ER	tts	rloop
totalSNV	PD13625	60	6.84001857749046	rloop_tts	Serena_ER	tts	rloop
totalSNV	PD13626	15	1.71000464437261	rloop_tts	Serena_ER	tts	rloop
totalSNV	PD13629	12	1.36800371549809	rloop_tts	Serena_ER	tts	rloop
totalSNV	PD13630	8	0.912002476998727	rloop_tts	Serena_ER	tts	rloop
totalSNV	PD13631	10	1.14000309624841	rloop_tts	Serena_ER	tts	rloop
totalSNV	PD13752	20	2.28000619249682	rloop_tts	Serena_ER	tts	rloop
totalSNV	PD13753	76	8.66402353148791	rloop_tts	Serena_ER	tts	rloop
totalSNV	PD13754	20	2.28000619249682	rloop_tts	Serena_ER	tts	rloop
totalSNV	PD13755	25	2.85000774062102	rloop_tts	Serena_ER	tts	rloop
totalSNV	PD13756	12	1.36800371549809	rloop_tts	Serena_ER	tts	rloop
totalSNV	PD13757	4	0.456001238499364	rloop_tts	Serena_ER	tts	rloop
totalSNV	PD13758	27	3.07800835987071	rloop_tts	Serena_ER	tts	rloop
totalSNV	PD13760	23	2.62200712137134	rloop_tts	Serena_ER	tts	rloop
totalSNV	PD13761	9	1.02600278662357	rloop_tts	Serena_ER	tts	rloop
totalSNV	PD13762	22	2.5080068117465	rloop_tts	Serena_ER	tts	rloop
totalSNV	PD13763	13	1.48200402512293	rloop_tts	Serena_ER	tts	rloop
totalSNV	PD13764	20	2.28000619249682	rloop_tts	Serena_ER	tts	rloop
totalSNV	PD13765	21	2.39400650212166	rloop_tts	Serena_ER	tts	rloop
totalSNV	PD13766	15	1.71000464437261	rloop_tts	Serena_ER	tts	rloop
totalSNV	PD13767	15	1.71000464437261	rloop_tts	Serena_ER	tts	rloop
totalSNV	PD13768	7	0.798002167373887	rloop_tts	Serena_ER	tts	rloop
totalSNV	PD13770	10	1.14000309624841	rloop_tts	Serena_ER	tts	rloop
totalSNV	PD13771	66	7.5240204352395	rloop_tts	Serena_ER	tts	rloop
totalSNV	PD14432	9	1.02600278662357	rloop_tts	Serena_ER	tts	rloop
totalSNV	PD14433	25	2.85000774062102	rloop_tts	Serena_ER	tts	rloop
totalSNV	PD14435	18	2.05200557324714	rloop_tts	Serena_ER	tts	rloop
totalSNV	PD14437	13	1.48200402512293	rloop_tts	Serena_ER	tts	rloop
totalSNV	PD14439	5	0.570001548124205	rloop_tts	Serena_ER	tts	rloop
totalSNV	PD14441	23	2.62200712137134	rloop_tts	Serena_ER	tts	rloop
totalSNV	PD14442	2	0.228000619249682	rloop_tts	Serena_ER	tts	rloop
totalSNV	PD14450	27	3.07800835987071	rloop_tts	Serena_ER	tts	rloop
totalSNV	PD14453	55	6.27001702936625	rloop_tts	Serena_ER	tts	rloop
totalSNV	PD14454	7	0.798002167373887	rloop_tts	Serena_ER	tts	rloop
totalSNV	PD14456	4	0.456001238499364	rloop_tts	Serena_ER	tts	rloop
totalSNV	PD14457	31	3.53400959837007	rloop_tts	Serena_ER	tts	rloop
totalSNV	PD14459	5	0.570001548124205	rloop_tts	Serena_ER	tts	rloop
totalSNV	PD14460	24	2.73600743099618	rloop_tts	Serena_ER	tts	rloop
totalSNV	PD14461	12	1.36800371549809	rloop_tts	Serena_ER	tts	rloop
totalSNV	PD14462	20	2.28000619249682	rloop_tts	Serena_ER	tts	rloop
totalSNV	PD14465	24	2.73600743099618	rloop_tts	Serena_ER	tts	rloop
totalSNV	PD14467	15	1.71000464437261	rloop_tts	Serena_ER	tts	rloop
totalSNV	PD14468	5	0.570001548124205	rloop_tts	Serena_ER	tts	rloop
totalSNV	PD14471	37	4.21801145611911	rloop_tts	Serena_ER	tts	rloop
totalSNV	PD14472	10	1.14000309624841	rloop_tts	Serena_ER	tts	rloop
totalSNV	PD14473	2	0.228000619249682	rloop_tts	Serena_ER	tts	rloop
totalSNV	PD17973	8	0.912002476998727	rloop_tts	Serena_ER	tts	rloop
totalSNV	PD17981	54	6.15601671974141	rloop_tts	Serena_ER	tts	rloop
totalSNV	PD17991	9	1.02600278662357	rloop_tts	Serena_ER	tts	rloop
totalSNV	PD17994	7	0.798002167373887	rloop_tts	Serena_ER	tts	rloop
totalSNV	PD18046	21	2.39400650212166	rloop_tts	Serena_ER	tts	rloop
totalSNV	PD18100	8	0.912002476998727	rloop_tts	Serena_ER	tts	rloop
totalSNV	PD18101	3	0.342000928874523	rloop_tts	Serena_ER	tts	rloop
totalSNV	PD18116	11	1.25400340587325	rloop_tts	Serena_ER	tts	rloop
totalSNV	PD18149	30	3.42000928874523	rloop_tts	Serena_ER	tts	rloop
totalSNV	PD18247	93	10.6020287951102	rloop_tts	Serena_ER	tts	rloop
totalSNV	PD18251	29	3.30600897912039	rloop_tts	Serena_ER	tts	rloop
totalSNV	PD18257	14	1.59600433474777	rloop_tts	Serena_ER	tts	rloop
totalSNV	PD18258	4	0.456001238499364	rloop_tts	Serena_ER	tts	rloop
totalSNV	PD18259	22	2.5080068117465	rloop_tts	Serena_ER	tts	rloop
totalSNV	PD18264	34	3.87601052724459	rloop_tts	Serena_ER	tts	rloop
totalSNV	PD18269	10	1.14000309624841	rloop_tts	Serena_ER	tts	rloop
totalSNV	PD18728	9	1.02600278662357	rloop_tts	Serena_ER	tts	rloop
totalSNV	PD18730	11	1.25400340587325	rloop_tts	Serena_ER	tts	rloop
totalSNV	PD18733	14	1.59600433474777	rloop_tts	Serena_ER	tts	rloop
totalSNV	PD18734	20	2.28000619249682	rloop_tts	Serena_ER	tts	rloop
totalSNV	PD18748	32	3.64800990799491	rloop_tts	Serena_ER	tts	rloop
totalSNV	PD18749	70	7.98002167373887	rloop_tts	Serena_ER	tts	rloop
totalSNV	PD18751	3	0.342000928874523	rloop_tts	Serena_ER	tts	rloop
totalSNV	PD18754	10	1.14000309624841	rloop_tts	Serena_ER	tts	rloop
totalSNV	PD18756	2	0.228000619249682	rloop_tts	Serena_ER	tts	rloop
totalSNV	PD18768	21	2.39400650212166	rloop_tts	Serena_ER	tts	rloop
totalSNV	PD18769	15	1.71000464437261	rloop_tts	Serena_ER	tts	rloop
totalSNV	PD18771	9	1.02600278662357	rloop_tts	Serena_ER	tts	rloop
totalSNV	PD18775	4	0.456001238499364	rloop_tts	Serena_ER	tts	rloop
totalSNV	PD18776	5	0.570001548124205	rloop_tts	Serena_ER	tts	rloop
totalSNV	PD22251	13	1.48200402512293	rloop_tts	Serena_ER	tts	rloop
totalSNV	PD22361	46	5.24401424274268	rloop_tts	Serena_ER	tts	rloop
totalSNV	PD22364	35	3.99001083686943	rloop_tts	Serena_ER	tts	rloop
totalSNV	PD22365	8	0.912002476998727	rloop_tts	Serena_ER	tts	rloop
totalSNV	PD23550	9	1.02600278662357	rloop_tts	Serena_ER	tts	rloop
totalSNV	PD23558	50	5.70001548124205	rloop_tts	Serena_ER	tts	rloop
totalSNV	PD23570	7	0.798002167373887	rloop_tts	Serena_ER	tts	rloop
totalSNV	PD24193	60	6.84001857749046	rloop_tts	Serena_ER	tts	rloop
totalSNV	PD24199	60	6.84001857749046	rloop_tts	Serena_ER	tts	rloop
totalSNV	PD24206	3	0.342000928874523	rloop_tts	Serena_ER	tts	rloop
totalSNV	PD24212	53	6.04201641011657	rloop_tts	Serena_ER	tts	rloop
totalSNV	PD24214	14	1.59600433474777	rloop_tts	Serena_ER	tts	rloop
totalSNV	PD24216	43	4.90201331386816	rloop_tts	Serena_ER	tts	rloop
totalSNV	PD24223	9	1.02600278662357	rloop_tts	Serena_ER	tts	rloop
totalSNV	PD24302	12	1.36800371549809	rloop_tts	Serena_ER	tts	rloop
totalSNV	PD24307	13	1.48200402512293	rloop_tts	Serena_ER	tts	rloop
totalSNV	PD24320	124	14.1360383934803	rloop_tts	Serena_ER	tts	rloop
totalSNV	PD24327	81	9.23402507961212	rloop_tts	Serena_ER	tts	rloop
totalSNV	PD24329	11	1.25400340587325	rloop_tts	Serena_ER	tts	rloop
totalSNV	PD3851	11	1.25400340587325	rloop_tts	Serena_ER	tts	rloop
totalSNV	PD3904	32	3.64800990799491	rloop_tts	Serena_ER	tts	rloop
totalSNV	PD3945	42	4.78801300424332	rloop_tts	Serena_ER	tts	rloop
totalSNV	PD3989	34	3.87601052724459	rloop_tts	Serena_ER	tts	rloop
totalSNV	PD4069	20	2.28000619249682	rloop_tts	Serena_ER	tts	rloop
totalSNV	PD4072	400	45.6001238499364	rloop_tts	Serena_ER	tts	rloop
totalSNV	PD4076	7	0.798002167373887	rloop_tts	Serena_ER	tts	rloop
totalSNV	PD4085	15	1.71000464437261	rloop_tts	Serena_ER	tts	rloop
totalSNV	PD4086	11	1.25400340587325	rloop_tts	Serena_ER	tts	rloop
totalSNV	PD4088	28	3.19200866949555	rloop_tts	Serena_ER	tts	rloop
totalSNV	PD4103	76	8.66402353148791	rloop_tts	Serena_ER	tts	rloop
totalSNV	PD4115	26	2.96400805024586	rloop_tts	Serena_ER	tts	rloop
totalSNV	PD4116	51	5.81401579086689	rloop_tts	Serena_ER	tts	rloop
totalSNV	PD4225	27	3.07800835987071	rloop_tts	Serena_ER	tts	rloop
totalSNV	PD4261	7	0.798002167373887	rloop_tts	Serena_ER	tts	rloop
totalSNV	PD4266	31	3.53400959837007	rloop_tts	Serena_ER	tts	rloop
totalSNV	PD4267	15	1.71000464437261	rloop_tts	Serena_ER	tts	rloop
totalSNV	PD4315	19	2.16600588287198	rloop_tts	Serena_ER	tts	rloop
totalSNV	PD4604	78	8.89202415073759	rloop_tts	Serena_ER	tts	rloop
totalSNV	PD4605	8	0.912002476998727	rloop_tts	Serena_ER	tts	rloop
totalSNV	PD4606	7	0.798002167373887	rloop_tts	Serena_ER	tts	rloop
totalSNV	PD4607	268	30.5520829794574	rloop_tts	Serena_ER	tts	rloop
totalSNV	PD4613	15	1.71000464437261	rloop_tts	Serena_ER	tts	rloop
totalSNV	PD4872	27	3.07800835987071	rloop_tts	Serena_ER	tts	rloop
totalSNV	PD4876	35	3.99001083686943	rloop_tts	Serena_ER	tts	rloop
totalSNV	PD4951	6	0.684001857749046	rloop_tts	Serena_ER	tts	rloop
totalSNV	PD4952	67	7.63802074486434	rloop_tts	Serena_ER	tts	rloop
totalSNV	PD4953	49	5.58601517161721	rloop_tts	Serena_ER	tts	rloop
totalSNV	PD4954	50	5.70001548124205	rloop_tts	Serena_ER	tts	rloop
totalSNV	PD4957	22	2.5080068117465	rloop_tts	Serena_ER	tts	rloop
totalSNV	PD4958	46	5.24401424274268	rloop_tts	Serena_ER	tts	rloop
totalSNV	PD4959	10	1.14000309624841	rloop_tts	Serena_ER	tts	rloop
totalSNV	PD4965	18	2.05200557324714	rloop_tts	Serena_ER	tts	rloop
totalSNV	PD4967	39	4.4460120753688	rloop_tts	Serena_ER	tts	rloop
totalSNV	PD4968	22	2.5080068117465	rloop_tts	Serena_ER	tts	rloop
totalSNV	PD4969	7	0.798002167373887	rloop_tts	Serena_ER	tts	rloop
totalSNV	PD4970	10	1.14000309624841	rloop_tts	Serena_ER	tts	rloop
totalSNV	PD4971	17	1.9380052636223	rloop_tts	Serena_ER	tts	rloop
totalSNV	PD4972	2	0.228000619249682	rloop_tts	Serena_ER	tts	rloop
totalSNV	PD4976	42	4.78801300424332	rloop_tts	Serena_ER	tts	rloop
totalSNV	PD4981	7	0.798002167373887	rloop_tts	Serena_ER	tts	rloop
totalSNV	PD4982	19	2.16600588287198	rloop_tts	Serena_ER	tts	rloop
totalSNV	PD4983	20	2.28000619249682	rloop_tts	Serena_ER	tts	rloop
totalSNV	PD4985	10	1.14000309624841	rloop_tts	Serena_ER	tts	rloop
totalSNV	PD4986	16	1.82400495399746	rloop_tts	Serena_ER	tts	rloop
totalSNV	PD5928	24	2.73600743099618	rloop_tts	Serena_ER	tts	rloop
totalSNV	PD5936	14	1.59600433474777	rloop_tts	Serena_ER	tts	rloop
totalSNV	PD5937	804	91.6562489383721	rloop_tts	Serena_ER	tts	rloop
totalSNV	PD5946	10	1.14000309624841	rloop_tts	Serena_ER	tts	rloop
totalSNV	PD5947	9	1.02600278662357	rloop_tts	Serena_ER	tts	rloop
totalSNV	PD5951	21	2.39400650212166	rloop_tts	Serena_ER	tts	rloop
totalSNV	PD5953	17	1.9380052636223	rloop_tts	Serena_ER	tts	rloop
totalSNV	PD5956	23	2.62200712137134	rloop_tts	Serena_ER	tts	rloop
totalSNV	PD5959	15	1.71000464437261	rloop_tts	Serena_ER	tts	rloop
totalSNV	PD5960	21	2.39400650212166	rloop_tts	Serena_ER	tts	rloop
totalSNV	PD5961	32	3.64800990799491	rloop_tts	Serena_ER	tts	rloop
totalSNV	PD5964	11	1.25400340587325	rloop_tts	Serena_ER	tts	rloop
totalSNV	PD6016	8	0.912002476998727	rloop_tts	Serena_ER	tts	rloop
totalSNV	PD6041	19	2.16600588287198	rloop_tts	Serena_ER	tts	rloop
totalSNV	PD6042	46	5.24401424274268	rloop_tts	Serena_ER	tts	rloop
totalSNV	PD6043	153	17.4420473726007	rloop_tts	Serena_ER	tts	rloop
totalSNV	PD6044	15	1.71000464437261	rloop_tts	Serena_ER	tts	rloop
totalSNV	PD6045	10	1.14000309624841	rloop_tts	Serena_ER	tts	rloop
totalSNV	PD6417	23	2.62200712137134	rloop_tts	Serena_ER	tts	rloop
totalSNV	PD6418	22	2.5080068117465	rloop_tts	Serena_ER	tts	rloop
totalSNV	PD6422	45	5.13001393311784	rloop_tts	Serena_ER	tts	rloop
totalSNV	PD6466	5	0.570001548124205	rloop_tts	Serena_ER	tts	rloop
totalSNV	PD6711	15	1.71000464437261	rloop_tts	Serena_ER	tts	rloop
totalSNV	PD6719	34	3.87601052724459	rloop_tts	Serena_ER	tts	rloop
totalSNV	PD6720	17	1.9380052636223	rloop_tts	Serena_ER	tts	rloop
totalSNV	PD6721	16	1.82400495399746	rloop_tts	Serena_ER	tts	rloop
totalSNV	PD7199	99	11.2860306528593	rloop_tts	Serena_ER	tts	rloop
totalSNV	PD7201	23	2.62200712137134	rloop_tts	Serena_ER	tts	rloop
totalSNV	PD7206	52	5.92801610049173	rloop_tts	Serena_ER	tts	rloop
totalSNV	PD7207	27	3.07800835987071	rloop_tts	Serena_ER	tts	rloop
totalSNV	PD7209	16	1.82400495399746	rloop_tts	Serena_ER	tts	rloop
totalSNV	PD7210	11	1.25400340587325	rloop_tts	Serena_ER	tts	rloop
totalSNV	PD7214	9	1.02600278662357	rloop_tts	Serena_ER	tts	rloop
totalSNV	PD7215	52	5.92801610049173	rloop_tts	Serena_ER	tts	rloop
totalSNV	PD7218	4	0.456001238499364	rloop_tts	Serena_ER	tts	rloop
totalSNV	PD7219	131	14.9340405608542	rloop_tts	Serena_ER	tts	rloop
totalSNV	PD7221	20	2.28000619249682	rloop_tts	Serena_ER	tts	rloop
totalSNV	PD7238	15	1.71000464437261	rloop_tts	Serena_ER	tts	rloop
totalSNV	PD7240	23	2.62200712137134	rloop_tts	Serena_ER	tts	rloop
totalSNV	PD7243	39	4.4460120753688	rloop_tts	Serena_ER	tts	rloop
totalSNV	PD7322	3	0.342000928874523	rloop_tts	Serena_ER	tts	rloop
totalSNV	PD8609	32	3.64800990799491	rloop_tts	Serena_ER	tts	rloop
totalSNV	PD8610	35	3.99001083686943	rloop_tts	Serena_ER	tts	rloop
totalSNV	PD8612	8	0.912002476998727	rloop_tts	Serena_ER	tts	rloop
totalSNV	PD8614	9	1.02600278662357	rloop_tts	Serena_ER	tts	rloop
totalSNV	PD8615	30	3.42000928874523	rloop_tts	Serena_ER	tts	rloop
totalSNV	PD8617	18	2.05200557324714	rloop_tts	Serena_ER	tts	rloop
totalSNV	PD8620	23	2.62200712137134	rloop_tts	Serena_ER	tts	rloop
totalSNV	PD8622	8	0.912002476998727	rloop_tts	Serena_ER	tts	rloop
totalSNV	PD8623	17	1.9380052636223	rloop_tts	Serena_ER	tts	rloop
totalSNV	PD8828	12	1.36800371549809	rloop_tts	Serena_ER	tts	rloop
totalSNV	PD8973	23	2.62200712137134	rloop_tts	Serena_ER	tts	rloop
totalSNV	PD8977	28	3.19200866949555	rloop_tts	Serena_ER	tts	rloop
totalSNV	PD8978	46	5.24401424274268	rloop_tts	Serena_ER	tts	rloop
totalSNV	PD8979	13	1.48200402512293	rloop_tts	Serena_ER	tts	rloop
totalSNV	PD8980	78	8.89202415073759	rloop_tts	Serena_ER	tts	rloop
totalSNV	PD8981	9	1.02600278662357	rloop_tts	Serena_ER	tts	rloop
totalSNV	PD9000	69	7.86602136411403	rloop_tts	Serena_ER	tts	rloop
totalSNV	PD9001	15	1.71000464437261	rloop_tts	Serena_ER	tts	rloop
totalSNV	PD9002	47	5.35801455236752	rloop_tts	Serena_ER	tts	rloop
totalSNV	PD9063	478	54.492148000674	rloop_tts	Serena_ER	tts	rloop
totalSNV	PD9065	4	0.456001238499364	rloop_tts	Serena_ER	tts	rloop
totalSNV	PD9067	7	0.798002167373887	rloop_tts	Serena_ER	tts	rloop
totalSNV	PD9193	6	0.684001857749046	rloop_tts	Serena_ER	tts	rloop
totalSNV	PD9464	37	4.21801145611911	rloop_tts	Serena_ER	tts	rloop
totalSNV	PD9467	31	3.53400959837007	rloop_tts	Serena_ER	tts	rloop
totalSNV	PD9539	20	2.28000619249682	rloop_tts	Serena_ER	tts	rloop
totalSNV	PD9541	12	1.36800371549809	rloop_tts	Serena_ER	tts	rloop
totalSNV	PD9544	19	2.16600588287198	rloop_tts	Serena_ER	tts	rloop
totalSNV	PD9567	20	2.28000619249682	rloop_tts	Serena_ER	tts	rloop
totalSNV	PD9569	16	1.82400495399746	rloop_tts	Serena_ER	tts	rloop
totalSNV	PD9570	5	0.570001548124205	rloop_tts	Serena_ER	tts	rloop
totalSNV	PD9572	23	2.62200712137134	rloop_tts	Serena_ER	tts	rloop
totalSNV	PD9573	14	1.59600433474777	rloop_tts	Serena_ER	tts	rloop
totalSNV	PD9574	10	1.14000309624841	rloop_tts	Serena_ER	tts	rloop
totalSNV	PD9577	14	1.59600433474777	rloop_tts	Serena_ER	tts	rloop
totalSNV	PD9578	19	2.16600588287198	rloop_tts	Serena_ER	tts	rloop
totalSNV	PD9581	8	0.912002476998727	rloop_tts	Serena_ER	tts	rloop
totalSNV	PD9582	39	4.4460120753688	rloop_tts	Serena_ER	tts	rloop
totalSNV	PD9589	10	1.14000309624841	rloop_tts	Serena_ER	tts	rloop
totalSNV	PD9591	7	0.798002167373887	rloop_tts	Serena_ER	tts	rloop
totalSNV	PD9593	5	0.570001548124205	rloop_tts	Serena_ER	tts	rloop
totalSNV	PD9597	29	3.30600897912039	rloop_tts	Serena_ER	tts	rloop
totalSNV	PD9599	31	3.53400959837007	rloop_tts	Serena_ER	tts	rloop
totalSNV	PD9600	6	0.684001857749046	rloop_tts	Serena_ER	tts	rloop
totalSNV	PD9605	33	3.76201021761975	rloop_tts	Serena_ER	tts	rloop
totalSNV	PD9606	11	1.25400340587325	rloop_tts	Serena_ER	tts	rloop
totalSNV	PD9694	17	1.9380052636223	rloop_tts	Serena_ER	tts	rloop
totalSNV	PD9752	22	2.5080068117465	rloop_tts	Serena_ER	tts	rloop
totalSNV	PD9754	9	1.02600278662357	rloop_tts	Serena_ER	tts	rloop
totalSNV	PD9756	25	2.85000774062102	rloop_tts	Serena_ER	tts	rloop
totalSNV	PD9759	14	1.59600433474777	rloop_tts	Serena_ER	tts	rloop
totalSNV	PD9760	30	3.42000928874523	rloop_tts	Serena_ER	tts	rloop
totalSNV	PD9761	21	2.39400650212166	rloop_tts	Serena_ER	tts	rloop
totalSNV	PD9842	24	2.73600743099618	rloop_tts	Serena_ER	tts	rloop
totalSNV	PD9843	10	1.14000309624841	rloop_tts	Serena_ER	tts	rloop
totalSNV	PD9844	3	0.342000928874523	rloop_tts	Serena_ER	tts	rloop
totalSNV	PD9845	20	2.28000619249682	rloop_tts	Serena_ER	tts	rloop
totalSNV	PD9847	30	3.42000928874523	rloop_tts	Serena_ER	tts	rloop
totalSNV	PD11336	14	1.30759549533352	norloop_tts	Serena_ER	tts	norloop
totalSNV	PD11337	10	0.933996782381085	norloop_tts	Serena_ER	tts	norloop
totalSNV	PD11338	12	1.1207961388573	norloop_tts	Serena_ER	tts	norloop
totalSNV	PD11339	15	1.40099517357163	norloop_tts	Serena_ER	tts	norloop
totalSNV	PD11340	40	3.73598712952434	norloop_tts	Serena_ER	tts	norloop
totalSNV	PD11341	11	1.02739646061919	norloop_tts	Serena_ER	tts	norloop
totalSNV	PD11342	24	2.2415922777146	norloop_tts	Serena_ER	tts	norloop
totalSNV	PD11343	8	0.747197425904868	norloop_tts	Serena_ER	tts	norloop
totalSNV	PD11352	20	1.86799356476217	norloop_tts	Serena_ER	tts	norloop
totalSNV	PD11355	4	0.373598712952434	norloop_tts	Serena_ER	tts	norloop
totalSNV	PD11357	26	2.42839163419082	norloop_tts	Serena_ER	tts	norloop
totalSNV	PD11358	24	2.2415922777146	norloop_tts	Serena_ER	tts	norloop
totalSNV	PD11359	12	1.1207961388573	norloop_tts	Serena_ER	tts	norloop
totalSNV	PD11360	22	2.05479292123839	norloop_tts	Serena_ER	tts	norloop
totalSNV	PD11361	9	0.840597104142976	norloop_tts	Serena_ER	tts	norloop
totalSNV	PD11364	14	1.30759549533352	norloop_tts	Serena_ER	tts	norloop
totalSNV	PD11365	76	7.09837554609624	norloop_tts	Serena_ER	tts	norloop
totalSNV	PD11366	12	1.1207961388573	norloop_tts	Serena_ER	tts	norloop
totalSNV	PD11367	58	5.41718133781029	norloop_tts	Serena_ER	tts	norloop
totalSNV	PD11368	35	3.2689887383338	norloop_tts	Serena_ER	tts	norloop
totalSNV	PD11369	53	4.95018294661975	norloop_tts	Serena_ER	tts	norloop
totalSNV	PD11370	6	0.560398069428651	norloop_tts	Serena_ER	tts	norloop
totalSNV	PD11372	85	7.93897265023922	norloop_tts	Serena_ER	tts	norloop
totalSNV	PD11374	10	0.933996782381085	norloop_tts	Serena_ER	tts	norloop
totalSNV	PD11375	13	1.21419581709541	norloop_tts	Serena_ER	tts	norloop
totalSNV	PD11376	14	1.30759549533352	norloop_tts	Serena_ER	tts	norloop
totalSNV	PD11379	97	9.05976878909652	norloop_tts	Serena_ER	tts	norloop
totalSNV	PD11380	16	1.49439485180974	norloop_tts	Serena_ER	tts	norloop
totalSNV	PD11381	7	0.653797747666759	norloop_tts	Serena_ER	tts	norloop
totalSNV	PD11383	13	1.21419581709541	norloop_tts	Serena_ER	tts	norloop
totalSNV	PD11384	11	1.02739646061919	norloop_tts	Serena_ER	tts	norloop
totalSNV	PD11385	6	0.560398069428651	norloop_tts	Serena_ER	tts	norloop
totalSNV	PD11386	17	1.58779453004784	norloop_tts	Serena_ER	tts	norloop
totalSNV	PD11388	18	1.68119420828595	norloop_tts	Serena_ER	tts	norloop
totalSNV	PD11389	8	0.747197425904868	norloop_tts	Serena_ER	tts	norloop
totalSNV	PD11391	9	0.840597104142976	norloop_tts	Serena_ER	tts	norloop
totalSNV	PD11393	21	1.96139324300028	norloop_tts	Serena_ER	tts	norloop
totalSNV	PD11394	8	0.747197425904868	norloop_tts	Serena_ER	tts	norloop
totalSNV	PD11395	15	1.40099517357163	norloop_tts	Serena_ER	tts	norloop
totalSNV	PD11396	13	1.21419581709541	norloop_tts	Serena_ER	tts	norloop
totalSNV	PD11397	26	2.42839163419082	norloop_tts	Serena_ER	tts	norloop
totalSNV	PD11398	22	2.05479292123839	norloop_tts	Serena_ER	tts	norloop
totalSNV	PD11399	32	2.98878970361947	norloop_tts	Serena_ER	tts	norloop
totalSNV	PD11402	12	1.1207961388573	norloop_tts	Serena_ER	tts	norloop
totalSNV	PD11740	22	2.05479292123839	norloop_tts	Serena_ER	tts	norloop
totalSNV	PD11741	7	0.653797747666759	norloop_tts	Serena_ER	tts	norloop
totalSNV	PD11742	38	3.54918777304812	norloop_tts	Serena_ER	tts	norloop
totalSNV	PD11743	16	1.49439485180974	norloop_tts	Serena_ER	tts	norloop
totalSNV	PD11744	14	1.30759549533352	norloop_tts	Serena_ER	tts	norloop
totalSNV	PD11745	6	0.560398069428651	norloop_tts	Serena_ER	tts	norloop
totalSNV	PD11750	71	6.6313771549057	norloop_tts	Serena_ER	tts	norloop
totalSNV	PD11753	37	3.45578809481001	norloop_tts	Serena_ER	tts	norloop
totalSNV	PD11756	8	0.747197425904868	norloop_tts	Serena_ER	tts	norloop
totalSNV	PD11760	12	1.1207961388573	norloop_tts	Serena_ER	tts	norloop
totalSNV	PD11761	15	1.40099517357163	norloop_tts	Serena_ER	tts	norloop
totalSNV	PD11765	19	1.77459388652406	norloop_tts	Serena_ER	tts	norloop
totalSNV	PD11766	5	0.466998391190542	norloop_tts	Serena_ER	tts	norloop
totalSNV	PD11767	6	0.560398069428651	norloop_tts	Serena_ER	tts	norloop
totalSNV	PD11769	2	0.186799356476217	norloop_tts	Serena_ER	tts	norloop
totalSNV	PD11816	22	2.05479292123839	norloop_tts	Serena_ER	tts	norloop
totalSNV	PD11818	14	1.30759549533352	norloop_tts	Serena_ER	tts	norloop
totalSNV	PD11819	10	0.933996782381085	norloop_tts	Serena_ER	tts	norloop
totalSNV	PD13302	15	1.40099517357163	norloop_tts	Serena_ER	tts	norloop
totalSNV	PD13304	10	0.933996782381085	norloop_tts	Serena_ER	tts	norloop
totalSNV	PD13306	9	0.840597104142976	norloop_tts	Serena_ER	tts	norloop
totalSNV	PD13307	22	2.05479292123839	norloop_tts	Serena_ER	tts	norloop
totalSNV	PD13310	9	0.840597104142976	norloop_tts	Serena_ER	tts	norloop
totalSNV	PD13312	17	1.58779453004784	norloop_tts	Serena_ER	tts	norloop
totalSNV	PD13416	9	0.840597104142976	norloop_tts	Serena_ER	tts	norloop
totalSNV	PD13419	8	0.747197425904868	norloop_tts	Serena_ER	tts	norloop
totalSNV	PD13420	20	1.86799356476217	norloop_tts	Serena_ER	tts	norloop
totalSNV	PD13422	5	0.466998391190542	norloop_tts	Serena_ER	tts	norloop
totalSNV	PD13424	16	1.49439485180974	norloop_tts	Serena_ER	tts	norloop
totalSNV	PD13425	162	15.1307478745736	norloop_tts	Serena_ER	tts	norloop
totalSNV	PD13426	14	1.30759549533352	norloop_tts	Serena_ER	tts	norloop
totalSNV	PD13427	5	0.466998391190542	norloop_tts	Serena_ER	tts	norloop
totalSNV	PD13618	16	1.49439485180974	norloop_tts	Serena_ER	tts	norloop
totalSNV	PD13619	8	0.747197425904868	norloop_tts	Serena_ER	tts	norloop
totalSNV	PD13620	33	3.08218938185758	norloop_tts	Serena_ER	tts	norloop
totalSNV	PD13623	23	2.1481925994765	norloop_tts	Serena_ER	tts	norloop
totalSNV	PD13625	46	4.29638519895299	norloop_tts	Serena_ER	tts	norloop
totalSNV	PD13626	9	0.840597104142976	norloop_tts	Serena_ER	tts	norloop
totalSNV	PD13629	11	1.02739646061919	norloop_tts	Serena_ER	tts	norloop
totalSNV	PD13630	17	1.58779453004784	norloop_tts	Serena_ER	tts	norloop
totalSNV	PD13631	13	1.21419581709541	norloop_tts	Serena_ER	tts	norloop
totalSNV	PD13752	21	1.96139324300028	norloop_tts	Serena_ER	tts	norloop
totalSNV	PD13753	42	3.92278648600056	norloop_tts	Serena_ER	tts	norloop
totalSNV	PD13754	20	1.86799356476217	norloop_tts	Serena_ER	tts	norloop
totalSNV	PD13755	13	1.21419581709541	norloop_tts	Serena_ER	tts	norloop
totalSNV	PD13756	8	0.747197425904868	norloop_tts	Serena_ER	tts	norloop
totalSNV	PD13757	0	0	norloop_tts	Serena_ER	tts	norloop
totalSNV	PD13758	8	0.747197425904868	norloop_tts	Serena_ER	tts	norloop
totalSNV	PD13760	44	4.10958584247677	norloop_tts	Serena_ER	tts	norloop
totalSNV	PD13761	3	0.280199034714325	norloop_tts	Serena_ER	tts	norloop
totalSNV	PD13762	11	1.02739646061919	norloop_tts	Serena_ER	tts	norloop
totalSNV	PD13763	6	0.560398069428651	norloop_tts	Serena_ER	tts	norloop
totalSNV	PD13764	34	3.17558906009569	norloop_tts	Serena_ER	tts	norloop
totalSNV	PD13765	23	2.1481925994765	norloop_tts	Serena_ER	tts	norloop
totalSNV	PD13766	10	0.933996782381085	norloop_tts	Serena_ER	tts	norloop
totalSNV	PD13767	12	1.1207961388573	norloop_tts	Serena_ER	tts	norloop
totalSNV	PD13768	4	0.373598712952434	norloop_tts	Serena_ER	tts	norloop
totalSNV	PD13770	10	0.933996782381085	norloop_tts	Serena_ER	tts	norloop
totalSNV	PD13771	93	8.68617007614409	norloop_tts	Serena_ER	tts	norloop
totalSNV	PD14432	5	0.466998391190542	norloop_tts	Serena_ER	tts	norloop
totalSNV	PD14433	22	2.05479292123839	norloop_tts	Serena_ER	tts	norloop
totalSNV	PD14435	17	1.58779453004784	norloop_tts	Serena_ER	tts	norloop
totalSNV	PD14437	12	1.1207961388573	norloop_tts	Serena_ER	tts	norloop
totalSNV	PD14439	7	0.653797747666759	norloop_tts	Serena_ER	tts	norloop
totalSNV	PD14441	26	2.42839163419082	norloop_tts	Serena_ER	tts	norloop
totalSNV	PD14442	8	0.747197425904868	norloop_tts	Serena_ER	tts	norloop
totalSNV	PD14450	7	0.653797747666759	norloop_tts	Serena_ER	tts	norloop
totalSNV	PD14453	61	5.69738037252462	norloop_tts	Serena_ER	tts	norloop
totalSNV	PD14454	12	1.1207961388573	norloop_tts	Serena_ER	tts	norloop
totalSNV	PD14456	7	0.653797747666759	norloop_tts	Serena_ER	tts	norloop
totalSNV	PD14457	20	1.86799356476217	norloop_tts	Serena_ER	tts	norloop
totalSNV	PD14458	5	0.466998391190542	norloop_tts	Serena_ER	tts	norloop
totalSNV	PD14459	8	0.747197425904868	norloop_tts	Serena_ER	tts	norloop
totalSNV	PD14460	22	2.05479292123839	norloop_tts	Serena_ER	tts	norloop
totalSNV	PD14461	4	0.373598712952434	norloop_tts	Serena_ER	tts	norloop
totalSNV	PD14462	11	1.02739646061919	norloop_tts	Serena_ER	tts	norloop
totalSNV	PD14465	12	1.1207961388573	norloop_tts	Serena_ER	tts	norloop
totalSNV	PD14467	13	1.21419581709541	norloop_tts	Serena_ER	tts	norloop
totalSNV	PD14468	20	1.86799356476217	norloop_tts	Serena_ER	tts	norloop
totalSNV	PD14471	16	1.49439485180974	norloop_tts	Serena_ER	tts	norloop
totalSNV	PD14472	12	1.1207961388573	norloop_tts	Serena_ER	tts	norloop
totalSNV	PD14473	9	0.840597104142976	norloop_tts	Serena_ER	tts	norloop
totalSNV	PD17973	8	0.747197425904868	norloop_tts	Serena_ER	tts	norloop
totalSNV	PD17981	38	3.54918777304812	norloop_tts	Serena_ER	tts	norloop
totalSNV	PD17991	11	1.02739646061919	norloop_tts	Serena_ER	tts	norloop
totalSNV	PD17994	8	0.747197425904868	norloop_tts	Serena_ER	tts	norloop
totalSNV	PD18046	27	2.52179131242893	norloop_tts	Serena_ER	tts	norloop
totalSNV	PD18100	6	0.560398069428651	norloop_tts	Serena_ER	tts	norloop
totalSNV	PD18101	2	0.186799356476217	norloop_tts	Serena_ER	tts	norloop
totalSNV	PD18116	8	0.747197425904868	norloop_tts	Serena_ER	tts	norloop
totalSNV	PD18149	11	1.02739646061919	norloop_tts	Serena_ER	tts	norloop
totalSNV	PD18247	73	6.81817651138192	norloop_tts	Serena_ER	tts	norloop
totalSNV	PD18251	16	1.49439485180974	norloop_tts	Serena_ER	tts	norloop
totalSNV	PD18257	20	1.86799356476217	norloop_tts	Serena_ER	tts	norloop
totalSNV	PD18258	4	0.373598712952434	norloop_tts	Serena_ER	tts	norloop
totalSNV	PD18259	36	3.3623884165719	norloop_tts	Serena_ER	tts	norloop
totalSNV	PD18264	42	3.92278648600056	norloop_tts	Serena_ER	tts	norloop
totalSNV	PD18269	6	0.560398069428651	norloop_tts	Serena_ER	tts	norloop
totalSNV	PD18728	8	0.747197425904868	norloop_tts	Serena_ER	tts	norloop
totalSNV	PD18730	7	0.653797747666759	norloop_tts	Serena_ER	tts	norloop
totalSNV	PD18733	12	1.1207961388573	norloop_tts	Serena_ER	tts	norloop
totalSNV	PD18734	21	1.96139324300028	norloop_tts	Serena_ER	tts	norloop
totalSNV	PD18748	11	1.02739646061919	norloop_tts	Serena_ER	tts	norloop
totalSNV	PD18749	26	2.42839163419082	norloop_tts	Serena_ER	tts	norloop
totalSNV	PD18751	5	0.466998391190542	norloop_tts	Serena_ER	tts	norloop
totalSNV	PD18754	10	0.933996782381085	norloop_tts	Serena_ER	tts	norloop
totalSNV	PD18756	7	0.653797747666759	norloop_tts	Serena_ER	tts	norloop
totalSNV	PD18768	12	1.1207961388573	norloop_tts	Serena_ER	tts	norloop
totalSNV	PD18769	11	1.02739646061919	norloop_tts	Serena_ER	tts	norloop
totalSNV	PD18771	10	0.933996782381085	norloop_tts	Serena_ER	tts	norloop
totalSNV	PD18775	4	0.373598712952434	norloop_tts	Serena_ER	tts	norloop
totalSNV	PD18776	10	0.933996782381085	norloop_tts	Serena_ER	tts	norloop
totalSNV	PD22251	6	0.560398069428651	norloop_tts	Serena_ER	tts	norloop
totalSNV	PD22361	32	2.98878970361947	norloop_tts	Serena_ER	tts	norloop
totalSNV	PD22364	14	1.30759549533352	norloop_tts	Serena_ER	tts	norloop
totalSNV	PD22365	13	1.21419581709541	norloop_tts	Serena_ER	tts	norloop
totalSNV	PD23550	16	1.49439485180974	norloop_tts	Serena_ER	tts	norloop
totalSNV	PD23558	47	4.3897848771911	norloop_tts	Serena_ER	tts	norloop
totalSNV	PD23570	13	1.21419581709541	norloop_tts	Serena_ER	tts	norloop
totalSNV	PD24193	64	5.97757940723894	norloop_tts	Serena_ER	tts	norloop
totalSNV	PD24199	6	0.560398069428651	norloop_tts	Serena_ER	tts	norloop
totalSNV	PD24206	24	2.2415922777146	norloop_tts	Serena_ER	tts	norloop
totalSNV	PD24212	38	3.54918777304812	norloop_tts	Serena_ER	tts	norloop
totalSNV	PD24214	15	1.40099517357163	norloop_tts	Serena_ER	tts	norloop
totalSNV	PD24216	49	4.57658423366731	norloop_tts	Serena_ER	tts	norloop
totalSNV	PD24223	22	2.05479292123839	norloop_tts	Serena_ER	tts	norloop
totalSNV	PD24302	6	0.560398069428651	norloop_tts	Serena_ER	tts	norloop
totalSNV	PD24307	14	1.30759549533352	norloop_tts	Serena_ER	tts	norloop
totalSNV	PD24320	99	9.24656814557274	norloop_tts	Serena_ER	tts	norloop
totalSNV	PD24327	83	7.752173293763	norloop_tts	Serena_ER	tts	norloop
totalSNV	PD24329	13	1.21419581709541	norloop_tts	Serena_ER	tts	norloop
totalSNV	PD3851	4	0.373598712952434	norloop_tts	Serena_ER	tts	norloop
totalSNV	PD3904	28	2.61519099066704	norloop_tts	Serena_ER	tts	norloop
totalSNV	PD3945	57	5.32378165957218	norloop_tts	Serena_ER	tts	norloop
totalSNV	PD3989	11	1.02739646061919	norloop_tts	Serena_ER	tts	norloop
totalSNV	PD4069	16	1.49439485180974	norloop_tts	Serena_ER	tts	norloop
totalSNV	PD4072	325	30.3548954273853	norloop_tts	Serena_ER	tts	norloop
totalSNV	PD4076	7	0.653797747666759	norloop_tts	Serena_ER	tts	norloop
totalSNV	PD4085	25	2.33499195595271	norloop_tts	Serena_ER	tts	norloop
totalSNV	PD4086	5	0.466998391190542	norloop_tts	Serena_ER	tts	norloop
totalSNV	PD4088	3	0.280199034714325	norloop_tts	Serena_ER	tts	norloop
totalSNV	PD4103	28	2.61519099066704	norloop_tts	Serena_ER	tts	norloop
totalSNV	PD4115	58	5.41718133781029	norloop_tts	Serena_ER	tts	norloop
totalSNV	PD4116	58	5.41718133781029	norloop_tts	Serena_ER	tts	norloop
totalSNV	PD4225	16	1.49439485180974	norloop_tts	Serena_ER	tts	norloop
totalSNV	PD4261	15	1.40099517357163	norloop_tts	Serena_ER	tts	norloop
totalSNV	PD4266	10	0.933996782381085	norloop_tts	Serena_ER	tts	norloop
totalSNV	PD4267	14	1.30759549533352	norloop_tts	Serena_ER	tts	norloop
totalSNV	PD4315	21	1.96139324300028	norloop_tts	Serena_ER	tts	norloop
totalSNV	PD4604	45	4.20298552071488	norloop_tts	Serena_ER	tts	norloop
totalSNV	PD4605	24	2.2415922777146	norloop_tts	Serena_ER	tts	norloop
totalSNV	PD4606	5	0.466998391190542	norloop_tts	Serena_ER	tts	norloop
totalSNV	PD4607	189	17.6525391870025	norloop_tts	Serena_ER	tts	norloop
totalSNV	PD4613	17	1.58779453004784	norloop_tts	Serena_ER	tts	norloop
totalSNV	PD4872	19	1.77459388652406	norloop_tts	Serena_ER	tts	norloop
totalSNV	PD4876	39	3.64258745128623	norloop_tts	Serena_ER	tts	norloop
totalSNV	PD4951	8	0.747197425904868	norloop_tts	Serena_ER	tts	norloop
totalSNV	PD4952	63	5.88417972900083	norloop_tts	Serena_ER	tts	norloop
totalSNV	PD4953	47	4.3897848771911	norloop_tts	Serena_ER	tts	norloop
totalSNV	PD4954	25	2.33499195595271	norloop_tts	Serena_ER	tts	norloop
totalSNV	PD4957	13	1.21419581709541	norloop_tts	Serena_ER	tts	norloop
totalSNV	PD4958	62	5.79078005076273	norloop_tts	Serena_ER	tts	norloop
totalSNV	PD4959	33	3.08218938185758	norloop_tts	Serena_ER	tts	norloop
totalSNV	PD4965	9	0.840597104142976	norloop_tts	Serena_ER	tts	norloop
totalSNV	PD4967	21	1.96139324300028	norloop_tts	Serena_ER	tts	norloop
totalSNV	PD4968	30	2.80199034714325	norloop_tts	Serena_ER	tts	norloop
totalSNV	PD4969	12	1.1207961388573	norloop_tts	Serena_ER	tts	norloop
totalSNV	PD4970	17	1.58779453004784	norloop_tts	Serena_ER	tts	norloop
totalSNV	PD4971	14	1.30759549533352	norloop_tts	Serena_ER	tts	norloop
totalSNV	PD4972	5	0.466998391190542	norloop_tts	Serena_ER	tts	norloop
totalSNV	PD4976	35	3.2689887383338	norloop_tts	Serena_ER	tts	norloop
totalSNV	PD4981	8	0.747197425904868	norloop_tts	Serena_ER	tts	norloop
totalSNV	PD4982	9	0.840597104142976	norloop_tts	Serena_ER	tts	norloop
totalSNV	PD4983	11	1.02739646061919	norloop_tts	Serena_ER	tts	norloop
totalSNV	PD4985	5	0.466998391190542	norloop_tts	Serena_ER	tts	norloop
totalSNV	PD4986	10	0.933996782381085	norloop_tts	Serena_ER	tts	norloop
totalSNV	PD5928	44	4.10958584247677	norloop_tts	Serena_ER	tts	norloop
totalSNV	PD5936	19	1.77459388652406	norloop_tts	Serena_ER	tts	norloop
totalSNV	PD5937	505	47.1668375102448	norloop_tts	Serena_ER	tts	norloop
totalSNV	PD5946	13	1.21419581709541	norloop_tts	Serena_ER	tts	norloop
totalSNV	PD5947	13	1.21419581709541	norloop_tts	Serena_ER	tts	norloop
totalSNV	PD5951	17	1.58779453004784	norloop_tts	Serena_ER	tts	norloop
totalSNV	PD5953	9	0.840597104142976	norloop_tts	Serena_ER	tts	norloop
totalSNV	PD5956	15	1.40099517357163	norloop_tts	Serena_ER	tts	norloop
totalSNV	PD5959	14	1.30759549533352	norloop_tts	Serena_ER	tts	norloop
totalSNV	PD5960	23	2.1481925994765	norloop_tts	Serena_ER	tts	norloop
totalSNV	PD5961	20	1.86799356476217	norloop_tts	Serena_ER	tts	norloop
totalSNV	PD5964	6	0.560398069428651	norloop_tts	Serena_ER	tts	norloop
totalSNV	PD6016	8	0.747197425904868	norloop_tts	Serena_ER	tts	norloop
totalSNV	PD6041	9	0.840597104142976	norloop_tts	Serena_ER	tts	norloop
totalSNV	PD6042	42	3.92278648600056	norloop_tts	Serena_ER	tts	norloop
totalSNV	PD6043	120	11.207961388573	norloop_tts	Serena_ER	tts	norloop
totalSNV	PD6044	16	1.49439485180974	norloop_tts	Serena_ER	tts	norloop
totalSNV	PD6045	19	1.77459388652406	norloop_tts	Serena_ER	tts	norloop
totalSNV	PD6417	11	1.02739646061919	norloop_tts	Serena_ER	tts	norloop
totalSNV	PD6418	13	1.21419581709541	norloop_tts	Serena_ER	tts	norloop
totalSNV	PD6422	29	2.70859066890515	norloop_tts	Serena_ER	tts	norloop
totalSNV	PD6466	4	0.373598712952434	norloop_tts	Serena_ER	tts	norloop
totalSNV	PD6711	3	0.280199034714325	norloop_tts	Serena_ER	tts	norloop
totalSNV	PD6719	23	2.1481925994765	norloop_tts	Serena_ER	tts	norloop
totalSNV	PD6720	8	0.747197425904868	norloop_tts	Serena_ER	tts	norloop
totalSNV	PD6721	22	2.05479292123839	norloop_tts	Serena_ER	tts	norloop
totalSNV	PD7199	3	0.280199034714325	norloop_tts	Serena_ER	tts	norloop
totalSNV	PD7201	1	0.0933996782381085	norloop_tts	Serena_ER	tts	norloop
totalSNV	PD7206	24	2.2415922777146	norloop_tts	Serena_ER	tts	norloop
totalSNV	PD7207	28	2.61519099066704	norloop_tts	Serena_ER	tts	norloop
totalSNV	PD7209	17	1.58779453004784	norloop_tts	Serena_ER	tts	norloop
totalSNV	PD7210	10	0.933996782381085	norloop_tts	Serena_ER	tts	norloop
totalSNV	PD7214	7	0.653797747666759	norloop_tts	Serena_ER	tts	norloop
totalSNV	PD7215	48	4.48318455542921	norloop_tts	Serena_ER	tts	norloop
totalSNV	PD7218	12	1.1207961388573	norloop_tts	Serena_ER	tts	norloop
totalSNV	PD7219	103	9.62016685852517	norloop_tts	Serena_ER	tts	norloop
totalSNV	PD7221	7	0.653797747666759	norloop_tts	Serena_ER	tts	norloop
totalSNV	PD7238	12	1.1207961388573	norloop_tts	Serena_ER	tts	norloop
totalSNV	PD7240	15	1.40099517357163	norloop_tts	Serena_ER	tts	norloop
totalSNV	PD7243	38	3.54918777304812	norloop_tts	Serena_ER	tts	norloop
totalSNV	PD7322	7	0.653797747666759	norloop_tts	Serena_ER	tts	norloop
totalSNV	PD8609	29	2.70859066890515	norloop_tts	Serena_ER	tts	norloop
totalSNV	PD8610	36	3.3623884165719	norloop_tts	Serena_ER	tts	norloop
totalSNV	PD8612	8	0.747197425904868	norloop_tts	Serena_ER	tts	norloop
totalSNV	PD8614	1	0.0933996782381085	norloop_tts	Serena_ER	tts	norloop
totalSNV	PD8615	32	2.98878970361947	norloop_tts	Serena_ER	tts	norloop
totalSNV	PD8617	5	0.466998391190542	norloop_tts	Serena_ER	tts	norloop
totalSNV	PD8618	6	0.560398069428651	norloop_tts	Serena_ER	tts	norloop
totalSNV	PD8620	14	1.30759549533352	norloop_tts	Serena_ER	tts	norloop
totalSNV	PD8622	8	0.747197425904868	norloop_tts	Serena_ER	tts	norloop
totalSNV	PD8623	29	2.70859066890515	norloop_tts	Serena_ER	tts	norloop
totalSNV	PD8828	18	1.68119420828595	norloop_tts	Serena_ER	tts	norloop
totalSNV	PD8973	30	2.80199034714325	norloop_tts	Serena_ER	tts	norloop
totalSNV	PD8977	22	2.05479292123839	norloop_tts	Serena_ER	tts	norloop
totalSNV	PD8978	43	4.01618616423866	norloop_tts	Serena_ER	tts	norloop
totalSNV	PD8979	25	2.33499195595271	norloop_tts	Serena_ER	tts	norloop
totalSNV	PD8980	106	9.9003658932395	norloop_tts	Serena_ER	tts	norloop
totalSNV	PD8981	12	1.1207961388573	norloop_tts	Serena_ER	tts	norloop
totalSNV	PD9000	72	6.72477683314381	norloop_tts	Serena_ER	tts	norloop
totalSNV	PD9001	17	1.58779453004784	norloop_tts	Serena_ER	tts	norloop
totalSNV	PD9002	42	3.92278648600056	norloop_tts	Serena_ER	tts	norloop
totalSNV	PD9063	314	29.3274989667661	norloop_tts	Serena_ER	tts	norloop
totalSNV	PD9065	24	2.2415922777146	norloop_tts	Serena_ER	tts	norloop
totalSNV	PD9067	5	0.466998391190542	norloop_tts	Serena_ER	tts	norloop
totalSNV	PD9193	8	0.747197425904868	norloop_tts	Serena_ER	tts	norloop
totalSNV	PD9464	37	3.45578809481001	norloop_tts	Serena_ER	tts	norloop
totalSNV	PD9467	13	1.21419581709541	norloop_tts	Serena_ER	tts	norloop
totalSNV	PD9539	17	1.58779453004784	norloop_tts	Serena_ER	tts	norloop
totalSNV	PD9541	23	2.1481925994765	norloop_tts	Serena_ER	tts	norloop
totalSNV	PD9544	10	0.933996782381085	norloop_tts	Serena_ER	tts	norloop
totalSNV	PD9567	19	1.77459388652406	norloop_tts	Serena_ER	tts	norloop
totalSNV	PD9569	16	1.49439485180974	norloop_tts	Serena_ER	tts	norloop
totalSNV	PD9570	10	0.933996782381085	norloop_tts	Serena_ER	tts	norloop
totalSNV	PD9572	11	1.02739646061919	norloop_tts	Serena_ER	tts	norloop
totalSNV	PD9573	5	0.466998391190542	norloop_tts	Serena_ER	tts	norloop
totalSNV	PD9574	9	0.840597104142976	norloop_tts	Serena_ER	tts	norloop
totalSNV	PD9577	10	0.933996782381085	norloop_tts	Serena_ER	tts	norloop
totalSNV	PD9578	5	0.466998391190542	norloop_tts	Serena_ER	tts	norloop
totalSNV	PD9581	13	1.21419581709541	norloop_tts	Serena_ER	tts	norloop
totalSNV	PD9582	13	1.21419581709541	norloop_tts	Serena_ER	tts	norloop
totalSNV	PD9589	10	0.933996782381085	norloop_tts	Serena_ER	tts	norloop
totalSNV	PD9591	5	0.466998391190542	norloop_tts	Serena_ER	tts	norloop
totalSNV	PD9593	8	0.747197425904868	norloop_tts	Serena_ER	tts	norloop
totalSNV	PD9597	8	0.747197425904868	norloop_tts	Serena_ER	tts	norloop
totalSNV	PD9599	18	1.68119420828595	norloop_tts	Serena_ER	tts	norloop
totalSNV	PD9600	21	1.96139324300028	norloop_tts	Serena_ER	tts	norloop
totalSNV	PD9605	26	2.42839163419082	norloop_tts	Serena_ER	tts	norloop
totalSNV	PD9606	4	0.373598712952434	norloop_tts	Serena_ER	tts	norloop
totalSNV	PD9694	9	0.840597104142976	norloop_tts	Serena_ER	tts	norloop
totalSNV	PD9752	20	1.86799356476217	norloop_tts	Serena_ER	tts	norloop
totalSNV	PD9754	6	0.560398069428651	norloop_tts	Serena_ER	tts	norloop
totalSNV	PD9756	33	3.08218938185758	norloop_tts	Serena_ER	tts	norloop
totalSNV	PD9759	14	1.30759549533352	norloop_tts	Serena_ER	tts	norloop
totalSNV	PD9760	33	3.08218938185758	norloop_tts	Serena_ER	tts	norloop
totalSNV	PD9761	20	1.86799356476217	norloop_tts	Serena_ER	tts	norloop
totalSNV	PD9842	11	1.02739646061919	norloop_tts	Serena_ER	tts	norloop
totalSNV	PD9843	13	1.21419581709541	norloop_tts	Serena_ER	tts	norloop
totalSNV	PD9844	3	0.280199034714325	norloop_tts	Serena_ER	tts	norloop
totalSNV	PD9845	8	0.747197425904868	norloop_tts	Serena_ER	tts	norloop
totalSNV	PD9847	10	0.933996782381085	norloop_tts	Serena_ER	tts	norloop
totalSNV	DO220841	17	2.38934386368709	rloop_tss	ICGC_Melanoma	tss	rloop
totalSNV	DO220842	24	3.37319133697001	rloop_tss	ICGC_Melanoma	tss	rloop
totalSNV	DO220843	11	1.54604602944459	rloop_tss	ICGC_Melanoma	tss	rloop
totalSNV	DO220844	14	1.96769494656584	rloop_tss	ICGC_Melanoma	tss	rloop
totalSNV	DO220845	5	0.702748195202085	rloop_tss	ICGC_Melanoma	tss	rloop
totalSNV	DO220846	23	3.23264169792959	rloop_tss	ICGC_Melanoma	tss	rloop
totalSNV	DO220847	11	1.54604602944459	rloop_tss	ICGC_Melanoma	tss	rloop
totalSNV	DO220848	3	0.421648917121251	rloop_tss	ICGC_Melanoma	tss	rloop
totalSNV	DO220849	17	2.38934386368709	rloop_tss	ICGC_Melanoma	tss	rloop
totalSNV	DO220850	29	4.07593953217209	rloop_tss	ICGC_Melanoma	tss	rloop
totalSNV	DO220851	501	70.4153691592489	rloop_tss	ICGC_Melanoma	tss	rloop
totalSNV	DO220852	65	9.13572653762711	rloop_tss	ICGC_Melanoma	tss	rloop
totalSNV	DO220853	33	4.63813808833376	rloop_tss	ICGC_Melanoma	tss	rloop
totalSNV	DO220855	122	17.1470559629309	rloop_tss	ICGC_Melanoma	tss	rloop
totalSNV	DO220857	175	24.596186832073	rloop_tss	ICGC_Melanoma	tss	rloop
totalSNV	DO220858	8	1.12439711232334	rloop_tss	ICGC_Melanoma	tss	rloop
totalSNV	DO220859	57	8.01132942530377	rloop_tss	ICGC_Melanoma	tss	rloop
totalSNV	DO220860	33	4.63813808833376	rloop_tss	ICGC_Melanoma	tss	rloop
totalSNV	DO220861	41	5.7625352006571	rloop_tss	ICGC_Melanoma	tss	rloop
totalSNV	DO220862	77	10.8223222061121	rloop_tss	ICGC_Melanoma	tss	rloop
totalSNV	DO220863	4	0.562198556161668	rloop_tss	ICGC_Melanoma	tss	rloop
totalSNV	DO220864	20	2.81099278080834	rloop_tss	ICGC_Melanoma	tss	rloop
totalSNV	DO220865	19	2.67044314176792	rloop_tss	ICGC_Melanoma	tss	rloop
totalSNV	DO220866	29	4.07593953217209	rloop_tss	ICGC_Melanoma	tss	rloop
totalSNV	DO220867	18	2.52989350272751	rloop_tss	ICGC_Melanoma	tss	rloop
totalSNV	DO220868	7	0.983847473282919	rloop_tss	ICGC_Melanoma	tss	rloop
totalSNV	DO220869	7	0.983847473282919	rloop_tss	ICGC_Melanoma	tss	rloop
totalSNV	DO220870	10	1.40549639040417	rloop_tss	ICGC_Melanoma	tss	rloop
totalSNV	DO220871	15	2.10824458560626	rloop_tss	ICGC_Melanoma	tss	rloop
totalSNV	DO220872	176	24.7367364711134	rloop_tss	ICGC_Melanoma	tss	rloop
totalSNV	DO220873	127	17.849804158133	rloop_tss	ICGC_Melanoma	tss	rloop
totalSNV	DO220874	44	6.18418411777835	rloop_tss	ICGC_Melanoma	tss	rloop
totalSNV	DO220875	184	25.8611335834367	rloop_tss	ICGC_Melanoma	tss	rloop
totalSNV	DO220877	547	76.8806525551081	rloop_tss	ICGC_Melanoma	tss	rloop
totalSNV	DO220878	312	43.8514873806101	rloop_tss	ICGC_Melanoma	tss	rloop
totalSNV	DO220879	125	17.5687048800521	rloop_tss	ICGC_Melanoma	tss	rloop
totalSNV	DO220880	88	12.3683682355567	rloop_tss	ICGC_Melanoma	tss	rloop
totalSNV	DO220881	182	25.5800343053559	rloop_tss	ICGC_Melanoma	tss	rloop
totalSNV	DO220882	137	19.2553005485371	rloop_tss	ICGC_Melanoma	tss	rloop
totalSNV	DO220883	94	13.2116660697992	rloop_tss	ICGC_Melanoma	tss	rloop
totalSNV	DO220884	123	17.2876056019713	rloop_tss	ICGC_Melanoma	tss	rloop
totalSNV	DO220885	161	22.6284918855071	rloop_tss	ICGC_Melanoma	tss	rloop
totalSNV	DO220886	717	100.774091191979	rloop_tss	ICGC_Melanoma	tss	rloop
totalSNV	DO220887	75	10.5412229280313	rloop_tss	ICGC_Melanoma	tss	rloop
totalSNV	DO220888	19	2.67044314176792	rloop_tss	ICGC_Melanoma	tss	rloop
totalSNV	DO220889	141	19.8174991046988	rloop_tss	ICGC_Melanoma	tss	rloop
totalSNV	DO220890	139	19.536399826618	rloop_tss	ICGC_Melanoma	tss	rloop
totalSNV	DO220891	438	61.5607418997027	rloop_tss	ICGC_Melanoma	tss	rloop
totalSNV	DO220892	12	1.686595668485	rloop_tss	ICGC_Melanoma	tss	rloop
totalSNV	DO220893	78	10.9628718451525	rloop_tss	ICGC_Melanoma	tss	rloop
totalSNV	DO220894	57	8.01132942530377	rloop_tss	ICGC_Melanoma	tss	rloop
totalSNV	DO220895	85	11.9467193184354	rloop_tss	ICGC_Melanoma	tss	rloop
totalSNV	DO220896	60	8.43297834242502	rloop_tss	ICGC_Melanoma	tss	rloop
totalSNV	DO220897	24	3.37319133697001	rloop_tss	ICGC_Melanoma	tss	rloop
totalSNV	DO220898	79	11.1034214841929	rloop_tss	ICGC_Melanoma	tss	rloop
totalSNV	DO220899	302	42.4459909902059	rloop_tss	ICGC_Melanoma	tss	rloop
totalSNV	DO220900	114	16.0226588506075	rloop_tss	ICGC_Melanoma	tss	rloop
totalSNV	DO220901	86	12.0872689574759	rloop_tss	ICGC_Melanoma	tss	rloop
totalSNV	DO220902	291	40.8999449607613	rloop_tss	ICGC_Melanoma	tss	rloop
totalSNV	DO220903	296	41.6026931559634	rloop_tss	ICGC_Melanoma	tss	rloop
totalSNV	DO220904	8	1.12439711232334	rloop_tss	ICGC_Melanoma	tss	rloop
totalSNV	DO220905	24	3.37319133697001	rloop_tss	ICGC_Melanoma	tss	rloop
totalSNV	DO220906	477	67.0421778222789	rloop_tss	ICGC_Melanoma	tss	rloop
totalSNV	DO220907	132	18.552552353335	rloop_tss	ICGC_Melanoma	tss	rloop
totalSNV	DO220908	92	12.9305667917184	rloop_tss	ICGC_Melanoma	tss	rloop
totalSNV	DO220909	46	6.46528339585918	rloop_tss	ICGC_Melanoma	tss	rloop
totalSNV	DO220910	64	8.99517689858669	rloop_tss	ICGC_Melanoma	tss	rloop
totalSNV	DO220911	197	27.6882788909622	rloop_tss	ICGC_Melanoma	tss	rloop
totalSNV	DO220912	157	22.0662933293455	rloop_tss	ICGC_Melanoma	tss	rloop
totalSNV	DO220913	117	16.4443077677288	rloop_tss	ICGC_Melanoma	tss	rloop
totalSNV	DO220841	40	4.21570364362212	norloop_tss	ICGC_Melanoma	tss	norloop
totalSNV	DO220842	48	5.05884437234654	norloop_tss	ICGC_Melanoma	tss	norloop
totalSNV	DO220843	22	2.31863700399217	norloop_tss	ICGC_Melanoma	tss	norloop
totalSNV	DO220844	15	1.5808888663583	norloop_tss	ICGC_Melanoma	tss	norloop
totalSNV	DO220845	7	0.737748137633871	norloop_tss	ICGC_Melanoma	tss	norloop
totalSNV	DO220846	24	2.52942218617327	norloop_tss	ICGC_Melanoma	tss	norloop
totalSNV	DO220847	11	1.15931850199608	norloop_tss	ICGC_Melanoma	tss	norloop
totalSNV	DO220848	1	0.105392591090553	norloop_tss	ICGC_Melanoma	tss	norloop
totalSNV	DO220849	14	1.47549627526774	norloop_tss	ICGC_Melanoma	tss	norloop
totalSNV	DO220850	45	4.74266659907489	norloop_tss	ICGC_Melanoma	tss	norloop
totalSNV	DO220851	1175	123.8362945314	norloop_tss	ICGC_Melanoma	tss	norloop
totalSNV	DO220852	237	24.9780440884611	norloop_tss	ICGC_Melanoma	tss	norloop
totalSNV	DO220853	120	12.6471109308664	norloop_tss	ICGC_Melanoma	tss	norloop
totalSNV	DO220855	280	29.5099255053548	norloop_tss	ICGC_Melanoma	tss	norloop
totalSNV	DO220857	580	61.1277028325207	norloop_tss	ICGC_Melanoma	tss	norloop
totalSNV	DO220858	18	1.89706663962995	norloop_tss	ICGC_Melanoma	tss	norloop
totalSNV	DO220859	172	18.1275256675751	norloop_tss	ICGC_Melanoma	tss	norloop
totalSNV	DO220860	101	10.6446517001459	norloop_tss	ICGC_Melanoma	tss	norloop
totalSNV	DO220861	104	10.9608294734175	norloop_tss	ICGC_Melanoma	tss	norloop
totalSNV	DO220862	225	23.7133329953744	norloop_tss	ICGC_Melanoma	tss	norloop
totalSNV	DO220863	5	0.526962955452765	norloop_tss	ICGC_Melanoma	tss	norloop
totalSNV	DO220864	47	4.95345178125599	norloop_tss	ICGC_Melanoma	tss	norloop
totalSNV	DO220865	18	1.89706663962995	norloop_tss	ICGC_Melanoma	tss	norloop
totalSNV	DO220866	78	8.22062210506313	norloop_tss	ICGC_Melanoma	tss	norloop
totalSNV	DO220867	10	1.05392591090553	norloop_tss	ICGC_Melanoma	tss	norloop
totalSNV	DO220868	21	2.21324441290161	norloop_tss	ICGC_Melanoma	tss	norloop
totalSNV	DO220869	11	1.15931850199608	norloop_tss	ICGC_Melanoma	tss	norloop
totalSNV	DO220870	32	3.3725629148977	norloop_tss	ICGC_Melanoma	tss	norloop
totalSNV	DO220871	19	2.00245923072051	norloop_tss	ICGC_Melanoma	tss	norloop
totalSNV	DO220872	532	56.0688584601742	norloop_tss	ICGC_Melanoma	tss	norloop
totalSNV	DO220873	271	28.5613921855399	norloop_tss	ICGC_Melanoma	tss	norloop
totalSNV	DO220874	108	11.3823998377797	norloop_tss	ICGC_Melanoma	tss	norloop
totalSNV	DO220875	526	55.4365029136309	norloop_tss	ICGC_Melanoma	tss	norloop
totalSNV	DO220877	1975	208.150367403842	norloop_tss	ICGC_Melanoma	tss	norloop
totalSNV	DO220878	585	61.6546657879735	norloop_tss	ICGC_Melanoma	tss	norloop
totalSNV	DO220879	274	28.8775699588115	norloop_tss	ICGC_Melanoma	tss	norloop
totalSNV	DO220880	164	17.2843849388507	norloop_tss	ICGC_Melanoma	tss	norloop
totalSNV	DO220881	372	39.2060438856857	norloop_tss	ICGC_Melanoma	tss	norloop
totalSNV	DO220882	334	35.2011254242447	norloop_tss	ICGC_Melanoma	tss	norloop
totalSNV	DO220883	156	16.4412442101263	norloop_tss	ICGC_Melanoma	tss	norloop
totalSNV	DO220884	182	19.1814515784806	norloop_tss	ICGC_Melanoma	tss	norloop
totalSNV	DO220885	407	42.8947845738551	norloop_tss	ICGC_Melanoma	tss	norloop
totalSNV	DO220886	1352	142.490783154428	norloop_tss	ICGC_Melanoma	tss	norloop
totalSNV	DO220887	216	22.7647996755595	norloop_tss	ICGC_Melanoma	tss	norloop
totalSNV	DO220888	21	2.21324441290161	norloop_tss	ICGC_Melanoma	tss	norloop
totalSNV	DO220889	241	25.3996144528233	norloop_tss	ICGC_Melanoma	tss	norloop
totalSNV	DO220890	325	34.2525921044297	norloop_tss	ICGC_Melanoma	tss	norloop
totalSNV	DO220891	1199	126.365716717573	norloop_tss	ICGC_Melanoma	tss	norloop
totalSNV	DO220892	30	3.16177773271659	norloop_tss	ICGC_Melanoma	tss	norloop
totalSNV	DO220893	189	19.9191997161145	norloop_tss	ICGC_Melanoma	tss	norloop
totalSNV	DO220894	171	18.0221330764846	norloop_tss	ICGC_Melanoma	tss	norloop
totalSNV	DO220895	237	24.9780440884611	norloop_tss	ICGC_Melanoma	tss	norloop
totalSNV	DO220896	170	17.916740485394	norloop_tss	ICGC_Melanoma	tss	norloop
totalSNV	DO220897	81	8.53679987833479	norloop_tss	ICGC_Melanoma	tss	norloop
totalSNV	DO220898	214	22.5540144933783	norloop_tss	ICGC_Melanoma	tss	norloop
totalSNV	DO220899	787	82.9439691882652	norloop_tss	ICGC_Melanoma	tss	norloop
totalSNV	DO220900	255	26.875110728091	norloop_tss	ICGC_Melanoma	tss	norloop
totalSNV	DO220901	189	19.9191997161145	norloop_tss	ICGC_Melanoma	tss	norloop
totalSNV	DO220902	737	77.6743396337376	norloop_tss	ICGC_Melanoma	tss	norloop
totalSNV	DO220903	772	81.3630803219069	norloop_tss	ICGC_Melanoma	tss	norloop
totalSNV	DO220904	33	3.47795550598825	norloop_tss	ICGC_Melanoma	tss	norloop
totalSNV	DO220905	61	6.42894805652373	norloop_tss	ICGC_Melanoma	tss	norloop
totalSNV	DO220906	1208	127.314250037388	norloop_tss	ICGC_Melanoma	tss	norloop
totalSNV	DO220907	343	36.1496587440597	norloop_tss	ICGC_Melanoma	tss	norloop
totalSNV	DO220908	221	23.2917626310122	norloop_tss	ICGC_Melanoma	tss	norloop
totalSNV	DO220909	135	14.2279997972247	norloop_tss	ICGC_Melanoma	tss	norloop
totalSNV	DO220910	107	11.2770072466892	norloop_tss	ICGC_Melanoma	tss	norloop
totalSNV	DO220911	455	47.9536289462016	norloop_tss	ICGC_Melanoma	tss	norloop
totalSNV	DO220912	439	46.2673474887528	norloop_tss	ICGC_Melanoma	tss	norloop
totalSNV	DO220913	286	30.1422810518982	norloop_tss	ICGC_Melanoma	tss	norloop
totalSNV	DO220841	21	2.39400650212166	rloop_tts	ICGC_Melanoma	tts	rloop
totalSNV	DO220842	30	3.42000928874523	rloop_tts	ICGC_Melanoma	tts	rloop
totalSNV	DO220843	13	1.48200402512293	rloop_tts	ICGC_Melanoma	tts	rloop
totalSNV	DO220844	12	1.36800371549809	rloop_tts	ICGC_Melanoma	tts	rloop
totalSNV	DO220845	8	0.912002476998727	rloop_tts	ICGC_Melanoma	tts	rloop
totalSNV	DO220846	17	1.9380052636223	rloop_tts	ICGC_Melanoma	tts	rloop
totalSNV	DO220847	6	0.684001857749046	rloop_tts	ICGC_Melanoma	tts	rloop
totalSNV	DO220848	3	0.342000928874523	rloop_tts	ICGC_Melanoma	tts	rloop
totalSNV	DO220849	18	2.05200557324714	rloop_tts	ICGC_Melanoma	tts	rloop
totalSNV	DO220850	21	2.39400650212166	rloop_tts	ICGC_Melanoma	tts	rloop
totalSNV	DO220851	482	54.9481492391734	rloop_tts	ICGC_Melanoma	tts	rloop
totalSNV	DO220852	89	10.1460275566108	rloop_tts	ICGC_Melanoma	tts	rloop
totalSNV	DO220853	37	4.21801145611911	rloop_tts	ICGC_Melanoma	tts	rloop
totalSNV	DO220855	141	16.0740436571026	rloop_tts	ICGC_Melanoma	tts	rloop
totalSNV	DO220857	181	20.6340560420962	rloop_tts	ICGC_Melanoma	tts	rloop
totalSNV	DO220858	11	1.25400340587325	rloop_tts	ICGC_Melanoma	tts	rloop
totalSNV	DO220859	84	9.57602600848664	rloop_tts	ICGC_Melanoma	tts	rloop
totalSNV	DO220860	35	3.99001083686943	rloop_tts	ICGC_Melanoma	tts	rloop
totalSNV	DO220861	50	5.70001548124205	rloop_tts	ICGC_Melanoma	tts	rloop
totalSNV	DO220862	83	9.4620256988618	rloop_tts	ICGC_Melanoma	tts	rloop
totalSNV	DO220863	6	0.684001857749046	rloop_tts	ICGC_Melanoma	tts	rloop
totalSNV	DO220864	27	3.07800835987071	rloop_tts	ICGC_Melanoma	tts	rloop
totalSNV	DO220865	15	1.71000464437261	rloop_tts	ICGC_Melanoma	tts	rloop
totalSNV	DO220866	28	3.19200866949555	rloop_tts	ICGC_Melanoma	tts	rloop
totalSNV	DO220867	12	1.36800371549809	rloop_tts	ICGC_Melanoma	tts	rloop
totalSNV	DO220868	11	1.25400340587325	rloop_tts	ICGC_Melanoma	tts	rloop
totalSNV	DO220869	6	0.684001857749046	rloop_tts	ICGC_Melanoma	tts	rloop
totalSNV	DO220870	15	1.71000464437261	rloop_tts	ICGC_Melanoma	tts	rloop
totalSNV	DO220871	9	1.02600278662357	rloop_tts	ICGC_Melanoma	tts	rloop
totalSNV	DO220872	160	18.2400495399746	rloop_tts	ICGC_Melanoma	tts	rloop
totalSNV	DO220873	122	13.9080377742306	rloop_tts	ICGC_Melanoma	tts	rloop
totalSNV	DO220874	51	5.81401579086689	rloop_tts	ICGC_Melanoma	tts	rloop
totalSNV	DO220875	147	16.7580455148516	rloop_tts	ICGC_Melanoma	tts	rloop
totalSNV	DO220877	548	62.4721696744128	rloop_tts	ICGC_Melanoma	tts	rloop
totalSNV	DO220878	343	39.1021062013204	rloop_tts	ICGC_Melanoma	tts	rloop
totalSNV	DO220879	116	13.2240359164816	rloop_tts	ICGC_Melanoma	tts	rloop
totalSNV	DO220880	86	9.80402662773632	rloop_tts	ICGC_Melanoma	tts	rloop
totalSNV	DO220881	181	20.6340560420962	rloop_tts	ICGC_Melanoma	tts	rloop
totalSNV	DO220882	138	15.7320427282281	rloop_tts	ICGC_Melanoma	tts	rloop
totalSNV	DO220883	91	10.3740281758605	rloop_tts	ICGC_Melanoma	tts	rloop
totalSNV	DO220884	134	15.2760414897287	rloop_tts	ICGC_Melanoma	tts	rloop
totalSNV	DO220885	155	17.6700479918503	rloop_tts	ICGC_Melanoma	tts	rloop
totalSNV	DO220886	789	89.9462442939995	rloop_tts	ICGC_Melanoma	tts	rloop
totalSNV	DO220887	98	11.1720303432344	rloop_tts	ICGC_Melanoma	tts	rloop
totalSNV	DO220888	23	2.62200712137134	rloop_tts	ICGC_Melanoma	tts	rloop
totalSNV	DO220889	103	11.7420318913586	rloop_tts	ICGC_Melanoma	tts	rloop
totalSNV	DO220890	149	16.9860461341013	rloop_tts	ICGC_Melanoma	tts	rloop
totalSNV	DO220891	499	56.8861545027956	rloop_tts	ICGC_Melanoma	tts	rloop
totalSNV	DO220892	19	2.16600588287198	rloop_tts	ICGC_Melanoma	tts	rloop
totalSNV	DO220893	107	12.198033129858	rloop_tts	ICGC_Melanoma	tts	rloop
totalSNV	DO220894	63	7.18201950636498	rloop_tts	ICGC_Melanoma	tts	rloop
totalSNV	DO220895	74	8.43602291223823	rloop_tts	ICGC_Melanoma	tts	rloop
totalSNV	DO220896	83	9.4620256988618	rloop_tts	ICGC_Melanoma	tts	rloop
totalSNV	DO220897	18	2.05200557324714	rloop_tts	ICGC_Melanoma	tts	rloop
totalSNV	DO220898	75	8.55002322186307	rloop_tts	ICGC_Melanoma	tts	rloop
totalSNV	DO220899	259	29.5260801928338	rloop_tts	ICGC_Melanoma	tts	rloop
totalSNV	DO220900	124	14.1360383934803	rloop_tts	ICGC_Melanoma	tts	rloop
totalSNV	DO220901	113	12.882034987607	rloop_tts	ICGC_Melanoma	tts	rloop
totalSNV	DO220902	281	32.0340870045803	rloop_tts	ICGC_Melanoma	tts	rloop
totalSNV	DO220903	333	37.962103105072	rloop_tts	ICGC_Melanoma	tts	rloop
totalSNV	DO220904	13	1.48200402512293	rloop_tts	ICGC_Melanoma	tts	rloop
totalSNV	DO220905	17	1.9380052636223	rloop_tts	ICGC_Melanoma	tts	rloop
totalSNV	DO220906	553	63.042171222537	rloop_tts	ICGC_Melanoma	tts	rloop
totalSNV	DO220907	119	13.5660368453561	rloop_tts	ICGC_Melanoma	tts	rloop
totalSNV	DO220908	119	13.5660368453561	rloop_tts	ICGC_Melanoma	tts	rloop
totalSNV	DO220909	52	5.92801610049173	rloop_tts	ICGC_Melanoma	tts	rloop
totalSNV	DO220910	73	8.32202260261339	rloop_tts	ICGC_Melanoma	tts	rloop
totalSNV	DO220911	242	27.5880749292115	rloop_tts	ICGC_Melanoma	tts	rloop
totalSNV	DO220912	144	16.4160445859771	rloop_tts	ICGC_Melanoma	tts	rloop
totalSNV	DO220913	121	13.7940374646058	rloop_tts	ICGC_Melanoma	tts	rloop
totalSNV	DO220841	44	4.10958584247677	norloop_tts	ICGC_Melanoma	tts	norloop
totalSNV	DO220842	53	4.95018294661975	norloop_tts	ICGC_Melanoma	tts	norloop
totalSNV	DO220843	20	1.86799356476217	norloop_tts	ICGC_Melanoma	tts	norloop
totalSNV	DO220844	17	1.58779453004784	norloop_tts	ICGC_Melanoma	tts	norloop
totalSNV	DO220845	9	0.840597104142976	norloop_tts	ICGC_Melanoma	tts	norloop
totalSNV	DO220846	21	1.96139324300028	norloop_tts	ICGC_Melanoma	tts	norloop
totalSNV	DO220847	16	1.49439485180974	norloop_tts	ICGC_Melanoma	tts	norloop
totalSNV	DO220848	4	0.373598712952434	norloop_tts	ICGC_Melanoma	tts	norloop
totalSNV	DO220849	13	1.21419581709541	norloop_tts	ICGC_Melanoma	tts	norloop
totalSNV	DO220850	57	5.32378165957218	norloop_tts	ICGC_Melanoma	tts	norloop
totalSNV	DO220851	1219	113.854207772254	norloop_tts	ICGC_Melanoma	tts	norloop
totalSNV	DO220852	337	31.4756915662426	norloop_tts	ICGC_Melanoma	tts	norloop
totalSNV	DO220853	125	11.6749597797636	norloop_tts	ICGC_Melanoma	tts	norloop
totalSNV	DO220855	302	28.2067028279088	norloop_tts	ICGC_Melanoma	tts	norloop
totalSNV	DO220857	658	61.4569882806754	norloop_tts	ICGC_Melanoma	tts	norloop
totalSNV	DO220858	12	1.1207961388573	norloop_tts	ICGC_Melanoma	tts	norloop
totalSNV	DO220859	209	19.5205327517647	norloop_tts	ICGC_Melanoma	tts	norloop
totalSNV	DO220860	133	12.4221572056684	norloop_tts	ICGC_Melanoma	tts	norloop
totalSNV	DO220861	131	12.2353578491922	norloop_tts	ICGC_Melanoma	tts	norloop
totalSNV	DO220862	236	22.0423240641936	norloop_tts	ICGC_Melanoma	tts	norloop
totalSNV	DO220863	6	0.560398069428651	norloop_tts	ICGC_Melanoma	tts	norloop
totalSNV	DO220864	56	5.23038198133408	norloop_tts	ICGC_Melanoma	tts	norloop
totalSNV	DO220865	21	1.96139324300028	norloop_tts	ICGC_Melanoma	tts	norloop
totalSNV	DO220866	83	7.752173293763	norloop_tts	ICGC_Melanoma	tts	norloop
totalSNV	DO220867	27	2.52179131242893	norloop_tts	ICGC_Melanoma	tts	norloop
totalSNV	DO220868	30	2.80199034714325	norloop_tts	ICGC_Melanoma	tts	norloop
totalSNV	DO220869	37	3.45578809481001	norloop_tts	ICGC_Melanoma	tts	norloop
totalSNV	DO220870	18	1.68119420828595	norloop_tts	ICGC_Melanoma	tts	norloop
totalSNV	DO220871	24	2.2415922777146	norloop_tts	ICGC_Melanoma	tts	norloop
totalSNV	DO220872	609	56.8804040470081	norloop_tts	ICGC_Melanoma	tts	norloop
totalSNV	DO220873	299	27.9265037931944	norloop_tts	ICGC_Melanoma	tts	norloop
totalSNV	DO220874	135	12.6089565621446	norloop_tts	ICGC_Melanoma	tts	norloop
totalSNV	DO220875	657	61.3635886024373	norloop_tts	ICGC_Melanoma	tts	norloop
totalSNV	DO220877	2275	212.484267991697	norloop_tts	ICGC_Melanoma	tts	norloop
totalSNV	DO220878	629	58.7483976117702	norloop_tts	ICGC_Melanoma	tts	norloop
totalSNV	DO220879	379	35.3984780522431	norloop_tts	ICGC_Melanoma	tts	norloop
totalSNV	DO220880	248	23.1631202030509	norloop_tts	ICGC_Melanoma	tts	norloop
totalSNV	DO220881	455	42.4968535983394	norloop_tts	ICGC_Melanoma	tts	norloop
totalSNV	DO220882	450	42.0298552071488	norloop_tts	ICGC_Melanoma	tts	norloop
totalSNV	DO220883	183	17.0921411175739	norloop_tts	ICGC_Melanoma	tts	norloop
totalSNV	DO220884	221	20.641328890622	norloop_tts	ICGC_Melanoma	tts	norloop
totalSNV	DO220885	509	47.5404362231972	norloop_tts	ICGC_Melanoma	tts	norloop
totalSNV	DO220886	1576	147.197892903259	norloop_tts	ICGC_Melanoma	tts	norloop
totalSNV	DO220887	216	20.1743304994314	norloop_tts	ICGC_Melanoma	tts	norloop
totalSNV	DO220888	30	2.80199034714325	norloop_tts	ICGC_Melanoma	tts	norloop
totalSNV	DO220889	297	27.7397044367182	norloop_tts	ICGC_Melanoma	tts	norloop
totalSNV	DO220890	404	37.7334700081958	norloop_tts	ICGC_Melanoma	tts	norloop
totalSNV	DO220891	1403	131.039748568066	norloop_tts	ICGC_Melanoma	tts	norloop
totalSNV	DO220892	33	3.08218938185758	norloop_tts	ICGC_Melanoma	tts	norloop
totalSNV	DO220893	197	18.3997366129074	norloop_tts	ICGC_Melanoma	tts	norloop
totalSNV	DO220894	224	20.9215279253363	norloop_tts	ICGC_Melanoma	tts	norloop
totalSNV	DO220895	270	25.2179131242893	norloop_tts	ICGC_Melanoma	tts	norloop
totalSNV	DO220896	205	19.1469340388122	norloop_tts	ICGC_Melanoma	tts	norloop
totalSNV	DO220897	85	7.93897265023922	norloop_tts	ICGC_Melanoma	tts	norloop
totalSNV	DO220898	273	25.4981121590036	norloop_tts	ICGC_Melanoma	tts	norloop
totalSNV	DO220899	895	83.5927120231071	norloop_tts	ICGC_Melanoma	tts	norloop
totalSNV	DO220900	265	24.7509147330987	norloop_tts	ICGC_Melanoma	tts	norloop
totalSNV	DO220901	229	21.3885263165268	norloop_tts	ICGC_Melanoma	tts	norloop
totalSNV	DO220902	861	80.4171229630114	norloop_tts	ICGC_Melanoma	tts	norloop
totalSNV	DO220903	905	84.5267088054882	norloop_tts	ICGC_Melanoma	tts	norloop
totalSNV	DO220904	36	3.3623884165719	norloop_tts	ICGC_Melanoma	tts	norloop
totalSNV	DO220905	67	6.25777844195327	norloop_tts	ICGC_Melanoma	tts	norloop
totalSNV	DO220906	1433	133.841738915209	norloop_tts	ICGC_Melanoma	tts	norloop
totalSNV	DO220907	406	37.920269364672	norloop_tts	ICGC_Melanoma	tts	norloop
totalSNV	DO220908	264	24.6575150548606	norloop_tts	ICGC_Melanoma	tts	norloop
totalSNV	DO220909	162	15.1307478745736	norloop_tts	ICGC_Melanoma	tts	norloop
totalSNV	DO220910	141	13.1693546315733	norloop_tts	ICGC_Melanoma	tts	norloop
totalSNV	DO220911	532	49.6886288226737	norloop_tts	ICGC_Melanoma	tts	norloop
totalSNV	DO220912	468	43.7110494154348	norloop_tts	ICGC_Melanoma	tts	norloop
totalSNV	DO220913	333	31.1020928532901	norloop_tts	ICGC_Melanoma	tts	norloop
